100000
454867
619186
320143
395418
327099
183567
539037
508862
649790
196607
929443
353482
969944
914377
304775
747174
823515
744151
810821
933461
239138
677403
473849
524675
37713
851627
927662
97356
889943
648350
84022
889509
814822
126550
824419
172670
726628
466341
656185
127904
553249
718525
65219
500611
321907
180113
721820
894556
678277
675586
89371
851997
74999
597594
280581
25031
12007
546749
75089
611394
837135
108318
772842
866137
74409
976309
589275
919240
874911
478653
487180
736535
510131
177400
154981
546885
832621
900918
876061
445873
261853
404386
802031
808319
153112
927162
35496
436786
612000
53722
44590
549092
243131
41674
583356
710606
506468
917335
79673
519181
319484
972194
326585
768430
321089
564781
470308
912820
550225
282157
437746
52605
217101
193429
21805
961383
505409
134853
555559
310058
603556
300070
999091
297602
191912
276235
209236
256488
66357
664413
271235
779422
577881
910038
554754
296522
196536
833441
675172
856563
849654
326132
919366
83203
346433
78918
890549
615529
146079
457070
679111
478206
930354
990005
192917
306416
480868
298068
543994
675111
89244
665555
175206
290440
262408
165660
385718
702550
190707
876527
409926
248098
350332
728039
39746
594416
398539
583273
701167
371449
478741
405290
866617
468004
284918
613468
678026
959739
455605
308072
28515
566972
708756
495174
449784
503377
140522
866250
917391
928801
976900
308747
385639
201142
249678
655592
527619
733190
26810
913356
321458
686472
820782
681834
854857
677879
450473
514006
344131
117717
166002
528873
303401
59639
406988
47791
331342
549687
964047
363816
336528
204799
443885
286329
968298
978389
523019
616546
531573
107137
556161
78880
22121
951443
685086
65850
747388
128133
688749
77183
286635
711190
30858
990728
579574
576698
594228
442827
71078
279966
875319
103379
852770
81914
267013
800587
650678
244911
282177
492000
958327
24193
655642
219202
470759
164036
795620
761298
854864
838573
285171
884565
71296
651379
404218
992180
653214
709517
455804
728959
108409
30329
436721
695087
203700
125804
260932
186374
425273
798016
266650
609847
689271
851331
463156
68557
899441
648275
172784
667325
839846
908675
215309
56176
675573
975114
856088
374292
362357
314376
149487
406807
603793
369249
515000
578070
439010
677565
353297
951968
258190
246206
621704
411565
353086
958085
53190
505029
405002
485072
618099
688172
852596
875821
360704
603441
922786
557184
887259
336256
496421
381772
881035
493009
323925
289856
468528
144204
109289
838193
24088
134103
278342
581436
577536
39839
374053
543741
79348
519141
737651
126604
120004
36458
138453
667753
661375
192707
631947
896875
266683
921318
941359
815631
801915
421798
863333
479627
255629
488888
859941
780839
415331
771696
798861
674268
387026
202115
274949
131163
269893
794792
439927
609642
75811
712044
190703
797766
220477
205241
349560
173538
675013
967233
500726
159980
718157
773581
520466
54415
456573
684720
201026
901053
501369
417762
309968
299121
512383
159229
970812
970596
795457
435652
289394
174922
914738
460166
140716
857538
499849
472932
533461
792655
354180
109832
677841
897158
249697
179083
259959
488109
95285
641092
357136
162075
487405
772837
939998
745940
230073
44798
363471
901910
566995
707111
544254
690327
681270
604322
211480
603582
352015
761123
998487
407019
530907
579756
66952
440
74599
659823
223523
709423
954694
381040
876157
832045
359128
500414
60534
664847
392241
787903
358620
525149
938759
382151
703843
280071
681838
828375
583895
429721
393745
658962
741469
566206
594124
969092
588053
649714
819810
327244
747492
217645
132645
932346
395981
211821
768456
877650
872260
19295
169058
322362
910040
676593
71750
881217
137266
131186
775738
778161
779204
282953
418557
297477
919159
290513
274620
572822
930481
60756
145613
696159
241494
35856
333227
972590
458915
343177
553427
532150
897049
768413
350088
371828
659311
535001
593483
736447
80865
161065
900584
692098
16243
441473
794930
816262
972216
286093
635510
248864
507959
479391
27455
895986
331839
674591
391787
41612
981882
639573
926182
654792
783020
988250
857926
732658
307893
543996
932794
196352
568223
359396
840112
498147
984383
210978
639628
721218
218453
520614
748751
735968
881421
274227
622234
71929
604558
963232
253465
860951
750801
21496
754235
186281
249525
451751
710305
273519
701493
745731
920132
430555
596790
393881
824812
566897
220948
374918
306687
765167
130176
899877
477204
950148
33971
92823
41802
929031
808989
549107
992309
437876
405811
86285
926059
950439
634947
251589
191882
169994
272505
891491
382785
206808
484879
841856
345071
499648
672266
990178
574169
883179
799159
28611
730157
726278
610116
443600
182642
104486
660235
336328
728447
22919
724410
510878
156138
389657
377350
538800
531932
208718
592612
899770
110829
636778
88618
153350
964360
91685
618428
759492
953525
68026
867698
812767
685088
689416
219065
761083
302686
73702
157549
922826
71007
236825
130884
147829
260734
868239
269322
168022
79160
232453
816300
89045
426078
107601
339815
194641
284277
288340
641482
529006
572700
448630
52890
122504
190125
169518
995232
549835
149565
456658
153055
195270
553313
718786
266731
801490
592383
405799
842388
153619
788150
333769
914897
409459
914116
685290
491911
307987
880165
448210
939978
184505
879913
762126
707211
343031
623647
747309
926592
239501
291281
224902
798748
314491
348753
282081
252161
187333
437086
520867
316168
336202
689932
30943
624932
713224
553246
987244
488522
351595
676008
417000
162939
497673
160490
888159
158051
321882
424065
439355
512358
444853
435806
89649
220539
67660
761707
597882
662812
870855
825356
817836
304323
689847
559547
474144
654175
495137
695828
811495
847449
764176
685926
730273
98347
197080
758831
6750
369812
335390
636629
884468
692195
618192
762898
595453
834519
49495
652189
853052
375920
94865
834023
833913
603517
20203
74172
623231
690997
444471
518199
860486
942224
741349
808821
63648
182314
951062
63598
526880
622288
688718
496974
606272
418228
266834
269666
79753
632615
223355
824120
678450
528941
786947
762948
706820
709455
166761
523269
144313
355055
549733
576284
993780
774780
715177
337688
832600
111395
482817
936755
169060
342872
52375
163118
882721
60180
975823
488821
39892
432082
963252
534323
302028
447667
715813
814426
14403
40297
208981
720555
635389
146662
303008
807729
2953
523946
26616
422777
976384
27412
110457
57977
594866
758922
480749
902233
772347
56114
49818
320166
115675
344623
211843
985322
488773
469047
791712
373729
426204
755820
23178
905501
616881
347559
614338
653233
35444
199480
504816
85
829998
309962
127192
202762
461058
573251
438631
632684
893232
201233
496856
202880
970218
929944
937822
229486
827106
427645
467135
627737
66085
725982
825339
214280
922349
836898
307945
619445
385093
303067
343433
173773
968191
275504
585023
915059
102842
429858
692383
906415
768028
480264
635434
139523
953588
901472
372825
257688
209145
906248
836117
237752
245243
850967
906507
756693
931769
693038
608408
495229
143456
226874
492901
957394
797127
368591
566755
674504
924125
624056
607816
683753
842471
581293
20288
773754
685768
648401
882509
406033
68442
708299
306911
932912
779975
991572
612109
549356
643168
92292
710651
671136
741495
736661
217124
199886
929272
733291
377997
309092
53231
358519
989448
542316
494110
262727
568693
553213
848380
783347
662748
983081
578762
337849
32364
887322
203599
781532
37386
733782
100111
411770
488664
120448
978360
568663
984307
324631
888016
890214
324460
4940
553124
688659
335883
564826
749893
58139
960079
810488
529644
265988
973603
597513
746675
565375
545675
394152
784424
687578
227904
776850
133175
761922
766276
694460
163668
520745
218177
923415
77379
796780
424292
876315
843633
65715
186638
920714
230559
716918
845646
535650
550451
418846
893254
964700
213568
319503
609558
289201
768177
167761
502518
724281
189584
209215
281358
407707
275959
655279
705161
693375
718033
329803
10044
56555
39955
90500
905155
783042
657755
780513
680537
380599
271761
481015
808088
922335
870506
760732
558809
422194
341129
372140
436915
623682
635194
230852
143575
39739
326554
594083
623084
206806
940610
697866
486664
114240
666490
267511
67290
952898
899577
222389
733243
73614
950251
94694
333821
942719
782246
625597
988179
894276
396029
582100
10554
120509
40704
13138
214574
238686
657656
324952
278656
418841
250505
224657
435616
453608
621703
567870
590961
989746
65250
805592
768745
508691
411054
862635
327446
277088
641434
30072
323360
494478
135656
974077
798285
91306
709101
385469
386234
864081
792399
449595
887191
905840
993001
540482
996125
579997
708405
493216
302122
917962
16310
225039
314554
4504
813102
797821
138617
505372
256170
362561
641650
273574
489661
480349
704904
752014
112118
215505
871257
164763
59708
389233
781504
859422
39049
430730
417043
937816
320344
690470
218057
34887
170964
767653
244654
77581
572975
187548
506148
606983
490347
681210
658101
546173
890315
159925
547188
660077
555860
573403
128607
169679
946179
109175
715276
376980
560010
825209
302393
941578
450191
792959
864442
195690
557354
924757
219087
4956
369068
535481
743299
432004
475386
23493
551587
51179
545369
768268
58647
6619
116529
125338
480367
207581
807323
763156
278908
110155
987905
795311
956374
27250
472813
198494
771820
528723
633807
1526
126257
142957
460694
4553
987037
853641
235166
202457
381191
510160
81201
298860
244202
850398
913989
411500
723679
405755
887455
828947
5611
452362
698050
316373
802861
132942
172420
806130
712582
33922
115998
776159
126478
921694
118882
890322
457597
560886
821889
332382
908458
287593
146410
651385
284693
980533
234912
626772
457004
242731
31697
902289
891521
3453
346034
638018
776297
492692
816908
372004
73809
706948
946099
697875
639684
874020
292394
580726
815423
787577
358722
149157
381925
796061
201677
201760
145415
738623
635946
326816
411890
704091
22493
261634
13439
631076
954430
543508
607709
503292
763061
619859
709586
878943
803301
725358
741507
414792
753633
342623
271991
298317
955567
387821
954091
267994
463556
907594
932577
709489
82632
218632
895912
736612
875291
616101
483273
152469
588829
239501
243487
628940
340395
773385
332828
563324
256656
125213
677070
828039
951305
860584
983491
290122
252820
601249
851871
57277
105131
534001
230785
431674
993442
574569
683978
736548
976384
907916
897896
813626
574719
76184
207164
99074
381236
249053
154663
632385
46224
1897
33453
943602
490225
784647
178925
414134
738155
7726
481904
732717
264258
157157
201639
291284
649754
519840
670720
898194
38862
795907
784470
692805
125790
329873
154696
618396
530547
254270
797032
73187
460203
840801
408387
371457
336781
373992
564984
60374
251478
446735
586105
770242
450746
170868
715769
545346
736625
138593
129768
414187
652193
455559
23109
783620
34254
582648
877109
85816
131086
298931
87348
802807
224186
514359
714050
629444
889378
493735
867594
596203
297737
694647
547576
129098
788608
495796
804245
273233
325656
679025
132752
396805
920634
346727
216690
798543
132385
184801
201179
44827
60757
948006
563337
853519
190447
32097
652640
537018
262378
18339
587195
324365
819111
842638
620846
4987
784277
699152
176108
820468
376178
431974
82841
631027
340221
7013
129921
507666
330228
301701
64139
685974
246503
180632
699071
628254
520221
638527
104502
422122
849628
36459
508339
152653
769651
291375
216461
777347
784099
188328
292970
349472
906479
985554
336414
156120
983738
657536
765974
151707
11349
33501
945581
455015
9791
595741
432125
666811
238048
608542
75494
779798
206601
253880
121952
953823
473755
845061
781959
60781
80428
797575
943985
26576
264426
414399
806615
332098
234165
982977
245277
927801
343114
298810
929283
527918
812488
199326
842305
972979
401368
409546
465902
253321
447573
49752
877956
673274
449314
710688
350169
451710
385814
29463
519555
885419
79028
981715
194302
45423
300996
453182
858951
665586
744130
150173
882732
610963
447647
360313
941589
337133
88750
621690
740407
976283
854131
284770
833981
668631
696424
786257
801184
605338
432033
45086
678958
352000
558249
934665
502399
239025
518185
736443
785752
855910
739813
513373
495928
501026
262766
601001
807155
585618
102224
783369
559475
701494
469663
697371
621178
395313
341500
398198
653442
671932
372880
823405
695330
232519
948594
570906
135135
730037
886134
839619
232049
130522
758188
973329
452095
544936
459692
202620
766242
52723
503474
637460
66522
93310
135132
790555
12036
654545
406610
925577
328827
301452
654580
624340
126378
296606
596536
837132
697145
489900
184840
443063
326688
276103
523050
218707
481299
320468
487334
21980
154749
259144
21524
353718
452934
704613
943699
338372
164059
704247
163546
654450
969771
246010
230274
211900
128871
664177
786160
871191
537523
12849
857095
965057
717592
72608
131286
969030
919857
827191
420848
619153
64198
501822
158510
892504
824597
441189
372984
307506
76265
301394
31021
863901
72160
872275
368884
654650
375037
144340
188609
11874
641787
100193
559806
600891
196675
832889
640879
532453
227044
55046
138428
484819
146707
463238
533800
699034
109792
647769
35211
302379
793958
271786
300836
815570
806071
42886
843083
259674
250367
826627
318089
337195
216920
364341
917809
660925
415426
88762
451049
932242
282615
377516
782126
47555
853983
670541
437363
923412
63597
728930
909709
433909
818287
835706
37100
34023
606211
395258
652768
646235
375823
977290
501615
791199
705262
134171
345436
563672
995184
827025
467667
534593
754219
864740
977984
994205
388078
480197
336908
685166
23740
482048
351887
996365
80561
70799
369653
300114
560729
292197
453834
873246
718121
395630
987392
310471
453504
56510
844253
469711
705354
493435
14476
599497
67208
534945
509852
144281
780052
498223
177832
855988
27801
405186
685379
162983
584434
766676
553358
792637
144883
244654
562758
886051
755439
119018
941323
992505
890911
749134
603704
207128
76775
572985
872390
256136
306941
512308
534970
751934
698241
989279
705066
731104
202114
493706
345276
233758
329388
653683
23616
296248
239786
402074
861421
497779
59416
595942
653218
667487
724680
240374
916111
795291
946210
981687
922844
517291
136811
626888
350514
476382
212222
182678
844087
820824
487706
499764
37100
916453
440989
156957
417449
187503
883968
369924
723000
835571
322108
824174
637347
285267
731664
791649
528640
927709
457803
455912
275413
161949
878149
979702
575788
362098
361233
862698
183808
620867
846658
405283
226676
256939
653445
378361
350635
252108
860525
973368
283191
901173
624063
815733
918843
211667
351974
308660
841335
690016
748206
746599
525301
207399
67290
560722
711663
463622
348762
996740
485950
419851
822638
871101
170798
85901
417621
452076
405483
899720
575946
974741
694877
519109
792642
659101
746960
833565
114338
727520
326478
510149
754170
881868
478954
141745
624673
602949
474440
95779
985756
692610
873141
494529
202585
771796
432835
448384
383948
22098
561789
791215
980186
743233
8011
872287
149301
955017
882153
484369
74425
106340
401441
739649
561028
568948
641724
599858
398492
289971
532013
727024
302343
774770
151628
413105
964975
125977
330527
231168
39071
989084
129240
304305
37330
17095
940317
171001
398854
618556
922470
692117
76302
437070
553353
352251
773506
213183
161273
246470
804312
448559
1253
896782
744267
460741
132458
275332
641833
390147
953222
906571
929519
944379
807727
555425
706504
145756
242854
753554
397133
132127
679701
364080
832985
275020
548602
206190
7704
98459
76638
349104
528368
888662
488567
499654
279627
955650
753165
910028
963282
967288
545486
270940
457787
268656
682759
505868
449201
394918
862129
235567
513249
632859
788451
879417
352917
576995
250720
209612
733643
454475
623980
906457
340614
183250
383401
154387
371125
746408
760153
596238
826342
590327
336357
318756
682503
899565
265788
882557
150378
531514
966040
812196
778506
390558
874185
124542
73533
605235
389129
174361
752904
690508
192172
259964
613687
719445
582746
512130
982245
5936
253206
43772
472707
793367
38102
175812
851240
984522
366512
398933
103538
903915
123671
46730
679747
895839
72340
537120
50774
379860
585506
146201
251037
903917
581996
5510
90830
670725
950839
22328
77619
242993
960382
23822
371265
685439
641211
424045
137356
745957
738702
624395
346534
841149
194636
486203
361753
187698
361602
117139
114871
96812
572312
743736
96553
788690
657507
389760
749117
5776
487090
16354
567188
275809
891494
858930
802269
207112
760075
136886
14140
49099
565769
269413
135749
840818
724187
415513
683303
199826
684392
985084
556364
586880
610988
940028
406127
525548
42225
428224
505492
145509
786581
710336
783036
427860
154627
230604
843484
216149
227665
179005
860259
799292
182019
401064
185903
706658
19133
495316
280769
195270
144770
785884
867478
785474
584241
980752
850313
655229
813132
254389
112391
803934
952092
178630
507994
720547
899261
738086
758835
825333
284999
442620
592059
735607
834310
991756
624752
81106
412733
66711
573009
224296
265252
24578
189428
247176
585170
118965
297757
495458
908024
298140
404339
728033
508661
139271
931258
784874
325843
861649
316979
830717
929800
459357
801518
751959
5685
375689
895228
136471
619624
222972
711674
441209
375549
752411
857884
326556
968478
204306
170216
334465
964269
932084
116773
477115
26420
215080
257404
825292
667269
210180
839860
497490
433125
698224
598785
442297
419783
64578
249582
359168
19017
228100
474972
647541
621398
579730
458537
129266
257639
706695
134717
963180
349162
451299
382688
500365
857446
310772
62458
92502
579878
672231
572888
549018
287955
613865
267231
399969
111394
55850
553449
991771
549131
25481
199926
899168
600769
571005
786525
828511
852734
111429
96379
665829
553826
823747
751825
330479
504701
107139
493155
254405
602025
131417
60337
930028
881273
296507
709725
353079
230918
531454
458429
858675
658740
111193
970008
368984
758335
542399
90411
891001
790987
870709
185753
287247
171378
790528
256169
515040
517497
395591
974461
163477
532755
998829
66193
946483
292824
404579
494528
665156
580960
824610
304069
64470
661662
860977
962542
671063
452092
700906
557375
207703
35089
65482
586717
772599
137021
926501
607363
546102
200672
153280
118215
287886
639792
731047
916511
318228
234213
999725
361538
323359
346135
669533
891906
598182
334050
226125
209363
73134
223037
488473
154022
554766
475504
685323
396498
619437
821357
385952
360740
348950
277934
116834
750952
928314
209420
733755
675526
461894
37141
659832
226564
874201
661887
66890
34956
247780
992010
607449
716498
837250
49479
224003
366043
549340
584579
8517
827633
681826
93028
132166
550979
973760
473333
347525
305946
43122
331273
166637
785232
102455
656841
95496
749286
651651
651546
489251
46237
699932
808579
118566
19804
431118
896030
197973
665334
447020
438592
356081
449807
923645
868675
714594
819307
82656
187372
544665
668358
4475
26642
601089
247004
503069
347876
633677
919449
949322
184654
465969
451119
864650
269163
454157
248907
862634
400364
625713
132414
922323
965130
344350
3222
334039
305440
991944
137859
28054
540379
966431
811344
369783
689229
721522
635902
884424
934741
279479
286960
774863
313897
33975
202795
773044
857324
817206
492980
518689
744681
246828
628380
566633
43057
333754
718119
672024
948403
521528
966741
665525
30470
402798
439177
439842
126636
850039
31875
728273
827068
628124
503372
863003
392359
169966
261943
2413
251725
132754
195338
674190
594643
38050
375236
665208
580079
493084
31892
518187
882610
239395
523513
723596
883881
232880
682098
686931
856388
647224
971541
726108
885171
765097
464772
271428
605577
749183
411659
661427
779610
93329
855088
890970
866169
308767
437257
616985
616643
155936
384613
638700
215817
7943
885304
805808
439105
618129
177313
649538
568479
942432
395250
274371
902364
261811
547668
256493
85463
69508
81941
253603
400065
354056
177901
680455
196991
173310
423781
784898
120068
256969
815373
654486
725025
761302
880228
996701
363764
218152
885361
249764
678750
187977
986009
612388
57025
561680
166515
432730
805944
354943
608463
542207
970470
740907
641953
68425
888557
773481
574566
156786
845389
858375
245959
137264
177074
14489
365957
798970
280846
930827
631570
718941
120569
903001
939882
39949
488467
52205
225583
627011
105789
355978
833453
416407
490551
143684
611390
659028
409877
729417
915549
977016
606043
255178
253954
66453
135058
20702
864966
459164
398716
782564
171120
506218
730103
295111
109721
454771
4610
720984
755789
421808
135221
358397
431018
518908
88227
480519
988104
57134
112639
473787
456076
75777
153524
325571
282503
555770
812180
781330
986306
772959
143365
540352
376074
237598
367286
263071
386159
824508
436447
791637
284667
978863
103914
643244
507441
368367
933627
175598
755421
344271
713254
586815
282214
213366
491437
547948
288999
752907
355974
786435
828723
555035
549142
124446
684650
389008
980584
573738
470049
783424
462888
551448
518162
17707
371783
554951
351707
615625
260202
845866
521005
785032
914159
512511
872566
622830
639568
264395
324545
807863
199380
333290
770154
660876
950741
739820
867547
644112
648736
414680
422658
399412
741228
97847
278733
385211
867080
813623
942241
10253
792119
989410
184307
443410
648727
412024
850675
214065
890790
421895
112297
2579
108445
529291
497645
422599
336505
657717
796787
122724
259510
666604
393608
809486
682107
452657
275576
22570
93615
302178
528648
577089
736960
93986
375966
985498
900870
218080
137804
231298
308579
762731
184805
312242
960467
762616
389352
434829
836345
803423
600094
204129
103924
922435
513952
820389
515655
913305
875755
991893
573959
597233
343065
921345
852801
715630
765203
694682
739253
926616
995588
734241
65807
302587
516340
205797
350764
159
853308
244175
457150
417887
274516
425794
131527
450632
876276
800480
577844
768301
875537
255738
92408
620405
276043
142628
808875
893362
155547
517842
698218
802299
68225
304519
365349
352299
760123
262563
40582
360424
560189
292072
678421
540682
97902
782401
177193
293135
627734
96598
4056
519058
503956
102238
142988
766831
949961
431207
243540
640879
650192
308139
854173
485861
422746
780549
478358
293847
283400
795939
360169
824197
946022
835973
12901
824898
705473
415842
743888
255495
489143
674159
44615
513837
644853
479477
21407
681515
781273
894756
671232
123985
165348
263684
696927
190405
246819
198534
968710
466328
208865
324092
122341
915092
123034
532514
748907
54287
97502
119334
597995
965138
567367
619092
412663
351835
294753
495547
143346
576479
737022
392392
364304
96546
283552
917141
805644
389564
441997
648529
99599
108544
694874
224308
32725
762511
794399
279051
653279
406249
505233
226845
91025
487381
919214
582159
211471
813570
360899
495674
61364
216766
725536
673084
979160
233115
910611
920038
368238
625038
710449
142710
684545
540246
827616
886811
755490
965606
702977
942221
604253
863187
793741
794828
944415
927890
933971
843152
575756
435389
171243
520855
585656
375031
450270
671507
993557
975840
672970
494261
238754
949024
644297
47989
187669
976947
80389
424327
760394
93847
977957
67827
922751
277124
333954
531648
70805
948860
742681
46627
190708
935973
137036
314771
299276
636784
891301
397768
933916
557777
19689
539227
160264
867559
817165
833150
978264
223502
146394
579536
13385
796323
413336
574762
866783
436941
740006
582189
416888
668991
820929
483241
665581
837907
622598
381369
538820
452302
289790
927994
929387
559215
762716
739439
78789
128392
433831
607108
956010
959656
494908
911366
312979
232469
626831
220682
467398
391377
505648
700313
839381
989585
164671
740403
80358
481305
784817
358582
87617
837939
485439
226853
820435
639851
338385
227483
944601
482954
39381
28969
857086
276030
952743
572346
469541
264730
624541
483747
865867
384402
230830
484351
64054
189390
119934
264543
692177
745217
422823
348760
120433
847868
687861
495795
829141
491623
646125
148500
303773
27280
173122
85729
51206
583031
814629
509557
317717
450460
678068
720218
160973
758459
681051
944949
487672
980079
714662
295117
135376
74876
346474
30006
782320
327336
180654
563075
91693
566045
460553
817227
115072
15373
620976
957389
172713
98933
753
200251
154414
182117
788274
136801
66912
453923
111934
915338
461684
731604
34982
645399
926290
701630
410489
304564
453970
695180
264123
659955
89525
207214
103623
825264
706484
570398
954648
327867
214922
554644
538287
530035
978596
229483
170970
316690
68446
405681
32529
52931
520293
927582
159443
584257
184323
552987
813269
596792
649375
864867
760503
531154
202939
93403
271258
913313
131111
659639
611641
918973
2520
546408
613237
889896
127936
55634
173857
3415
434590
637050
270443
275701
452195
711854
440306
758656
234326
665867
688297
347001
783796
533722
388302
504572
375668
954794
543586
2380
612211
224406
953199
954512
998314
424230
89181
681109
953945
323190
555365
358724
305185
355603
339453
157292
485701
962996
705402
368625
859330
922858
642563
394431
43549
730021
609502
495109
611884
273874
88947
768258
432945
178126
135818
840404
960092
202289
309485
787633
255666
771985
791359
623381
300672
622560
841696
570897
512161
843788
795813
140501
995361
788134
523649
248507
711112
45587
161186
513983
587339
672717
903236
142891
268546
344822
626787
243709
564321
62815
60373
857348
259799
998742
43107
873232
742274
552920
639447
616024
829513
588643
795402
865669
863656
94439
453276
849121
514091
243813
105652
431039
778635
974837
423140
571253
831747
575396
509861
979630
214280
94713
318076
88232
106861
285585
99711
120135
257160
441618
593176
512425
99747
259788
677469
7496
754782
240918
717547
154584
367383
448550
128397
585443
459621
728420
749579
706023
786793
381009
581377
896590
496012
458763
287169
978097
524047
422094
485098
951001
981535
813147
641479
863509
12489
600607
564735
122591
630047
488067
335827
828718
140430
178659
728527
817770
911578
559422
768538
373581
962268
798434
205308
943495
441803
768836
169318
489531
986991
491475
91296
24990
98332
357072
108856
901734
93388
66868
633038
397452
97841
50981
212076
187054
11853
220103
662263
42602
733946
834264
388964
17572
156775
910103
90841
529217
93734
204623
312292
461228
872138
558986
894412
348251
290646
881537
947630
849772
501626
932615
611444
954779
568398
980530
920547
200155
400311
673989
304464
598364
721104
858039
971846
227398
789915
666496
365101
165185
633449
106208
335471
991959
943332
965111
247350
971824
957771
98672
651524
79013
464456
987912
805146
649595
773887
440014
188797
26810
14659
949883
869107
287896
28327
52329
752299
186900
538031
738516
852462
121613
847529
367344
491343
148431
194670
2012
306707
425568
552299
465777
827518
479440
443129
326918
720410
587131
104773
333597
757527
629908
27692
872601
990220
593005
16243
618861
994403
381450
754268
146813
511431
992856
845159
41031
703086
48371
121783
837121
325183
525166
242783
216614
937717
114029
537372
752249
594455
4750
77646
875039
104567
788913
774983
722813
778884
972947
173804
674195
673448
785277
248681
489429
789291
833891
918319
176766
932910
896041
380201
849887
770566
420862
258570
688814
509527
597632
313554
764512
401796
728322
978500
711976
629410
710695
904554
930428
369852
151613
648889
490335
203106
949298
842916
620087
242345
842603
676760
169417
469014
430971
561828
811972
142774
511378
534480
128951
156778
554422
900910
203960
889112
478420
386135
883978
573173
495947
331440
505840
985324
312513
46355
870471
872468
738923
248585
764664
239599
668497
136678
972176
935753
586630
859944
369508
567726
575886
94893
909681
262474
241935
295132
593417
721760
996558
941311
609943
202867
107281
724729
381686
914474
626907
250820
641827
945766
508238
65905
231944
373757
801957
913595
103543
84991
193215
774736
506305
594792
97251
868426
761122
307892
799849
549288
397997
954574
321347
439468
572873
927915
499363
277957
992501
461116
862526
256616
153171
984671
665752
385197
408136
32902
306373
62610
365490
665628
985565
364029
618295
106473
10847
144191
768009
57276
522038
596636
376066
694690
458829
953257
827516
278871
394352
373422
952846
302402
447268
563567
856690
338077
467390
927619
648494
855138
623210
438790
223447
913589
178366
214412
898434
175084
418389
687493
428024
1904
29502
919936
995074
887731
885098
599639
595339
420899
179836
752881
196308
602974
404070
282386
243247
76295
532143
205621
33537
617930
816439
994771
652651
852385
985515
250270
318841
977931
425272
876470
952290
474731
893243
790463
916274
391625
94179
368452
52469
941382
681260
406279
199861
180590
382470
860668
88024
665707
583806
642290
816236
611015
664855
523630
517900
808468
805292
732575
450184
321997
793727
514670
311365
721174
923736
341680
270205
394188
905919
652850
684123
673042
216005
614851
946910
101784
611050
642611
214773
80325
55925
45376
693394
972731
936423
146706
463550
626998
391415
787081
780844
180157
252519
284130
62197
720616
664412
449089
846377
363839
822217
946050
858718
274179
468649
685987
982740
313669
432579
641125
924348
181032
573834
213945
926904
711819
198578
258303
57139
726982
828893
246240
915132
653298
147249
864729
712706
312428
356868
155645
372650
527520
503482
424667
297912
61174
872870
391330
393197
508925
14014
159884
654810
428129
376931
605419
858158
431169
313759
40995
826560
52766
683640
38726
741639
957958
225691
49212
310762
115364
492748
457896
111626
977187
397745
826547
996105
136907
734306
79573
583393
406361
457578
273515
862586
824956
90765
383191
624934
392073
704438
711444
656553
991841
680078
608732
854892
475736
951431
815036
678701
64579
41783
755450
362824
252871
176840
405168
334845
498647
163795
319176
96810
108446
865172
445151
141498
901727
200286
681875
157576
296046
441117
47199
739589
943565
379143
252842
436112
227969
153984
763681
46534
913441
841513
798776
113714
636549
718645
484108
240470
839955
902455
504858
459534
867049
749256
279352
191472
538387
299020
266257
895444
140240
214588
940828
439870
27360
448617
734828
786356
918
146341
492461
511630
27280
736754
503398
635406
669516
43019
307206
564569
48217
293331
434282
936839
831697
44248
205189
93964
19766
332215
86005
332199
354191
238770
165662
128328
356910
62986
834773
51246
151055
858579
691932
877651
909517
147941
306037
684244
753987
609712
988454
429686
927556
462656
479013
715966
692651
94459
79842
585811
286448
780802
447823
126328
162507
270263
197587
271988
602831
69127
947332
296674
268267
615420
504004
21373
925186
278437
966704
218289
911485
444574
28108
585457
616111
724277
362039
324087
892098
888747
27012
533208
925993
485022
761901
744116
31720
431531
709088
265292
912350
581809
549552
953360
921794
646022
71521
297163
223061
288820
462959
427980
284222
862365
402845
840703
574660
52391
546618
996196
585537
15984
321078
36293
127337
971725
656236
947922
775528
523847
418952
940055
145722
856900
735088
146402
203608
100710
109721
821000
628990
243976
54786
217517
435611
38622
892240
946582
142419
780254
796496
690
393097
205807
178365
470274
175366
725221
538262
227613
184039
848984
315329
138245
743931
991099
773883
858298
67382
440768
338767
712652
332855
745365
320458
926085
741108
17058
327375
963882
23471
73463
519585
89695
949338
228739
665353
876815
601148
833620
272087
247939
643048
522905
237173
146429
938667
633774
238285
654586
959182
244211
197854
262963
126632
9827
857864
731206
922107
726734
323401
43887
321801
758894
219494
270347
491760
798920
747880
538918
370470
984539
373018
152611
191559
788294
821989
7840
111922
23824
925606
304007
729491
106
261668
810692
346088
133353
140091
851769
255090
621868
908484
965830
578360
196649
247135
559446
278156
16886
778833
202622
53269
719761
528457
609500
417424
963054
166425
226990
552426
191827
878314
225172
818399
360760
724413
358716
162102
440363
4352
704522
437763
527944
359688
548778
251651
623626
10264
952838
657513
387584
380936
680463
435378
138499
753434
400420
651058
269408
281118
546868
416099
455070
595040
2651
487489
152500
165370
627405
701303
521057
381645
167821
407155
392449
536534
630530
175161
519037
195335
802274
424228
189506
904993
819841
355388
260837
131339
31639
352357
818458
287607
176034
268134
778475
133455
488904
300940
636099
74537
770
624080
5377
190107
88964
96821
882967
307575
658839
221207
836171
887147
509743
317937
528842
999355
307925
509489
98711
758389
935884
355697
176829
881960
629457
299060
461513
845828
660383
2535
888552
786727
338598
873796
369820
783658
363291
904105
537205
535800
277081
844374
227938
280678
508487
937312
795721
228862
798070
44584
603196
16807
542875
161502
598937
186473
537778
831812
137287
653133
931115
428553
653384
788239
155212
641765
724723
205178
826900
911153
632807
808084
594169
429018
882216
405941
394206
685547
710118
181611
42753
770030
137745
666569
686282
583543
657464
66926
190967
301868
466790
669264
128680
604281
83163
947406
879060
967348
255920
232565
458840
320202
628022
800873
603700
612508
282953
132944
926938
411491
444898
913617
874832
483940
418424
776554
885292
646509
171048
846240
544689
196100
372611
471200
606763
293000
877593
98185
458286
371561
462846
586825
974410
339436
916039
205631
390942
477315
566072
9882
885225
498936
331734
374159
685614
330220
886080
532511
634171
689827
952762
732160
292920
448078
476133
264590
921892
12954
416616
300670
291409
496424
268714
140250
188563
48946
7123
171694
831238
536376
783366
80946
79945
854617
17830
965547
783895
694894
150118
704564
32323
684673
978509
400746
407212
250709
99902
99494
989801
919834
612948
365571
462707
156280
936155
804821
639713
827996
770861
290275
759209
660959
873250
692629
566161
336988
416216
241157
55267
490962
552317
213895
438671
407190
404466
254612
516604
620756
85953
665490
390859
73684
460002
606181
550154
907432
609779
545841
754731
126315
910298
840354
661188
801522
475614
781729
212509
269658
251902
254055
946261
476652
591251
966348
125281
474092
223333
637867
12285
495158
620131
907551
403825
40191
996279
824492
519577
839215
213869
176417
786869
741165
475679
865932
147059
804713
159133
209333
579786
254965
489863
673421
769963
60943
307554
259182
11600
272049
147300
197684
542117
518304
563740
850414
50764
238527
763526
969757
766087
740686
711406
404778
836514
531909
457042
330009
244527
661796
521651
471330
316888
193026
465430
358383
890881
634271
220865
429176
681749
717843
49723
423835
580678
294928
983655
37190
144902
953992
155036
619107
755518
981236
337436
373373
889999
286800
260082
487329
760292
664398
905123
260170
393228
353506
68474
197168
11377
48350
308257
13253
52269
606
83077
105280
92424
706374
865043
894775
718636
429182
500969
43057
95439
739851
771935
345634
314565
915759
503087
975159
43049
311577
542743
580712
622350
296642
195439
18446
322448
784903
808337
849607
851200
567924
597110
223209
686033
65424
696901
509420
866743
335987
921784
178888
467883
746292
747571
501181
333084
397935
235225
490522
476646
949624
618192
512969
540988
644052
281823
450238
563420
30727
416269
302587
343271
198346
617352
947730
576353
251346
933317
353368
823438
417724
365714
322019
213658
96203
257743
823142
677496
311340
516154
641246
290110
757388
947032
676103
102447
457612
402279
426277
603691
239778
729035
342768
164652
730974
664208
636140
295808
594257
897792
856807
999919
27474
529016
461076
480681
922093
760465
47593
713642
934457
659122
509620
372386
25822
956
169974
848783
440679
489418
71265
486413
25
495310
614257
752825
474488
871201
671601
432888
24454
416385
601177
85854
488506
702433
359022
208157
887368
909809
755020
923393
408817
818662
716764
2412
90123
963720
471707
599964
354592
562667
688057
122999
664078
296334
142638
820120
107571
179306
708816
563418
41181
718746
390463
789192
464563
565009
48945
317788
492241
257367
24823
872246
184485
164131
791360
357185
57799
359281
181594
605639
497193
638457
135744
786124
688868
268585
834626
226206
189247
896225
58238
577553
271769
919370
689941
803600
951224
320554
895672
688754
413474
51179
993716
761481
189650
280036
414271
960693
459146
321829
797162
755346
984791
408553
343302
55603
534240
17706
418835
913864
490379
196324
761226
12656
872165
267253
523727
958113
145723
347082
128406
501205
235553
832302
387121
736509
521988
471005
17197
392036
290789
318535
274267
276751
781575
277852
390763
450112
765141
337175
399248
528466
512266
764777
985375
123085
870024
308507
275202
846437
399476
657126
747696
844122
411968
98622
339180
367394
80484
884574
37135
829107
983638
461674
430320
895342
455351
433975
849052
331246
736353
637063
592909
553616
928474
291463
826113
656027
303609
687339
984195
210514
221539
364162
83776
796870
690857
89749
264550
825668
27817
834842
331238
839474
84811
47704
389274
880926
143042
74179
410336
386020
553030
50302
17075
53047
710928
175348
468400
12491
98951
566646
620082
826175
176901
734042
351043
907622
937080
334417
641562
18955
345098
186316
205096
953674
167052
457211
434831
848556
805069
931262
637362
692907
115505
332596
546053
292243
641690
831241
304235
407270
754745
242366
894874
709556
688886
732812
142249
505828
24482
147162
880263
375579
853862
734331
767698
329477
567174
495378
45790
81399
901249
270729
669073
178662
473100
515466
491121
537058
793246
518732
692015
513724
919314
894101
515484
17728
11886
980131
409495
834811
323164
44200
930711
799385
852448
263197
272524
854366
488844
677670
291811
979904
592785
879637
171443
827573
677770
510259
423410
562266
836264
920997
895860
18513
492310
621304
493456
820839
336932
643961
155181
694804
198799
505535
139327
270128
559266
890781
596499
346619
89282
14160
993993
309009
9953
812320
774296
177675
544168
522544
752474
807274
933497
420937
712340
545808
859288
627583
553259
218516
608638
11395
881254
732287
607567
505701
976141
199881
869069
796997
853687
227883
855437
221829
66271
452823
18257
559920
199026
793861
983492
68003
524703
426032
304384
193433
646320
710092
50431
73214
594190
97939
813253
93304
385075
544758
470377
827954
757433
828777
885518
566603
78636
179911
593199
111677
409645
357054
403082
685540
502766
680244
773442
970063
661475
587404
512029
76092
685561
269002
297957
994114
168779
582805
334187
685929
130048
432450
996034
186422
947186
716814
776293
53167
243712
34616
464852
694267
773711
205344
613625
232347
822721
790657
299177
926337
836282
428577
764580
146156
517269
850269
639841
35917
882437
832620
159450
142193
121210
658468
753092
380853
538866
551501
632201
638617
236141
557078
147860
475144
774768
447308
315107
770630
991516
394768
905105
109798
210883
159041
254925
706547
862127
478217
235858
322405
237186
229618
722013
997306
25863
846994
660166
132928
286997
67514
942990
181001
48218
428695
737178
742551
447427
324637
511467
718426
101290
463810
605615
993721
927282
198300
514664
205977
114483
313241
350848
680231
749794
42233
418333
196448
34627
211057
555394
779632
832068
54089
475143
493113
918634
396027
72256
592733
520529
472373
171203
408154
851666
485523
323653
122406
303268
311312
299032
682497
723882
48336
945153
388273
177764
942
13076
997901
10801
361412
659810
337960
866951
726279
680655
73280
195359
272740
144979
656197
144543
466214
203545
572554
108136
344844
845800
23652
291604
590057
886553
207329
722961
746910
415981
806469
717315
907947
655435
573926
35077
712652
165279
77291
370181
688783
382930
247220
254850
951815
252575
772020
525465
630383
753700
639027
852447
933080
962886
830756
434178
583780
451661
531886
453471
839471
769126
563468
381923
178327
45233
610926
150235
773238
153107
779011
379304
591889
344160
204159
253296
672689
668138
209797
604735
883518
291024
220464
833860
826187
526876
828085
670582
386107
579829
445784
347837
677669
500692
4293
787057
798367
84152
117654
202433
652836
866262
594930
895917
469996
72158
845828
939636
664018
716447
434256
633455
422718
270538
241462
376165
999061
932404
140895
345147
429937
987519
448512
148609
81609
478925
849330
911251
354859
758898
558561
924593
887527
796684
266959
792407
600697
166284
287832
433493
863245
644414
696092
166972
423581
853126
773124
270810
140528
663623
602266
43507
479777
403031
599020
357734
470295
778634
210519
776876
302050
731325
201746
716258
260902
421329
531121
692463
332200
861005
79892
727250
834448
809946
48157
774136
502247
911719
981177
747604
737404
79899
36457
725541
521157
209009
952786
808354
703991
7329
19657
859095
166924
492391
405248
83032
601913
412948
901200
401117
912077
628445
381790
660687
47395
232971
256244
589030
163135
660377
721503
471642
15683
905721
203331
676038
177288
878581
12213
231692
181534
548095
255521
498309
569454
750828
814648
116332
170249
661698
902569
241646
376255
378837
960856
733056
862930
335291
233460
226673
217985
489114
638854
402049
523742
891795
776422
278408
400721
922385
790071
466705
257403
130457
365152
385473
368316
399179
352346
499990
145300
802233
62238
100798
109241
405405
144515
788926
524470
199744
314617
950409
368719
392954
953520
987742
781492
111787
85131
155850
663571
100829
298541
255384
144418
569215
880997
337539
880141
476388
211496
328426
94402
449845
412483
740591
441763
375825
207779
796371
363850
290355
469259
798247
795784
631684
885392
982973
604526
745597
962064
555947
781282
95510
937864
976478
697862
961580
105968
927237
858399
514650
842597
263049
685465
821156
448607
316286
615311
385868
935468
304857
662233
323407
160692
874075
828202
998064
778070
459971
611940
254584
610525
697336
976957
129159
133823
22722
543012
588782
571178
947535
526306
549816
851673
964797
586311
358932
442400
48128
149193
605294
680822
69068
880183
34782
998372
573313
916614
849664
735564
323700
984478
697024
916712
61017
276884
721681
820507
116660
488293
705194
245423
797773
580730
340699
36301
563099
10065
659069
533322
899400
68488
694640
519599
583234
375710
428508
128149
146743
782626
838165
109094
372536
984540
661624
422828
647747
599667
647023
31981
436264
500478
790062
188873
697389
137879
680188
199959
425596
770889
149855
555217
346358
994697
932080
521898
970242
65685
235103
849621
81900
253059
339810
650040
848975
494646
837581
974007
246557
426367
981525
10622
84086
205499
546708
150609
372936
228782
243912
366104
159871
279701
232542
667335
479434
845752
349403
42980
672161
930576
74627
659329
68375
983827
264693
684752
636124
317394
467284
12531
329668
76323
661973
279229
782344
820795
791
476093
191961
909295
469440
953138
895234
941331
581524
897503
222497
899137
894624
954423
922027
588056
885463
501522
879892
274175
459632
770121
542758
429063
921390
254286
577427
524348
95324
300674
865409
850444
307415
540762
386743
129560
642558
120201
850163
498736
506187
888735
729955
609872
869511
769115
342904
282281
106876
377247
562519
69851
250458
159370
181458
301212
937476
674219
878260
415451
401902
728490
734948
100262
178956
551625
935572
778283
358745
243000
94487
939380
841302
510842
868194
147470
522991
813496
78796
768137
317116
22730
724067
764255
974772
216666
995733
726587
931717
74101
954656
733576
607534
630042
545782
359549
673196
390350
62877
193373
362530
807046
795937
570717
619871
706637
680789
260382
513499
263664
685226
377508
759807
481604
320612
863760
222520
214364
775883
860996
941495
849171
948974
949551
242994
644646
309718
476913
566031
903906
200513
651311
180480
178067
686957
408939
861003
38432
15309
533060
744409
87835
766971
403741
840713
976978
160520
669154
910059
927612
974705
35773
476182
997863
155985
592323
508593
408524
668054
941920
436971
881583
224046
402474
147163
328686
25696
86901
827811
192876
477060
244761
427044
244935
409545
947060
96635
676425
591417
379385
831985
90262
5911
619521
38343
676024
626755
917449
334125
936925
232314
128354
356558
377161
542681
66375
578131
930563
785257
843564
625733
656353
924870
113609
285286
210464
878555
938625
408650
303790
126208
954065
664648
486474
917452
564365
550116
655789
960383
655750
742153
919756
994116
188739
371909
411030
73815
123415
497394
650022
201753
548602
540836
549619
866971
74806
228834
249495
382327
50827
270390
32418
900338
870148
994768
770501
289564
560089
97426
552490
308369
972830
564685
373590
690322
722318
799994
848613
10198
960444
897781
24141
115489
84106
710255
730611
999595
431265
145047
942581
814043
953798
650553
572144
653456
48885
445940
558712
251278
62022
224714
506387
371145
149560
172357
180520
934136
692924
292939
204482
566994
182701
780455
769324
545349
878190
427727
802717
640081
294661
782724
346324
325137
490883
942508
17145
792356
134347
561442
598363
736187
791776
126342
321222
334160
347384
1134
302510
53306
41250
793906
124304
967497
390131
623608
166565
459321
203759
851012
841899
467358
532800
923186
198960
700430
859232
35034
548297
171821
716523
356895
714940
540838
802537
631678
199629
281701
223906
812638
883162
745743
451800
668565
24907
718658
382292
782564
595718
542045
185253
692825
658594
686613
465066
406101
976261
76258
675173
526912
297159
936675
599
305313
919209
332339
593910
741913
511513
709780
839831
739301
590499
564902
152959
474588
100247
784611
891699
237731
908673
279062
459999
827412
79759
730190
911896
78068
317966
939603
860391
191089
353070
287111
672795
939440
289963
670734
681245
954482
88368
942126
989209
169285
449115
381232
457452
201001
928052
715242
723558
465159
255297
423530
656847
562477
580459
353587
540778
225164
339563
121233
2062
377560
408113
525310
770906
765934
947298
180919
915641
887243
876663
457977
817215
750506
952197
505420
846686
601531
789658
956068
622012
351713
972019
602334
662341
766937
332420
975144
101723
154593
83737
33551
492049
326099
264589
512636
961123
280070
300388
905195
380240
868528
558470
870703
292933
963113
659081
540022
518072
863218
538190
318156
453546
636366
950564
844688
505239
477052
741638
644499
789886
969834
851974
662860
271536
142561
959912
282114
614429
89615
313551
208795
921985
752245
736513
427513
136465
210792
486197
385243
562749
672614
375873
560319
674249
237570
903004
545822
640828
41548
978631
2524
894251
145561
640620
503509
141231
894097
786830
258605
588157
924217
302984
159564
509975
118961
92607
383252
775113
264125
983044
749694
238324
159022
333554
425382
689586
257397
187933
907455
517395
518585
711354
193464
79711
887009
62307
122362
710711
226858
174076
758585
771414
112651
451462
158855
753383
674977
192945
647808
198900
725085
52782
271986
802109
485150
203164
49731
66428
492919
411086
367719
750219
744586
382598
778716
82969
820256
149413
423904
691575
580184
961513
286181
402581
396846
553106
871502
420133
795463
357500
927042
97852
572869
413730
841841
749239
980893
485617
60992
734633
324612
55830
118672
944091
678748
216632
886808
36003
147279
264495
428317
447271
242204
569471
650342
491874
951337
966674
488298
209027
284929
625581
165286
788726
33403
78599
731852
354814
162061
300725
590637
705033
32409
369411
975364
901440
103434
414165
559281
283877
782719
971879
540617
776988
358889
388074
317447
240266
700646
54997
409759
918990
260026
405977
565488
678352
157561
189146
790741
214942
994861
926502
609617
84779
984385
290488
698933
802810
391809
797183
398050
688406
818906
160900
894674
332573
819821
52419
117494
555081
255891
307244
566384
86469
448260
367054
887466
813861
787459
609492
884011
394709
418531
631185
602908
100977
454150
751657
946777
899701
102466
769713
724865
776149
607412
367107
857219
27014
12351
893123
46715
793845
147842
58064
506748
114678
938901
12095
328099
905045
450644
685980
941665
77187
285411
597751
764413
545383
428811
999576
496605
935969
265784
105581
964324
362559
332300
776769
986375
608833
709212
811597
39709
373524
15712
816104
484538
243805
693087
337272
108647
606156
525890
648905
982973
99647
99902
113244
770497
155416
15146
966003
134483
715220
138745
137711
836817
394943
452897
166463
162068
785142
970333
2181
241205
42543
898744
45531
95242
106191
157564
882362
45074
451712
160295
352756
623846
156763
856796
102157
330736
755386
543277
688489
369722
845499
587941
522411
86604
245187
56267
484560
141786
688094
359886
304345
612852
192679
904933
931319
811271
410348
255531
582995
863033
204619
919698
320745
615227
183242
604257
822607
662752
221379
968266
463813
282892
671012
124822
219913
649799
638725
587617
771474
350846
278985
475433
109801
813952
499745
718414
416463
918452
658937
331042
89844
398595
3463
893381
301102
328500
619302
137216
952881
810603
248396
397507
735469
954465
61348
923602
866636
644221
558635
498496
252611
43498
747190
661352
648334
379917
12332
757570
727863
640610
25181
767578
812159
639533
502557
913067
618134
377670
409597
797276
909013
679080
341583
283528
561070
835689
173141
837473
46374
845213
176192
771886
599688
993030
906344
341968
45344
226090
221742
809214
346377
609609
743799
411103
777168
989376
852677
193503
911511
396787
762010
960747
402743
459501
279228
324706
876309
125274
644030
939887
140670
46827
91640
510348
960689
498009
719316
739954
831387
84717
990260
435510
607985
21977
585717
887929
299141
415579
563164
732792
604336
71153
603881
979945
799412
56069
695996
285311
226511
349137
313918
936051
321339
408555
961983
181086
470951
18415
907880
587132
960399
805535
369435
116527
29409
693392
651435
629104
389227
270993
931280
124925
197008
612075
617364
587205
58751
159773
318765
108135
550013
931206
385959
43119
50816
107649
618747
412048
207870
806076
926781
462982
959505
619820
449771
116148
823505
238684
935654
139452
770501
279397
607185
49726
59502
193014
718485
604030
199541
169721
201701
655833
55614
793879
94733
27303
501138
643589
189335
313778
730226
708196
523137
427843
213758
78341
879076
26769
824828
888875
812272
262142
447912
276705
797806
918247
126134
195195
265064
634789
730575
887959
570502
117772
925577
636603
847684
750995
745553
751647
932785
27749
331238
693069
82589
101437
271137
438919
55764
600683
569062
840613
539339
428199
970706
426986
345725
292365
658876
617083
700339
415602
730261
935752
992331
362901
829653
242549
772347
265441
527965
449092
501480
887335
68735
736968
213411
694041
956375
280333
813665
881541
903404
86242
856846
144461
982408
585539
799783
983380
596948
528815
672525
973880
720096
36002
496778
939100
840991
486583
433626
17593
348811
450188
917925
9370
855546
472920
506952
337784
322922
847237
642995
885986
270165
147274
197098
44922
27086
437950
109539
29337
813417
968151
8365
350906
246635
847178
448668
255571
423727
383663
953582
896859
64747
657390
252959
450032
368938
442377
146768
881730
492788
669992
362816
369729
118788
826831
552512
401607
899561
350073
922289
897348
104052
222786
805104
813299
20987
51647
980755
405043
825486
988334
787063
545379
684195
6216
649578
101935
124172
449656
799677
710415
521058
226315
359742
613929
663059
803471
261847
898156
726521
13263
668617
498730
937887
334020
282542
481676
201907
52417
616905
132989
603230
717646
163833
972941
580771
657779
53712
934679
960530
726872
137846
428193
27220
462263
533879
787676
75482
605948
183384
718253
916773
925772
718437
994029
289449
145640
851744
325494
892264
77323
517846
695122
177127
868837
37325
215195
866502
348384
335178
571191
88366
6852
587460
585864
121024
528345
613933
79231
376866
928985
828563
370921
163132
87386
763905
999002
653742
846900
880052
728317
728023
352884
660048
864577
952499
39988
111498
819505
562312
849470
799117
713906
691950
397604
273123
609773
831660
258607
653790
752934
47230
215655
826270
303980
509170
464782
223560
273546
931415
138136
689523
389858
770166
739407
483114
508356
845713
634942
648037
610303
334575
656344
177517
150725
384132
524301
992901
851635
529757
497272
646260
45569
531905
772326
624676
540358
719554
14454
561761
275735
569493
210465
41712
4527
843473
219499
777828
945109
33522
553541
311920
230793
525658
153253
769313
783940
831401
337515
948445
564502
8852
371860
276797
111300
899328
551287
681724
603459
964884
348698
291109
616830
51682
303527
783368
38178
29724
662465
593224
58810
513934
971320
660018
525826
660174
290100
760763
200807
181897
543376
385761
95116
689305
315903
905100
102595
957359
569715
816372
889414
274933
952719
686653
577877
587478
334106
925034
101433
433662
844935
923245
719791
369789
179473
280828
655812
936822
399755
871867
167821
508417
306382
311391
778886
1958
898030
685119
66196
71131
551931
566144
276010
979327
148070
375338
801941
652848
128506
856864
674183
18990
89849
52211
237003
710515
2619
482556
472133
575090
996511
344529
593975
93366
950584
947945
616478
810213
195938
791501
983526
347485
376285
891918
753233
129447
733837
764890
33133
270761
405470
950218
429855
614631
996409
846108
299411
617982
275525
76825
481604
577480
985375
742246
878039
875460
334211
814905
546411
800068
542719
531716
755237
617407
722489
134546
730907
326493
978019
449266
863244
506159
220878
947702
46760
297469
553383
447710
722395
290475
843727
137623
140648
494156
222266
90142
108169
615945
616036
96858
160273
168875
2877
555923
386901
888827
858200
283192
989946
769896
96055
772661
774211
111531
506977
246838
39596
589485
418471
702511
542325
92364
317333
282638
959091
684635
870042
432669
912331
475292
44470
513127
39156
116431
624053
308090
777508
879676
406754
829370
998152
397768
669701
188102
546425
439655
278229
593197
701407
440296
879011
83305
183653
504030
894165
609
523624
481
686408
402136
783978
201123
668800
743432
811994
302764
630743
857060
827297
182510
767515
261577
81892
345564
432386
149427
715109
365314
578769
130342
543474
420946
799191
557440
123844
291023
852592
220907
649375
741980
19778
517301
149416
3572
753632
935126
814404
108792
931890
435958
381987
47638
354461
410008
725370
205853
171663
494493
220287
215903
322455
818757
891441
587385
809433
449804
997290
450670
782145
845434
377118
395092
651766
322942
79528
854330
805243
259714
96233
110296
676625
943505
463659
299395
474892
562711
881975
816964
176505
189529
894069
373386
610686
409926
766450
454298
305385
573239
188148
482638
750860
907265
780798
564621
290492
347221
453090
366722
405554
721710
883862
333155
129902
467443
115541
707633
742210
790096
610479
912646
349369
631138
220468
790181
862996
530452
908799
683327
501566
566240
357425
352264
907263
86196
858949
810083
90811
381643
831620
467160
235074
169275
533313
268891
259467
630692
920709
748690
243847
274630
689562
263799
702520
756213
882810
484802
876184
736309
287795
322150
532947
586209
255711
529103
241142
200377
785793
111181
913832
286693
449407
209077
766082
43095
867024
175080
352256
386734
530299
621779
71106
676814
331340
324800
963002
291700
586563
260278
265867
720017
226960
898141
570058
849754
518953
170739
506685
938081
100715
73948
339970
236971
522206
575206
902954
151543
356169
796691
10689
278480
470559
418743
281216
683219
489734
841719
929605
184676
667553
166821
726083
545184
868821
661500
890386
354918
252382
597343
715640
481728
180423
350862
391387
827772
97500
501228
900828
588193
539844
170401
221494
191590
687745
531117
283808
170764
764600
789573
34378
88067
726345
21589
450055
65656
478308
378233
988009
213586
928429
233337
174703
352683
93920
153847
295882
246290
662483
638137
746067
683643
530395
995314
433392
659578
884070
676441
238908
551051
678005
705911
670921
913886
173389
612149
252346
715544
832089
460901
642973
482374
491189
859433
53295
60297
500496
756511
927071
206758
356710
281199
635842
669635
319262
458985
548687
600795
982347
980230
947948
872107
128653
571042
219002
554914
4936
386870
57188
873545
330791
906219
719985
526871
978002
117997
373625
567664
766449
821029
70843
88119
318636
881851
169160
144858
174501
737074
306938
854508
388374
248932
598940
278926
41241
588465
469479
717463
944684
334125
655772
128155
533374
859461
186037
398042
345446
296945
79747
202993
60479
894880
131974
798491
415156
747028
851914
335886
888677
314490
402912
969529
465636
293994
420538
465927
303685
312244
737767
245581
238073
749578
254894
654528
816210
929239
177414
457201
237244
403810
122844
726797
128149
157642
71184
747149
10572
86150
195720
284198
595021
945483
90415
417560
636586
99161
806423
631962
198588
68554
854702
927097
13947
743552
663361
633326
589338
961705
419496
946343
835375
391800
925908
71445
821534
201281
381465
192964
942843
774018
785720
203139
803375
93878
427015
554181
182786
77458
504838
662070
191470
575578
687809
987130
578304
651220
318218
278325
303580
310729
504158
39745
422526
550943
732003
162043
129117
564696
579584
283844
521201
566083
455562
45817
8260
682943
451285
569678
293286
464967
735262
404091
242186
898813
747070
889525
995712
244836
42603
133986
210855
43901
376260
216635
320105
932343
501856
222524
974473
629082
301400
127711
902516
702010
411576
678342
8421
294511
505779
921373
639194
990912
790115
179338
736498
544771
383244
630997
350104
364035
724149
82179
10639
150149
50657
447428
706151
576930
197100
520537
181638
874401
95165
83850
785932
420798
379526
78
632372
243850
299839
253857
560929
206756
246373
990803
360696
376597
551892
784803
269970
6665
564543
696323
96166
970163
388695
563384
874074
689353
579558
623315
974455
199824
221653
285658
78266
660637
642305
452477
38241
271944
313356
761651
584679
956561
132054
199207
747650
540870
330023
170671
644073
689572
396899
789387
273171
283255
832893
709025
941697
550615
812158
222917
78652
512361
375497
865804
225851
10508
466104
879247
230978
342580
406163
283291
181409
683872
509832
822735
730923
606278
823901
109806
506389
343205
259942
731200
87465
645760
201430
720074
424067
239914
181138
412174
61945
41309
174095
842578
762795
129580
955255
990659
41273
307940
907143
835294
661629
330833
322821
182959
702651
619151
84748
448380
540570
935958
365110
703157
406878
566308
545824
350019
450553
450228
430365
88952
517494
300581
26108
7127
964064
292579
842938
297918
668885
136770
171615
670425
304409
380544
984964
544002
638324
64879
413703
477046
758908
733959
80086
394787
243631
396557
887495
131644
102628
815055
817372
438809
816477
906146
151219
438014
479077
480912
455109
858798
432451
87595
300045
982873
376898
951480
125320
180568
343770
443113
978470
565384
263657
41656
447024
984245
293192
957182
624817
56865
394832
258672
179674
799337
49840
110978
648756
361141
470929
529339
870523
747544
766211
275185
97490
211020
142751
810754
9162
76724
726414
882099
574731
483784
877491
807121
134170
156661
455661
110270
921755
161057
142225
285971
908785
243257
375849
693544
627878
677499
885725
163231
784008
864560
817749
379876
460166
631137
187838
221571
275137
978995
587676
124540
427390
341018
865016
417023
955729
224707
987456
833643
353034
395098
215527
414467
384226
613798
332270
622438
595526
549975
358164
295646
144996
383133
299111
361460
723072
782398
777890
860950
173449
397524
859057
199140
17899
32957
499636
338598
849556
892304
585397
879764
317883
973063
890319
162534
13222
617556
406184
878346
118166
454608
980385
470662
96441
889917
331269
871028
546452
52198
563010
318221
607467
204330
872472
946354
21648
441765
55660
985348
874944
377319
897284
611952
941251
413722
104277
543554
696388
543520
199444
880814
920138
130757
292523
843889
761926
177147
148421
489028
780969
552690
867765
841095
920203
228553
894094
291546
361833
219738
63860
171755
520451
59766
701507
146989
283795
291556
307859
446748
89612
331340
5030
713591
275879
277676
243299
698924
245697
520522
437030
938886
674463
425667
214
617958
789130
930224
712397
87773
39180
656321
623011
432430
930781
824501
268109
538127
181697
981585
39684
914018
926995
709545
564982
44628
412767
83216
958315
621168
869827
423180
438204
862994
32746
730460
976831
17123
601038
609576
204186
877353
315853
356838
667401
450945
768968
515337
768850
387031
248547
171071
955638
505404
633428
113883
241000
526294
37738
123591
42504
5373
148232
656519
249157
351655
649331
815220
274776
855825
909765
710804
442147
570804
499456
324835
963965
184088
59831
692710
10715
653741
734842
508784
283090
289387
308298
72707
324636
964548
18127
297984
898723
62344
54208
798512
181633
827088
54341
660685
872770
986823
372831
207715
74116
550962
299435
39368
83797
906386
944383
193041
899370
496431
241435
248543
437671
554696
156755
922103
15523
809192
250774
827959
874315
57237
24547
193444
980392
558271
94715
881406
545013
216794
454833
672256
881769
418870
355650
36091
26370
751735
344561
640070
149673
719055
554884
668441
407995
615193
942519
603717
868994
160766
692635
899150
98623
744343
524879
925375
625609
904678
84301
508411
238926
639484
590642
241302
989376
671058
883508
419012
767005
419059
725501
573636
901976
781787
407830
764261
606507
814928
576613
894931
770986
629086
788431
941372
813936
122399
120203
697804
929767
794458
113166
843380
329631
271211
206793
239856
841157
494427
270841
422604
857149
466424
601040
269256
877153
921509
10343
653254
908256
167155
881293
310465
465246
850142
67526
828673
787894
443616
236320
319657
125658
606357
637644
11027
445210
477386
234535
67121
935643
830105
401055
842242
924989
283856
120098
430673
73818
363574
646549
675923
91627
673566
683497
16330
57810
25276
961972
465471
519985
537054
882573
923604
829100
396995
296417
765437
280441
148600
420310
515700
213046
366045
379808
146303
459649
300713
843916
373270
583429
923474
248752
863443
608115
127710
824474
427730
564259
291582
394598
642082
75332
702269
117839
511715
495856
373278
533447
793536
24003
850073
762089
620143
723082
156808
180567
521771
47443
555144
957868
741993
393484
105154
325056
635607
520173
620006
481186
265283
678652
947915
435426
924754
297106
67215
214665
365477
129285
951574
301816
136551
371238
147795
780878
265976
107996
850806
984757
479933
732757
467213
618274
399292
331836
880173
16100
74116
750021
197804
6831
280076
299400
942932
520237
855407
632877
984964
915547
638392
567244
197318
530798
554056
838514
478145
23519
389366
21130
232504
157324
403902
567962
271379
214504
564356
394951
204427
51121
364044
90616
433158
230002
134942
951782
619118
403729
141153
253044
824767
447661
88354
615643
198868
688661
95308
774493
656807
467791
740089
314176
761101
39208
901934
81193
793413
430910
338237
35785
166642
299200
768269
861468
575713
30816
691715
855489
735432
966522
360465
588593
488120
858206
847769
35659
557173
330617
287656
904618
551354
112250
855393
833611
979968
428785
47057
553732
685179
485963
563991
495445
682404
640476
774863
178228
50251
615524
935533
560995
856526
715123
432319
899950
850606
789170
83865
166715
19247
570774
777778
587554
953975
634463
575231
302431
373640
885835
531333
327324
244350
886739
920321
394910
835191
879190
362262
850860
990336
859730
984121
726606
505627
48446
320045
454047
719324
975180
32918
868068
626164
762474
576332
923334
362385
509627
817992
375296
127008
303401
104460
857535
508799
256740
510151
82993
930062
568939
946020
636221
322936
424393
818456
942683
350523
298356
568466
720794
203721
54409
418807
826144
440492
416829
645478
335379
346988
544035
140677
886
263844
518036
291728
623040
348120
941036
196660
724190
215231
65935
340476
994878
495750
8020
476132
745503
247728
231300
777228
792277
738662
879254
56899
440231
238259
588239
997934
477078
762377
3078
269129
677281
583800
643786
443180
366035
26877
132851
511195
856136
608267
440909
308923
868881
683438
330568
909194
212232
717978
552553
552748
168360
519964
668721
843713
730964
975728
4341
979663
31089
232454
656036
57960
622591
911336
75768
187142
857280
873113
794929
777375
32915
804333
283623
35692
62622
732078
850519
937569
45794
95701
745879
207884
569700
778930
714197
367908
916001
983196
179906
709236
620810
174785
867137
501453
445984
937914
688709
856321
88026
59255
319076
897026
409685
511078
2392
813457
47766
9302
596690
710854
476178
767735
794958
804415
108854
496554
522149
402224
133266
866450
937462
915313
417358
533070
954151
59565
898025
839919
417393
599479
361287
982604
508386
197193
930450
235252
43499
641236
148825
150150
242197
686937
699467
276929
5629
247198
294205
333729
368318
726747
762502
676956
787168
367335
722919
124923
801052
815268
872703
289321
29026
170031
799136
705720
974864
677327
612842
709577
729892
509695
839537
130564
641652
52922
612293
634620
560524
803471
686540
247507
455996
166973
501405
691186
611018
892307
799980
288924
784403
705861
613351
799540
611796
124263
864056
489121
174320
500026
346717
461386
296491
975609
477423
400315
227801
836717
569542
272654
333316
316127
238807
128755
499354
881445
749965
553454
388064
331479
567407
944787
188131
157471
392295
586260
844874
140578
526035
522688
608479
818470
579295
237487
284100
957532
315007
759086
733340
146895
327942
933456
675274
570915
365531
395074
322277
722040
702930
134041
931898
908870
561974
977014
526434
750707
849022
331865
178723
333515
190119
787470
787552
227203
623963
492674
102892
612503
243072
188661
593391
584456
23708
58064
370588
461478
455839
54847
260415
226490
685624
447038
417902
328442
193869
294546
613742
964554
418175
26966
908010
432732
541964
867099
839499
762487
436098
320969
374271
659057
638337
33963
233909
933633
493051
635645
798756
7551
600620
941625
377003
50025
79828
998863
170963
53418
54139
781174
311633
464044
776965
749631
224376
240193
870136
793014
962370
387019
289517
839060
403740
632778
873143
4789
657777
202255
744853
756950
846445
839000
519333
703159
396342
691206
277191
117391
236604
724096
335215
599250
497794
258209
275223
918850
108364
503681
855501
249401
162192
830735
595199
314411
640807
513959
105287
812822
639798
945642
576835
82060
687009
918009
857091
502431
213268
528022
743519
186215
36015
570428
492063
494588
388611
600523
736225
586864
992942
907696
208427
51040
237417
266471
366922
158202
61723
389426
946647
180677
358002
723380
647579
760936
220957
567016
383208
399753
124836
471594
654214
975683
838260
578540
50489
563264
904190
47518
765612
2902
395331
887077
220978
308996
315931
570860
502610
672942
278999
818202
314880
116376
615559
806479
550651
869462
614366
207344
845282
445133
517294
787433
665856
295170
304306
288894
941482
153598
46275
836979
495369
244565
222966
570641
20966
237240
635891
153106
447207
452972
777733
393404
370684
739724
932889
962079
890833
869535
239863
697437
378494
128956
962660
267326
557550
178829
977842
763847
266008
499828
237280
672431
637470
93445
42176
534843
726620
833473
266018
590310
276972
512628
822217
235540
822591
577445
628104
134092
247384
207545
566165
395518
783016
607364
312053
543730
395410
127533
760302
43155
664335
497381
695191
396620
897117
957346
309401
569623
544917
895768
466166
806001
404877
365512
80472
800464
640150
376147
370556
297735
672287
144002
35069
342522
385044
65428
125244
23161
707345
347738
346770
779386
51794
491843
342392
549990
457539
187418
882017
289870
181986
783253
488340
171944
640856
213857
764634
413411
546970
565650
55410
10734
331397
586765
111269
830903
114573
858215
239782
728825
525551
838075
459158
33012
683013
822839
383513
862953
747068
332244
254194
397521
135720
53069
36352
677301
957119
757834
706814
134891
869531
245279
923447
21033
47050
518297
943125
750554
718364
41998
7686
344057
737652
157417
69675
510176
206394
498758
808031
706836
643287
632773
764041
366219
710396
471456
837403
67847
588312
353754
408888
471328
839204
215717
409191
963919
271593
278772
475568
584972
958337
482076
239570
124484
5861
972791
148084
674914
866994
561223
829043
992077
881557
378473
276983
108583
208629
854799
656540
151103
350127
931820
36217
295194
355441
401101
172663
538664
605751
371879
212367
27289
641645
446470
416556
425592
943864
540242
664716
959072
726742
159833
889554
708108
905706
618221
229867
270313
194183
153033
333068
730520
248616
255495
176753
914069
692700
82008
534821
93790
347455
391426
23296
885452
654072
563028
636540
58559
34242
986810
790887
2905
743281
545521
769507
330474
672881
275179
681165
849457
812601
740409
962126
216210
561866
325086
47761
999577
84227
345351
852880
147052
670472
954784
929216
317245
808968
174938
683098
10583
944476
546531
212085
533016
577009
780390
880398
939317
557221
460590
839105
938480
403027
316372
249947
122525
397398
380749
88623
419865
56759
441510
541034
861747
406466
434966
872578
300395
529829
733373
546376
189034
847141
443823
412242
199650
921908
589921
79605
563595
255045
338661
559026
733557
859968
132085
664575
868923
871166
368637
736376
731497
534933
9326
442074
310697
373643
529314
328746
546645
667540
784264
129079
103340
599607
621262
526542
136354
597099
668193
511978
185754
979525
727578
944328
770387
448878
25827
996625
91289
484147
111900
191060
104072
493468
139504
964966
376759
580585
113710
156364
733338
258115
555379
882622
10942
889698
102251
584779
849167
631678
785319
586244
455839
315043
311270
798072
360042
529087
515535
586979
220824
706181
689682
641070
32512
970685
784502
89893
485957
848270
712993
463559
541984
500084
546455
733572
38053
442136
454106
943346
397319
473182
277810
627413
159041
723056
493854
392216
517802
290523
64808
759610
578290
863885
882759
183132
512658
556178
798978
671001
957925
892462
871577
551610
267003
187697
415490
231486
120168
643612
143427
44547
968236
933829
234818
955101
771999
306788
520205
533264
554097
513768
296844
633675
585079
174442
251491
575423
324739
418256
735227
778943
204278
431003
92396
425431
132702
852554
813656
490146
100330
552921
758328
679293
478608
883311
82922
893572
832424
962907
184346
985913
418530
527845
288643
441896
924237
720251
65928
418096
123985
422189
710464
772665
219665
529865
141318
623720
770428
828410
198434
690935
704919
319182
860334
151560
799690
683133
561632
721073
593609
254009
550001
258303
709680
163300
461749
964739
681196
112538
939248
129527
318125
920334
699241
958868
642501
724146
354979
826805
972121
484355
707265
814966
936345
945494
517715
724884
681191
676583
826640
452563
148665
883900
895071
24404
247788
630257
228856
180770
87659
267917
622731
455328
899761
732936
674457
631676
566550
995959
398926
439247
679571
386701
74854
348842
216874
507011
385534
561853
341816
285848
680398
848161
76907
216817
925122
951052
258707
173962
653488
543092
111915
784377
501144
494163
736412
135796
640187
739316
517539
189885
238699
899360
92133
455168
279795
326513
160637
631992
594617
823204
174273
743382
828161
249408
89082
241720
125929
203364
420529
958688
428307
678091
972924
994649
710153
51765
490966
951074
158264
419220
428547
160672
134206
417830
54120
849631
999082
916195
778347
61484
325616
225465
976818
964474
411546
784491
930385
618822
265200
229843
791953
287261
982830
802149
530995
113825
662516
769928
233242
438886
811113
28426
603235
195628
852635
802298
974708
612817
586033
858860
813037
147003
631453
378729
651143
946597
793969
547105
200329
191259
315844
702658
342256
618151
93805
983302
627794
846099
248734
751477
5258
285509
723237
8327
565316
391501
227185
45118
48772
54169
791559
440797
846756
892325
767897
559658
755197
774410
860642
303995
25127
20632
152595
909050
263690
145098
173540
668867
99862
786961
967564
425959
324969
633524
62126
535363
564712
148371
570838
770466
438358
823809
974857
93951
615091
606884
179261
679071
330507
405789
18019
878860
660389
813111
808589
454491
742991
179644
831737
31146
954033
805479
979850
691995
713821
398912
423681
460009
675342
662023
413922
960923
416105
532703
315654
364870
357918
310963
83261
533980
217356
660444
448629
930825
980751
584356
743490
633778
137769
930948
459572
698357
14022
220573
257860
601799
19140
746595
225344
966866
477537
33607
64644
748826
72445
802681
709709
660233
440189
323392
173946
523355
64594
744561
227853
208307
922815
35963
334882
585853
492766
603724
70595
595164
557857
551518
204647
699727
469743
388643
417627
103147
805088
756171
377308
830447
557771
405118
554730
77073
811694
613968
688652
391198
647769
255644
90413
419392
7033
765435
225032
843559
987361
503560
788410
376674
667345
203691
343126
565261
51338
857741
546793
7167
838614
410329
740990
854617
376629
240508
861723
29185
544350
670896
481866
648980
654534
672064
996281
377128
730335
117278
958880
40928
659658
545409
849971
845732
398270
739586
796937
927381
544913
258790
145300
242970
144901
174157
998539
269954
143435
551149
391567
158553
662604
179465
988396
84451
86531
558752
302790
993
842275
890249
170265
450941
346229
794954
137701
110616
30324
420878
711521
351445
847605
70944
743412
261351
189415
643325
236172
836415
214309
567619
568113
157701
160156
992224
720272
506336
7583
44781
258488
992662
44231
130942
817653
249586
133886
724074
65598
956498
616106
54612
281582
443027
704008
256569
906035
654520
537495
908252
871701
703742
410117
159225
558632
43089
429020
54430
560528
558610
270244
751688
876706
833858
841124
372486
443475
785096
200685
219266
868348
789861
703321
460044
481440
958562
153120
44407
592254
34302
364746
327924
236479
56827
625591
793134
114979
794595
587318
250428
727037
500752
239285
273136
538144
415951
875859
578405
171412
996627
219159
670665
784256
166121
800565
635787
407067
613202
431094
35797
16914
749035
269008
931706
751910
589524
688561
587387
51544
866262
568638
733264
397363
962087
573671
107141
925955
410260
267068
157754
308490
814473
461873
265646
775154
227846
322710
805816
90304
534169
12762
471686
174815
661029
207671
261583
937766
273834
396318
353862
999856
773469
694231
170136
391659
436279
347518
438708
137277
339337
533819
537004
257901
185212
174684
792019
71991
888971
432649
567707
752881
996945
710934
148246
989623
664370
624584
359571
939548
118367
483891
662064
171780
273646
60568
443828
792717
933408
619691
916291
672123
512689
465604
143525
310939
142780
466379
314376
487300
276757
659895
601353
439684
133243
158403
295985
988637
561652
827963
522397
807067
935743
203997
425947
76876
444091
1829
989863
426296
211233
992829
505651
7319
322637
410950
365990
484470
963834
114023
579425
325782
140894
693479
387086
48118
187934
801782
41806
369217
732476
703725
197299
344300
699291
398186
137590
789022
783617
98291
965401
961779
986468
296561
905877
727339
141481
285997
501754
508507
307743
374835
64162
363618
605718
285365
224125
569211
229197
440957
209918
304930
931753
153861
955152
963468
385849
36955
232449
343657
445229
427125
69785
962322
216708
822797
672826
66161
206246
778151
721686
751375
288113
586518
865303
267331
125056
487023
91598
894097
241429
231717
10824
279991
887783
262349
358878
890399
820526
31415
859701
949519
975511
785584
921399
248942
890710
371307
631373
629967
158356
294913
473171
538294
118468
987492
297943
550622
843463
451348
468347
646965
622462
804052
259145
512599
214743
315407
483047
853294
334246
886323
882409
226058
534736
245402
270120
575343
423748
416809
25749
243801
499858
892246
465913
878692
4120
871583
41949
868034
740867
66970
736170
453997
150236
483714
745859
137516
57310
242284
434323
983117
658383
643447
831814
783774
427806
511312
214183
984638
183555
292470
626896
444303
3738
235364
934105
590440
696374
808933
260269
707245
385197
363713
310706
962125
250415
583510
599156
401841
44200
682996
785217
296277
111299
270052
566066
786930
908865
49679
67604
322046
7886
510470
130130
565612
536889
282230
524824
764340
4513
267335
896162
540747
326921
435926
762014
611861
30013
545220
31893
558523
86810
710823
938695
585159
279924
472014
546329
415396
811966
987322
794627
855733
451764
394697
879983
5892
458073
309846
508938
768319
798915
106306
254898
627850
173325
284181
604138
975121
360207
943078
715042
47108
148613
326599
463188
643618
547471
830068
646063
348327
795350
81729
380661
806992
606017
88918
78172
57882
655914
223439
662176
222191
813474
269008
733387
697506
848992
927062
826441
67646
162613
849786
172371
930140
581649
25303
429598
977073
788632
530501
786445
612610
315014
141935
755730
439288
501597
588511
762320
520302
902117
864658
763200
176344
210443
888133
85440
712374
864510
957419
545833
485976
772198
957517
159725
699611
585451
810051
205701
129057
545917
800544
612846
340997
713068
866716
104313
748727
943447
442956
833522
756470
274859
400957
844982
961566
232699
238735
708589
45395
811536
369766
58804
272242
507687
861195
89239
561072
857411
622637
816293
285674
959038
1428
170300
434800
692191
7870
133856
880165
702233
948233
808265
31906
29760
841780
790460
386129
388570
478383
261174
589524
903874
373840
426895
85198
816339
907121
836559
154061
143892
581143
965963
912622
109671
166780
594586
994694
788541
823118
959550
451170
621935
57342
462623
419608
527930
612800
9459
51222
766100
835930
724431
766204
280083
354397
244394
818674
933938
453790
586568
189136
583558
550167
25016
549131
365768
266429
175956
153376
615738
457104
573811
200733
295808
609134
919886
28310
321423
755207
962481
476945
518059
211227
765589
661048
319340
981154
114699
716865
561040
202585
45716
596312
315244
112242
408203
307665
403607
846035
947168
590333
67724
609180
15032
585452
165240
230649
647328
374777
813639
109075
883362
665859
186811
798323
97806
360453
569719
895943
69145
252519
132840
348985
136027
149084
997987
775830
664371
586296
369888
817209
561128
31581
678464
817392
297469
316053
407414
165204
689912
737883
493512
279104
340699
43551
12306
508477
104677
212593
115493
238502
693054
16851
211001
149180
978409
628095
340656
840422
443160
372954
101604
872082
328010
836393
868214
54755
645617
220541
633263
593377
919431
798014
775555
656142
771198
146453
998421
978910
447152
872582
642193
127428
904291
378906
252631
257562
940042
741025
305355
235636
203223
602603
875790
444113
288467
643767
215002
483590
384007
525002
143482
745639
915979
406275
16796
786369
114321
924342
791417
65667
174419
844574
441003
82255
824556
349599
201424
400254
282150
832431
840821
36902
995522
969840
607926
38441
803876
381672
75929
390290
955224
788838
209090
305457
135259
469719
313771
385637
528005
645348
926475
397796
179971
345321
182050
144331
71593
698495
713753
350026
554038
757304
2131
573814
380881
699432
237195
176810
407901
279234
244621
684075
350085
824631
77818
653648
200775
686554
939269
533396
302052
13014
36340
829240
106531
641202
864253
506869
851051
958280
377568
697159
213517
187528
554706
896962
363383
572556
562539
641917
49097
7633
612464
303632
260435
31642
585340
601495
910131
968592
565020
436751
351205
622800
198600
10142
15994
855416
81477
264087
309858
745812
763213
203145
757334
373660
320893
361656
169858
602804
766479
407924
134109
872755
797593
294056
309919
974550
593111
449064
64488
772468
338884
130488
806597
616781
900655
443749
249307
306363
997214
510503
192985
985257
684855
449302
477207
795558
36671
676298
45162
586380
834344
404619
613233
354572
801683
56753
762719
826054
833379
846115
699577
874950
786944
349785
796883
52393
425116
380123
279196
272671
143385
354718
519493
599176
187540
420595
580106
336388
307360
260479
874744
162075
942829
798445
791118
962506
262332
660256
637940
899377
407038
38017
134383
965259
627349
272612
475450
581737
545786
6814
272525
862274
205302
438291
837822
467858
235968
59615
108373
697880
56593
694167
840864
652734
32654
173882
695650
845970
807033
319998
483570
374748
713177
589454
753509
964444
784694
991733
384720
634816
946617
475451
873608
726653
957660
812812
456423
368821
115169
339697
185580
842656
657403
37090
635249
973044
340493
370806
742404
294399
310854
754706
532697
801760
546275
241515
873811
183813
385687
390203
305438
160275
640915
506459
316952
363593
824946
481626
282522
583052
229834
770420
257303
880443
193617
707555
399038
897592
417421
9665
237998
409275
79727
695274
85593
722570
558325
28814
191048
200922
381502
636214
292186
77746
915316
935522
315808
637264
558526
32961
929191
553990
547182
517325
373901
882654
65028
154659
139775
770461
33296
845876
942260
279382
122872
345354
660597
367167
485158
561393
423190
930987
654601
394009
846889
937483
837146
85517
875786
996028
746583
501714
384542
569100
509788
246246
322605
835918
39823
685729
288177
783439
824113
24036
741515
551762
674581
865309
569088
491135
717850
678369
746912
592806
743956
897905
344822
664373
105191
942704
975278
960011
824054
202661
955625
314733
481818
51099
462474
801616
705184
902102
798838
750942
4344
508965
908301
501597
890058
32205
304040
826516
153527
981964
452505
382082
433950
700333
455346
775917
387108
236735
750329
52506
498084
970486
74547
37087
438898
268679
785950
599100
745306
696447
659387
664849
248104
659784
9135
806880
832899
612812
15504
844127
311058
536915
406388
288402
29579
510475
225513
212941
427219
692683
42164
880921
303692
911164
910783
701731
790340
786087
578615
326919
208437
846176
604411
345077
874601
21798
954386
638421
731411
87974
903572
969236
243968
270734
36013
965330
852491
45805
879432
172320
543027
300522
762693
860142
728538
84021
378480
823446
682522
782939
728004
45255
277183
672876
632711
348626
176012
121350
170698
797483
614670
851915
124216
634995
27226
514868
955571
620258
836940
747863
667265
285936
231097
86787
414732
534484
388862
432452
128605
524699
405627
689822
737058
496553
4413
841417
373570
42603
111132
36846
663747
724642
401321
750043
611187
422240
859382
856575
28395
870024
137498
998349
811547
808556
953296
685339
607609
537142
914953
561843
15549
914133
636188
293198
510466
175140
970679
341790
874728
849448
481359
234164
564203
619250
971484
638685
186994
150937
128570
64369
948727
636067
173953
118656
722185
578506
931815
949503
175479
23372
669395
872895
480807
855389
106260
728103
284646
307394
312173
661584
921645
440155
626770
489090
338357
104381
167184
603471
666492
240661
109003
867355
468909
790461
103852
435000
508570
535620
917469
495064
573055
731535
967894
775339
595611
518091
876454
398833
27833
762592
298589
223411
114497
802044
136640
946658
595678
108869
440883
390275
768727
632447
883738
724290
689450
286173
280547
228806
881493
731240
620823
116193
515735
276343
607412
795069
849116
425298
588905
926269
400450
754773
737013
89823
696716
508118
329659
392300
844009
996664
200200
806146
657945
529304
819516
577786
880702
135670
521711
63648
764203
959856
68746
871156
624493
813538
840013
415918
750146
215791
759985
856540
566809
383444
917365
78291
914684
619457
684158
628682
558947
294281
690789
590819
253429
517024
534692
4922
928621
188261
641825
642015
725945
306931
981248
729288
663671
699229
352301
867119
405940
974260
743305
108073
692220
972660
128966
395725
296788
825363
77116
333048
417947
963442
71326
601652
803276
117857
149412
978741
723334
663353
763370
137837
885565
608723
866803
805263
87596
933869
191048
835142
808726
150589
182104
272150
728086
419864
754197
211091
586430
47334
127703
182547
97866
21747
651738
836601
634022
963771
200962
922654
897353
434525
427967
453837
812567
233096
378492
826029
941273
946226
339256
982257
3099
146655
895008
190644
944175
244635
763048
685121
993253
53975
427725
291409
155072
24145
838434
20835
240439
216318
234694
845753
852857
995483
71318
216308
980874
685425
849766
351557
317518
819459
236345
952130
825135
549413
107638
970642
980337
440416
496075
180840
991341
715778
346969
814426
950740
833441
52417
686104
656600
342228
118162
965035
420009
27651
213420
6521
106477
126459
870526
367661
497008
222987
505554
910465
98650
120361
924034
895259
581091
52125
139485
18683
768209
620298
989578
912592
511563
804573
456850
620989
688043
625937
473857
776935
517791
240694
330609
115328
876871
16956
483267
487384
48701
69672
287178
865353
416387
554297
318780
198319
300850
265453
299799
610428
856967
908436
277233
514670
467037
505854
862411
874729
198722
21499
762258
341203
982060
329370
850410
851072
268589
561373
683081
542444
70408
911446
201962
768605
798052
803680
920182
648658
695267
858539
766617
839369
892125
888629
782886
657475
131059
423198
990014
727062
701195
195270
50565
513509
592881
24050
893064
113069
548409
220343
705627
153629
32068
281385
581501
731777
622693
184862
25009
883834
739633
858306
439694
180103
7115
221032
750718
664950
717713
806958
553492
280399
13598
618286
451768
551134
570026
5540
246422
483532
72779
144780
59658
831579
810195
795899
21163
618731
523758
40128
969188
70817
782398
930997
379055
433820
538512
712371
860753
384877
972273
208138
766738
331722
713314
481353
759423
547734
131489
80229
450039
891412
803800
282846
848934
751546
431872
150774
979262
584756
594090
871597
945666
349515
426681
104155
870963
259082
578649
575137
711895
425381
384732
345194
235224
720882
488762
966608
670018
124693
254969
345486
225604
168856
407881
64081
300019
178263
679235
692314
470893
580236
820211
496187
865967
851557
966252
823152
993213
723099
842658
724556
263622
155326
827855
702490
808853
976146
757815
274475
446423
824729
442611
863870
846529
931748
143980
807360
390455
736131
553128
428704
160671
119900
217680
619724
301860
426207
378286
151899
80141
633662
881513
370823
511803
643338
572287
234667
521491
167962
644734
623321
433397
881633
431241
282995
755134
320510
699583
636311
409698
140461
13275
997749
746893
731827
944787
229918
20527
273159
480998
449980
315333
599745
654111
887167
742443
381417
483990
545807
688632
618443
492558
506891
699877
735637
91753
816051
979470
398298
652620
357339
472130
401297
224523
627031
306636
468041
587210
112556
730450
229719
531003
964022
694768
61134
413293
369150
799030
232398
841964
624596
713680
202682
812270
687643
1657
294180
926489
708127
137073
442054
745488
662444
689169
841514
87303
67276
546596
668268
896347
901395
767098
156790
854179
777882
478965
37940
503457
158758
734153
155573
539700
489677
568951
512929
959740
574962
418707
420635
65881
619914
566591
762801
274673
5686
360394
383132
492405
91825
454628
207390
784435
852428
707632
884795
671702
148083
406480
680774
480441
9923
17415
76286
446903
401782
990409
152043
235803
504483
909920
434978
672760
300316
649680
583500
363860
133256
122800
177608
920694
921380
947970
958289
715476
508090
438459
410461
520168
764096
905853
428889
318310
326301
700578
406630
201961
849048
792500
873308
937128
976934
482722
790323
712201
61421
203480
258851
879536
649539
980285
951587
187707
182669
412388
81646
295913
774913
61842
461959
714306
905731
100003
143712
747041
430792
158315
997113
455673
90206
890188
669683
406933
233372
224673
186151
84524
234591
40386
338472
236029
507510
187975
769530
382330
195269
400875
902651
652210
846705
749573
751081
399186
676235
605801
244660
671018
343465
202858
479171
659478
401227
542551
119104
885259
897138
44752
63760
963294
452664
759691
622913
975451
671452
598259
26023
463010
271081
327507
413153
369492
637272
594674
271944
412896
220140
579030
885388
792589
608128
315801
860913
79967
209747
321140
930465
416967
319228
144484
56674
623064
5777
393403
461033
433012
813738
21540
817267
358823
758273
395788
152939
884646
573291
433924
158591
672196
209388
642906
970565
820934
717523
501274
601834
357103
608050
482770
166042
171368
721770
359820
687448
733502
349857
66908
773260
666693
61878
872383
325496
462508
75541
938896
527282
217105
949355
579325
724578
573874
807036
546152
718884
794090
812877
307927
659223
982096
866371
80206
92073
997660
952508
51837
378268
947805
54052
676204
467316
15526
918163
234434
877814
779900
451996
93094
275308
620394
501575
356076
502893
925689
473187
684327
42882
109553
453271
967474
12437
139357
939905
728171
772752
494932
514125
99246
749682
100403
590059
360027
574115
319526
288687
414368
89938
415050
75946
414854
795872
43209
353023
167819
300996
409980
47851
346728
417796
588505
82738
447108
345283
341227
894515
821510
774326
328142
764444
579249
544357
894856
127332
217330
396059
221965
554050
726238
74463
640133
870759
844904
459164
315799
491837
924218
321248
399031
361952
335337
899605
352794
930632
76880
115773
396229
295768
655275
726751
303237
301923
244586
486067
526922
792413
456066
573953
417338
822979
560988
279
282796
212927
342999
319037
309902
578065
469318
722076
9221
294472
279145
578440
640693
628505
107138
701142
498238
595394
117013
149494
248162
646786
41079
833512
346323
47808
833295
120997
874551
402736
713813
610045
389309
229190
11846
833295
532870
418760
356610
837999
469454
549915
390793
676296
174113
908467
691827
665181
685942
959235
31033
238132
340650
42797
204606
279837
579617
814117
336379
745520
392989
194463
566641
565503
716705
153104
667991
434429
385334
889590
743360
99465
235489
446807
81934
434581
89366
7054
432103
614661
444204
6292
147780
53488
444668
322459
948378
417729
272298
216227
641692
449441
902618
602766
110310
930141
666781
815942
668954
583724
985614
626593
44782
254218
384697
489608
339473
309151
335574
193727
817643
982205
352457
550607
514906
379505
464923
236486
82715
394646
748354
555248
902984
774648
636136
46235
319427
357651
730985
70399
998428
87107
935977
16841
672944
566970
758778
474227
960769
871956
811058
940838
251208
371392
639431
495973
99279
974290
40702
464378
350483
396436
794855
406607
559692
766234
663880
816169
822161
622943
742464
155755
176296
329438
739968
758796
157878
476279
804269
634321
113208
941286
922919
790845
362090
275549
22570
672666
580599
82430
510496
357907
523326
322616
768600
333378
337385
682790
883188
637628
655780
326022
402565
297425
477730
306533
524320
376389
448340
703801
388974
490734
733023
755695
773149
850129
184221
659846
477433
961407
868095
368441
576762
562660
458160
684860
147275
37085
986752
334403
867626
583113
541113
301407
469938
997273
555753
361011
608134
835746
260400
64923
961548
845296
886765
239304
873408
812890
545967
117643
799940
931967
410074
480687
566599
381773
491980
463606
315060
517588
326600
489682
972903
951600
702327
276407
212971
950086
637614
790525
180162
517315
758068
166095
954233
392497
795939
157997
152446
104243
944185
664687
823289
664049
862758
497010
42431
347815
888322
958661
378122
990797
338219
699280
742695
422996
614718
774262
534951
315231
897603
91504
934470
745696
138451
223810
934886
30313
613585
296273
326378
971399
3808
481223
249513
693128
303316
157691
568968
298215
543187
560693
316720
271266
298310
118994
870818
861082
680491
538480
877724
921101
947846
539493
683558
135144
395873
231682
589619
105219
412791
581046
761699
155160
46030
127218
64161
815617
975418
301350
64694
70594
479800
54868
183966
431869
400841
127433
812585
870582
504472
257327
939837
395615
348011
887823
339327
177275
625647
399120
434840
490443
167727
970511
424455
332085
121565
182233
121195
147039
927323
883076
437268
387094
1759
692989
878052
683022
926349
547813
731325
922595
197632
925255
683134
172158
221740
512050
467139
176941
712890
704200
99161
478665
322557
653085
268336
230251
273219
898627
831518
53880
96397
512061
369341
481328
324192
785340
804480
547682
531801
312642
461672
322676
286301
431659
247373
705663
387605
482784
393311
534553
933998
517154
251100
765788
884944
778066
935938
297054
323983
872625
936928
341344
595927
419883
835929
664420
28930
155712
711416
630365
5554
974506
237307
750439
500760
580094
408937
119553
325224
35509
853088
203079
129157
774127
800312
507679
645605
592678
749486
684425
100032
202439
650729
486871
206950
176028
576984
529731
186207
250519
477581
640952
891223
325719
45323
360349
536562
377056
473136
666793
818860
779534
11919
885996
453548
693162
715952
445150
159961
551918
983176
870033
617863
398425
676391
940658
982523
730699
165043
780164
425349
500506
404862
675745
145553
526652
202873
676779
966520
302973
506264
359523
25406
728978
67393
756691
842319
583437
173875
143759
223454
125193
479540
351035
259988
75602
715077
797451
396553
734059
809460
48342
600796
776443
302424
414129
997879
582441
475199
313007
377888
874610
908577
480877
638413
460948
270992
647004
989866
542294
995645
709712
610125
626278
808771
467627
151744
252874
635379
55360
210424
992399
603233
749966
187450
528583
693412
71552
56701
392012
368059
118799
964516
927431
835623
962980
542606
992329
909422
707355
360841
901830
98736
8360
310389
108778
243486
485660
810687
769044
283608
579236
476750
92043
117571
297594
892483
304701
356370
312524
16944
184180
308193
18289
330627
899935
992275
192232
651507
637358
460394
31834
311134
874822
433451
624380
609230
453646
929209
393413
770240
543358
441002
310223
255184
428269
977421
535867
46088
300567
18060
154497
773431
936566
556104
625239
475510
322785
418027
174390
36539
966884
131167
367707
288294
907692
178276
708202
435607
122828
671672
693584
932438
316276
296570
267649
164284
930762
372887
508089
326839
726580
391270
157978
365144
228646
221635
279203
888025
436663
646215
120989
225490
535189
745000
578697
678056
739350
969854
754280
360713
328916
617965
399297
168414
242886
95511
927237
992032
184850
270797
909307
383908
47374
805622
356214
271890
508140
760564
409208
647822
64374
104099
500620
477697
561317
404614
410850
307567
890089
493029
948032
714165
847227
995650
185336
557735
255301
685157
547753
840977
961119
709629
854328
639937
462204
326056
314274
69039
182793
282372
561638
697123
858068
557503
592082
28037
427583
702927
694389
788229
535202
223412
392116
376875
810930
854957
890979
78549
834958
831250
373729
102026
733160
984508
92734
592646
203680
330223
976195
840584
594718
272418
726015
339983
513348
707321
876002
726880
94781
496313
98201
245075
259539
957189
916449
405682
379649
392690
140459
68021
191641
877990
243658
978617
244019
754470
816933
812763
461605
303681
304271
208673
344858
373692
519501
4981
562042
664608
597856
921118
100831
224053
624044
482674
470050
453384
143053
570308
824541
810420
34194
313911
425257
192276
703449
528717
251582
524613
86689
152200
734603
333769
79189
60070
173243
699282
183154
591397
338247
112469
248979
933303
30991
174235
225962
657782
284269
471478
959530
5277
390228
445538
172494
346244
604862
895690
463906
625572
245461
372387
758441
701314
722907
807671
8649
923772
859080
490888
954641
341532
507353
573104
495949
151101
603464
78881
940092
830913
380165
610635
315286
818919
38701
880020
308633
896210
925894
857088
249281
295841
959979
882067
433557
500121
513846
938468
803672
885674
769640
328075
635855
969715
24450
654581
669281
933357
816096
137052
52484
870958
899790
724205
140463
573901
523786
441345
99613
530847
168354
773956
664085
577744
935460
853499
610518
381331
320748
728752
482227
598173
198621
163756
488366
73394
676736
326397
196767
492936
750392
414566
739717
479937
815808
555293
617478
952389
214051
939462
353994
514622
503473
914308
157941
471595
413208
297346
373693
716782
660891
421242
792644
574171
547361
249892
592622
106444
313313
79482
731984
519418
819911
949204
392465
541183
433959
317088
218939
232160
838185
353866
652604
955642
733878
888075
976289
731743
126431
335433
538065
950982
354889
713290
737022
578944
243232
303462
303745
218343
866907
64962
254092
781746
67698
729386
907163
562849
1867
362023
748675
794813
182185
308183
290027
326900
324139
712273
32799
555843
815618
480882
24303
191633
407909
723710
765094
987204
968731
514044
434629
146630
657091
942813
936806
449571
323449
613403
818796
68769
15008
199504
485842
856614
1920
3746
725738
391565
161882
324308
181945
755654
226130
351934
624087
48829
492923
558100
605233
560160
719412
279954
892479
14293
981405
576807
296647
295225
564885
497978
259441
376607
614645
833818
436339
50019
506438
142654
113447
30720
295296
924138
598658
918270
5218
189160
185740
904194
778816
683867
797149
214900
437951
618594
229573
614700
632430
405883
843034
280829
111455
627020
425922
708645
417831
631668
771960
275145
940507
69311
602720
521451
297676
134821
714624
601177
829887
635046
113481
695095
960019
391651
817721
716195
277261
621465
148232
914153
108799
974465
977698
359841
74982
379400
475218
905037
767074
999625
81609
830136
684093
761992
706174
737160
643498
837429
873033
238971
928267
789225
56324
324610
454264
533433
932634
643626
541057
797743
683418
481679
110149
349763
781933
466347
3376
727212
478005
289140
211856
487199
128889
243529
462903
807903
991584
691518
610289
265113
347482
171120
987963
844330
60337
340509
605921
782087
531202
449814
139094
916728
972229
915276
932183
805720
642205
242911
769145
257454
902662
871593
111622
422536
927588
214119
376734
903290
954576
323605
713800
588606
756358
739088
157934
165095
68775
530552
471047
731988
531876
197821
37857
731142
605320
330051
293330
361169
133184
959429
974975
891874
577377
397306
311353
850754
187700
759087
910307
193953
617068
659235
382874
674804
277807
620167
74605
846174
42341
668196
611995
194553
875745
827945
655703
279078
75487
183884
743877
384682
601108
244057
882115
882261
152441
313115
422940
312211
56588
347484
418554
769768
240094
745109
120424
515700
581734
428558
230348
372479
653209
865042
105721
604640
298306
482498
292242
314397
704330
829291
860112
151519
640922
519752
628775
955212
342082
529117
310442
988178
784805
426300
365920
963166
203360
220391
783326
801674
364894
576465
845558
784677
591226
696694
735942
680475
366390
144038
670232
142437
676450
844314
276241
792658
525980
357442
436894
762042
590493
466517
394969
621098
97219
188468
308415
157827
319973
305610
696708
689675
990559
767222
236585
860898
679156
254921
275892
38062
78298
909105
190831
992953
313977
868673
196165
796586
214372
693609
388214
196150
833502
682971
336635
423024
326020
488712
188337
465252
285955
469933
911754
497048
687225
222293
688294
590141
50716
922481
846193
376100
212523
889907
855182
375083
141704
209056
110333
495807
726657
985338
617111
83675
449672
619872
210873
335741
571348
752097
391519
211903
186395
341059
296952
133962
733157
341223
295980
635514
957773
845794
713916
549598
270591
921032
907696
163696
84785
746356
831984
800891
101423
768515
492135
38971
819333
678987
157659
741737
463682
166457
265811
316368
103106
30113
87251
765073
205892
442883
388116
815139
695034
291977
863959
697429
738080
9763
419079
347534
274057
108918
373978
838565
857872
797625
70180
162351
735702
144307
564028
212599
664541
345265
366595
601032
833480
457075
971993
819370
963960
347534
156373
866323
931690
837192
6376
300294
283774
973021
207852
401014
995081
878039
420742
449309
226284
363631
209334
844090
154598
871172
996256
401645
276341
766114
691637
543716
127393
669571
297687
952337
983497
563133
48060
684752
669250
345447
260919
849047
516601
862529
400331
848361
662581
259173
507168
602584
746583
84407
400453
847421
720365
897733
534627
798020
749447
69889
343884
84861
858882
131139
568357
921820
276455
23635
890744
959148
830662
4433
128654
131593
193740
588252
243251
820514
464566
7514
984246
934514
675347
548192
574553
224543
922078
381315
561183
780870
177409
565898
552874
855806
13552
140132
321865
69576
539528
133113
74445
626823
220521
23320
171726
39519
537370
166382
784154
51713
877847
20315
73600
52445
57991
212781
344023
681516
578042
813640
48619
769714
921655
690330
861304
528681
245153
74291
443021
325662
757872
86988
379514
785200
571240
685677
449771
639041
615163
804442
792876
40572
968275
377543
503793
646473
556216
478438
788350
214414
32257
199088
223594
698848
101368
369986
214186
597243
83153
656749
482620
694833
425193
479354
974703
853205
775599
728998
23996
150190
478016
805568
224846
920107
493506
506663
414228
79717
854024
883469
275906
552045
973806
272323
84335
189748
265393
570543
506209
182593
59614
845150
888122
287707
134156
128978
74908
433437
80670
785314
499013
502676
931559
111117
234904
189740
927297
504275
583157
251262
920772
778995
246958
422694
586258
240422
387573
745990
86806
187002
995897
49711
45601
44991
765447
511960
565820
438405
70410
564709
416237
51773
294238
45128
189292
585964
170760
515183
524138
239941
843750
876500
178188
957673
270508
374348
950196
404681
308130
187013
858556
801892
492205
607166
566205
920534
685260
464597
75197
495259
249575
151810
40147
652757
351570
217941
759141
721121
3297
142730
358407
966009
538355
29835
344848
468810
880048
963952
455502
877237
992054
738208
275222
157973
45619
26532
914610
778630
652711
816308
665788
916714
564728
472051
33073
64001
574592
366541
673767
583205
248364
701336
485122
677705
885469
619537
90196
162438
882166
242865
487341
190289
777535
833276
51432
478902
645832
65610
254489
8027
778736
765303
43555
470661
163868
963924
868656
323024
590241
522235
554750
121737
38406
895541
191284
79470
307916
555551
784985
62064
422360
993178
462150
799420
960780
911531
156586
474894
793301
458567
163828
885064
805471
26331
435795
5863
589117
50104
707542
2062
384595
519803
705242
807954
315398
322011
557961
765906
809266
20407
563829
877368
799808
232206
964340
993882
694884
864134
610542
897141
343052
631564
943177
305300
197587
35833
149938
214641
753593
409412
111879
8058
994716
533246
330459
363515
799968
86753
822687
84603
350966
481036
751746
865403
635830
802106
494999
962923
227698
714900
922409
915958
739053
595557
321332
758928
736414
638133
204541
670843
520099
631120
366486
211902
980398
833609
908603
248601
350757
473707
30523
112571
975005
260398
542473
978590
307843
967148
843927
846500
824697
887620
224361
893681
956648
890068
616164
643829
665844
649221
587878
522374
182379
673260
725709
160894
928482
687087
340639
828824
474978
453159
971301
117685
177850
633417
297213
897561
358277
787495
443203
924658
707741
819026
790648
344518
703121
633803
633236
680869
123775
292498
476663
635615
733835
307200
11380
80451
426773
312912
959507
324830
13199
428032
535691
21472
689270
62152
8179
304067
587739
587041
643973
188311
403565
252688
277383
729589
456975
56710
902131
567848
124084
191771
524982
640885
832571
707559
526887
840228
103563
18070
742433
26706
767720
638181
207826
501846
105675
255309
528164
267091
385489
184047
664665
129430
551099
184449
834366
507182
12609
962121
602031
742557
746164
318336
264862
96389
340231
33763
47933
440792
21835
275224
779037
319555
5514
322501
267539
400141
225602
241270
853115
751356
675451
651302
583266
946708
64209
49208
87383
821891
126665
511436
470228
133217
800986
496297
740776
144019
236844
9518
681583
210976
656982
137806
325040
874322
727701
30489
297070
812951
462302
235292
725976
486130
968266
846704
192725
719616
843065
868707
879720
605702
874944
909680
951240
829330
643347
48925
650752
187638
736143
879832
57595
604752
559650
505177
177949
171603
270285
507680
913028
103154
237262
467245
359682
180262
806196
3260
477589
699252
407831
94502
798778
185387
762713
378678
445403
103010
221761
259147
95098
752473
313374
994299
841649
598425
744189
384154
773031
893549
334604
115078
989985
295801
754251
997960
604684
139638
711243
73398
683155
864473
829477
521447
478249
617547
366347
19737
945000
627146
22314
520332
899372
784286
328635
591758
265481
689657
709874
727255
873906
822042
364263
110210
685047
200906
496407
715478
682129
698966
440471
564627
97183
559071
179704
980529
555315
812313
905072
173456
344897
7804
84997
401560
243605
460658
886538
206824
266272
238672
404341
89437
154278
611597
202187
857669
90252
389925
773845
354312
455976
756992
306259
609629
750910
857465
493292
426148
471373
341432
213357
685442
556403
305497
812129
957036
477431
502428
187197
652434
227997
524068
123296
562446
126855
726941
402417
467195
954174
323232
824809
834088
859462
530794
242681
102449
356793
811108
214734
270710
817000
556040
47751
476100
423154
590144
866645
865925
461308
959108
347344
978158
201462
914299
372277
997159
342085
775229
350705
253569
542629
433864
324079
422789
92852
447125
76476
266172
794239
207488
674413
422351
9678
675936
42775
564618
311032
921719
683911
20978
645194
496003
984227
34978
204125
706578
380941
664942
710087
651266
742179
973366
79781
11792
329651
571975
265532
186940
759502
174070
842023
468023
593924
796153
698508
886147
826295
626778
977296
273232
325332
462737
60968
302370
175500
154196
694723
67435
194873
174655
635568
188420
180774
362613
631677
440212
886321
669760
969485
768641
847791
918902
626237
680213
964692
797290
83584
803217
622662
8233
285355
223911
738585
746315
93480
999313
84353
356742
403823
378920
687710
239036
838995
235451
315793
987827
657908
961852
198845
760398
660291
259007
876752
333199
15388
142609
255623
642656
399188
505434
853432
542698
194828
410203
621973
949687
653705
232369
807377
639964
58185
283938
785845
545887
8952
598448
120026
452363
836064
399206
184854
4177
595374
82571
309546
141445
268545
951187
477475
325248
735406
962060
474113
882354
527027
471885
305870
572340
627688
496634
38159
100815
220238
909919
67534
548368
57049
885692
299741
734565
993697
869933
958315
400263
119579
740172
411320
194731
52930
327195
864439
39598
617033
430180
959880
558734
659715
930865
911407
334466
670682
392633
245957
590739
869140
86524
627033
755978
971820
913244
384540
12648
984681
538457
626530
178080
676974
141459
27645
150759
747739
866521
429917
679880
886869
415600
996972
354429
346921
487278
73908
552216
945406
442483
331848
727211
363561
251960
216248
918503
12372
774093
50333
457867
653432
551024
468427
406046
542733
6637
20431
497601
613595
644394
571328
449327
16855
985411
549586
350310
218652
736787
819982
154348
682721
422197
531066
578500
602441
502478
949487
183478
597554
428066
769937
715867
309302
264363
483682
649083
510327
462944
480899
960388
20173
602228
308537
548504
25498
370774
383912
674215
421902
414816
866996
456134
613289
678775
192941
253701
627558
720157
157444
977546
735000
84635
380550
868565
216332
65012
575551
573149
185538
303296
901384
394947
163062
62799
165958
295418
956525
729350
664678
124736
64504
992263
586883
74829
66585
484657
125528
624680
541379
859633
720536
601609
68578
681046
303646
831405
470162
904511
925056
167346
324570
86119
488524
358607
79900
320407
633906
906187
970779
385191
428058
818238
558377
711465
801934
428016
40524
49019
788858
434028
834620
985088
629238
919764
400758
81286
492720
463042
479033
1504
63907
241472
818330
39556
4243
590432
372658
105235
308376
895776
160478
574030
513647
142854
818874
817691
623281
133911
82252
627105
4097
19603
296698
122987
459109
13915
992668
783949
830764
574525
420906
262952
469079
409793
312535
718815
571672
608762
579405
160751
593134
547738
701176
574491
662193
662512
519617
292115
416792
911935
911081
612021
413614
794830
59742
826171
15733
841790
323843
906480
981512
839650
794742
113107
617789
146978
20866
285678
378714
906235
311945
408013
836240
136683
607888
995564
235369
839101
439725
143673
992174
749101
409494
729423
834699
973334
499731
712921
486375
879009
745849
593393
254179
676569
225923
10066
779697
628556
282845
245072
994706
105328
453856
430727
316768
483411
57958
560012
796574
898703
331469
810654
183859
991600
683759
289037
738143
140235
288391
686399
790426
819855
120992
837462
302540
298941
102756
399538
75193
748470
865700
734242
974718
662538
167300
931919
112675
911585
566849
441218
161438
389689
169678
283281
728515
639077
500754
979437
908877
163624
131751
815009
805451
784293
477330
589805
488584
18738
838087
495577
575586
46801
405675
261278
317319
855855
282586
852972
865255
930666
997125
122315
473189
964141
441789
610417
408542
740220
126211
844718
547502
63388
640398
52670
500688
924575
615933
375301
812922
52331
329177
72380
233597
442011
817810
493034
317129
545603
270092
276706
5133
530374
30679
183573
84738
413200
444852
445437
111441
893211
476931
640833
374843
710874
618308
144009
720109
711509
44190
796537
507176
410971
992521
467723
846731
392526
54427
308046
431987
63901
398118
778625
982526
77831
57967
322150
302199
4081
875202
357741
147454
674954
658082
794195
177680
210134
59241
261139
597811
912548
940324
863370
516766
403555
538839
233381
184813
974907
24126
830135
51429
861917
984813
739491
100565
944849
987324
166809
401316
199627
20166
303924
979573
677191
990239
982136
931354
893538
863393
997021
98433
376382
588845
144903
349920
927856
817642
140318
718177
921997
755470
579740
341260
464720
511181
103018
978764
112100
42936
189770
778433
666611
49768
277879
602986
461680
35843
941991
235453
266597
70401
276044
561372
944386
715596
372656
146996
664035
264632
233592
231059
391406
546897
85384
616425
567959
962860
294101
128839
499545
539467
748323
132234
453245
867311
812181
758179
214582
526629
837042
947925
544525
724611
130302
684549
638312
959016
253269
886073
197602
875621
870019
602758
370397
957166
825600
121157
83731
239728
775514
789985
424930
574420
483258
156378
873099
38748
637181
156358
249967
556548
335880
470270
85012
598039
756639
146460
411984
333786
915198
643149
796397
990285
834916
897709
766507
252099
330888
586721
712230
829882
132092
482153
657211
98142
135553
118281
121456
641067
886054
909263
780859
666203
357743
496700
812128
888512
683180
85596
442337
129100
380450
790021
34594
902521
117908
996208
622186
962071
548995
716998
375829
211046
211727
778055
683685
919973
125950
131462
634352
485596
223951
809576
801395
529845
519620
807425
366709
413622
772602
140499
442126
667056
102068
916197
843630
176371
976362
248440
134982
629625
999764
890931
167610
199424
439182
799519
827870
676821
390009
929998
472748
181584
494491
663156
113680
476527
800172
162510
599297
110247
283405
567990
931031
10437
773831
123610
688422
483939
731471
919758
42030
326801
94269
412347
657399
409057
940448
548349
817810
475631
871807
462638
833789
789312
351947
998847
684323
695914
653148
81664
804317
896698
372448
257101
616875
289370
185460
236957
581308
495987
661799
411350
269073
229557
370886
578112
515311
259027
391027
132733
48295
801000
720593
949417
201524
21511
151273
37665
213759
484188
131310
290959
752091
486148
149678
389200
201753
463450
586778
213501
694486
121470
465846
108254
274467
666456
301193
240644
940002
799980
100350
741952
174405
754385
724364
492649
988955
751239
858870
252619
632743
406037
375125
4067
107324
448019
230120
352499
622924
459515
596073
141886
147287
45076
504341
387942
645420
222901
478800
951891
361416
488048
966998
821734
844597
885667
637539
539696
127785
358974
45704
168915
775088
693038
717110
931210
536813
131384
82243
401740
743478
683365
460586
983875
907243
227653
1544
964029
433048
349811
77163
418475
114355
742189
658622
770381
183912
856912
841244
5528
637002
623324
76323
389813
826317
988650
469797
342307
745018
369963
403306
537510
556368
483976
371625
756057
673549
167061
996391
488139
44579
549898
113456
35957
870140
688410
144611
860512
602519
659360
433977
562853
381948
86963
681293
674150
353388
288728
271246
649989
321973
620851
267424
880376
381003
486415
250384
138025
990121
108820
938909
629534
576026
206666
365345
873023
917552
793535
398961
260063
707106
155100
227028
749160
885402
613665
285840
160695
235728
124736
479351
521434
764778
718991
667987
161273
719773
257864
328081
702995
813070
96920
738944
675074
206741
204633
684507
922348
585433
876808
977143
976867
557077
735370
646511
967147
192114
615732
161547
888371
92028
540465
676611
172516
972748
788920
787316
962325
15121
812477
981903
268302
871102
815992
308995
376699
661415
167400
953971
867205
457504
792713
752188
961488
871838
401124
10599
243384
521994
404841
636353
744383
110590
540499
54308
13157
972223
805978
418094
947169
739915
43767
913987
675354
732059
25914
217158
460663
27578
176462
653344
704066
746698
538711
585960
88082
531041
871253
358747
174572
335729
492202
836216
902813
956727
370094
916713
706195
4912
373901
808214
211015
291266
741848
911823
793186
90504
462571
963597
225230
970543
842319
243965
765901
6829
929865
169004
334394
101137
251412
165836
501996
824569
327526
173526
940816
242115
756901
324647
714710
215440
649152
625667
130746
906521
736495
913046
60952
739374
128681
539724
388555
949041
64024
89521
838310
111453
205126
167974
512142
781673
84598
303350
310180
725487
758410
73345
70783
828161
276003
475608
969983
874647
685093
858224
438465
790398
227223
115418
519643
404830
177400
115964
362084
602881
763432
593734
946744
30357
840915
510774
440514
520278
45499
967766
458122
151346
85211
873773
167722
585838
664432
273543
37184
796372
513757
581982
699708
603408
341555
327866
128041
501564
871555
132370
977988
499475
416713
638767
704428
474913
337081
14796
436642
787042
19425
989161
722418
575090
533167
769835
812580
687869
933026
750455
585199
636765
867241
313925
875595
895630
21314
298481
587990
977340
52782
503248
971493
763371
489549
146826
628120
347207
392493
49300
885520
877775
932516
968649
641103
225358
624622
750525
320869
4996
400377
648977
282358
707131
566065
954716
827799
652394
485041
879443
52465
986825
222454
523964
774762
118743
647834
671271
457610
76357
446116
458677
61595
499992
723570
868613
534968
776650
148063
321628
166250
969939
137723
698050
931513
401310
978845
715949
261375
394672
411224
231769
290387
189455
942990
757953
657971
747976
229826
84629
397105
456776
52038
570366
305677
795819
966206
34693
112023
756622
763797
535197
846080
41657
685784
230324
889753
953965
196016
197369
51536
421521
615021
144593
744569
236680
108826
150399
702268
24456
847172
842319
364212
927199
831256
184293
898227
688283
789678
979359
953591
967435
836744
373546
192614
276946
907258
918423
375133
256347
584990
285130
520738
592035
469717
20407
600675
308498
702793
309250
539822
118563
78183
438739
459195
254201
716284
123517
762995
312543
248405
380062
99773
994685
834465
214393
590347
808327
524912
744113
220518
405587
532284
710096
279071
833887
433220
184277
794524
911582
36692
317684
534173
453593
116825
128143
704025
380301
368145
28405
329006
922344
226613
622396
798481
258897
373226
551728
498534
454274
603018
415888
806661
1066
258693
558929
665637
46925
609184
956988
886686
20649
863714
226045
615517
717300
710611
351337
87157
311837
736561
588104
933231
615790
287261
495345
583979
638110
770628
487151
909547
840170
616248
535815
953742
226597
473537
626110
769814
638777
802298
807802
931600
199502
63910
173343
334562
588784
401133
374477
744346
911442
28167
266005
141708
541133
745411
474027
962202
464397
976046
58489
625304
150661
468502
282769
751179
917007
83294
980725
272525
972925
273700
509139
258735
980818
629014
70045
760653
187221
890962
186882
536179
484098
252043
29463
728969
479856
298621
110156
349829
454447
301658
596520
338062
392878
766521
376160
402360
92728
166119
80315
280016
487660
518338
329096
806148
314841
26870
626819
45514
692451
403456
932946
180753
569427
103644
642267
932361
418639
768428
689386
775938
88986
127220
372665
518162
543757
754631
593803
217228
180870
256317
507308
936736
43893
382111
406050
441734
910332
563784
489033
878656
264094
203915
991093
355333
159721
304465
939646
144230
989270
46742
148450
845135
107820
772326
154863
15574
914805
301881
742904
961566
260083
579976
872832
61035
442613
461270
917655
972910
527656
187103
795018
91915
450119
107722
803180
554707
578948
779386
389522
641397
502940
412446
851496
586993
381888
943324
332891
605579
215610
382395
264180
597945
103213
643021
113985
594704
844744
729530
435169
200195
768937
758027
594236
973037
731910
398895
499028
693801
935867
673416
805871
788669
358219
317699
315972
284708
778719
329699
82840
822516
929995
575982
303592
641471
779831
680096
390589
718204
502743
897019
367990
377179
839380
455739
3286
948779
440308
278686
468041
595150
743694
614925
414463
767826
476873
987641
654751
290577
728087
618211
129156
314170
151242
135617
428596
488627
964484
642466
548071
543288
114601
696171
804845
373740
561456
996187
320118
656557
178891
506529
348604
939706
312690
877642
274288
54814
419046
861839
258121
420756
980129
192109
26007
581760
633869
618420
625704
186069
102629
698173
319026
165769
328384
850570
202365
143800
367195
987102
372633
467596
893760
342839
974174
863206
368142
178333
175995
173510
200676
951493
810564
584755
468765
882448
572800
128578
49637
716325
62347
887197
896612
843767
985706
352453
709939
233834
586489
700444
698814
601326
267877
553
466754
472924
9564
818246
20038
14679
632565
584635
459673
893849
270148
659664
23038
108402
34703
814286
56088
601764
861068
358747
133452
233756
504714
479611
650244
329254
474460
640692
733487
245724
481022
706388
266743
815478
148501
198537
509883
749234
725005
357601
567048
76098
175295
758849
983766
212173
830986
156946
779899
46465
246235
930231
869985
666260
500430
627020
659923
617654
953315
489874
461259
879377
6950
81255
923400
192443
687718
484996
668891
152325
20500
671311
283687
605402
724105
540079
687657
195721
207171
712304
142115
139895
464141
161729
362756
250702
586658
961795
696978
800972
327824
722776
846596
166791
376815
259805
784298
603040
970695
874201
698698
641384
735995
181097
146464
462620
302903
273342
584138
744476
179780
918616
182540
807430
98158
12429
441617
20731
208747
167751
483335
453599
426538
37410
552009
969865
382096
264569
908887
236539
715546
778734
655527
380422
480272
675473
333603
296623
339979
637144
967455
731632
618607
450411
255852
786097
702204
558501
850702
894377
725778
603330
830056
470395
364232
172304
293321
164664
674341
776908
498589
845879
788390
891863
230250
578103
396827
381633
662584
112927
247023
852108
997980
50838
977162
344413
281414
650178
529829
588145
949269
395965
912055
329819
827753
715565
578454
485348
292346
836042
648360
867467
244010
613658
773641
742555
475661
672855
822762
802913
725624
248496
462400
442639
840487
879943
165565
36763
515888
185266
768781
141214
93294
451762
285334
493260
198387
178076
983663
306310
555503
382902
577190
530516
912837
847414
394838
4591
399874
508511
820734
609507
876457
52531
711647
388570
794918
935819
119053
567434
907590
829181
441154
816467
791217
529750
454237
465379
399363
340779
464206
265988
907735
930659
946808
838606
811546
357791
612645
147937
621657
718682
946064
161234
51392
377058
39276
133201
84223
344855
668479
860960
140192
265030
497746
288604
939300
228463
994294
797901
78448
918632
879388
763409
738269
786346
79621
945352
743155
226702
327277
814371
657046
481963
628946
508516
21429
922206
270430
202096
93933
412907
98097
387391
122387
594381
612596
146594
248487
101611
772586
249794
781277
73431
506768
817954
896511
391138
153197
147348
416244
667672
342297
814848
748339
260247
873833
192475
9455
579951
170868
929474
598962
48407
486673
389882
463302
727092
747153
757215
135746
485673
516974
655065
632591
74896
890378
764466
30059
98977
814181
997216
847193
436858
797882
362222
118115
254926
3129
928574
562930
511927
901397
434846
431798
978429
338405
416582
147439
168369
496439
459455
305972
11173
583008
387866
384775
470731
48901
934780
810365
390365
76373
629530
970819
466976
657982
328951
446120
506676
686949
493484
772129
10534
126736
423682
313023
44101
100618
286328
942466
664359
207320
823604
591898
16399
231367
54152
663652
272741
720446
863768
109453
67829
315155
472015
779960
25392
762503
672941
406079
413834
491882
613441
438956
175413
728026
38898
825573
309767
666421
399031
376109
48804
382610
920012
759541
49095
446972
311407
764972
652714
950444
290094
819745
611015
200005
703788
509757
877899
92564
656689
34762
712434
543488
293036
620466
118696
884273
778839
176619
770861
133990
648818
692702
205810
825988
103408
805771
650289
488326
58243
910559
608975
713208
89449
226834
183235
19396
804950
696185
424666
871435
72122
8549
495912
384737
57665
915015
935372
166427
205474
373871
126802
471406
189942
672756
361449
685712
824985
511726
353893
434988
217438
510043
311816
648972
21801
94145
620818
653558
461318
809161
697850
785964
313397
371983
178635
816703
376370
902296
871956
7395
740435
962423
805648
749003
316568
247172
230245
198033
664999
751746
886597
792269
821434
14155
310286
594008
423089
599497
888812
642252
170459
971910
137268
635883
933072
187305
685567
85346
733511
826146
27851
214959
222524
367937
390357
382956
563685
613896
527307
613781
868126
622424
243112
957806
919710
783660
139473
971924
203114
787591
623257
35113
816414
156678
801355
688994
323191
181851
763825
506490
105710
990593
339167
35694
897357
773724
943430
423588
738843
118791
995358
568786
518028
835209
206907
549689
157261
448698
234972
409582
194115
171733
391821
516811
648879
252682
615978
860143
189407
525632
381885
627869
179283
414832
655119
534998
714702
328152
875916
977265
815834
616968
52101
907499
683033
235425
708147
237627
155137
408932
522718
638805
997985
978504
456694
468228
89462
519518
262799
375976
789162
590249
660904
443886
161654
203788
685982
174519
932469
945472
110554
31048
804001
790259
310602
826452
120743
220489
472498
32113
280044
195765
688548
224089
545042
718808
227503
484653
511360
24589
765301
184351
939258
572192
528629
82826
472152
756068
190433
597264
784894
412636
355876
987431
138837
366689
318446
340560
267895
81890
563544
131845
610192
25048
911150
608304
25486
316335
626557
371460
859308
975724
743187
26835
370899
871664
856624
815218
825183
22980
836510
536959
218978
662051
738012
515070
841787
988440
723298
853017
655325
925409
41209
916165
785842
111245
939485
992241
414556
633303
404429
791354
513089
882716
369218
262664
312032
693195
62276
535292
970944
223405
336455
753552
775009
946346
976143
852184
449146
471965
864287
609989
43209
677646
633375
141025
47516
811184
783479
586418
986736
988492
578844
138954
16196
377287
777250
806647
231287
613396
247413
962250
746634
834088
521529
555823
736909
815835
154109
787401
740212
698483
214867
807137
402539
333809
477804
503024
950724
328007
154128
720521
815165
204554
164308
645830
880910
702255
710681
602241
968945
451592
323072
275418
665699
461541
370337
333483
262803
811214
639837
950100
298107
371619
758378
421327
339387
840124
133397
842863
703810
678589
416574
869780
691223
134630
908507
886271
756010
687309
819886
288230
810571
875289
714656
432597
240349
819612
282645
250169
496912
215045
483826
427957
206432
505282
93529
423529
813868
407573
317680
477023
715887
868055
370745
989310
697103
235808
784369
890356
390138
297939
551118
80135
478361
544028
243484
338599
975851
539575
656420
113070
965095
342304
724939
796004
139448
903996
141750
657253
872679
771907
366628
500669
654164
788367
824238
198790
942651
304409
882248
662587
454904
5092
365401
553578
736995
499039
75453
309072
403597
557639
336994
33145
794236
66601
126861
344381
894629
100246
926692
606581
469172
630446
442593
140919
342505
512220
745339
400476
438413
501555
552818
692857
959040
396651
126513
973422
66962
48454
690353
323303
739274
41020
975683
383970
525922
199656
511671
82718
995990
272029
72085
444997
214295
411884
288920
748261
823358
74640
446618
964636
246224
708957
585600
40858
659923
264728
960434
846674
28847
307922
20004
857001
957674
109585
807607
158052
26966
780280
582898
487236
953377
268052
564478
187321
454751
884608
259685
650502
683984
952681
186644
269390
506739
299406
397774
230219
621076
342401
410230
440550
556627
237045
941256
184220
824835
738533
999147
431812
133129
842956
183712
47122
959618
45567
547263
945897
238550
279271
77338
350919
993823
161723
158024
851719
669938
270970
464723
955264
196865
205079
722891
390879
38768
686592
715867
357909
586070
384069
278159
344285
442496
126026
162527
434845
468181
196612
124614
299378
762560
905197
786619
706720
773822
511235
768375
272494
436759
354880
906380
706323
593988
190554
816045
283858
140956
573193
540563
793741
227848
802844
851036
376508
176271
85667
64385
343778
332520
761668
884630
24995
347153
548329
494449
190534
44662
7356
88216
712836
92997
853576
811186
180613
255036
81502
729130
872793
215085
787209
104426
787010
500638
89687
878427
727955
637305
963030
781840
804979
563477
343059
110078
158105
933627
577251
258745
593915
563665
117100
997014
98779
314292
161219
75748
210794
848059
219499
442048
541320
431842
552540
749606
773955
87521
732472
685815
312392
548647
929196
686339
578735
442340
369287
507526
777735
137303
646259
131295
202757
177009
722525
663544
9536
447641
701820
73986
63759
689850
946625
85829
826386
379623
408328
76726
602670
402470
616947
814165
863542
708094
210822
326166
828379
753163
816019
823285
84366
767179
40919
875822
137679
834526
894963
361375
801765
312790
18147
33910
597419
182168
692942
361209
223246
679710
784870
262002
733093
293135
362748
551497
56853
308019
587824
973141
832219
832129
639543
915304
373269
37257
648411
718289
54425
886773
951566
602308
218092
618863
653813
786792
713615
245352
905267
678625
712531
272455
663611
219668
912133
594835
607036
4128
77253
49339
36541
321430
420255
175825
72667
791086
76439
740956
817194
813784
426818
51920
530851
434653
812254
19611
197088
315439
943540
426931
359638
538434
70948
26643
576897
111384
338395
942190
636376
140301
168110
96073
42496
336043
359455
298781
446833
647987
537594
55898
938890
286040
643887
295388
965585
772824
556252
550261
361809
707270
472766
650996
286445
433970
116248
919125
684784
224453
223365
855938
253770
386525
623791
366387
141746
993584
168533
264879
956116
831731
855793
654662
761127
890993
77592
227222
581600
300548
806297
693851
520148
864202
647872
671746
398929
241792
36818
404049
191566
371363
880056
529459
190936
72340
722409
243700
15289
595609
384533
941142
689896
464730
328692
583910
601645
132078
817589
7562
811711
20477
422942
359944
573032
390432
826360
566789
503704
693276
911083
172241
53478
566823
568961
783418
994601
714722
455563
824049
979204
232535
114743
821833
719948
457825
426021
493191
542601
570504
687361
928567
566356
416307
753058
536844
54508
199444
421998
952175
813365
387558
486706
414114
199125
579640
454090
551125
861855
38037
713512
569182
655120
74249
144921
767923
743576
228295
622463
10703
276335
583891
583423
85967
367981
159908
643443
582140
131971
863851
575576
240464
502849
47701
421979
73485
864230
802363
694741
66561
303369
964708
426529
588625
767367
387406
406317
226924
986609
601426
311209
348991
829117
489337
268768
440633
326608
545983
869901
951849
242852
616316
373938
620524
713047
915737
266493
796847
127496
200567
40443
388724
762741
727114
801084
886197
534392
21270
420847
316790
226346
101349
303124
808189
812583
761046
437010
194495
813116
611949
935314
694053
481731
892536
801782
246450
957363
379024
71402
443109
922107
560035
461528
784488
347095
171230
164554
901050
393227
598287
632335
695990
928080
453437
604905
698587
470404
57425
871444
878129
908697
729271
358174
58627
795983
279275
321343
900844
618907
847799
56733
9853
817015
769922
654233
835442
383249
392444
94451
553418
462889
5689
882492
855690
947473
870163
428908
543219
536470
542397
104838
95753
772150
449056
597426
940452
999132
493136
412348
841215
443275
563545
447998
411905
368106
186385
254632
418159
641120
184027
6469
568858
337133
699473
648464
797691
486739
674012
369967
329370
497751
687188
633501
743962
194212
361045
629928
717371
400706
479862
61119
237633
978282
744387
278174
433764
209252
579622
70496
447784
698727
484244
336109
679180
298266
944718
996590
367197
416803
109519
887870
719881
887345
505019
994729
263073
478861
200783
374291
623428
797896
416675
452213
746026
66170
227491
388833
305189
208380
999674
680734
202601
924956
853771
2445
888251
234905
674987
105494
381838
594767
485582
192705
580183
669484
975395
835128
726323
821415
28176
988224
884378
337491
791483
847993
812142
742456
373916
121495
675348
935386
316103
689516
116373
720844
906037
213531
58259
197704
529552
392467
889473
606471
546913
319008
400801
914106
926592
171225
623465
286791
787581
894001
715761
692460
885791
860298
219335
451156
649944
269462
35804
397603
30698
605019
202330
850925
298496
25127
923657
962824
594968
204493
877962
274376
119150
280736
827811
406078
397558
92076
927977
762142
404816
457652
624495
439876
261642
382637
249057
12652
388388
969612
531203
397737
73685
740838
998779
768366
310837
907022
582653
150296
486593
649844
252587
344171
804120
540530
258241
466182
685560
156827
338431
385737
8558
704222
82670
16839
40286
416567
714996
623059
379977
890520
54694
522963
383401
62577
731945
551058
738895
698431
291399
428732
15031
325763
344533
842654
452843
91496
935865
127057
662465
41096
404616
985283
63779
58819
298165
923891
353880
426612
312266
886792
38906
268966
811846
339638
12287
966206
286251
783052
76674
341950
281785
558531
486183
558159
454356
745405
37625
396154
444510
924903
300984
482367
128394
107038
367326
136763
719698
329823
670291
524724
587143
265724
503217
461404
280813
748235
269280
578311
765662
653057
972556
455516
31182
229626
245309
817777
570701
809398
321669
413122
270351
305973
785001
290225
942176
916163
848132
664232
465780
591274
895226
751041
288055
594251
169446
100822
205794
181553
57793
320788
666201
596563
314036
428979
210799
337557
207488
746425
368777
88116
148265
528960
885772
508257
388064
999400
954802
956114
469623
507935
815997
530660
671482
694640
281880
919403
12334
102457
584097
408098
504734
53262
123600
387680
604219
15155
322899
606183
356620
433282
272559
156727
910223
88706
387473
995113
472983
546916
495193
669333
430711
506923
916765
840846
578306
765787
630372
537119
745572
909356
343569
43415
725816
438257
544813
285150
70438
423799
731957
173217
293932
166451
13382
284559
322122
790651
747498
350467
134784
706302
533541
796293
691638
199793
134727
833027
776842
651180
520035
112256
580397
418026
282080
771295
935539
825047
6806
100483
862880
913013
95509
698264
578663
853565
395655
51733
76308
976773
597849
432164
792653
476812
425898
131738
505605
47164
196365
902314
139211
36525
146795
465849
817676
306377
368997
764245
30436
824863
533690
389797
125739
554681
443276
778944
27406
770989
112334
225484
67922
279153
387006
149864
473714
698636
406071
810456
463514
132615
991443
126632
511967
825625
653156
74112
659405
62528
808033
202988
993760
917293
546536
643148
388049
958468
7989
465906
315969
995370
15057
470967
966315
975437
438982
322277
408739
82253
698874
434259
992102
641962
704763
282878
262792
276446
544086
968148
40216
740275
608579
419696
720190
49137
740781
678725
55694
811224
259897
41571
951843
362045
499753
815431
743810
213774
681699
397260
258935
294532
969526
599242
37951
890820
60519
299675
676360
960983
115621
441079
162833
237261
769433
347005
204036
386778
856896
16206
325854
40744
639149
554493
637983
518649
680943
608766
98571
639288
308406
479095
332874
752790
893691
531944
572679
313382
64487
59427
354387
724389
745668
479809
388153
518461
835695
864150
274256
590449
432594
86095
903445
27278
452932
568793
528247
618302
617805
381463
894748
553926
222571
625967
562095
436579
986374
58955
107271
167387
353221
116619
565470
2002
871098
710216
471705
258732
985362
197230
996315
516119
805790
47591
387726
33671
880102
196766
196683
277089
923154
408731
796856
386074
329861
69237
958969
435600
604851
424223
112392
191175
575958
115089
681731
496684
278289
290684
968331
22944
244169
47292
208370
323208
512375
974612
63314
379764
852472
871348
41911
110746
662688
802419
502477
408588
120641
346503
179438
819444
186037
963892
698517
407554
312207
502490
530757
231027
107216
314154
24073
746077
79955
697548
186153
859664
791984
854432
239681
571476
951492
296866
539687
224701
791852
799022
262655
604243
984566
809976
994951
262815
608884
130326
672009
701683
231069
279118
800952
684755
69886
150613
194601
456035
650043
987834
371375
175023
501758
287592
871326
364169
82043
86069
248600
852484
420744
114242
451599
255825
488792
53602
426255
457843
188231
589924
820383
665613
37806
14163
150048
173516
483912
436702
481221
955384
558733
764497
959746
717494
200432
199230
84200
458745
545009
492030
529628
326550
387187
625007
701609
286180
275860
208414
187654
600594
391279
212204
195220
944714
137266
600285
69040
180211
385396
20099
95650
728795
736270
785603
39030
31462
978884
539025
914341
507320
63888
391587
821717
214912
984003
115593
535838
385777
308547
465991
582258
737344
555100
64100
274582
389461
339359
676470
8307
721554
857860
540177
789942
89462
735586
787726
816275
599384
428809
2360
940964
53543
643670
598922
399719
312370
660273
885552
967728
356015
757144
31410
7706
837526
273103
521428
717220
261476
737271
639062
656444
891926
337499
882797
350341
434309
692346
135305
229918
142989
972027
39255
145525
639052
983992
783773
104408
305929
973439
766431
155624
772426
571974
893667
816157
71381
190940
696300
657221
987926
883683
400119
514244
56243
363561
35246
966291
183971
669229
925347
757664
733600
3364
664221
916810
909637
263452
742418
732092
757893
652798
556222
603551
71075
717046
718128
365161
749627
977710
740157
798098
39773
42399
763713
935743
380230
970405
824013
155624
234331
339636
722087
382573
906284
949639
983840
268022
362071
525780
43821
69306
253125
509717
448785
408662
690449
559486
709748
885912
216666
778376
46689
493963
371742
122593
314120
12500
794005
618970
263195
714101
727950
422590
703039
164514
817573
559306
716103
695133
595175
556419
720925
949990
973149
613151
964423
288765
8039
11333
911245
810644
627897
832664
431109
453032
878403
986042
595339
444895
608035
180330
70880
904597
751449
35262
333888
646073
286109
698049
318660
157807
391566
971163
759474
882202
399972
96725
853971
88982
133430
385749
376539
170146
87259
299664
10531
133092
576623
498232
842385
976694
430194
560591
255090
220377
465977
390589
591182
830624
582847
822412
281769
624449
381431
286363
364582
97859
408247
298413
328989
501357
474149
71907
858063
140951
397004
256253
342698
530963
858193
332937
744641
676198
13723
810295
497954
352064
568148
809273
600636
427217
332736
722829
51025
988523
136336
388526
758410
346013
726240
213437
934698
375573
308643
247130
420361
243701
566313
964112
347902
164766
179879
505139
4429
572959
713123
296545
19415
431953
694520
915382
944325
917766
247090
948351
887258
844473
887067
437919
494621
481848
307235
566685
663348
69593
196873
449214
85033
392678
779961
620059
957926
719721
833198
26885
873378
592440
204630
502617
942060
746950
838088
847854
908787
786171
450072
319108
202495
898963
794196
582702
992589
307104
179502
669442
331008
578722
356561
504410
265890
462822
113873
210121
936210
494507
738818
373449
739101
986513
632089
496241
286143
74171
481363
570024
724056
27852
648710
310453
831471
991867
530016
758511
747955
242691
958180
153179
803990
495081
875747
917552
629382
890531
937374
540981
874540
277925
899290
648906
47622
834051
450875
770627
14024
932064
717193
429462
424085
531456
850070
672232
99724
971579
509017
563258
861212
324070
812813
631699
932394
435869
39501
989038
99707
346451
242078
304286
562246
417121
415854
475724
395370
259722
166604
89237
172180
752597
541323
520160
371789
488002
830130
545615
751212
230059
709198
646296
973587
68341
518980
301995
79421
574449
247518
88629
845817
197013
819313
611012
354446
958882
741728
760669
289368
316717
841970
4552
234970
399091
834079
831315
920253
392094
87944
438640
826436
431998
61852
989109
927629
269325
675125
925307
949600
846055
588734
767276
688392
848687
818204
688431
657997
622294
673961
206755
610987
299418
689168
465889
689754
195697
957950
486000
549837
211812
912556
609419
837111
199547
130108
946933
309274
45126
360725
239050
395716
190784
549239
855087
73063
700917
873696
154949
885870
5549
721270
456038
788242
297059
327473
245345
436184
776699
707755
47574
333619
63674
16898
19395
275551
196282
167221
231919
601691
759859
420642
2107
276173
833280
558332
721574
488204
957923
509138
715007
807797
137243
841241
886119
434247
669083
140315
89620
138613
960882
532693
269716
618363
970634
365057
978071
702006
641693
683405
267838
195865
578602
223999
685732
225811
816688
87933
45880
332980
43838
177412
696924
201331
713588
178042
207251
220001
7910
885303
9770
699784
300483
58939
309851
185193
428269
930224
302249
319639
106000
292775
28168
523897
533512
861170
759527
131309
884054
606994
923250
840411
353564
730606
613181
851032
572713
516525
981587
308827
505427
921888
221299
668130
827222
588772
780688
228194
301594
966209
118083
332458
882580
935231
554757
354167
403743
720880
785432
812357
827351
176134
306686
559243
766570
566758
544277
193398
368452
518530
137907
929956
280746
375624
740636
408461
538783
237167
596992
329544
828097
712625
285879
823437
661041
525115
975358
409771
365190
418803
67994
218301
157119
621589
929080
911191
772495
276836
737393
173627
705618
737737
215775
353906
919384
913653
134370
956990
723893
714954
338247
790543
219537
350795
827662
119419
3521
875894
260945
31908
170596
938131
356901
731302
662398
965845
22312
874732
57617
14143
813864
675144
193903
467325
351205
437588
30182
219487
545558
658274
22106
379065
613851
62434
447499
974475
385674
897154
272092
635171
522376
543347
341947
140080
185322
296949
423735
549187
701305
389511
257069
932511
432100
367789
554126
400918
848257
988742
6017
318805
357391
112168
509086
633857
52303
454475
633413
693387
547313
623022
702740
979954
288685
274210
458716
864983
862782
489052
804896
884645
668441
928668
825072
845101
186821
822495
628869
255888
250750
572580
703270
853527
620792
623832
519589
318562
694895
794842
696622
124099
561273
673665
790504
130317
237611
735606
493493
868783
396118
390956
515374
902690
673662
616790
567964
35092
809552
776523
789094
684111
245741
121959
526980
629876
995275
356743
985849
883687
775669
852902
476520
736669
749861
710196
581123
522599
946345
467173
855405
597151
29986
237711
543030
544230
698491
814505
515106
210353
581924
732012
303173
872164
904926
733801
819421
184960
269206
514384
310396
137301
593660
388985
671094
215215
925109
196921
980683
157830
523879
772098
941700
889555
533449
315814
689926
278271
801258
738262
748769
313209
605659
172183
40161
843240
638446
306422
222040
855636
699446
288527
513964
179187
698622
498040
316383
901390
603676
715539
257818
267338
35743
41434
774339
724945
247190
759507
259866
793732
188021
447397
47014
395463
328862
734718
509586
905165
107590
36159
171719
967341
768489
957498
265014
692654
906830
528098
534179
826450
168310
126026
27246
378620
530361
96825
530912
132130
522109
162514
755207
322980
47618
478487
97823
481435
548597
67248
217992
26244
324983
929145
61960
397370
464603
967981
965810
916347
984888
997543
373122
50954
23470
424833
270497
911813
663029
775152
259699
212439
1311
721811
603426
740107
457990
918674
442362
955328
466024
652536
462553
817553
817601
118009
12297
507823
131373
999781
154349
528283
899349
455751
900149
764037
227886
410105
738295
716035
254516
457172
995102
810004
88422
665847
390460
803737
196741
689785
55824
927235
654918
598729
962760
681524
518368
171930
196012
850454
65659
600761
762649
494622
331829
937621
686028
80993
294170
160189
726388
94925
912196
622075
740998
925732
931199
351821
922710
700917
797078
476622
56423
804126
271166
517987
811550
709663
938854
866560
148303
197643
786049
415347
274743
792246
684350
417838
869542
51899
776589
922666
130739
72598
385781
980820
229760
950769
812075
554494
954632
103746
845838
613778
534971
97825
270583
495766
844274
39139
521533
995501
953016
56970
156607
528609
183666
813067
247784
968194
602195
128399
904976
996706
970848
64456
975335
883568
617924
630782
809632
664641
398542
204866
755140
301521
187056
861677
928295
627726
941530
157412
135406
699457
242494
891025
234832
403142
432675
917665
376735
432559
231652
391867
831659
796576
14122
902846
738168
669863
655074
643073
842345
363159
181774
576950
636144
211416
294434
459781
150045
844051
815243
545704
534191
912641
297942
351310
7848
107476
181452
501805
370336
784399
246838
413237
689260
999690
749401
822365
803271
561897
228021
869167
133336
380220
140955
67362
224422
27483
44285
53210
211382
424499
648903
392876
42922
136330
925746
558549
58371
948900
184110
552252
721773
692624
305850
420261
127961
972319
14786
949481
124348
858414
985209
374563
130503
859280
623632
15730
778029
960456
977617
257584
38286
842781
186466
554547
283568
190660
129709
583756
243443
376764
300048
287825
610434
198509
758171
459476
739757
758000
548065
908111
404152
373045
372616
755081
810182
408479
679902
962965
539435
645936
690921
677008
906363
755865
406488
712703
177167
440979
765051
781578
853628
494648
541353
545202
165487
113193
104928
774887
438821
470645
810144
810674
697373
370009
177646
426517
273122
131115
607442
619353
416424
19581
47641
759129
692172
775813
64717
697680
689383
983286
849012
137107
849911
680611
22898
661404
902299
484682
121525
885166
106396
204331
718820
466776
22144
278324
157567
277454
405661
63080
113246
104479
309807
988989
42934
327020
670041
915965
636842
765244
169336
558332
961992
608090
137667
953678
425214
391055
331316
957395
63386
548673
403430
165728
134677
487111
632353
160616
128765
378300
361929
209473
12121
244642
778059
359859
366932
429683
373323
967516
779780
232536
227752
834428
524394
686381
449396
234700
927226
598444
719842
520549
157450
386710
461048
848976
179627
566333
78485
679497
437895
721333
62292
454211
12366
534998
610525
666399
428562
992009
398247
406462
137992
713238
537380
994079
723515
431445
347338
78613
703388
43577
595640
250092
894987
873246
450072
688790
467543
877564
796883
723766
737687
638049
558949
847582
460084
678162
168268
17414
943927
802206
374764
413633
812136
345970
64987
320298
613264
998476
302123
833912
97555
736935
890212
588938
99028
260571
946677
209180
645021
312096
567542
582804
635319
124481
661857
551392
18238
284854
429594
715212
848375
84945
539229
948962
412327
141762
478363
19591
411033
80791
414459
62223
718878
923634
427948
75020
86717
159804
242724
60909
242766
527970
584503
540065
721128
447809
699144
944405
494724
228588
888712
556754
524791
425907
347336
717626
122248
678860
756034
474964
420527
571757
209563
307805
419563
358935
801338
518188
516695
462124
620418
140216
473803
202326
386739
151389
425065
238740
400288
443981
619204
534334
501000
64595
537443
618794
972245
544197
386539
439753
203694
942985
93084
775769
703617
492605
335463
620962
200351
595406
626927
204761
86376
251123
368689
616387
251601
388269
678414
815100
113772
711996
57939
506126
565781
405760
880451
400349
762312
472972
777312
788591
463514
46366
916468
380597
217676
898006
266505
665063
324073
661201
473615
548354
763596
893589
772449
870669
222872
919811
664135
608380
529698
63235
568456
516611
992546
108354
585853
379985
473594
353614
968469
434096
801680
386199
532420
706010
153953
818369
903991
987656
812818
553586
935423
186379
946895
656751
876640
238811
901487
628158
355969
977816
430155
658867
104554
696681
511679
152518
726041
903100
128224
996032
275059
304602
785129
831638
538981
893081
372195
908532
696792
12551
4193
727473
597620
487290
23103
851123
438142
520596
115189
547749
811274
888616
965522
401075
706200
868113
108794
724269
653843
996585
790300
270583
920851
138005
63173
781378
157115
171655
615844
294589
806396
893374
632031
391784
503884
682344
603197
201453
41429
10932
820223
106124
685748
574517
160810
936337
230131
946441
335763
265310
241604
503194
465648
811868
49733
848211
612682
628754
882204
337066
78251
422273
60187
698341
316000
614343
304878
96369
929612
318386
367728
348786
291835
300351
299505
579887
175585
538320
862509
383197
941884
57046
626236
659008
13185
728416
759976
321963
810666
441926
573778
663117
136896
583776
770797
196523
865051
449697
539647
515353
984298
829481
933500
460173
151195
802997
507884
154423
233833
290873
57092
979062
829748
289988
652896
710646
984183
965810
577156
297144
998917
890152
47893
835198
26560
922155
703052
910667
742612
195188
137782
506801
886271
83926
975132
884674
222998
291875
757835
103917
859341
368522
38563
598469
362984
673207
195639
879361
531719
23922
983930
655171
674212
952025
246784
960890
440419
861735
6030
993480
540378
785583
347994
881345
531448
29195
442861
826527
380657
866689
314349
683062
67013
97935
699916
900245
965964
935423
641043
615133
587903
801376
741186
774371
373126
841563
571754
61494
830918
890131
205002
912069
52413
264246
666259
814329
475793
680923
993335
368271
161881
980350
181471
205145
501147
478744
7004
124065
597415
440117
974581
120019
878355
161113
481357
401848
772779
565167
383101
316499
829328
893413
652626
207764
971376
567003
865146
759433
500061
348837
929295
282355
376320
738541
554022
929845
101622
851042
831011
166727
570750
140014
919630
443169
682131
588303
998997
175236
134541
75415
386804
812147
696503
834817
658567
802086
480112
342492
242134
486709
956370
706724
225862
295596
269816
151653
930865
739014
907726
689116
271254
351147
953256
868765
411552
924071
899455
294551
633698
627519
662861
692227
894921
224256
981978
323823
928831
719985
916736
426160
272789
52342
30743
708924
198565
492335
779135
92271
198521
398983
448449
582259
883120
793714
468153
28416
797262
824398
291262
664095
409293
162739
472752
841917
329966
324293
521520
654435
532698
519502
389425
191235
278394
397695
706082
284973
137920
756487
469516
307316
756928
958270
864536
982857
851799
41392
793383
382678
762443
423214
225302
628504
676689
267500
805873
549173
491971
315514
473301
275747
831742
373146
679595
68077
286057
178840
883822
898494
672803
461417
254914
854219
486162
364986
617290
628333
283222
560477
881226
945841
59278
856932
37149
28485
278278
535393
324693
190520
755085
209504
642088
186111
696136
186780
906765
608638
401110
800668
928960
374945
41042
987267
753689
618572
685755
128979
297837
963097
681923
407112
121428
342197
152296
642150
520629
959257
834047
524988
875435
732368
153074
86203
83107
571269
113925
171531
513360
173905
285247
628570
804679
157565
359199
697628
781132
205375
604071
352421
52446
955165
365771
936533
357436
906794
496518
166180
94766
309291
175299
176282
489258
124320
498566
767835
945169
423503
822409
10552
361833
628430
261680
752723
488147
995239
849658
671798
956084
497036
546353
247152
445285
966290
186754
898112
646772
239964
406779
155448
711160
638850
360187
493228
341821
401919
50502
21625
11954
126425
125116
261780
830009
335308
585786
195521
73266
941807
632100
889161
332892
365800
369617
912009
787608
57539
319628
203818
105290
565641
972417
346628
941439
973197
746645
336548
410951
248562
726249
919454
59483
806273
342508
513747
435130
312712
632528
677184
538572
173206
592737
595434
692430
68795
52552
254028
90573
460213
74165
873685
117831
148059
614007
952957
143970
925214
126378
686296
191070
879127
956353
817007
712397
191409
961699
218549
81570
506705
688788
439424
219807
970812
9511
513651
901602
633362
835628
102653
410006
424141
489609
431493
814582
931114
260784
278423
435652
262007
434204
832492
71588
831293
134985
106936
835834
506289
51795
946712
701416
980056
605980
322903
500311
819864
820602
44387
246802
645911
855807
753766
744683
40398
369542
380017
807484
370747
283416
378674
563091
809866
992070
159218
689228
766433
799558
117254
17623
430308
869366
680550
772263
745040
704789
204339
478264
191209
988425
274311
191129
28783
755377
471966
781334
756718
558190
785558
223305
90342
163204
580253
684497
194866
39779
766338
4695
815616
734349
469550
974503
783407
295010
783533
214077
995925
393161
973744
204181
403007
482849
261509
338205
242237
760198
727282
972756
941344
119547
486817
301446
661109
38532
768561
330725
375058
113553
610822
27018
684491
592695
143028
620333
859339
395407
807689
337561
177183
446824
59179
502267
975900
81492
404505
80593
654379
883016
933439
624540
922303
421087
770453
944685
453814
354396
974615
860929
430269
387348
757467
769348
416606
630900
849941
482773
296055
973094
106896
592628
126131
437293
599445
706640
846800
482393
260145
189684
291611
459046
603812
483701
873439
398585
717174
153065
106879
479759
773343
839058
322957
401027
268884
687514
899007
561952
262294
829505
524933
932442
723064
911682
192338
819364
254721
729403
443162
786187
297041
794332
404759
17137
662685
521653
44545
943148
886781
743362
851602
74953
332164
989658
59372
397353
934514
659020
605864
659688
771516
267296
323186
383547
476495
104847
8807
944667
374367
665685
719876
992841
215249
513501
107910
262476
316481
224116
877507
310891
726978
928355
500178
7992
592046
671700
777904
904541
278582
186055
816838
811443
835192
927140
415077
141633
324896
42905
856308
267951
961615
832386
591200
76416
203448
352583
174091
544093
292097
330305
111214
362167
906554
720791
53662
845049
40969
315832
1577
605810
555589
277306
490458
948019
516689
823540
946914
557509
20994
256376
686807
801007
352906
207933
942826
956027
106723
196016
2584
320745
33578
415664
487846
214582
533683
162195
376703
309533
444285
986278
705590
548393
882011
844949
61433
682556
580406
398154
447742
167054
517381
228516
587979
756375
39403
36992
35458
270833
180256
651595
760922
529308
385809
608388
869222
744371
665798
178573
736135
579397
963089
793681
908785
942390
541982
185079
419571
616484
319133
755328
542709
449467
656370
176855
248943
527922
386472
118087
487337
74200
810900
660205
537170
206916
92294
668332
980225
264140
808971
927719
39063
915164
59687
716495
716998
712302
436636
880099
450433
933192
538379
201746
608435
867802
233539
752794
789586
43721
909310
915473
231835
996636
747175
351802
836101
249606
574815
210189
149214
276648
219787
955780
724294
943689
969694
536795
606535
703915
661088
304399
906665
88712
956739
291666
20556
584468
262770
260738
607413
9977
131655
615570
881182
704996
981248
882021
174087
324324
601694
898672
285294
37819
459398
727491
12131
15630
330744
948802
555043
575906
832423
930186
850274
834068
134388
79714
864142
103689
879498
2907
316838
639831
145621
259722
598768
938145
270470
720104
535209
474680
126510
916771
526738
10469
517281
274788
267485
593171
583300
912479
680099
914513
368450
306624
875979
76169
431030
489581
805693
540272
265910
719450
89560
309091
538576
747424
762593
377248
838520
755663
852144
998680
724072
116366
765267
599909
285776
968941
895717
505012
664067
502316
397602
241090
772654
66820
853929
321825
39177
908835
599140
204690
423714
362784
940680
230939
461805
973887
682425
809781
959424
61767
851494
158614
280888
913381
285730
687109
32786
11136
820303
2860
370675
737511
254920
212127
277196
989205
944274
500893
313339
21945
13696
856305
974078
315189
393320
980517
119924
323410
378441
763108
703404
860118
57823
172278
709790
129001
173657
459621
926983
786315
887974
412589
272282
715419
121762
988132
744656
669038
949525
191095
785898
2963
403560
989755
816020
93717
55277
75807
648140
40278
69013
879381
226357
412536
991785
677036
488254
36584
365669
230442
217116
867769
990388
959010
689242
900063
544028
754799
224131
971657
529212
840030
586884
25688
283052
666984
285382
543137
44297
325519
697486
34231
381556
684799
690311
906890
348388
583573
592205
599196
709145
13628
869670
592542
553563
505467
590454
801020
412201
917353
620153
232884
526479
840350
137939
990148
623420
709659
233865
24219
67339
658168
749239
765162
92013
873379
72301
529186
899683
864062
773919
874705
722715
668861
434873
699758
857151
849299
612393
162270
404048
565070
70294
330498
624941
776139
139450
191498
35671
361412
66920
885126
853573
693815
465784
554342
237567
544593
788646
649746
597554
326076
975519
574762
707020
389954
65570
771470
419993
743051
846255
923795
619119
434989
556555
353078
43661
848903
481547
542558
429887
790341
344934
990643
718972
671973
785808
81216
722741
554613
780856
613092
773648
504148
753032
265721
522355
655488
880985
935605
533012
363968
725545
524034
599149
21381
631229
412739
330711
310169
309609
425194
348776
200479
596251
520052
350556
571694
570042
233531
353561
754904
779028
340974
928417
20589
406215
400165
897618
576246
489249
395094
175617
34792
649567
717151
801156
720359
233779
269601
660181
292153
524603
743678
673369
39461
86234
127145
573371
602638
311338
757070
902982
515293
582784
587344
868603
837518
388194
100598
701257
636035
59594
308960
902218
22550
541468
2462
795103
696238
262427
249547
554352
177943
571651
755864
596889
630016
464821
522401
392992
640409
769693
315898
734792
407929
147146
424565
135497
113850
336243
918864
661255
57618
905274
676958
32914
131386
172676
258047
682500
852639
480872
725871
293328
475514
517343
230129
991017
765770
410582
229390
468796
20547
876794
946100
802872
167929
202309
710145
538654
489477
69976
405671
8101
911126
279930
498681
529795
61844
347907
960013
502205
977612
45119
790493
556121
971252
926234
615268
334071
307934
270239
744547
68530
722624
91572
321937
811614
480668
188976
361575
50244
790299
949112
21558
311803
536103
368179
571617
861549
641221
500442
226766
402925
421394
889282
396849
438189
653252
986631
847026
314012
729590
739544
368072
404768
943668
658273
90577
249344
887923
236024
513450
979382
302815
817704
557356
713217
120431
339908
666068
106292
328691
88643
905263
425129
645804
951239
847753
662371
433953
499991
871739
628038
318375
241606
915248
752191
406680
397945
21434
380607
932633
212572
512450
49638
602119
987785
752605
787479
99163
536467
257577
515360
105084
808848
522058
571887
972109
37342
330499
215611
963306
390244
319277
883667
687007
945170
501612
807112
577811
199873
762098
343805
492457
565377
696229
59616
643681
347501
318383
257312
460795
190138
362374
747128
224250
865808
430768
207692
11471
206448
670051
348102
38875
758790
976155
971883
979755
752377
804594
824553
405098
423280
457216
397622
312336
155977
120471
185405
94390
408153
325351
677181
126599
718431
369930
353140
447835
134886
981642
58373
445406
208990
195155
50611
608958
102407
28320
835893
749347
661039
84095
342411
189087
486180
238229
130437
205706
770301
186960
526854
236963
814213
500993
565559
609559
310921
184349
409236
989341
129823
168399
793616
393630
85806
525150
315956
771232
917619
45362
649362
462633
685067
287649
397236
956215
589587
915767
478650
177616
304445
254139
618844
701175
404303
168400
90324
777646
134302
528390
869435
297072
440667
454633
579073
669054
360576
535084
469097
689761
250023
701659
567751
247269
781524
221290
211310
414211
342904
591700
193055
40032
220016
936846
357525
472549
100196
103249
544273
600975
26920
678895
194127
224786
916426
888837
363783
253316
970801
991354
958921
859178
453516
291314
879547
582447
260371
690230
937762
450085
735135
676937
700119
236809
689001
892327
111605
921099
80039
602446
245756
381431
589581
224820
587326
92755
595304
568652
644969
299077
362499
337855
373225
82495
611586
721845
966486
91568
916535
860401
202492
968695
332973
603193
345138
526525
462043
886012
594724
498219
752858
192953
924775
595199
782067
196735
681743
846005
368115
674712
902564
232203
3974
235103
374950
500736
354482
763982
530130
607124
887284
447182
323269
735979
714798
971054
836960
335057
781532
976648
35966
788559
677689
719761
494888
513594
391393
390307
94985
371141
842128
887015
269142
593174
120389
274786
149821
16629
287330
616693
181710
189174
550279
822238
154578
372157
345990
508836
481331
833341
109668
211798
951505
50275
133137
368910
226809
862315
985882
762019
440087
367507
405280
51511
149892
542020
926622
46594
13860
357693
238958
658340
912223
752175
354446
459031
186818
759971
15491
728880
689670
251298
951187
876318
344243
308661
443570
610244
128369
413719
247474
402369
939328
479889
984278
72427
998532
568166
414183
537483
217724
224929
166249
127068
843544
725576
666481
346880
49140
676280
872415
212797
807301
12684
521194
532023
83743
233285
317595
380111
393570
328353
31963
360974
334817
598934
280964
356049
933803
940768
587375
37514
297244
173767
966953
403491
902603
385249
707342
205736
642496
935558
963182
328667
281029
767382
417238
582136
900700
582958
337332
683218
616098
322751
117943
88501
547288
302079
207470
531117
519229
719440
438121
58959
947373
619117
593537
512602
676819
254504
607434
539005
687195
142650
432280
459902
505503
21383
841704
870727
693967
341144
389510
989727
908489
620360
879245
433650
754019
850611
67229
308451
448630
660838
72278
752696
862600
560509
992813
335746
184860
850558
112151
225717
737850
399259
939605
337783
81969
148097
516883
107032
635710
247728
384452
535173
939763
957460
553838
572771
880251
438055
9454
887461
873900
419456
556605
327297
90983
576133
398821
726894
829447
109103
853008
585698
79958
463664
36745
25164
969795
98103
307918
736899
204911
700683
456023
878210
210472
980997
565723
864607
700296
261387
155782
670759
767527
542468
327198
719307
329851
407026
435478
542976
123081
468459
64326
270896
131387
806611
66130
170165
162507
503583
480505
394565
369735
454599
392957
639207
343826
74542
868002
714119
888146
907837
832512
540522
196993
510926
774538
903002
512414
849010
615589
222810
518837
48778
572730
797782
886928
388691
153277
485304
604966
696867
907110
979030
594609
428509
786050
117226
459945
305252
998431
508051
424181
329635
281692
443647
17795
160490
751024
142696
686056
317440
918853
165902
949965
155638
866845
528489
473924
37222
438114
430375
700117
278758
335314
941683
699361
160225
723129
961213
691920
864574
600788
838810
823893
664789
846676
976476
18396
206066
321789
112106
94697
983530
746889
237897
617799
762936
391769
468456
95669
36769
551409
772335
568732
144350
10066
509834
568731
465864
151667
887245
184087
669378
641835
510504
686531
374800
227532
203809
374542
958226
480752
827047
975265
927236
825667
116068
491768
359479
130450
277337
173390
920314
547356
611585
953010
743391
925353
520885
654737
66634
921034
487580
202497
216356
312307
42464
166701
886259
347736
129872
609250
771176
250836
293179
649273
894130
210465
695793
31190
650111
681622
867089
803193
351097
544031
547206
578356
262088
773194
863890
608727
173204
924344
735666
807333
423071
652812
127399
721020
186032
281631
556584
492143
420901
687619
523060
514046
651504
600037
61071
153883
449598
397486
243876
913731
100318
21631
230704
599324
882641
586347
192524
681684
575130
449783
291914
220589
222602
255313
728298
655321
47540
908922
351509
830406
546025
507063
874077
37575
465880
236768
757593
133427
678645
241014
701304
48768
156713
818392
233520
708002
686133
542078
770446
151149
168113
534011
984862
470467
368294
669429
79550
625785
930037
57640
924149
736208
520590
715362
652598
118645
834344
493704
667144
218084
711803
921764
588581
401478
342591
944524
146806
328639
989199
610887
182492
802255
484624
885753
99146
428804
871063
562533
742487
454781
141490
690936
960896
418343
528567
594865
827815
149638
322840
267010
45867
650136
327600
934449
936662
617257
14806
704514
684456
668368
250133
973318
979719
788122
726316
923505
439906
527526
225885
576495
727985
345795
904774
997175
926769
446088
872692
533051
863639
751838
323428
863015
78068
273183
623417
226992
879308
252242
662977
92112
338326
969533
461916
711932
426997
232869
125060
736745
896072
50670
432746
939963
726767
156858
995869
551014
619362
219055
94052
184121
141198
722702
116655
828722
230300
789940
923321
734846
754060
188162
116821
587224
527478
499186
850774
402888
249969
841146
422651
732002
972465
199858
697624
753970
951289
362386
865443
671681
13199
241135
671572
535367
445546
132743
143401
653492
270516
484058
207885
769375
890845
519109
878240
756869
7066
824329
152929
317360
580937
200034
975418
880098
608091
76134
965772
218787
16770
792473
464912
844108
596458
615064
575053
295708
981259
843328
574846
14128
750405
593315
327980
466829
317510
601369
286955
234004
646655
375563
289284
733633
970127
553571
208794
34295
308307
364634
970044
959014
769792
526264
604442
600553
500383
609938
87001
202391
2322
143440
300703
88829
710543
221827
110301
828305
749953
32887
469420
974381
12220
691929
530777
297838
495485
922831
863376
933612
860353
978266
170172
187517
310501
242455
270
468355
117087
252720
399506
727578
232528
918034
776562
115539
110119
75088
796978
978465
231611
51841
422661
404839
336954
677420
443924
681459
425391
579595
922005
499898
345876
879480
608248
249891
588682
462408
529136
716147
181573
973522
631492
315685
807083
462934
782469
402128
261114
753040
776031
739402
356352
333132
909039
699434
841509
92302
372547
297706
407378
997683
934660
104417
294310
143905
327271
163751
22793
164575
548597
745031
465346
40521
674329
634227
722738
251356
749621
111194
225006
646444
186535
45425
586605
866244
816937
211273
29330
551765
835500
602494
709905
464103
476583
265034
12963
813938
45465
778046
762383
502728
385113
77666
343523
977673
259869
732024
3187
817303
655948
235803
322177
941598
327998
197580
345616
756468
233073
225693
950409
713073
283602
377588
61762
405850
70942
446405
391739
998343
48718
494576
230631
650372
871006
597771
450730
638171
562664
537189
72241
945054
706133
170193
235714
565054
390599
665121
99298
511044
489496
664855
480236
291252
740097
903095
839343
2376
344026
235254
57480
470602
83135
767469
143488
622914
801371
429818
435636
276278
433318
363159
266524
413096
489490
3049
455693
425075
811655
303191
554882
5454
434640
832397
431985
281744
264363
957709
738823
293139
692066
83763
46255
673703
543125
817627
228691
484395
624395
228807
867105
390855
419980
558052
410126
138727
781435
168986
909700
149666
585402
614833
782792
453610
300746
903833
818757
855011
681064
802798
191714
336323
239003
312535
75170
39325
411793
100330
579475
108467
169829
633686
767878
893938
627121
883682
855278
140343
954490
536048
113605
691641
535173
206977
332524
257469
579844
810252
323928
427480
338613
564054
140888
260714
242929
579387
93762
624660
54023
286080
151752
190593
786848
532553
688149
24527
502126
210278
549471
502136
196573
754275
612124
533311
535839
361443
931113
289652
970199
996313
24600
98405
837704
519566
974880
404035
17546
29338
265986
163988
539899
341478
915622
180068
774764
862030
683262
416395
201449
353047
507641
144920
874459
431475
284804
15396
188495
530065
616811
309374
672963
948573
159714
399065
151016
292137
607620
466359
618480
126878
548379
743212
212853
787129
798243
231121
570820
698168
71580
62939
365726
444096
574226
807254
602638
974107
628943
697820
19408
626046
856737
202742
366897
813461
156997
704929
136670
344514
668622
109085
755305
332281
305985
154238
897105
663358
465602
820719
335273
994845
501038
46206
557536
209629
774123
380778
131901
727515
571047
381078
755237
583278
747182
389079
67721
865834
351028
873845
27800
683195
623174
689104
921876
67287
823280
159197
875330
134315
141320
240278
279717
302211
370943
805207
645393
983058
492814
718873
808285
764564
122358
787856
134027
890089
969697
54160
645420
823436
592999
448595
528920
999861
217587
949345
122904
807620
96106
737199
624708
762267
665041
221402
818540
174648
477800
113765
600978
123268
342622
104403
251040
187705
641452
246247
989793
181265
439924
541135
878102
362870
42139
68241
994987
191614
387197
731005
745051
100647
176357
677393
798533
297481
685980
890070
825205
703688
365674
518713
88368
266820
37588
521684
672987
938063
294693
616441
263231
628840
681348
733934
688218
552035
973505
732021
525037
111502
541013
677977
115267
600855
179037
882065
302068
797003
232598
469988
922420
194751
363788
259958
793553
309920
719210
593877
96795
167083
889066
711262
860403
893956
427365
834776
238790
835932
256050
764260
759143
849814
734419
155
302511
156721
524857
143482
354319
598509
614966
678253
822875
536426
470830
750838
121050
102490
434393
840407
407245
882461
359102
709999
992165
330595
97717
761068
62603
637814
669605
968736
176525
695428
935298
26424
891729
8600
282589
717593
529012
666585
273166
139562
961487
462058
211267
189528
895638
890956
683824
305450
971707
474332
11036
485020
600251
611557
654013
151355
181119
90261
848267
325452
548743
228733
399743
586966
824145
290548
401947
568476
557848
950745
665500
304171
655311
545422
644595
184522
798954
518846
632503
612527
74018
471419
499148
556561
724775
313049
524702
473320
152814
52403
705145
429241
130332
854117
203025
190689
422062
25972
478868
214950
585318
828711
646082
665068
518798
721469
410940
211138
648951
60124
844240
184607
922502
660709
163523
149559
494368
324745
255519
558623
92417
932025
701013
631174
78773
22213
82295
52623
568773
877314
300592
608844
134342
903919
973044
351931
303463
508894
427735
203854
292161
509955
597837
692420
31030
138214
209269
898755
450791
306815
297791
662873
293216
502252
782783
457759
730153
764961
280751
759275
231569
331541
134819
870636
415936
81837
82018
58284
637616
753378
335449
57246
786365
413924
772400
503316
160490
780856
432375
755590
931587
714508
562886
349581
890173
657893
860826
16197
821784
588068
751334
278676
394919
834111
918615
534517
254738
995552
734904
185942
848461
3836
670035
220453
404495
26658
207379
592552
930721
839568
312634
9384
746326
639022
24608
513252
962295
239756
883640
444566
4039
771297
806116
620783
900557
591028
11054
464472
814452
681991
463220
721762
292363
228332
304881
259020
772917
603009
446975
812948
511614
279080
268449
776498
940683
56502
304167
123976
981711
896127
916337
231253
696555
960847
827541
736865
393857
237857
998018
121229
997715
816192
155078
268274
571078
625080
209520
913451
635389
380602
620941
917170
968590
936748
393898
615525
161445
626120
490770
732394
758240
85807
156653
572493
606725
935044
521911
563803
536747
840972
259349
143603
437243
347210
452472
85146
392971
377107
739921
645931
220736
952432
620497
125262
186677
767351
619490
940257
286224
562163
517402
686474
458319
123644
980605
889966
342011
904426
617024
470859
403168
916717
746082
268512
860667
502535
449689
778117
137475
943792
889081
363470
779203
704116
686082
260629
806876
437563
631596
431988
227310
520508
3663
372978
950152
948331
574245
851729
561449
64297
994789
605413
142773
199451
943834
470113
945853
803444
363148
288454
514673
392863
439741
166143
766988
504446
236725
137094
408406
728249
65038
474747
171489
728902
303722
112137
657901
419656
928902
483071
43040
604354
27108
775889
299669
818041
872440
691656
858229
917714
734453
699201
337154
279784
613827
866772
988745
867534
189512
575354
606094
496632
908656
216501
392405
107379
954330
457141
482620
767436
802075
18326
53442
886506
11845
560170
123266
433004
502682
987769
747723
690558
996639
776090
551345
138865
660547
809096
500167
465587
414945
842473
640867
974257
124920
537478
848231
794810
44516
854613
148559
675330
368884
895576
330639
103257
532588
253497
863762
148228
245254
395814
746609
539004
789550
794943
518374
924921
764544
624441
966241
235647
356406
755374
438363
135388
16032
87404
782597
306408
680822
419264
960897
877071
51967
703700
619434
107493
286218
163005
39612
422461
936626
917255
445407
19198
567554
922379
488144
701850
310189
918953
911953
512483
116466
965291
873575
13558
828480
356359
742930
808861
809647
472337
775107
135326
642746
321563
108533
687372
312139
675269
996304
579708
244728
737569
970
824657
535535
104841
803191
46977
899934
969939
762374
799561
731358
176218
826444
151252
462869
127763
55266
782658
321469
530023
213992
306785
121807
857055
713343
960101
312964
443290
697027
677940
345073
531331
972187
822889
927448
123336
441970
150909
259492
11773
211082
428147
297541
308539
310302
375839
468920
388753
521207
343407
987571
621556
14214
638797
686064
631
114068
897349
631149
524285
214279
595991
693407
259671
446484
277853
991574
335313
322644
811181
780905
739943
261967
191627
864452
569923
294047
799812
884421
121922
596628
223805
199794
87487
555182
482600
357350
241081
606536
930135
296336
972268
179363
250152
432849
525356
696199
292435
8671
420961
288851
685804
667301
791838
442899
94402
109605
225735
726217
159992
578394
680188
707154
3944
740210
823234
205218
563765
599446
956010
415480
357003
647414
807446
235063
424554
162552
485893
508107
159100
752469
890558
225853
322906
856533
87459
925148
128629
287419
945728
351937
77497
945428
350907
755570
506073
677971
16468
627285
316343
269115
36439
419518
269044
959162
676929
760252
725593
472477
336462
299277
477878
196004
194198
50814
520230
957542
554327
346444
80527
909130
138570
191880
666762
650306
384301
904011
410298
990390
133507
416028
538495
332838
225865
685173
782641
286994
586310
183003
853531
469684
97119
227646
157483
734363
532566
574382
556974
712404
873447
851179
103998
213840
573615
981987
933018
886180
467782
474967
570543
855649
795253
918436
481404
699484
635370
727056
384448
996346
615907
564001
34476
555018
202168
300007
49108
402047
635369
481521
796801
22511
672663
145170
178809
624305
730401
488344
886091
818501
438079
603581
521005
440886
33186
226715
738998
789773
349542
706557
144045
275338
317713
737065
859854
370952
964450
37804
679807
714767
238992
337410
343857
823255
813413
777107
172691
162604
811050
30685
35063
338740
878869
396378
409047
496482
729831
851232
127479
739161
301730
759415
538586
219750
37740
217524
570126
673018
396341
201293
331853
751839
893568
366254
719888
266587
25869
551375
962371
384075
612790
687086
567246
198783
370660
503760
831299
888125
8213
487245
411905
462951
172524
972808
988358
893866
150788
408456
305606
845168
711239
420776
905366
707502
647534
954267
140911
710296
539146
401072
269682
171202
720906
876904
268456
393257
457739
443761
644933
583822
746706
833602
965125
436301
965984
394581
289565
147773
747795
822743
969512
827017
94649
853711
168381
85784
870961
711311
346475
737198
630580
667940
257428
350693
759602
729560
824830
128329
994393
462102
712806
775149
292417
710054
245041
4694
303346
851269
742938
16640
196250
194614
866863
286473
849810
786581
266018
245829
12411
684957
418029
558024
925981
863205
991474
426937
329205
964448
920708
666714
661323
924856
174051
939749
891822
445310
893767
359451
105263
854080
115474
229899
471284
769645
656977
722479
961279
705614
290470
309526
633156
359144
57981
609565
784141
466996
523043
128956
72845
710283
858414
315056
219356
97053
310000
560755
485705
904442
809291
986201
919924
663591
573831
920742
216393
147622
942763
251786
12748
169850
18608
775738
252513
725580
327720
55270
85586
674449
646686
575446
740861
704689
698905
955578
203025
63682
506444
18020
170271
917589
28798
699505
907374
785779
574929
32010
203098
609624
123300
310873
659466
849746
375544
678001
623074
602963
330287
170037
714646
607554
25504
68591
772908
90149
115390
552486
840356
323666
683205
864
325980
256687
309176
298024
95805
181884
80500
521141
894047
300781
267466
131838
419323
287084
374537
443632
293594
860379
508185
47236
670819
151214
99971
401564
224323
369386
799324
882501
157009
10683
260828
992810
845636
345944
450841
416410
299851
460288
163916
6692
464147
450817
751970
116084
119406
308438
572306
193756
743327
722141
499962
323438
894046
603238
731771
749980
824971
633752
961910
339135
763810
868596
53918
570289
420301
27527
225571
787031
95488
98055
543317
504733
855924
139221
19664
313537
312316
417743
182653
898833
409113
316656
379797
123819
441776
127003
829263
503946
2582
278133
724866
951035
601049
904583
945090
754025
537620
238401
203111
184265
157040
924322
680636
580966
511572
726215
731976
680861
595097
828759
732790
460450
393665
125798
414375
478641
311479
542739
270936
951129
77826
87056
465949
765945
889088
406065
68103
85842
759312
369716
994095
248874
357197
612599
94184
317993
283285
83370
905903
890811
446069
27026
211492
353415
581867
591336
548722
374258
182813
401183
264052
456955
464402
302949
326045
165452
745804
889481
389189
921159
883112
252305
720032
805023
16630
178316
93639
640457
257636
789429
833724
265781
506046
274962
341596
390240
83179
432075
716612
422093
396530
542659
751659
860996
88705
464367
716033
572095
737434
713882
688657
192055
521524
683563
479974
223818
564617
225630
379915
483268
589350
425706
55971
173470
174459
370037
191602
263280
183688
139726
45709
583014
940778
852406
319057
463257
795361
630944
364247
989522
83094
512510
795694
413495
702505
952755
764662
686291
482146
227680
612170
987279
994168
435851
765352
961489
654028
128963
970489
200782
513806
30469
507023
342022
189946
390489
579477
294820
695744
511548
601056
664282
871362
641952
245198
74235
403180
685415
475014
417582
794814
980331
59373
551498
736109
568595
448546
355158
237486
909111
573847
893504
200167
590870
160990
848259
638104
742599
559493
944063
910336
789033
607819
310062
426435
125072
328872
575551
887866
383073
44343
781406
702532
143945
87870
604376
528432
207414
613158
578934
449210
660860
748545
600201
374979
171030
818575
306179
755512
13760
883270
99143
770774
954665
166189
939025
288660
325429
698812
915001
164289
45902
481125
586519
799117
258792
457278
245914
479743
596839
344187
743210
458700
180298
427734
758664
243818
233325
79670
316479
493940
974912
287633
709795
757645
462922
955044
605507
110290
963026
200026
497509
379872
904950
726441
957140
690955
8482
733381
681782
111589
382310
413597
789566
706269
178418
101196
825246
688577
915833
561496
737882
605121
863388
837744
37367
87348
962350
399778
454799
710254
356451
769183
846477
491020
956519
311163
101240
124426
632127
58957
521211
610192
7200
49933
297363
602616
272643
980950
404800
875412
348053
701780
813063
282437
198434
337209
215143
61647
570595
954330
192969
676461
794798
589997
82441
88875
241119
450266
276457
281608
874206
278994
152831
214614
170561
906561
945881
448167
409270
767098
703210
322019
140562
830941
453816
964680
107070
418355
932511
283866
24346
85955
144096
14715
576353
612539
382646
219631
127619
622978
938393
230675
280123
313060
186399
138611
585068
363012
843931
864386
119365
151757
976987
311427
774264
457393
625709
758679
443556
649673
548567
187942
242464
800395
71753
718968
20299
834480
538875
160241
750298
689301
568024
212855
46165
958271
596722
626993
851040
476621
381615
631060
280840
747399
876979
179639
724423
320419
898680
258819
324372
720572
355141
950613
63131
392005
38726
382052
322795
714495
949985
438056
499561
227607
85133
265282
321808
911733
985483
639013
957436
920188
703914
549043
610128
110863
362160
510451
376125
921537
577492
432183
787761
166824
996102
71197
625057
4740
822079
813476
369946
878767
729563
580552
761889
445963
926457
417705
541815
316196
367284
400999
496036
810594
949605
274847
397105
723964
496937
185523
422177
467876
474862
184201
977765
315241
473978
227855
21119
194627
865315
506352
70233
73795
403647
517199
428556
581804
728374
379809
807291
501992
987598
379148
932824
274189
843772
194040
31860
511355
460426
233909
778990
323286
584375
415191
519107
748544
587184
101634
884757
680893
875110
587458
908209
713203
873543
876889
220007
234475
250849
312983
272734
891514
545291
807555
353213
755160
155421
96213
803567
770822
98771
286211
7193
298514
462831
182682
348783
552393
838657
745164
299282
29257
308753
271872
693249
953015
408960
821511
205621
871654
148634
757425
996369
791501
311188
450715
183138
716967
485969
456801
435137
252849
608162
459808
352402
775906
81977
44387
37231
824980
451417
311701
421405
319115
278251
375640
564745
438419
85429
281284
888443
335880
974810
464187
538258
398370
565328
210081
146821
522862
711852
931990
510891
893108
830723
273299
185775
878556
913248
111994
126296
154526
897224
2694
931082
725968
547608
727437
808988
92850
675069
392170
283160
915357
494689
836831
32629
358752
751036
998263
488609
407691
284390
973079
882203
838425
860831
910789
223156
926427
540531
287563
468715
388702
237050
355525
787757
600580
969204
576923
94755
141077
585960
904212
949061
487298
769315
636173
876715
898935
358105
870529
367635
838743
194014
365558
902398
741625
773956
497175
246918
551970
837354
727138
546416
342716
183616
351381
762011
472579
868164
409938
265902
858057
115239
811601
248345
919809
177990
188064
228587
350801
224957
531118
253423
589706
20517
84107
24658
393433
499659
148515
643632
742642
176232
800027
683881
688862
700495
4396
851493
375560
63246
73933
498630
150040
183417
985837
906928
533997
346965
147910
637824
261472
134031
571964
479432
628392
363854
16619
692788
482852
743967
809380
355513
132856
342855
412637
334060
590127
893163
973984
854756
649301
616046
602889
590977
920241
962474
724109
221360
481922
899108
197993
984988
394162
245626
847122
483256
808905
805644
285557
726953
387755
862101
113220
11849
916316
394436
401378
317165
494959
427883
346292
9147
773574
802291
568073
20969
938732
838812
924858
858402
675111
257964
73275
742526
986408
206358
521727
916828
165166
107091
156416
189396
680458
855038
323375
931049
789594
549710
137633
85257
478000
743690
453662
10669
633424
393354
701793
798550
73532
517110
51255
790089
28265
117118
817930
37684
404112
633231
360468
570314
121179
744432
874574
243740
295008
610314
392932
965415
29304
205071
107336
336558
29044
327979
812220
247411
854019
950972
929080
628330
21687
297256
335426
831295
35754
267969
411463
483550
535380
760870
149868
753397
258742
98071
33938
930898
643331
339427
345518
555531
961701
918060
937165
972197
678803
24262
661472
713394
731700
820029
186023
938077
808807
9169
595315
251235
990708
942343
828445
167528
105180
364112
62620
572384
573075
625394
455754
60859
788725
913565
432428
919030
65893
483775
942133
204059
599040
416945
677497
659851
365141
166599
521130
928083
20746
820457
246134
213957
32747
724712
388784
695834
969606
582873
972809
587911
84959
501469
794078
286075
104008
943807
131178
279494
196622
222299
448327
570652
253289
830736
738681
68724
742355
57848
905502
181387
572563
408479
61656
70145
441145
228131
322762
919250
735078
771216
717
659806
10229
207686
646947
799982
329981
901990
226259
529554
79627
291597
942795
25457
221076
567963
434877
145802
329059
155692
132898
95648
603933
272701
395266
979869
869378
633644
65351
401687
866665
978650
647297
448814
221939
452032
136317
445696
74589
127772
635482
954595
17057
918284
287639
712793
274718
381228
409693
740567
615526
31996
665433
677867
369427
743258
840908
94638
342442
413387
447452
975152
428535
674914
621393
985440
463024
987855
480270
401879
921055
650662
813195
630505
512315
619035
788163
153461
294216
45638
229812
120662
970559
479973
684705
104852
117883
874765
760895
353373
627228
675091
408667
333718
23031
143326
291556
525446
355584
429284
139040
611860
721854
620911
420856
833298
617592
538174
556281
675804
708774
342162
956267
297115
424365
202939
22870
909586
323228
755278
633714
363846
396990
598943
162468
571310
362470
805934
784069
67864
240547
974235
633006
902206
397251
418741
967580
562168
373172
427392
881924
767098
652033
416813
790595
606673
838914
274466
118218
144584
713314
711007
183017
985960
871989
93407
987354
426523
818416
966532
298767
209757
576809
798791
386638
423644
941735
214280
370986
352814
332380
297500
640965
963340
529201
757398
886810
698328
452390
472578
165610
539853
909831
11596
682606
324503
378579
742650
804465
389434
386519
367618
801866
822221
893282
235300
540187
497125
411213
140314
277371
193511
28497
304573
125157
140195
941037
811311
944921
963755
897137
110117
696963
675168
216182
489225
683556
300282
510206
260316
918775
618435
143720
9405
449850
735542
294530
929463
142305
473319
36308
571454
207734
557828
502555
536689
936799
590423
607910
827303
228123
587955
3375
409719
402066
444598
782024
26803
586019
996954
2520
664407
34770
663826
517933
861539
67505
738469
18900
461548
195736
204741
446231
46419
830010
439311
988495
241657
47291
684713
23486
930240
993533
946734
710374
391086
134469
850930
424165
839108
406075
50824
520342
83634
543037
625883
172064
797154
740297
916572
940058
804991
2056
700730
239973
335439
35614
136387
72786
333034
796419
729174
420854
403855
903258
972835
831119
200415
388329
295527
384787
393728
226484
429689
255639
965745
262505
263385
44821
83123
225290
340574
674811
329228
935542
271251
216903
499251
587652
212576
772857
492615
405667
416781
500203
654569
486543
131857
411124
334913
794346
420819
738158
954716
596515
904871
108473
762320
359705
214837
783405
330543
704137
157206
648180
382104
936666
508763
1036
53874
523140
437488
751106
813540
64102
920117
501464
683480
22785
383752
335123
814943
25771
486523
248496
849015
786739
426337
456169
828732
559783
823107
159402
608550
11681
459214
176567
795269
762471
436157
630098
567938
559000
264748
89345
568327
441459
700241
568303
587739
66181
845505
488269
3538
476842
368022
829188
229840
547992
767826
361260
980823
44268
722405
493594
663540
882182
313556
44576
281274
887204
890726
323137
884673
980268
427766
493077
132366
816046
573681
37688
685035
428399
385733
160607
493690
179829
625211
668884
918871
88262
574847
351029
110595
937962
829500
994818
539693
663239
977174
878521
794584
206911
221731
201237
797501
142442
516078
298842
207624
644036
119661
506078
865427
348106
646420
239428
875915
961421
326039
665346
644290
33751
477228
505425
161966
694210
459062
528885
424455
257751
19829
923376
382563
357794
652413
63756
860329
756647
592492
114393
499604
480482
270401
297432
722641
129838
725850
624878
422473
472496
225778
621816
5837
130252
921184
890017
672950
426715
139076
318628
669776
375489
659362
15978
939362
585592
729674
829037
812596
588452
633227
811977
103754
572119
44699
814349
561876
397720
690190
472388
443469
705379
907691
848617
705435
126407
994730
664027
379654
291818
980540
592132
725013
4199
309864
591729
998998
518178
740501
568361
934432
638053
376628
127889
183698
116201
850700
135138
276712
978958
426904
216062
718632
953488
143043
7139
510570
609076
98374
110759
465405
352049
719254
131905
696368
842389
711781
666575
582598
520022
286630
465682
7088
613492
666941
887720
11215
668688
761751
10022
627310
253005
11727
396569
275080
869537
165039
261372
527992
888608
657786
417600
14906
696082
229053
810772
42904
449658
924756
516517
236881
284359
288432
376842
306634
960940
777177
915560
376278
380903
481638
334776
369125
857381
256831
708775
787561
408192
853331
238367
861807
335635
14113
925231
953565
88022
733405
681636
981100
359101
859941
981277
522759
818480
434259
376240
817778
548127
487034
827320
755909
311632
983886
696822
163708
827763
737644
828438
235765
200781
910207
703426
679626
831666
290603
592539
356893
834719
438318
597599
615734
777640
527819
62311
483791
171275
503957
957103
942822
724769
418317
463510
222391
695501
978567
124509
272382
30377
42001
198304
673041
281712
371323
821251
66801
630101
993677
601792
42175
817808
271254
462573
481167
196918
525200
581715
287025
855368
813098
633648
8043
728507
637496
708160
559964
404546
867751
937631
274705
162515
605374
633355
280473
941182
742401
482981
531478
395052
228140
868242
109829
81869
929950
689020
322293
288414
774560
920989
455164
728036
172674
503373
876032
974538
380003
666885
543427
468263
92044
695926
302813
665426
171706
204906
863760
153842
617159
599279
585802
49582
349694
434909
192388
671748
352781
454133
911317
648090
164295
983679
782029
831855
816267
327098
800987
925808
24272
569342
383278
40392
53849
421489
186957
858121
679745
7074
528371
260885
887600
109938
135126
322855
402317
302821
736370
231205
754454
414376
822702
402292
469499
999265
750049
546750
225463
911570
597298
910686
720184
249634
882259
621504
806084
656606
95821
442203
604484
656218
59374
872056
701075
897125
213062
220273
194664
599017
356008
618542
158647
793997
485348
414150
477800
904787
254573
140945
744490
40506
990994
560698
878862
706814
842506
267445
61990
621091
936185
300561
565987
937370
306177
786533
880606
590064
735164
779189
522931
26936
924631
866990
85899
343559
599494
647027
76019
166795
48180
796945
487346
779451
648156
765375
588814
833933
332947
41717
180447
320103
175122
933337
677747
112032
857632
735786
491540
32860
998493
575068
167074
775546
300403
851218
554133
768929
428189
571861
900546
991088
421639
913864
183451
989042
658581
936823
374073
343458
176872
923970
247179
648964
948004
127531
238770
86331
247536
807386
845775
716062
556912
805821
308438
669479
66325
852139
154329
396389
862943
461595
677096
900075
727517
317244
662558
843766
902332
89926
417838
712083
251110
423070
982672
542295
367382
378930
513551
664095
242747
530405
853845
326714
33676
402113
312220
620341
215594
609623
737724
150257
154762
609942
181488
710908
773279
921275
496883
695276
454427
496582
302049
288325
14803
595051
436918
834487
698377
733645
256570
676989
443287
437436
415998
844510
510996
720467
881561
973263
873965
565085
976456
474085
378418
885770
180067
935155
482956
912812
95208
866959
320918
334583
22267
323733
189487
606456
752006
765017
765692
992622
478994
454708
221204
567190
538939
794179
497165
632084
180402
461166
810784
966747
217544
294680
989534
703969
415886
439812
458872
402835
228051
154811
395900
729008
852827
353621
201578
373591
719579
398178
306131
674112
748563
781334
215710
539022
16311
148379
109212
217567
324751
244684
760069
418025
634546
776036
158741
860916
281150
980896
967776
594692
769889
283075
283556
932320
570209
213471
199506
92145
488320
634168
919759
195830
867033
57483
207930
754589
794786
485964
491097
630094
923477
492641
459728
45545
957941
774181
919706
483159
266364
94493
178139
811461
593600
260538
45014
722706
889542
119522
888355
149549
808821
720979
516853
515212
805644
878632
984953
407314
970188
1719
454386
849061
975129
978671
506433
274829
126113
867993
892869
58967
338053
133149
221917
191685
270804
358851
574990
929021
35931
497761
675908
925897
342496
395749
323935
518983
666267
397280
321320
743739
137252
510229
311718
989548
126480
741154
10386
391770
192055
75495
621892
299465
632275
484773
152235
160319
118274
82441
696122
926658
341727
759119
361323
474191
732371
740750
272634
485254
771088
496320
380401
163000
625268
393448
43338
549076
135546
142924
20347
658285
217752
465907
642764
239336
251693
411221
321586
214124
29910
204276
504377
768907
323306
12880
625098
199378
897260
45549
511722
602194
324966
923699
514130
357501
56565
614714
997308
766148
930087
567719
131332
815955
354967
994506
259542
88677
817633
671514
647086
305795
925204
774746
768524
888607
72129
688592
178224
504702
553640
444706
271086
229225
454618
175323
630070
760056
291867
709224
2429
53029
169577
645477
32794
493076
140017
164328
986263
724161
348399
620395
760815
372178
191724
911005
564667
615468
51589
691881
977793
812678
588345
360684
981661
241854
462222
817477
768688
914015
6036
909819
163922
536815
911398
52614
97149
937965
172250
124691
846634
258974
399187
993569
787763
887875
682278
788576
538306
454767
758636
766562
479449
686621
189189
782202
388424
685707
635663
416871
466141
109064
340601
535592
193608
854442
502887
343299
37996
85965
641115
560696
664838
347701
168690
206844
631269
578669
424548
247316
8035
230517
697174
403343
377498
324083
965805
300465
13419
119815
743902
113280
89549
899505
499786
673196
343636
918475
472398
515323
326502
137205
935616
825305
269001
665181
827909
357376
224986
979036
317812
226895
386595
969458
785904
821582
189963
244279
269682
232298
288248
795511
575872
925245
3265
886591
794763
888320
473524
105982
605700
981796
656157
43258
823383
416862
901638
102086
911752
908079
729789
338844
405487
379131
915106
549997
283837
489433
122100
441366
393978
665342
341179
288186
847764
684541
367283
994558
810268
978163
817569
498096
54237
939060
635066
645708
902441
720419
123830
120151
34732
459413
164247
435514
831176
719492
521332
157708
37476
419337
630138
317497
907813
66620
204823
83580
332390
475681
615893
804443
353918
723519
616994
213941
745644
524490
801836
988081
427393
984052
375199
923826
701742
351117
220382
817695
627541
938547
229955
703224
989402
573305
608890
920310
888358
996697
512112
876391
352458
114954
914031
428916
414574
971138
985604
356073
640138
574182
501104
649784
915113
674077
17166
71588
515808
916654
79636
682037
225027
465935
848685
68044
123219
293825
379573
163913
893406
222707
647173
559278
240011
722981
99201
327089
773542
715524
834167
400058
414064
767347
647575
257586
422594
343959
159882
463661
754006
478220
311768
798290
574333
802849
88903
716097
495570
258803
538397
958010
450960
870924
744813
417358
40637
448233
919320
720217
990873
487333
922798
396018
979695
193721
103214
888318
239598
175477
907037
742845
261714
824458
958183
473471
270412
894123
676816
670511
951527
640142
207531
465598
478321
582073
804453
207355
121353
336565
864586
15904
784356
976441
999872
540712
167466
815516
649975
370420
155920
776883
834671
766983
604493
532701
852842
698827
382423
946418
86111
205534
238165
775514
456317
426506
611184
620684
572547
969056
861898
441796
375397
235881
422381
915250
204291
346250
855692
235603
737865
474366
200494
617315
157150
286144
734966
533049
416035
668582
585861
82659
596539
337061
654474
141957
334651
256688
379264
306570
473683
710044
276718
321000
528619
418076
751817
932699
182979
804966
578750
314115
974409
170456
269307
77378
33334
406576
420841
536172
699292
64888
333565
827473
436451
320327
305380
290529
749380
640611
586805
534746
358385
188007
144383
257127
139739
217157
599939
204975
761824
253894
282223
919627
222831
191262
864049
933703
789882
51659
832016
17594
38178
28584
527988
781688
465988
117545
350624
982008
767561
929432
296851
649736
331780
110268
36936
87213
643952
884268
417946
158032
507539
542728
744893
193610
737803
656827
22836
323966
467493
682488
765654
155209
781716
934196
873978
823691
909424
820427
226759
661988
834456
494804
918435
58409
57917
681228
41845
326033
388572
472932
272198
955698
245719
86674
723904
800669
628001
295732
499800
182419
224466
312383
504511
594450
325023
922612
508166
534966
823975
277156
910087
949466
749251
287831
133820
988126
133319
58053
203158
611749
794592
43647
10734
67854
804706
205363
999585
321962
618767
984763
782337
359578
20564
914779
50991
360004
148413
375790
484611
819169
925299
321941
931934
638467
890678
88249
216974
985373
456837
513054
969130
692019
279953
176722
226762
865119
536140
218404
824233
527830
812479
862886
756613
634042
94633
773550
469077
199090
362490
363053
399548
878754
21891
114644
135701
166164
71083
877475
11266
972423
343013
146934
793046
957922
499750
807669
666004
306273
734884
527710
468410
194884
323556
915781
686408
305876
704899
295369
506840
56076
633171
826290
893602
446139
770523
196321
627475
337822
472567
344914
541519
653082
981939
98953
689665
381171
78168
509870
437292
522408
482695
300992
475818
552494
935019
74215
961405
417993
220709
404225
556771
103539
212218
767923
405890
656707
814094
908412
327798
235791
652942
163248
348056
623166
438062
244858
460029
241006
634992
179489
907448
911995
592169
330659
185799
735397
664705
963874
429430
67696
6297
1937
331574
633512
958753
313370
664068
652272
999945
143202
707429
859716
685661
575739
281415
266906
449229
869059
534432
915351
180911
195769
493529
635261
854619
259014
21149
992991
636662
256668
398894
893255
655855
583409
882032
334739
529797
497353
861446
965387
340711
256668
86167
663369
569711
784574
884425
483207
23486
54975
92958
99467
694646
475370
935387
946924
51948
143652
578286
979151
895116
596492
948175
599310
986380
491888
549653
111722
312082
52169
905714
958067
824515
172751
842490
660000
57251
588134
529892
298514
565910
409150
65628
294494
797321
546621
219829
48123
960131
958366
495596
671078
361978
572533
158532
640466
472786
510101
408256
106575
53950
111422
626631
203126
594292
455185
765515
188865
916262
564627
236383
220085
137169
582269
735394
80840
368220
228930
550641
772976
644155
244485
619795
171683
96811
664247
63417
746651
451356
873557
6699
895498
526046
123960
380203
16740
346292
233337
46248
860562
492173
890946
835688
390584
392449
515027
110653
11581
664270
9907
271975
775209
845943
420894
386443
11771
832641
421948
287469
928652
579954
892665
290159
481477
793609
338551
13049
309657
583653
66690
54011
381258
831121
49382
903703
821486
601105
147346
821061
729638
600699
175037
516615
805225
941024
534188
530620
687147
219203
698338
673304
841440
410033
424465
902611
701934
49797
932128
72374
350860
219293
151108
293668
188000
186987
581501
945457
221599
69415
132891
208535
356273
832120
852612
597406
54678
767251
593590
601581
589116
895017
999921
469620
969159
243145
961815
16360
242362
45220
351118
15904
759298
307117
129241
67488
437456
718834
53608
779517
107732
155088
767138
524286
365290
347263
164511
255329
841569
66559
168260
465380
71027
469964
802014
515923
967272
687173
211758
380495
334210
896616
632974
219708
737149
947627
304793
409647
856198
64763
314927
175428
236612
113971
217003
967419
948498
13922
719716
874759
371467
872477
373268
293839
324938
351558
372417
624166
163629
789420
658739
285398
314140
814397
414141
358079
603697
150762
241088
770012
319448
254076
604194
956738
543293
266575
768258
576248
867743
859837
661495
155154
458731
766658
327137
684800
570708
775643
692825
245766
605732
159983
833126
7983
420328
628431
401980
802353
564312
965931
250587
478333
466603
567945
790315
998369
262980
773676
970522
725786
486598
214699
173830
303205
219120
297309
359444
527381
269858
661130
593765
115928
701747
528586
256535
580458
819295
142163
111473
978934
2146
854248
761128
634417
246096
409059
699682
409321
474165
94210
501271
838491
52883
789342
5880
950469
838355
686248
562622
29933
908616
682439
824807
762476
23930
688621
524143
397835
973663
124632
865486
744483
383828
787542
277496
733550
39393
56379
328751
149070
677090
585715
431263
299972
824113
541081
544640
711314
197585
710207
900933
55444
472382
427926
981902
286661
9472
899985
406433
111429
337490
704914
962144
728750
751376
32805
248073
647946
167466
250802
256966
507441
109994
317661
986832
81891
209426
55731
346362
674986
334050
429029
585342
161701
263036
733548
243953
871220
981109
73730
459310
738646
309822
631458
910224
313311
98740
797177
205859
257225
214989
963315
696210
891948
10293
941944
545711
796209
533201
621744
757678
334297
959785
178147
349755
287891
561153
318491
769729
130313
534182
591625
564285
733213
357532
327465
17519
663632
339728
791155
325652
836686
356364
276170
586068
320665
381729
884454
822726
516993
273211
526297
212691
557600
421692
23461
415141
23721
643499
296865
556186
272888
565459
372548
785658
349604
671772
968233
246200
894909
275108
702095
528300
113839
435490
979199
635968
104892
630311
984797
32584
989523
133578
322131
670155
262340
430203
262478
572816
328817
637047
611882
766755
456550
91592
353717
997520
762111
797076
506289
473016
771027
217918
417966
785114
382871
212568
314067
186557
100189
235243
24895
889074
304493
787613
117731
197653
267636
560658
171350
784007
88763
948833
487904
495810
58795
719790
971796
725784
188553
307795
256933
329496
543026
790850
408758
580133
531677
685984
477331
748255
374101
879733
814137
368490
112119
27002
962786
666497
595425
556977
412386
108648
333940
296786
864040
459874
555994
502623
971458
352068
38314
371799
302339
724642
326877
459516
5380
508217
50961
213281
754115
686137
564219
29158
817910
539472
451132
271395
6082
535807
549325
408261
592881
123823
306843
406378
738199
932580
449371
69751
684561
697273
721157
22303
285268
991263
306120
28126
454358
866997
920026
722333
712811
432812
650082
112715
11206
549562
933380
184629
624384
227189
416027
376578
587564
986673
122982
217957
941018
822828
971025
266974
678352
450655
213823
579763
897497
995177
882822
807676
127154
119658
221443
593214
973822
970567
323942
300160
341957
665780
117733
160154
521088
672783
445656
616202
112764
159066
808837
150139
401727
222202
341699
989426
139176
539411
97706
709570
672037
625551
601498
94214
826647
259945
10532
342301
279239
484387
70029
301131
72793
337875
18356
166967
570525
872241
65092
797458
840370
624198
12346
523609
796337
696199
478340
786376
567854
577205
203465
342636
858091
84914
738066
288118
614016
205350
980063
869430
771987
576900
193823
243759
581175
914490
403725
469593
842774
415113
554792
75343
447988
223778
407158
245763
862850
383805
257302
782587
133485
515036
813605
913716
538737
411529
711315
359323
7033
422062
908209
554864
382733
49778
621064
669422
965143
877118
172661
102628
590238
932037
131004
478029
655489
236915
365721
345441
407353
87197
267697
391629
725414
759152
797574
915999
957720
25624
947297
244853
731476
370256
657488
929043
620313
191740
397138
825537
605308
354395
414521
526104
569526
80175
320679
887040
574907
373876
919808
189454
201706
546109
746851
421900
31693
885063
40544
290040
963923
653028
700784
30566
330567
460343
473835
973868
922969
428261
617514
942208
627871
242943
303904
205154
62230
831283
160433
616359
14012
902701
377113
518225
996863
416640
316020
653192
491118
338893
171021
746127
189540
318126
861560
965296
355909
629391
93755
488396
203045
938582
383276
689152
702583
454601
255786
916556
152389
813421
438108
316048
980413
546190
911743
979748
669328
172597
476931
264084
432661
332541
167250
537147
320198
778561
988960
382618
199538
372446
171430
125094
69410
387276
882152
490571
312963
632967
216672
828977
977584
834994
275562
671456
322975
140840
811176
541112
359360
286332
290181
198515
319578
572172
864204
807351
79285
746889
642590
218862
563212
447355
602430
119758
174282
367077
42895
718489
14103
910710
185417
675243
41173
38078
313151
137907
153087
587031
231883
339999
759129
604172
779503
225963
152955
542827
756370
756981
562468
751020
517046
288803
770255
155932
822493
231193
891084
822716
931959
204387
35618
399141
489551
839540
159094
236082
789101
632443
767379
366567
433745
211044
373768
565883
33987
189194
770782
700846
661538
392439
150995
701254
503239
20382
403819
439964
54905
181791
975567
405785
426448
401177
156404
754889
218935
827143
44017
728157
880193
669772
764129
215179
87815
165411
808873
163543
458489
246481
264655
892121
412388
296128
247596
202772
254350
594925
315443
225501
898167
551505
8391
762447
765435
456172
958356
211282
818250
756390
824058
562237
752686
161442
279949
126979
210164
127191
570050
165010
745070
371038
4470
994366
741127
427623
872529
548911
553981
92289
59907
73362
934410
436331
292369
431604
746981
100273
53543
140716
644488
499183
314026
720283
188930
177737
178789
723783
726552
817811
124141
888474
778649
880727
821804
820274
168724
221485
651032
809800
133410
152601
635144
563516
837688
29807
710100
435557
351877
723853
282717
441982
948613
85399
571309
617344
822493
410741
189195
765443
597578
399280
694715
92941
547965
657890
564080
773915
820748
238621
407166
684871
794410
433305
378281
667099
62990
820343
325662
710034
222546
558669
231890
843670
123792
348784
900686
556891
60015
454179
168739
562059
260306
860062
968834
543565
725247
907651
362416
884458
775516
339696
965172
692787
798877
584674
604791
54570
54740
41685
421312
423858
951922
795911
267733
544249
365993
203254
151874
612996
93040
998036
119494
457176
367522
925162
431260
512101
984930
189505
890343
390190
84976
670381
324176
199108
329264
873614
973890
167110
957665
483131
939113
774170
526551
962610
301324
982601
281317
875630
364265
419851
405919
473038
408294
198206
548555
268154
457213
148776
923146
207999
110585
787972
167039
29714
791283
232454
986556
600397
228672
769040
774571
934995
307011
592871
511981
661665
372076
769298
919045
739513
626020
560514
776853
573343
313207
416473
574862
302970
661179
946087
555837
412139
394619
23772
944104
142320
987195
321365
196499
555821
225131
251131
692389
958207
940354
217977
944530
724046
525577
873258
974635
258708
789666
838461
801309
562548
709475
15887
376960
636437
429451
338749
645908
982767
291200
273197
805065
916952
855489
67755
153920
564506
17580
560875
404793
352099
832343
452098
281864
751343
141821
762745
744313
499753
315090
708578
409372
740343
745826
507659
716958
106699
245419
660881
26892
206584
65878
13668
346661
811442
584697
437241
201964
457845
522922
122370
82075
779629
431535
283576
548618
683584
380251
68246
685787
584253
549371
744720
599922
820695
750264
401481
561056
367755
44434
790234
513242
709211
435392
27307
240290
414596
755450
381616
510915
967086
300546
304781
5496
959357
459782
386999
806051
922728
786902
476037
63022
972148
636090
965260
941459
523593
773040
524791
690090
41649
493954
165575
557208
301729
120526
793675
61461
193594
964484
670963
6321
754744
890578
552145
806238
54780
199890
874163
498508
540566
836561
349632
539015
378357
790061
124045
776848
445562
94381
129244
110631
412931
116522
70665
342170
314297
972410
796934
218763
232086
504441
672731
591927
552729
146754
619761
209810
268362
956394
668128
626071
450122
490349
788898
507142
551113
855271
53975
544642
191184
668593
36016
780774
401410
720928
237489
209556
129933
993628
367174
257407
393305
143136
491763
868645
746431
490630
313602
227600
779433
255440
423038
250778
608066
903719
93196
739515
850097
470888
979657
456389
162370
767027
407456
917004
515078
395654
121571
706960
80033
165099
935427
678733
869322
945545
590456
256504
490209
522923
400266
115126
476756
167977
913931
970823
914977
792586
457843
280258
338798
992341
216842
64609
312733
608518
318589
104644
226281
946874
919990
536825
222619
854038
569032
192174
427631
365228
161959
208397
985062
7656
972258
669057
230932
763478
822611
395127
737723
424070
678206
348727
483420
108630
853968
182534
930189
794208
177206
114441
801848
616699
290288
978330
561115
506287
530557
460913
318618
480763
756514
521066
580751
86023
465226
952126
426795
487197
913555
386402
859962
541454
861077
516758
279156
386051
703335
23478
615550
588712
694513
930932
346450
592235
101157
638143
607258
59173
815611
692373
466375
267013
698916
211509
906751
915072
882652
303787
754136
683843
363525
204994
161208
847686
391731
608250
53511
392201
816193
86083
951344
288549
246614
288699
968305
290811
671792
945385
78217
419528
373925
672907
881442
86106
327507
409762
592711
419659
490285
306334
129030
717987
288388
885750
591776
746857
27850
744503
548946
129335
264880
720817
35692
882587
563325
545167
162094
924041
413761
52924
137270
716318
285972
522567
410856
807146
207397
192261
890514
348278
538970
698278
167120
766628
515950
32898
91628
408816
227176
136444
313546
506378
239423
427866
817854
808097
143228
936862
623442
299760
708989
589559
805952
984285
904925
21346
751777
34756
263732
144481
633979
524185
795535
917889
245061
984578
124680
494412
201070
973521
280527
713395
814826
661816
758761
921717
854059
527919
383760
966527
293875
468694
437950
380536
949640
50834
36541
659099
946919
346009
870192
532127
688842
851918
92898
647922
100396
48967
428286
58862
808766
567103
455377
419201
834367
68695
183702
489454
766412
332373
431985
990656
524134
540231
485671
86784
587541
744166
451723
40270
835781
450776
489365
298926
371705
219661
153014
838985
669595
135305
10795
661149
826607
469076
461693
681875
406001
620938
109881
450949
579952
683174
47640
896930
35005
780651
12600
296551
670254
994524
822023
711753
172038
386482
176324
400235
625370
296171
590507
987855
969510
557265
598993
269904
406735
860891
314602
908833
546654
780643
981332
827257
44566
540061
420250
616162
521238
694958
675146
328948
919035
75613
880205
306287
842962
388923
286939
24636
426902
851537
652012
108474
844239
527000
109427
327414
336902
20281
398665
683361
858677
430614
653878
850384
194842
161459
126806
123758
438991
838978
949665
965312
456343
855994
541980
965223
95185
563179
684638
35643
222254
335651
772351
961063
812442
287876
158856
939350
623801
496595
894388
309288
640100
870573
439538
211188
254138
919333
548562
107912
508854
116372
662707
780625
722745
963078
63795
838548
158771
670086
837843
497653
535885
109860
640082
471848
263045
69274
213458
191582
328074
573127
436679
511861
883328
531997
612844
105622
687556
402435
671107
903282
890585
550584
16077
386574
979037
119176
88463
453378
388464
705133
150728
488475
956046
964960
210089
373607
71599
99112
245058
547326
667546
578324
621555
838506
102808
874891
475425
971669
399608
244679
887258
19419
668125
127106
868064
880096
729375
336082
900791
534516
749304
771738
519928
455348
547345
273683
670909
326416
557564
629650
689910
375188
894197
929710
990560
52411
348852
407028
50132
374399
604205
94600
590726
461227
789874
868348
460650
188770
816474
380765
397873
860599
299397
125571
160897
386886
902725
783951
175994
806136
108584
184168
536621
403847
832780
262927
976086
895923
460826
858230
869339
967654
418375
445299
376448
535170
472286
800413
328482
496012
748741
784036
145784
268138
359270
787345
606212
588642
787581
64380
601358
861611
550271
298295
122176
679992
890466
147856
919015
57479
844402
550939
232839
486429
884848
714746
847539
601623
231700
593645
877051
149224
750783
687704
785571
147095
383495
358219
680759
983887
512809
967189
158499
630607
570518
815025
761126
209567
362381
917623
821552
767399
473469
477979
200531
637623
710453
819566
124448
406197
769222
702746
819196
682461
139640
64861
507431
780058
441650
116015
859340
704460
701641
560707
708104
910378
89535
606389
164916
356040
192583
678873
476886
355887
897715
380904
942617
390171
336868
191697
778014
599051
685576
71040
58840
845675
962922
749156
217035
645309
214286
702505
679922
171265
178775
270129
144735
257074
835201
15280
660207
469590
976362
672370
94172
377497
433741
856903
57154
427142
561558
262281
489074
96725
721393
875575
358289
558531
533501
392185
124162
661262
168544
467110
814424
887637
579986
438928
733798
192318
594423
297746
893409
280859
895328
852552
241270
580366
338280
770997
864244
356075
550757
861687
782430
356780
254344
988358
147579
874038
816197
927309
607683
909638
111589
565992
398612
586529
506379
378584
761262
8508
92880
53848
249210
391070
354818
897137
875666
199004
307139
873816
14881
480293
658101
287699
916617
374490
299683
739686
888024
616772
367602
944687
96014
88546
395118
895312
809623
701015
786584
880807
766160
257886
140001
504548
894556
738480
853475
527339
417609
703358
724645
222443
370217
618941
420647
194440
356649
692495
576790
76537
864269
450144
943914
102881
519405
446816
355426
280477
990473
379701
922389
60909
291368
621453
699775
503836
63123
599366
789859
322322
410696
531614
100702
219561
41738
890760
445148
722450
33421
593169
17293
497662
364951
577659
794212
565368
222225
490273
634414
441232
319182
10864
645541
855652
22018
629701
337998
996797
662982
447268
670544
874344
527553
845632
272821
787321
745883
630424
14112
875527
326155
614154
275701
468931
301319
943617
592259
185710
329740
152963
113682
432485
495822
237694
626547
201394
854232
644560
759983
289342
708528
943369
521054
124733
196111
831285
907611
867496
902481
564506
58319
36729
343679
134510
927890
154592
805349
108675
195622
508762
31848
385526
92373
294356
83885
202743
758524
748313
963804
933930
476200
757082
54125
118713
239354
153269
105377
545080
283205
842104
970577
947228
766021
500100
749250
866488
131094
392807
587784
541270
409783
4688
333897
315991
972086
851878
987506
900913
319849
7587
127590
798789
461112
35973
792970
614955
583567
392147
545983
374217
612739
896077
765530
352149
858930
607519
649661
743233
812586
753292
934602
761866
895106
517571
31395
624993
679232
211764
275969
5503
350237
388658
686286
42778
563710
252549
462084
466724
352657
759432
106100
673884
826960
142629
496439
434755
51256
718825
387070
842669
110255
573745
215613
431068
59892
488786
261372
270041
726656
696330
623119
689429
94566
843928
772804
761922
707040
33772
868972
604479
836288
515420
330219
264336
761549
387333
280601
358703
117073
371900
459281
1027
874161
28542
972481
766602
396739
763407
708201
146559
53906
142308
305435
75099
640824
970350
892139
433221
339427
882221
21230
999867
6433
491147
717634
800482
99889
696127
939721
136528
770453
497035
679708
2789
708002
499501
824577
416734
91501
101382
699342
56095
950671
169365
437402
648641
89035
468942
638458
685320
515875
376572
500694
960605
751622
694206
894862
748963
996806
383786
545905
180441
156410
399759
150747
483974
914488
546197
546401
628202
156684
153163
954525
878391
10557
40857
698175
221351
912467
755271
214959
823453
471353
401180
94853
928571
417969
841154
148222
29153
105644
486219
443949
337208
538977
648842
1569
397976
578610
564288
218789
704548
850649
933098
172620
495707
686077
974604
710535
912603
215792
766076
287066
786571
522498
679079
239230
88242
95726
594626
658173
399061
433782
392183
808247
888555
988363
812814
742424
97386
103291
378500
561689
957142
606298
146498
521451
76199
223033
641077
907283
720756
558731
82537
646254
831979
428319
406969
977825
182701
31505
990332
164055
813783
13989
599571
340772
739875
661194
604530
980899
845935
608671
525471
550216
318866
943176
976947
604137
922658
6667
351462
475822
680234
196865
785568
687477
955790
622074
390930
33779
173429
117347
357869
593528
509504
117462
475893
73777
794448
861474
904924
111013
546734
742913
803021
819970
366320
476864
797695
440907
607254
317256
772265
412100
483314
368105
572004
401835
889823
712924
603427
625951
365261
42909
914459
258024
281419
552222
980797
493182
232400
527742
909561
757753
983708
19616
753663
609011
757061
772026
283200
245804
647187
61418
336543
820154
913967
603354
796673
570835
207057
93495
702443
234600
989463
240387
869945
641000
151029
461138
220392
884583
228272
174139
734762
371270
966109
308120
10654
417042
678073
466210
939874
261394
267558
960944
118726
659934
316228
418307
303960
590636
677429
607620
995822
289078
506293
178532
578909
326900
509268
953296
987470
263447
604233
976521
573516
844879
827051
369260
448697
453174
573263
159008
480773
125817
199940
796788
855240
749597
516537
480841
779175
549973
902616
428773
589147
376166
762459
833476
884108
880797
284786
743539
558601
253031
698075
325415
865923
375936
129733
743003
813912
948228
202320
60708
223720
233463
566750
976829
672654
53662
774918
586530
467211
529500
836632
760162
879479
719106
331490
962833
648430
451999
979387
673922
244444
340140
670764
505100
471920
490334
133146
898192
566194
521558
47777
188048
394955
72164
644489
451195
38673
380567
47432
758001
784305
140269
975384
374747
558041
603863
209217
748292
184465
207155
136598
902414
381679
859028
133968
991501
298834
574756
135199
543967
299314
588229
99243
73026
498303
147394
666906
892360
143842
992933
917536
499689
497610
552061
681144
413627
941380
948199
983393
710246
115144
297544
603674
769557
432818
659633
923018
626143
167312
796693
807991
694840
961074
745801
347993
276183
89537
953753
685139
115930
349626
94303
669061
131160
485725
447167
25745
462590
247190
812430
71970
366550
826491
952827
856660
556547
297937
965563
672181
345555
561210
621302
39810
674528
585243
926980
516409
438632
415925
126151
473730
478911
940301
641181
43507
749139
864726
95934
476395
108920
205825
465054
827771
964596
579246
233705
633816
795167
425128
901406
105933
542539
187462
331533
51453
779466
544473
271909
270293
882244
887059
346610
769226
870401
648836
737278
109010
963706
703032
767658
474427
159544
969993
993788
551094
636118
936144
938766
982075
590407
378007
664164
323397
794659
555361
513146
385483
272340
972668
643342
716996
186111
14224
189208
278863
96239
135204
304678
57917
939321
556755
888471
127748
84331
375235
60935
51328
603328
912972
594190
941132
680746
308884
649486
892882
140338
458317
896747
376222
831940
244556
249110
260148
899325
734745
901382
607798
378280
322110
637480
296595
823649
20771
972084
725076
55120
390433
436436
150468
23394
445371
676265
298664
373789
842960
416232
64597
852687
658460
234040
768550
680427
566201
562438
790281
101405
221337
118495
451509
647517
500284
380467
17437
318083
485049
693163
248175
590920
981763
185691
565940
66574
127807
858326
795483
616589
923277
815849
145079
75291
94074
909378
495293
453742
670636
410708
218728
932950
717994
330997
219672
827788
996223
308706
943177
839806
541160
511859
392013
554272
508208
760465
718675
810888
911045
716438
912842
142215
885201
153356
487056
453642
277294
580045
611718
953578
231613
826349
55843
844654
634070
105961
719871
271188
613244
637813
295540
287994
104711
251581
488196
884536
621815
862177
399705
359422
728801
185508
147171
777489
19651
304313
405795
155147
596945
23651
284716
290662
615522
44109
69555
693895
704146
983308
432190
761367
371459
844622
212497
546891
922990
336664
227999
467791
833901
385250
637724
483766
161755
281933
669314
330135
561522
770993
718897
68434
980162
263319
725069
930678
452171
878642
565322
508440
853821
375959
458888
781680
11532
496608
446035
914234
214170
413107
391759
34086
148381
727256
938548
33817
775262
862042
927444
369488
807527
25677
161800
652256
994256
191223
1660
939252
53510
914927
401415
413733
336858
523929
240312
975368
282062
556728
29808
371775
521894
981769
784128
560730
913716
50679
953375
315996
238830
962277
768587
296753
749712
786238
438079
855104
444081
960102
59487
517284
66809
315439
565519
889936
168175
52782
622624
823807
825082
677841
398856
200046
84703
320540
88694
976913
759981
133757
660046
286441
548686
496941
275158
806793
730942
373380
136076
430275
608821
127420
941424
651677
173980
518357
317657
250344
974837
282678
870951
379179
299362
990630
525974
725184
861530
561713
580488
970732
915075
511745
207272
461303
729892
808737
60106
989646
38571
915275
146963
541460
399439
917125
451699
146551
987401
322867
178984
771460
50894
753075
64585
396005
642697
502555
640123
102945
969496
928293
782108
983345
625851
935555
416821
594597
677542
670352
137620
292911
190299
387172
746650
569182
697853
368679
123741
674568
18695
45163
221600
450763
894861
911188
532679
619497
357757
655044
186893
477075
762506
18230
557303
49782
176909
494155
568862
466496
878729
876504
141814
474480
157413
958006
425987
972771
544414
797358
394303
65431
47574
124592
947721
597702
417085
584859
368259
872294
900494
375884
989994
342445
944220
420284
5899
696030
197641
525923
302683
579698
478179
574824
901362
694425
857057
419615
212791
881288
706973
983848
568199
170126
510553
40052
305014
590620
343430
474304
354528
82898
151181
467452
735789
793672
607474
395915
206733
649861
906424
447114
941683
332494
976662
886923
163672
328972
876701
383713
381884
321351
361564
158349
977941
811428
510774
559912
889590
442427
92602
477341
597740
256121
15906
772699
272929
634096
815646
88330
30623
340946
535762
117886
509139
20306
873981
88063
780972
812800
193907
5645
395826
415071
712124
402097
791357
579950
985760
779870
319405
768534
685268
861586
611315
517869
512109
27607
813355
522851
443155
280899
266317
452073
616378
667191
614847
920969
33803
926274
681647
339097
905875
873660
502637
310063
213284
271388
163337
880452
470229
251325
215760
923190
929356
520249
610
238312
307492
360827
876921
654822
536701
487516
663904
386276
114657
800477
166873
6510
946532
576159
206256
604036
891332
699468
596058
563600
343841
897394
707627
359379
930941
90176
998113
560307
942963
200015
758421
48007
582822
210032
776387
382442
886959
939551
671924
537788
419755
175945
595757
66819
761682
385587
922339
842407
801413
722791
363994
652422
68695
753279
186818
723251
840293
819495
731548
231687
725207
733900
216859
187873
491580
574533
346564
324367
146399
93384
66274
39707
931775
383722
606606
799280
826318
623079
205755
919820
498049
650064
827624
270539
735807
744291
720516
410964
666631
296335
239118
454948
258153
952067
654984
577696
399037
96954
396431
254195
60890
653602
338277
130243
804165
736038
854612
254568
640504
296189
721834
862055
396792
568540
697481
481193
635396
6515
643990
122766
659585
662897
73580
105413
90320
110576
740163
865208
928932
661716
129534
31169
795537
61409
577531
7546
365431
600443
321459
38611
565676
833622
553318
76317
79100
982998
588516
38973
53316
818296
147093
433703
520636
468731
85980
882259
981829
402804
110330
954922
744414
314225
836360
423426
621126
500257
465297
49925
494455
956880
140625
838245
559527
496646
450086
339154
956219
4294
642483
930920
18259
229460
965233
915259
622166
961107
345608
609666
350605
34902
789242
415716
806361
880848
955369
674783
317720
389528
991487
5887
233775
58129
362051
293210
70749
508891
473653
900481
507597
728443
566649
624656
680206
279061
256665
557181
419843
170836
10106
485374
227277
347942
160912
19637
650720
11290
189095
279921
549848
120604
318369
609264
52388
168702
917286
749536
608226
779747
295374
994784
376813
972414
165142
504071
763291
129221
384277
728556
702970
126967
168785
523987
968529
362144
950933
109195
837747
61523
623842
890802
414524
497447
496922
383167
532579
684112
671098
863903
281987
520924
956180
162150
602950
669580
772814
286478
945451
844170
682945
249760
9515
764829
855384
821919
466165
368215
206045
842164
812472
722551
258683
668687
886077
104844
967489
54654
840924
697719
584142
693103
559230
946358
676163
385602
84930
394842
970179
284028
172361
707395
713822
432532
341468
810479
726537
694528
794672
694781
451202
278384
646573
82754
951967
453410
482200
948197
679034
967775
529766
36156
65811
914140
129544
756442
551906
541608
624284
747527
659900
21794
297202
74841
804950
575914
402553
988799
268093
503068
610639
792923
588878
853234
958451
405988
254
501518
602586
824946
740204
167724
596828
4062
228184
427453
614563
94540
93484
715660
456418
621538
729883
144426
523481
880266
272981
749496
317631
750754
387210
105176
5519
510415
768769
151988
905722
662321
672829
67764
26130
759790
325813
140816
219669
879535
256849
855116
498801
327059
201787
98575
518437
773965
469632
848186
300773
817114
830836
502741
599204
831760
784831
352127
896736
736032
55587
38856
956508
637704
999433
763967
874795
655042
547927
310579
336750
359067
360067
172913
263580
779321
784889
84865
679086
426126
101127
213641
47622
57370
907094
728949
253269
587900
166735
427913
216678
356174
631909
864943
419867
452701
267287
982342
284078
653087
205384
373691
115630
452254
647558
347045
244601
828087
876278
238567
307035
642858
118375
426595
753858
473268
332158
391404
358878
461411
6432
753517
264681
737655
302820
663600
832725
33635
102951
697147
783518
268063
832639
555752
527100
597131
305694
81283
133076
277696
875539
464806
630937
268640
468031
348842
592401
161884
427807
845934
881281
300169
572788
558241
676443
340972
194911
371080
560597
746446
671340
380748
617709
575514
312915
326821
164606
441175
346430
428206
932261
983398
419222
807806
731370
268108
158059
660170
213407
376125
926150
981847
371325
135062
126255
736
395483
390221
810694
811694
324100
511994
815725
437028
173597
823507
394227
315440
921791
664316
276166
565408
978917
535518
789851
711224
281748
848965
272217
826096
143737
378876
607983
363706
543516
763748
110724
359304
468477
67404
524815
649311
265626
122012
660948
437562
499677
996163
574339
856201
344291
882401
354556
157146
61776
845741
145018
709525
644292
873958
228346
311014
639553
985484
983562
328012
445676
835889
441069
902536
492341
840197
408158
260120
576968
737338
475637
485210
199474
29613
812661
596442
359255
38257
714497
169973
532124
584546
648322
367688
780705
498091
807390
806333
289747
580988
520540
246357
25747
313487
4892
320482
690977
63328
555928
550205
205526
75820
922978
801760
917427
742544
110364
213515
807776
635865
293985
700496
738855
61704
800751
861014
577885
768319
34356
437999
287619
464262
311032
437707
948400
434599
45105
214519
766620
90754
328252
912080
684494
609794
673958
37195
119211
974837
26131
712212
987066
100815
123656
88263
95765
559866
937851
1729
706248
65291
410281
146264
160325
113802
991098
891167
540396
162231
973828
654397
780666
273981
37533
633391
136336
126188
888118
697978
686854
673282
53883
420277
744403
568367
290283
377587
616076
564933
274667
926858
763558
604719
273229
878233
554466
512995
826842
966727
974268
708671
510406
373857
405867
145658
446571
739463
95993
508553
207038
310109
992107
19694
34268
658250
210957
12687
776511
84885
850705
187647
447512
258857
692850
462782
615474
669822
245363
29039
186729
240009
854379
709189
629792
342192
64259
706715
509327
782985
963006
776680
981979
981326
349939
873678
593357
425007
461569
402031
425095
273569
450665
364846
730168
936429
819686
646387
804186
683400
57469
509686
510192
383010
42038
664088
432973
626393
48844
24329
582811
699917
680801
646216
393997
187756
338306
291725
807009
352298
879961
829379
768014
318586
989864
197397
376330
632647
973780
428738
581376
780076
750377
783408
423982
176421
56220
449206
340127
713463
953313
830929
855403
850903
803345
1002
88058
78473
839892
530222
281865
149282
389242
279414
574255
246388
828211
851331
787370
534648
40862
727109
854526
38792
383857
249925
385097
233155
212980
542633
727977
799329
576697
886264
880897
268693
359885
732320
708916
368952
509392
532585
489144
931757
337913
132927
328315
780734
184495
896212
730427
312382
33364
237304
566067
158699
625809
525148
256179
357018
969773
429021
228346
663522
130937
682597
549531
283927
934626
671719
214341
737083
512958
869702
361480
607726
168324
523030
836081
57682
779154
960823
24494
299834
983134
224072
492802
945546
665994
157907
555994
21206
533043
73287
307050
74560
925649
853809
206189
336898
945945
810989
124067
454950
505171
930315
685432
825571
96130
236449
513764
237315
677057
235091
631005
795711
152871
448146
589498
322019
434448
626402
783386
499436
177363
208162
322936
321612
419368
345832
13977
275334
789695
383479
232395
699936
365448
133761
581478
718696
49337
845203
824128
866176
784854
947934
413632
947989
661328
424335
446619
549953
418517
335732
291202
575949
845864
816953
56487
909642
120404
789018
579605
691660
956867
424328
67222
113934
781248
488001
494416
959684
232357
694587
773518
360251
524115
854338
57844
209912
529250
714188
404137
327186
902881
191996
265931
648880
740112
896294
182889
37014
726616
261988
128707
411013
237148
613661
140272
75343
222764
840115
812824
548945
768520
226479
789312
667198
338685
633544
143736
421487
871071
194827
897039
909449
887393
866519
939460
460874
817943
764790
999503
943440
945641
840917
361343
696095
846868
114558
146151
238537
626516
720223
540596
161184
520545
177760
741608
69643
833018
58855
117809
560854
890317
861727
161738
432866
918139
803246
765353
916296
43780
825991
67016
791306
558990
862708
675983
828788
721597
533659
425003
606829
710311
419803
926049
95888
868670
550127
206678
366113
511366
978675
421601
65061
705448
984844
560108
405213
958680
827197
961239
400561
539241
116518
963364
419752
769636
782639
494032
720769
428820
416036
570258
155650
387600
906398
320046
90522
683757
205178
598681
389859
855034
437236
121797
348711
696427
46322
299115
68105
429724
402845
372568
403703
919514
371402
782181
320935
689225
956046
550233
54306
187031
403833
588906
368463
883849
545126
604381
947684
314798
883661
130615
599169
227596
271090
901519
561794
680808
420339
458879
221748
705125
409047
64972
872297
739195
279881
722030
19570
145588
268667
660322
59574
612566
778533
158063
113724
476952
993876
133079
501570
528916
775323
292920
265948
245883
406166
786605
104571
420506
618057
692144
347440
793134
703984
854483
8063
104773
416309
555605
390996
410876
221306
382010
495509
493161
124919
932560
201255
847880
864881
813356
518934
359843
974972
164227
205838
999419
474628
65569
43994
174314
626039
997532
820805
29662
756495
47336
160575
160623
507047
373980
432432
853613
273022
497557
745677
580082
724142
962062
901877
246533
199583
366469
350734
702333
378246
849613
275854
813126
357148
649972
785530
470769
741967
291994
823200
944043
370299
300173
879436
880842
907806
622467
789806
958548
669623
867148
522629
38725
968613
34215
73168
193374
752177
946618
714700
890853
907692
490224
512560
689709
391550
984237
568541
693144
952022
383588
209417
58722
450929
557016
907983
361947
642991
876477
472452
572201
639123
831849
768037
365546
347478
154540
316743
767082
505371
48579
510769
159925
319120
872562
228628
777753
513577
631720
23451
621324
301976
229265
660553
892325
265830
754441
7613
229569
639295
676412
743625
476866
53056
665080
178922
470531
890567
444435
509754
179960
708445
172108
404143
880152
818437
619669
161530
435714
866545
856292
722633
993103
576854
886384
791687
975513
128005
91227
120652
393182
530613
822988
398465
494108
49611
878963
298329
341239
694053
980305
943763
307635
221607
39070
523271
551893
990129
904906
868085
773649
639527
601634
520132
78725
400591
134573
67377
468046
841859
345858
880328
523559
443412
221204
723102
363788
436072
983040
835762
246398
91612
697480
851542
108255
194765
714076
29389
154171
329265
395837
745343
607974
481023
743976
25308
404418
240427
888223
391361
268177
869268
104683
482047
869553
703636
171637
103279
723325
131036
435119
52143
209701
205913
932512
291135
433002
162425
217218
512282
668963
681892
538151
504644
989789
258584
359593
232888
373962
645582
182419
114157
967047
841486
652146
5217
469458
880272
595011
12152
589203
630346
486582
444287
19298
530380
112177
860726
66435
868377
165650
421606
494081
110712
994671
45603
366475
384916
82976
370258
559738
405091
713119
184667
900190
362315
533735
930846
802964
950257
692102
571800
357267
721984
86878
413529
98504
596319
213488
309001
84050
100031
134995
302398
122030
937734
387779
194461
884159
497000
33452
316937
69827
842072
513788
134598
94403
565960
626806
53859
595495
245499
707974
626888
492717
654847
382062
147499
447249
801967
202574
972983
10045
634140
295134
486876
969648
33587
394989
165078
418148
494229
913535
458234
77278
602093
600136
651884
673141
918847
147546
771258
566841
417028
862457
321148
231791
132567
982630
641284
310176
676748
66244
283875
807355
851625
500759
304651
862251
897311
422749
915485
809217
7633
477786
966563
703405
933500
55060
682557
939997
714056
767416
406582
904247
588583
225321
622541
488865
544567
220776
709725
163722
578132
345081
138506
446949
565276
458250
503871
945183
511545
684572
797897
844274
952995
117279
536354
694805
904642
800574
187304
405475
6502
240879
628476
324263
473937
996988
706478
901588
461901
802447
686579
114650
732576
522846
802824
637020
717674
5419
756543
751910
102834
787587
600974
184616
630395
57617
731358
412158
372479
805010
219484
102300
361267
451336
790563
755209
978996
127347
992973
599190
747194
216650
808079
952005
545982
986455
531245
313630
382702
603551
95086
213087
725601
538216
77534
194165
672772
68302
90028
799270
310246
87130
45482
91365
556717
418769
768790
563105
463432
380625
322261
138256
740562
905378
361381
705353
744549
826661
372536
695297
965222
296332
94248
614678
883033
375749
910162
964446
288641
428835
661495
160309
355231
170051
505256
876961
24063
941896
864725
61694
391829
373441
277555
818815
468729
952753
304189
605672
467385
206298
604440
844505
162895
377486
645936
634835
466912
719399
288070
63631
38800
369747
937266
382233
248740
391020
389641
518572
234673
865950
29806
760575
452972
626546
974137
430375
204723
82051
891350
787639
103704
851591
419954
766145
651623
506549
365428
828687
688039
177016
906397
751459
986926
325894
82261
600729
786956
367892
760290
408749
963376
164089
611203
636942
589381
538422
940
483930
74999
142468
155623
320633
94278
515440
407759
910523
64051
544422
409373
760517
35715
629445
103825
692016
289862
689998
242262
575677
89982
167269
750934
411050
411248
812755
399677
668580
937514
914567
744745
765485
496215
702574
117608
39843
701185
563920
41652
861819
105171
286645
846159
594961
234321
461571
3731
204135
165196
828804
534389
112465
306177
832878
637985
339829
480841
759712
932604
233018
940168
273083
839604
355415
326513
362015
386557
513969
177635
426957
900272
761384
784034
567202
985175
598782
502960
658694
352104
772598
949823
921933
557412
383570
276914
60644
612519
803835
967760
475375
822429
925712
262269
188518
109025
961983
553153
298633
897268
875664
299871
914291
548999
713879
72479
525686
333149
472310
441827
773445
242584
110686
83678
721094
271711
295932
989788
485846
693124
460146
724412
517582
486722
863555
931859
480053
598885
602260
907208
956840
924250
628932
298945
848531
469148
329022
702978
766374
937100
233507
575746
729573
872963
614615
600211
443944
917956
175062
304657
386219
831885
163353
492235
605267
556518
499183
581635
142540
825536
617455
948809
479994
345292
687940
141502
726987
154124
902983
115688
137928
795554
913379
768301
398978
990457
220859
260751
419788
880665
836509
67076
874985
505637
115889
883720
288930
811653
324796
743636
478918
191487
810061
108816
87808
97769
596580
755641
743326
998819
621242
50895
946944
574262
470324
715473
140350
545750
981590
535165
2377
680666
81862
184939
530673
768428
13565
18019
527335
425865
658946
583829
767061
294
973093
371921
180471
198382
449099
76738
714698
182334
718066
265867
215082
434643
251314
583024
283782
592503
542924
872042
72961
111049
954030
718361
847888
550923
207840
542195
21786
339965
58253
292798
764991
639817
695409
726620
179039
57949
145454
374076
26300
172267
416416
583054
38999
488767
224652
800558
929998
369851
306141
222692
735235
333375
792712
921561
154692
340088
370821
508509
465732
687954
901327
188614
373824
390846
597199
111315
406027
79481
231349
893818
870114
369648
750351
737851
325658
346591
754421
227286
714716
486469
461190
75922
397332
578397
283719
494904
228097
219007
187394
228684
425248
213179
593704
613092
665765
751215
372270
694379
597817
560979
370148
666427
563671
583497
379125
660501
176565
60890
992969
672640
933229
54358
702209
918923
118772
424741
433277
156181
256906
706579
332262
427533
134132
547104
135356
35721
463185
67580
463666
61050
659642
591489
668242
20695
288193
292332
643520
692911
966444
529216
930015
364034
369334
96381
106127
296942
200389
320122
902861
774724
162184
608155
706233
211437
523695
372215
475275
284717
676094
466408
364559
90915
659984
982792
670662
833179
32755
686587
112177
526237
176230
208290
421848
727087
697702
513218
710844
965210
234330
933215
988091
90992
797115
691767
697552
15565
865014
184036
227644
608130
212561
333060
753502
80423
375543
361566
221194
209000
428918
789150
943558
627285
386331
838768
246043
480673
545049
551283
156301
174062
615768
683076
118386
530391
688044
559849
538395
219327
595479
305246
742529
177156
617305
222809
423658
804170
651330
724661
354898
603318
524052
969788
528187
336759
404707
298627
292339
678931
813798
353318
416875
693206
555272
265556
848352
988132
398995
586022
115708
318312
431977
397947
609955
629530
584910
829648
721348
2110
641846
197244
948089
740186
16874
938312
364151
643431
809085
741831
499159
910102
135543
436247
732840
190159
273593
493125
869266
418798
941539
912549
264668
947917
293832
18130
604314
499445
927813
793745
852661
732549
612903
350501
110338
922541
583148
585890
310531
263358
779402
46735
988933
742393
153856
746474
393847
496633
770582
749821
541513
143048
312755
145587
987905
136869
734548
146557
141716
368390
64993
638233
425204
461698
545174
336611
297394
660638
412335
568840
563075
265979
817673
380050
402368
507421
527956
834968
627238
56927
317634
406875
475902
195750
941152
445088
241699
735091
226262
565107
834475
46460
541122
96639
174772
974769
575243
752453
568353
767049
512644
337161
299325
575572
63824
719753
264675
414530
750340
767937
955372
563031
614020
714776
625789
968426
156554
555087
228716
492618
938232
383346
239580
736447
385232
264922
60724
884917
440966
758266
266711
354402
254559
237063
982251
370050
587503
268856
886452
203969
515947
5275
92063
812178
975870
35890
913011
883954
337478
658538
243121
441458
817371
468746
83548
447585
812022
305528
863688
325430
967503
850429
624196
990663
881131
748322
386569
686680
939307
335488
120267
44349
168609
25899
137960
118305
115457
980476
718857
992422
153543
265419
180992
51320
525879
824738
762816
332253
449604
413417
979106
838902
752459
136504
751027
384496
663602
688834
461483
180732
493318
14915
210682
290724
789343
139184
627051
152842
639431
255678
69840
703847
695133
990568
126524
715602
968383
888430
604740
135391
714088
29313
320075
723544
711462
104125
515996
724559
247213
995356
643462
952136
139090
630608
111420
838887
670405
746057
348781
242920
382485
982106
244184
678242
171692
884235
394373
28900
177300
130448
252670
497760
237542
135776
996951
250589
837553
328523
127661
227077
508226
496763
468549
745848
542292
151437
849359
710839
899052
244832
971192
208097
661836
603940
733923
894185
671436
910078
11821
39920
112497
701088
856000
533245
142420
73371
822455
486304
89537
698875
420082
280603
182044
540060
317961
775331
326253
624307
529836
623080
958807
267689
250256
369112
220918
178202
872413
169796
556095
6824
913817
675564
438939
123537
278569
395253
837604
82170
34554
437231
864428
836473
516263
523924
474221
644292
602500
233793
519824
833884
290505
799665
50355
85848
911795
202250
869398
390378
750935
962543
139214
580818
450478
145839
344132
721042
854429
507489
787594
297362
107607
61233
760399
364587
576954
86472
846368
162245
306585
30497
142749
176198
922921
615345
943078
553800
788180
957671
615647
104003
258922
795876
848372
103162
816556
650024
45884
252627
340867
680266
271094
300927
645785
303219
815933
190726
615130
990247
262124
861124
426784
278770
130274
570833
835199
298529
165836
554838
841815
171398
790310
97080
229196
88852
804339
767519
840380
596623
820613
462472
319889
443883
864346
146460
941692
313765
546096
68291
264245
682606
429872
609511
622338
587163
627996
28685
714634
401444
149064
421778
817323
108174
529229
9960
999502
411303
476464
128402
802485
955585
245037
622457
287746
656887
965883
567981
213495
925587
54285
127446
636877
702655
482879
687941
342696
738029
4769
349115
659310
601073
957570
637884
122818
510693
345844
916235
764417
66233
508201
127136
795315
694057
753269
972413
172177
388893
799728
609666
424716
650367
899039
942101
272781
696480
293720
335590
915529
1024
291695
103883
599412
445468
240224
676220
206589
34780
240629
765309
7262
238304
669694
310271
805454
594141
993287
103127
534601
3782
906593
290051
190512
260682
647335
133172
701680
931107
171889
366043
880098
77537
929797
206931
434949
579874
595564
194084
478757
582987
632419
952921
808936
343032
896367
288953
522958
653177
77334
470749
270910
216704
991744
885782
213567
134713
256055
196606
635072
832836
392582
226891
616748
345871
626165
656662
34004
270553
85597
606744
14306
258491
257606
153916
374051
306496
163324
865164
730542
1726
521963
224319
514371
589931
483601
38211
554517
755874
336805
561114
608904
841671
467425
319683
47564
479136
682144
843553
418345
917079
555363
772988
736334
668271
544670
877169
640601
160241
694594
281887
713237
985573
228605
129151
543557
696515
48081
294859
971648
39081
107634
311519
349770
861959
204208
705520
866209
783223
735836
286789
66199
186569
205016
594262
84647
160120
617302
513048
160433
915347
55884
606262
601588
743055
883219
880683
870409
202894
23659
525658
56278
784698
40817
875295
905485
898897
502663
368689
867457
136852
323406
764598
967842
600333
186537
312597
645492
552463
404059
221983
613596
852334
409119
227392
213676
724856
75912
705452
479327
466009
757505
802522
802109
474276
809673
12712
851822
592276
784674
968017
383878
381699
423638
845956
669788
91692
710077
320316
858413
826315
281440
385315
96679
258476
187854
737917
759063
22373
196907
675042
58278
608913
317139
961404
740526
935997
298261
966687
383515
647791
422549
637482
181056
486021
349331
492949
552345
279961
619339
948315
594809
936998
403829
441953
426554
660990
548558
439132
565892
286847
282984
257446
324643
100297
81391
561871
489847
150333
339012
906684
686539
663347
666939
12232
231973
55432
318087
534085
213365
841012
470030
254498
479372
547673
13816
829628
316908
20766
144849
804113
859301
11728
448415
564021
997703
129965
88200
438172
340926
717889
932693
623151
9267
598795
374374
581999
612277
565348
424572
77011
804893
990833
801020
707841
294883
945451
880013
967583
928490
268715
10605
460928
614435
920898
909755
149075
171176
105734
494123
630294
590283
120407
596473
617013
806492
24877
560987
622810
236830
230018
848590
699733
667556
283488
814091
512111
653497
764530
699151
487508
365521
443409
292844
411754
994572
620681
240215
279708
350674
267994
583960
547967
908750
886813
40750
668919
975702
438168
977905
268977
457977
333370
640747
473969
457127
109287
471261
847313
135017
550111
352926
772076
909102
894197
140514
794298
138598
751388
157983
484228
530555
722895
333602
633678
253986
852180
267200
715786
130948
105284
881045
920555
138679
421660
265960
625008
364339
175182
946499
596688
12895
205472
907110
361495
622104
66040
779598
393965
223463
142112
73611
299656
313633
169805
296134
381689
78362
617912
855223
669775
921135
583650
842718
785373
92826
992981
7963
499243
878071
489486
95435
417666
764105
917684
66682
522510
306629
140505
66804
843246
569515
11431
562800
12271
30949
301527
253584
630585
987868
607782
628281
1139
326189
340871
305471
321004
325909
597120
268588
411195
679645
642853
851209
397302
661490
168777
899380
124293
815305
127417
568230
334947
967914
449461
449668
243379
662187
381780
630602
145096
598813
780213
452997
318507
196568
381408
170725
95751
568792
945846
794821
95697
460820
204909
409379
654820
560140
3705
84050
744686
554777
755778
930327
197360
4561
578970
136375
447920
198153
494348
411199
575448
151524
966220
981531
308458
769068
715972
226067
750415
164892
922105
17800
685876
330427
726017
96352
630879
716732
636571
138400
523149
496593
78367
690296
501182
731017
265456
992916
154724
61199
418778
451925
184449
547763
364415
773198
483460
379097
616761
287875
36872
639947
962027
951204
87596
802814
128719
19203
54794
352564
734481
3902
307131
398664
30347
220218
347744
852643
864264
163792
983440
13223
941395
387481
2935
328279
491612
995484
271039
906931
850209
174265
67
851717
600171
809586
585073
898445
572102
684695
940812
656255
646582
103726
827764
778216
147881
382265
932698
612258
378346
655493
515957
927537
849354
771186
427250
521292
719008
813632
772733
443144
814244
647677
6863
203321
340839
310349
665566
680095
348473
292631
363720
473564
325505
801803
567177
751211
356445
55049
670639
95522
501378
746773
819251
632563
683686
883631
733137
93789
382886
324527
917876
17047
215444
658849
424564
40920
448104
559468
185304
548227
260193
862517
271731
66979
345068
148854
697199
539807
274035
841125
752226
485857
210488
11283
653348
816259
248463
935083
644288
60687
493644
317783
470641
232261
707289
161299
223778
429947
260596
35904
726174
806087
950651
25341
491142
966833
170600
108293
902817
294806
588167
186116
41258
453204
429144
143046
12014
887679
763396
366519
203710
173787
312463
114742
208903
867093
797350
455904
144727
898369
153469
347935
965937
979938
263120
812486
443566
439637
303154
897635
692913
808960
701019
519632
303746
96104
299270
8121
81578
804608
669105
217818
78208
12683
200799
118993
97225
469950
378404
373536
671989
971478
983181
836617
26173
330229
533038
744218
573270
949695
378466
473255
683784
342931
635280
446374
764405
623839
691383
763191
572002
190388
232612
851366
486563
6266
78362
989442
609912
96844
316211
297832
656502
859690
628295
380707
618444
288565
185828
739547
654365
122336
807496
791275
406827
637890
426375
872622
730875
57710
717932
896789
69035
77503
542341
223210
75438
125386
328735
913308
779558
723790
252225
31562
876160
551092
78204
327778
418528
521340
932322
74377
23304
683325
86452
173521
850478
17441
906809
112698
390329
719153
86012
168354
556936
954347
426749
925354
414976
790108
401184
395578
54179
229340
94446
228265
549123
207198
782093
749947
158240
154966
362400
514257
682585
64425
341319
125334
404002
808142
204073
686070
506259
794929
171106
155910
817642
373264
73197
552653
464273
429176
931918
855354
458721
130517
174433
111464
806576
831450
817576
738329
269875
299179
766694
80703
288220
318955
882611
410189
829240
762966
599905
573764
614093
820323
344156
403398
80890
486932
140044
689418
326934
870204
13565
656855
135000
919320
144345
915565
184181
820263
980042
228181
631472
407395
363442
891165
9071
165915
594996
479667
276098
88241
733482
776530
163237
672084
25492
324719
642
984770
823073
188824
696723
223316
913774
843853
369987
344854
995802
856452
565757
199666
643618
523033
188746
865311
947969
729592
629950
480018
519995
77959
637445
996950
253466
263779
601777
614853
572359
753309
620149
885002
222922
454702
387170
877497
47525
295046
370675
752323
547340
297514
212659
395586
945199
151173
688585
724005
675005
494948
395347
974720
16097
135760
456373
236986
425184
334469
544950
807835
546405
533491
881878
659389
856939
777581
840182
581710
829010
713551
156999
213780
836946
400063
584798
323799
175045
802044
17895
98724
164528
368298
539032
658206
349637
364055
193011
88672
543169
263719
139317
19995
287351
448216
960133
586080
670071
578428
152252
461661
735870
461737
840279
385456
551457
539828
871032
950
616184
450057
761047
117333
799017
876604
34300
789726
411181
628773
459660
684301
950989
23286
683185
112424
197252
627246
535596
968189
354978
999584
856129
627808
822677
888996
406590
894187
474866
551932
135403
904197
804523
281195
228095
310807
798833
826642
793240
541378
715503
168941
477007
998230
794881
825088
848352
767227
991611
884524
482506
515542
509225
354856
993715
842469
259756
387589
544028
338742
97809
541331
883037
230752
969737
856106
699262
232482
381302
205990
596956
349124
944819
844373
168223
753981
432611
443146
272654
507101
973524
545515
612551
997003
805319
875768
389476
872371
791563
896231
866030
857840
710497
291211
353604
95363
41571
633452
936299
508825
136820
298126
224825
783363
554580
164779
658921
899764
763244
942810
234520
444200
316565
912447
929550
241664
330442
883990
791853
83755
780634
960802
584174
450453
641561
543692
397972
195356
811190
285786
941769
489147
939589
807222
125045
551566
74043
226978
566410
465956
187399
523724
720859
31924
962770
311866
157758
380337
720578
377145
535036
876307
123235
161419
139084
119880
882924
379020
559877
882471
356207
726324
731009
203906
468378
19570
495849
590463
941541
144226
199371
855125
531348
383393
806843
423002
31109
775256
950836
980574
56896
541865
318672
168054
202691
569168
686817
151918
584316
943332
90953
95856
387397
823611
845559
143851
208955
84593
899723
632343
620234
113336
405607
739280
879545
875020
531337
411895
350653
837586
324687
967801
262416
614771
577693
489024
77283
935783
522464
202289
367590
414911
728712
598520
895319
977017
976893
413391
112775
419581
912708
649152
617401
887895
349074
785368
975850
660547
3902
48654
259942
527632
312789
76183
659423
543432
297856
926541
82805
312079
763704
329431
978183
765218
381847
514873
400737
764533
839288
201198
814136
470261
549563
226460
407430
460444
724701
536242
426893
202678
364894
716699
164754
810618
863373
71622
675336
640342
189510
771451
357572
481157
50276
282086
841406
581519
780816
680656
282636
203265
993523
365630
884410
628007
859068
186294
725343
32856
372530
878545
664859
72199
582394
510981
560702
222947
618566
282785
644569
159502
983777
778750
627826
801260
513487
677086
164073
36423
885402
832051
221364
922338
471226
543771
15776
267831
699504
232564
885486
560547
806534
820998
710598
97181
602624
376870
230897
865065
769782
381606
458991
896855
41061
151798
794445
421549
530466
257431
700967
908141
348630
93773
925858
340357
220489
514547
333379
993844
789983
159269
298000
746021
788330
825270
291287
809017
698317
966053
342529
110266
946501
505376
397375
521722
106056
430698
454321
660724
298581
553998
791146
139747
503436
782295
168376
469092
671529
437649
737316
818821
328104
227176
609607
291799
678513
956755
744947
596390
466324
104769
723156
43191
483174
119610
497721
816195
938780
447370
794466
634988
288883
496511
880929
642192
178901
346164
538305
841981
551968
394396
989478
946722
157002
92355
867255
815934
512512
341903
19775
36460
324983
461158
192148
337308
708666
747799
968377
364512
427383
43197
955712
576901
282301
47665
897900
613669
938984
761578
470316
791022
129298
41529
162524
910589
39008
817399
699608
490219
256258
572501
144510
617676
912167
173094
534854
713115
601871
82501
215910
691221
790023
874518
44478
997828
913555
815239
13690
679652
839879
249218
143070
242886
540805
253169
988291
383646
596317
487862
255645
592206
167256
644798
139852
704107
981099
173409
775939
390011
922150
620983
488001
581332
980879
481812
533098
738885
111625
121994
259701
308340
834852
951088
710005
791787
368772
814972
483866
681642
139298
387152
300324
857984
902240
73111
290618
630959
460947
254345
330240
782456
811114
177514
317039
505785
106722
35644
707335
742896
361229
183143
680677
769682
805571
190875
212353
231753
191392
446494
396759
224696
183244
376290
952361
682804
464162
914876
310736
544375
8008
102992
877241
748191
576873
835757
840307
515196
683815
884195
536957
161096
602983
971886
933638
218406
363957
134978
685528
455973
753472
457163
764064
668425
415392
361806
706259
360923
830753
235798
251258
954611
643729
995544
899113
194745
923159
401306
849408
928779
976648
591328
637145
737029
927029
291718
977848
570122
597294
655417
785558
160178
240762
846624
644402
399151
511456
705921
345132
413878
195067
480060
4514
894811
914940
835267
800488
779792
339575
433908
615263
83438
61169
131678
278347
176182
170085
575757
956520
309445
887406
770630
834028
390431
664910
719073
577471
393189
147772
755064
54673
899902
723837
835799
513748
59811
695918
422018
964223
318173
448275
158900
869272
444213
935159
695408
744755
301676
528289
304977
556567
348928
748212
933756
982484
546225
575116
473420
321113
371463
606546
766921
988172
417751
727861
704643
381827
151391
175420
945177
298289
239078
466908
365493
6472
475360
997932
206475
401739
703382
957711
472916
915340
422596
56187
717579
846413
951662
319400
940968
589880
323265
527381
262408
207013
398718
845406
885824
231242
559573
268060
452315
118451
896667
857343
499683
980565
284727
392641
80435
474651
801349
893756
503216
222999
129355
479826
880935
843914
75719
119388
969069
1520
322917
699815
773817
105079
110424
967924
665750
177139
269637
536849
967607
169273
108430
480559
737088
83868
754749
422259
501426
911047
864628
291834
999887
241985
331480
948248
264174
32582
132872
217626
708138
175738
95085
417599
345702
117477
691772
617884
71931
1406
253993
188652
966266
663854
410514
510142
293460
333481
296759
13638
892769
971706
450329
867502
505368
888506
297656
866149
204065
569690
551688
680439
272526
949897
591301
360795
946626
524962
819798
159523
642794
983430
92453
950866
477482
690912
676017
438521
330321
806643
248390
710785
32001
507017
286139
525830
687228
257895
843697
403636
483336
102029
594251
331509
586683
655008
18123
373912
699719
5495
135310
395176
266441
672671
939061
374104
792413
919492
851048
914256
940727
21932
855784
933634
896116
160479
433197
793
304888
579069
319826
970283
165949
556872
911663
829395
192198
440339
181996
938596
350138
975983
952937
15691
943786
138661
631961
245053
665393
418571
679021
71956
106536
227415
616102
299796
421467
258282
373058
151279
728634
922920
624307
562434
287002
110692
654227
493909
948400
414794
743269
859254
512574
214956
569920
195818
791174
303025
323763
735761
220670
2978
319090
909159
26950
40588
360259
247264
944661
827881
804264
243104
79618
728289
521004
205160
148208
459186
668807
300966
455826
987932
402547
44402
716614
543174
881549
496633
752045
640845
830363
343261
805213
613653
60787
94077
822614
391604
277452
173519
367447
156547
126460
878643
171023
75214
573303
45740
362831
796573
471847
33634
411786
735843
172283
765087
276899
736700
783468
211160
432870
447964
37684
202112
431285
939965
726034
344672
839155
331655
767279
518001
856097
622705
33934
952487
785244
926596
544395
377168
532839
965982
633262
203544
766116
988416
995281
73885
505696
232698
684458
484791
559116
958252
638302
412392
244622
500177
106167
22823
875138
579718
547725
735615
365551
804201
707704
931535
564550
562659
853406
62781
657064
601252
525081
10984
493284
60886
377179
591113
871839
333954
121220
675020
671975
121565
778643
785585
559579
266480
616036
496118
823008
550272
341477
124517
386447
480558
741817
140311
609585
847082
263508
116586
457797
39633
699025
203404
982594
585819
67293
24641
936001
18825
312693
514814
775576
766557
78459
224416
420973
698441
509209
627105
174253
391500
124280
365901
840443
372207
515144
388851
51940
337958
786243
582704
507266
10923
525118
347773
262480
977278
577735
33177
910718
775064
932266
949938
600623
702113
968663
684783
192890
196131
522328
881993
449894
200054
231151
92894
857613
840884
214955
341023
381365
780603
265515
950731
707623
285963
924568
321671
471301
767163
851211
426996
769077
188479
951332
90748
550737
219394
195117
842178
443144
293029
147096
53124
883491
374108
390544
425488
838282
729993
381182
590034
389151
98807
178272
718837
575215
41482
123730
523553
493133
423517
121926
104357
984588
240102
327570
315422
793425
674311
731509
398881
238684
375939
715655
693268
861348
699539
586912
765019
26403
697859
860508
803079
672102
478056
83435
27566
135686
664374
105068
251188
215858
29466
499162
820099
654873
143456
399180
359208
910123
331664
210670
115177
300190
470051
802830
815704
961330
439885
385861
11953
500080
752328
694949
483675
789331
115857
201041
997633
396603
656073
1271
965565
969994
762015
256009
643561
351718
333734
864407
51231
687843
474466
589010
241756
607290
583055
845430
620156
516716
487334
173699
179383
335511
423956
679177
620659
874544
41684
574596
481939
982308
865473
740325
319009
844238
696534
62151
372446
568502
479619
507951
503562
537787
53879
93615
379768
465327
603617
871115
871149
791948
659201
647369
246820
725478
241536
929714
803344
613169
952801
514917
22768
648723
176033
954886
450940
946092
275459
512822
613242
925104
491512
90612
243929
150757
495231
103029
987764
108443
513292
148406
197151
526152
452019
263900
620668
200428
717406
6473
28343
648564
562809
174907
61103
417511
762573
378684
883754
459813
890079
260514
905633
434391
433712
934279
738978
449895
319112
559955
77859
833245
780854
543136
768604
94885
724247
8676
567604
542800
867082
795701
331825
914673
921823
484420
156823
865217
198603
769491
560571
993707
773777
994985
189189
693568
32983
859164
254672
752821
855280
440339
965773
272032
406572
380947
321973
48442
382334
707518
895312
346056
269609
547282
425323
333500
335166
400876
224202
424972
872852
788879
164531
985679
918165
403307
836247
993849
235446
4563
857705
172683
153763
604743
346442
142633
495795
150834
601542
153
233436
916632
336729
538984
260481
341653
659390
694708
368187
931417
993363
606468
926041
69898
52388
644338
450485
202526
943587
815976
135090
729444
278379
319908
58720
685057
367134
238825
1875
348543
821753
489479
34775
681635
973252
612438
978407
890656
772251
379631
143440
715323
846219
850668
81422
751368
36785
659398
963719
178296
957128
150609
312351
203075
29768
162012
86460
957911
258707
748377
502357
761709
790725
898138
250648
718802
269754
907787
37628
43171
487913
542688
226528
381458
817218
141334
458134
467371
214926
914240
692256
107150
947411
267085
384239
841829
789151
66368
518871
623204
629099
327057
234669
40187
646376
480106
416789
332618
608000
361201
232790
317542
49286
185306
253535
902892
841356
51270
690549
902383
273545
477760
631919
279328
212092
887267
396129
808168
638242
825002
27455
21566
195607
942305
210248
911345
671382
494609
690265
950985
951279
54392
73166
426523
558990
960452
561617
802350
817502
499238
782707
741521
178750
406461
148707
244264
503411
322961
95022
272411
621096
968103
613225
401538
973804
819001
449010
799431
987358
900421
347758
986119
582654
164814
720029
987050
917373
99805
359515
873668
866050
80757
348568
558777
546894
759102
610998
613878
694519
199939
412725
88538
124378
576164
558638
125051
134499
540840
201867
554984
21548
636917
958949
717114
42228
982775
651616
618590
272417
20174
375859
151167
88636
433328
7868
888916
578031
263684
751197
456559
660297
115241
680272
426410
888558
210848
493968
77157
32898
352972
170742
947093
555012
747605
468697
144728
294717
370280
590873
145845
806140
725300
564306
220955
347978
922624
203237
111966
140257
576163
809043
595413
73729
778979
656211
109585
325404
12947
202408
316459
775280
661010
419417
517930
756901
106773
117510
413167
279579
587732
705948
526459
681400
607356
93430
111829
622666
759597
432248
876447
799524
740365
390534
309391
768270
281914
440159
335353
844910
131460
483
66695
62268
747302
527275
953107
364415
246493
115930
360167
659336
600691
156388
123031
940307
422865
833861
20648
576091
596076
466036
176082
23708
134126
63564
90048
128139
320206
455319
740394
116310
108244
606392
747483
537692
937881
407689
425998
942212
238055
21791
43924
401928
469920
204899
729413
929477
750558
867317
698008
277971
624147
232783
830256
741223
423098
18206
42776
188541
320031
795294
864400
315116
785585
847768
730951
346563
922056
927376
856472
373651
444223
221240
259157
279121
248714
983227
556806
482075
433541
896219
439640
591563
545419
898544
224636
810226
423983
816635
672250
610010
924432
758912
303547
560883
889872
920709
223627
128979
438439
529382
869659
932923
154491
436284
599412
298407
799909
719463
272802
256509
366908
396922
302155
872054
473378
752849
816078
534074
846189
472642
926911
505918
554910
381638
477842
140151
429144
456964
773741
404692
261314
855704
642207
471172
611204
266991
420658
743774
626231
339913
587952
707704
20452
668374
437179
629118
911537
962020
669716
904448
879783
110113
498782
78702
472166
438621
610097
599188
992115
483882
702200
440033
9682
504725
919597
761202
189389
299001
87045
806359
792596
814173
943714
469989
698785
780235
699166
647890
572798
521629
493840
692145
580096
77718
104647
701371
655448
557386
823284
757501
145001
59697
840110
685201
580227
907196
947971
402456
122088
390643
221897
991713
862305
682961
794704
708750
617969
123276
460309
66623
92514
817007
584611
282210
650890
394013
439558
50794
437030
340615
474587
79725
704228
413243
77830
550033
246759
67216
989941
553031
613023
604249
284573
875954
523448
120136
884153
14084
532747
428572
341433
187909
216873
280896
41675
820687
427853
317661
259685
602778
549038
369967
931037
166862
53361
582828
908656
407713
906362
433727
670984
567255
498308
396541
596452
491280
311177
670532
784409
311888
987439
785500
662812
617985
876626
469947
395418
170114
948745
148020
955164
227269
417388
767982
111783
396098
374729
894643
188255
279212
314832
18011
329992
266394
372088
267863
858015
956123
591084
491651
757219
331942
288585
787663
153676
923831
251458
79555
374027
427058
489392
363029
688181
22501
511182
363315
853023
105266
353053
545821
694183
190751
326532
639945
301296
224989
543799
546764
4165
442704
290582
41180
525180
672672
931980
508260
162724
536642
135923
829459
309077
291789
308443
662331
616377
530259
239236
978582
491546
425038
265658
51940
746055
694381
388550
238573
624219
724144
248701
169559
529947
295183
898075
508638
41879
666031
568641
75464
362306
884589
739658
50507
873752
594207
116942
877729
220991
310273
381140
335426
786249
659846
985639
373724
334242
167406
822469
371796
6938
27265
64013
33736
500002
223721
846543
265746
30653
181617
934882
754703
32481
941446
140532
357336
230562
932232
967603
967205
999170
952697
162126
522527
886128
603417
60053
272837
89460
297194
94073
537395
815408
567135
825034
228101
789377
443102
953527
950215
121035
810026
975397
187838
578696
606511
615652
869495
369143
677346
44142
423852
624542
509437
306283
588047
170592
824143
222421
358848
408112
481347
747777
457056
54202
468184
334426
26489
379013
221040
816504
799521
47615
65537
75697
850976
508506
759257
356581
427870
28116
613478
702131
590388
307449
872730
943129
183924
187322
967201
866974
745199
934022
694360
676862
522897
242408
497626
229571
631175
985006
773503
483510
539385
720171
759091
962097
89352
550077
244412
239267
488177
939688
533947
716408
152321
709751
604378
182257
549680
296531
695924
481659
806340
884568
85375
323722
342756
665682
215766
986976
57590
31947
379159
351160
229494
978847
514984
844786
240679
563994
684761
107457
747825
970393
324684
106662
436449
449214
832067
978766
270352
208382
154242
42722
398590
274380
972255
80159
181414
214525
516158
848984
448527
758418
238142
206396
197070
323490
842534
363651
457488
8346
215092
933265
338988
371400
843955
799325
938612
933970
246280
441521
697981
128571
898989
929814
385329
368274
372461
348403
776428
314459
35710
928800
815308
852999
589516
519421
935148
154654
744765
622230
787967
556521
636419
827651
50202
482117
911267
539568
949514
760145
419427
142715
352280
557039
686207
550847
380119
915913
464341
750574
560948
149426
424959
46216
276192
367495
759471
470214
290133
943013
552161
48027
898948
7235
172327
628114
493160
115722
452762
97652
885934
739103
181326
630356
389643
685219
161479
198866
268475
595391
456954
678720
680930
873981
573035
485248
837766
999066
505258
455555
596620
429426
367145
760564
839111
155384
341089
223770
406691
821792
35477
371665
251641
457682
294540
647307
659222
479434
367028
96605
772288
150379
845605
952526
965840
468499
824878
356180
310949
939253
160107
153792
814597
462751
703109
795788
281456
826144
476162
908224
671009
246477
426827
809073
6053
377219
601735
740836
401136
126028
382475
598667
696392
352602
963511
281425
570106
812227
867951
678595
610033
747223
396331
31425
80497
336811
783586
734091
944959
156548
181813
882968
431459
637994
343577
853049
728391
976233
452592
293701
764256
872877
564858
701899
522454
284175
902416
816062
323561
373728
929177
437090
436461
712014
286296
791607
278250
438935
641139
266155
78465
413539
296792
858867
847452
660636
33147
531394
566088
531823
541523
84631
868848
164780
42320
491153
932670
330230
121913
772364
537487
581586
111271
600506
199079
46471
146394
810801
691532
754590
16235
701813
662571
676913
678137
931329
603268
528256
140238
144746
862857
326461
66586
356873
791686
881085
769277
521275
228026
300531
919101
724688
885192
372962
596567
223742
428489
66649
415877
3657
762114
85723
436302
730263
68991
222262
171138
571836
520796
919031
835952
899681
987151
329615
355009
380232
752029
568013
828555
376594
78021
896719
266453
778407
958688
654379
482252
802746
959976
664137
115039
285411
166065
224741
503912
304358
567400
789627
242488
265660
552249
749772
844670
241704
216636
989737
416313
137851
85858
507943
707891
187824
625962
558394
179239
107172
786413
114744
2877
201067
753544
134262
247019
847451
195399
691583
142217
331734
123218
241707
884539
940006
472712
897185
825928
762445
305218
322358
385240
366920
422069
927045
825580
905354
426648
921039
567467
920212
227719
501497
781772
914
585497
164769
963416
402586
449908
405460
173858
773493
243686
39475
267577
650922
841894
540382
524545
292171
647874
769066
32203
440313
515325
523397
820402
112182
976654
262812
486130
456173
988508
869290
28413
36443
205221
81003
564010
301886
731275
518641
840734
604341
669242
764963
11860
282976
439916
69735
897024
498292
704245
923261
200939
19440
350928
830378
185819
926378
287619
772557
956800
786090
953868
514301
692002
646864
997201
151651
922112
222678
476628
717400
654266
910951
579287
829452
521563
468243
327733
364067
430465
962497
694849
822259
746926
412386
402935
870675
667815
336744
728294
313001
482747
968693
228524
162741
799754
511283
982887
206457
658093
492848
457969
323091
834399
399273
32338
887377
882650
768952
892392
188690
271879
438020
458042
324824
141671
366172
167701
924806
116797
856060
617336
25541
351491
309935
518130
524032
998043
929052
552493
351954
55323
665790
413231
623273
264382
388780
637754
969694
158875
207667
121465
87930
924620
549147
748939
12263
392884
763576
611890
966719
394250
332824
108626
884268
151930
55640
765230
861823
325045
634122
759865
545836
983708
352032
515928
655792
534778
108566
866861
356766
752318
681801
542868
119797
234912
480701
105514
370812
884499
475961
922145
430367
462527
55072
559421
782373
111432
157516
412382
917022
808091
503188
518995
150880
146746
935207
17402
57119
80938
609767
301989
29404
138942
9970
842990
860537
722155
890506
915915
939688
403233
139867
687768
833149
224311
972267
852824
989877
492910
397989
741773
901718
413037
849578
448901
445232
258902
680109
768513
535319
275489
593184
456996
494559
815899
214713
108181
604835
295003
627561
646032
516600
104390
978915
913957
434102
967818
438989
182100
395789
772668
402745
467338
863950
62772
574688
225061
822201
446937
353318
424248
850545
760480
388421
332990
920380
49019
907253
717340
258801
911678
756510
444850
257428
525741
730787
84174
257765
359123
674494
108157
129679
688660
608827
32303
289313
574250
50467
598736
873624
763756
925092
530220
763319
579019
229527
384884
910198
681220
955531
473796
451268
673572
288424
724166
716260
343884
719868
102581
658483
333015
58925
613291
322128
713910
147605
703264
14962
330168
183586
653301
721494
8904
673952
226510
86773
482755
7584
709930
185308
390832
867343
98014
903577
684860
336201
731168
543052
187870
356162
584368
579750
471924
94003
409745
146707
463945
216336
669264
855446
763068
72539
975887
435128
668050
818596
858115
102761
462833
225053
116273
92284
877076
883325
394738
827355
66302
415124
597352
530195
815580
928776
788474
494193
168908
196277
950750
392809
762628
518874
933875
90112
436027
70426
64845
912474
339909
637490
734639
262966
515967
509899
715174
999180
900313
705887
724720
919020
170918
772402
465110
455055
218297
183359
409999
70179
417736
291308
704126
344031
99396
976707
694644
807778
246754
533624
972958
86928
223330
599385
995778
859868
54430
159799
471785
738347
886870
270586
663471
651687
160615
679522
515427
939751
480848
143093
570365
326655
742190
249138
22152
467127
553383
653120
562532
959286
548405
831576
438011
336223
673503
414742
920280
540649
907446
356777
269188
745220
439255
484260
255654
232694
273984
918103
885
823149
118244
263699
560711
955256
654777
554518
203739
313197
94869
81613
352823
358285
408690
410530
551033
460116
665827
313923
20038
913525
39714
519647
113803
85217
325766
721663
722243
920698
289735
661736
671553
548538
30664
699949
686721
595439
606459
36
119448
818455
531274
150262
914445
631136
924670
367378
670909
904981
188074
620521
69711
872887
801842
658924
301828
751675
363265
822047
227122
514829
598037
398676
505307
232150
986785
381388
469983
534181
166101
686174
871500
2894
557947
744409
439819
293512
632423
125258
125432
919979
230075
711254
953571
754922
540283
966347
289049
369681
374482
858659
141021
276716
901038
261201
513902
773533
107750
595461
254171
862109
75933
312577
204212
289804
943265
965502
393840
934626
480652
399852
76750
604088
194139
690862
685489
754325
290469
704400
682127
834744
615671
711316
649162
821554
368885
14224
348761
920080
595278
839643
740441
959196
384161
381030
633905
729824
282919
121200
117345
122813
618500
56764
26814
993486
774528
534158
287483
585463
689357
446223
437789
644949
852209
128825
469696
318587
346352
763989
930174
281421
877464
738567
814938
721168
726230
858685
138326
815179
929674
779437
583343
384821
513987
144350
194689
91954
891158
970232
136703
594390
940166
343644
84115
264988
905501
588635
664041
31241
860827
443623
768020
731717
440790
622162
916846
887325
944921
612842
597667
955687
110741
188813
920232
763052
451197
991856
320272
631644
602983
49950
65016
236969
18646
318063
827078
517649
825689
413706
101111
417810
898484
876107
868985
904851
756424
776686
68981
930512
224474
745426
926986
804678
963013
901665
396773
877763
314146
948793
916303
857438
100691
862726
258476
934422
166987
651202
828317
868327
426871
25959
634045
429397
354401
917689
281501
107030
792548
457374
232972
898844
85185
395275
492614
692987
656607
605208
30314
89409
887442
196686
67865
697060
171362
262508
129341
281175
512094
744864
481653
891689
817474
606357
225993
905313
848896
533087
384924
806709
743243
392042
429657
961132
976909
947155
777374
346829
156645
721155
564515
66402
113510
984608
397285
268124
872307
787520
345119
104895
728129
337909
523320
492227
358762
308567
882952
496169
455155
524873
961971
565858
839145
939154
168656
247870
917323
390738
940607
975965
122563
382921
465612
166283
560053
756027
904598
173604
940453
697662
816948
197060
154561
397445
675245
827443
965455
149986
812670
330652
23075
571290
807651
889944
827819
321179
595983
845008
210443
620077
962074
460997
912647
75985
379412
471532
165012
933887
787104
288692
313013
530578
18065
717047
533572
675969
304812
705338
534862
167891
407614
428511
114837
279609
676252
31058
133736
737180
942741
604112
427968
226773
408540
847711
861147
292031
634305
454984
793337
359059
351431
121286
974246
177842
846686
929893
308047
13753
423153
721848
99941
694708
143800
673329
402499
665328
391814
317042
166965
115369
724552
296844
375773
225002
907678
371683
361667
123284
314290
784406
201203
278697
98249
789673
482701
966430
240302
87702
182739
973662
472301
525447
586759
139297
932846
838543
813658
816719
409066
738977
701330
588639
446771
360939
815187
891777
483724
626767
716923
71555
801897
400462
799163
687758
327806
540651
975986
253204
895506
435826
111788
448168
842346
447043
953561
204840
825985
216292
879136
398030
119190
368908
126250
805070
370416
226715
878161
594414
917396
802612
498337
135302
518280
964158
36575
458167
790733
640157
691596
928569
952930
472704
894441
849481
977807
164419
108747
100152
898044
193354
40103
534075
317695
154567
348744
682063
805544
493119
623893
217164
848161
265887
639881
878769
20217
350524
536523
464843
542691
7414
263314
257182
380567
129352
834484
58852
884173
577809
659031
977637
423372
481061
309558
174398
713160
666155
836444
887178
553090
900976
100462
429028
780323
895733
133705
761945
806767
763319
869106
779763
537173
823716
342571
273144
399466
809082
669556
963071
931860
19065
294620
132220
23779
120164
93052
337087
773439
414112
410135
87592
883858
293246
512265
207329
990814
553056
248946
553072
415701
794814
760608
286876
27351
18597
186873
14994
610629
507719
658473
845041
92002
898035
591087
267578
678890
165456
624051
403734
631884
483430
214741
471683
506679
671387
714335
951542
446561
137205
120599
841296
617137
214602
490189
514966
630064
488024
77759
173274
642764
865963
423821
721068
154861
350809
413908
429055
872358
738226
996440
557691
436918
319186
145239
281033
57825
196214
353855
823985
449538
282895
757623
993593
477862
603187
683968
229871
222059
231761
163570
458411
18077
622630
972231
457832
377566
63731
511114
713804
316673
24822
36365
561604
51763
112075
509412
677201
3769
459248
502007
691197
945481
890816
119429
399540
220964
745817
314675
676921
947805
410203
544108
960404
33545
212065
881629
326561
68606
326360
161157
406470
147188
117479
416764
544174
729052
201988
557667
853362
490586
541659
500295
52605
676549
777029
983606
731513
616278
305506
390185
153106
34502
379886
712743
11711
417094
396914
878144
901923
67851
3222
226295
447074
529576
18444
880953
232797
904963
745970
707336
32243
869568
87381
455219
193225
607267
321921
154881
710477
977643
281946
127320
144076
993840
321434
332875
884478
3418
738677
905505
488532
830956
530821
650029
136447
82317
877573
343232
799460
867051
348521
201502
351976
638109
759501
228014
645820
252026
167662
475821
120369
342052
965088
228907
324325
685849
72534
244086
73379
218930
396079
34632
616805
842650
746274
358240
836819
237119
867001
579138
866595
184981
651304
891772
260812
853379
889202
327759
594033
446085
90216
133594
331807
435797
319970
565516
92453
277860
976925
888598
761261
580612
936085
632248
593155
325980
887777
610126
307756
755317
149596
96240
312280
763753
691256
286395
201947
411344
201629
116179
909258
389492
974024
717211
837117
155380
734706
892634
806460
327089
201423
819640
323557
28221
194763
765409
787008
193363
149856
270034
969729
892408
840794
161330
484412
327692
904227
167006
985265
189756
474435
282128
944493
641455
9739
964624
908905
292157
715064
72312
23178
738588
449281
138813
766952
365783
721797
337892
962317
582631
611390
93059
856169
422232
762901
155853
119643
990535
329946
411852
434862
217555
228207
486701
172585
338969
445856
210906
42502
309289
959777
806538
612728
374225
693077
687718
86283
424662
486214
313917
532068
703053
859781
447230
7402
514712
335990
307786
575995
997336
716390
816540
157848
161029
201603
421064
796532
668837
478818
540330
913861
908932
368525
915341
762308
652500
342868
278418
382541
426973
393784
216405
629809
261963
373172
540267
167008
83238
523897
311036
737890
900745
747349
710101
535756
547110
718900
379767
323123
421284
985651
181261
223588
98783
436627
931703
270428
334398
222877
54957
338236
742843
390860
305277
336562
146681
936119
89819
167808
671270
389875
187581
238425
66514
405770
633339
977161
760563
222753
445719
570053
199533
907553
613026
830706
204589
584479
946792
103541
257895
871622
833467
182214
173996
427925
592917
314614
44869
52600
435555
447022
564368
399592
181203
370826
552717
163812
360948
698384
296591
805765
663922
863218
619065
806461
353592
455802
648415
980463
764
894662
356854
21882
280774
747040
390840
428964
125935
912094
987402
520289
602310
704110
982432
844347
718416
691170
900864
716188
956707
311248
39687
921013
106901
886421
397722
528209
879806
450983
4136
524753
940311
728724
194577
358044
501667
76504
660442
176225
814703
704830
984799
195978
758717
10853
69202
891057
806978
453005
560718
638431
519109
469710
166682
204586
649283
243891
167738
598848
57330
69989
221701
619602
993391
665986
257113
428738
652622
158194
356146
483142
343956
636921
656705
700153
810565
545898
655
562437
963384
381722
632027
623532
922559
640902
826033
729562
360517
769819
59573
368636
927079
53610
478347
142372
80247
514092
183563
110989
104660
401561
395854
371667
966534
584161
207706
600168
731998
411992
94698
696924
396933
733459
242823
43925
902457
181983
233392
854828
147847
45732
853633
453133
842001
177356
222788
61083
914914
835218
855367
743683
403398
148750
595495
358281
646140
750946
902595
161630
619109
342301
347689
179634
128369
641399
857165
654169
675497
765021
390825
587213
701752
71385
343745
560094
779758
348966
3307
370094
942763
680169
175573
185458
940175
923949
79755
440319
109931
299958
342126
207014
642548
602901
881122
206493
821556
334486
225911
855359
605179
968617
44689
33030
618206
684574
470183
588340
538052
913035
316830
63469
590538
919497
32608
366209
179438
555671
947303
83298
227043
266736
278463
423224
779368
703600
72524
660307
343257
913156
783086
969121
923000
485142
728738
410937
289759
475968
546083
126505
35949
943690
811249
785506
349159
333112
275413
706730
888515
854139
837891
995413
337623
872151
887293
110271
660444
915698
19948
297425
983886
389079
660250
197274
289899
813750
977426
941694
948987
911720
154941
115309
473674
534282
987918
830820
580493
673598
398888
89373
932114
37475
546934
592771
441104
208878
419873
346148
113835
205478
193282
610130
702671
970819
638556
422825
658816
675746
848507
878771
173786
886328
984493
678056
521343
364819
402721
358895
543996
41120
803850
457184
945245
994540
656493
404168
69449
945127
562383
397182
987571
712257
877431
882455
22493
68457
451826
566147
532650
347676
177441
411272
943230
188149
606231
726899
73033
397907
221929
899784
187007
977546
304910
42903
266863
583372
6201
912044
845521
926132
584713
823257
300636
657303
873059
689612
776792
838379
926277
904128
667737
846990
752998
699677
572033
684229
261047
487289
338688
945353
29019
419894
675540
891126
140834
461673
15548
19779
75669
156318
677417
554401
749381
274747
447816
784775
742564
561689
181180
475574
581414
672185
833787
768953
76608
445258
828740
478609
364537
109888
673503
429041
954660
243663
387889
527954
533150
385713
818496
48393
439927
786919
40801
942760
730134
785378
199646
580876
729951
916473
413131
114227
83481
971051
452980
317697
791269
30041
824874
2282
584933
307965
611765
269549
156968
555570
306382
529198
607805
59089
975163
818275
450690
225662
528832
866541
131860
123608
529437
885190
764269
849897
102537
883443
30376
819673
778181
124291
710163
124436
852179
595829
374490
328074
753324
101884
713190
283301
743675
91961
402040
296261
971270
17490
876449
218252
221844
655380
297705
551895
93135
38895
337352
957716
208450
503076
65813
567710
410177
729730
636767
765226
774463
965871
206061
953888
189951
624675
261429
981579
313524
794089
876117
221944
618527
503344
957447
584396
303511
67946
548201
428390
808199
357640
440412
998660
941986
286954
947563
467476
468744
642535
894694
928011
819358
310217
787228
107682
701430
707897
724682
822592
985319
808938
30725
886212
296594
908910
880108
863749
402967
1934
324369
920667
227364
33773
963160
676385
594255
311182
262876
687243
961763
874646
552296
316581
947845
44872
376564
86422
332174
881165
321804
928699
617131
997830
946292
696526
422459
220220
340800
370840
247326
851068
154893
298374
510768
14122
732415
239494
21042
877124
723219
366527
990242
192043
746117
858459
873696
844816
451050
21084
282547
694789
761570
10549
641018
703801
203687
129336
341134
380814
227830
408033
706733
624365
561467
537743
116489
643292
27889
159580
958256
433357
487300
60938
795593
934106
116943
951199
984418
987198
762322
170060
721314
661428
212438
337849
509918
860535
880747
549718
170133
795110
746855
421146
130125
757572
190938
254002
416422
428043
206452
383288
542631
836512
270343
965943
753938
237753
10065
729325
606387
565733
314370
29669
455310
753418
864839
262410
533828
83643
336918
421190
261526
125869
482830
124917
401732
488835
811764
231773
281136
616461
120964
577975
141969
221182
739695
449111
818108
295220
159138
629018
611241
640331
607618
75401
252080
801465
694685
142574
12712
561958
636619
527990
927319
736200
402190
45481
314208
830742
177880
686935
453356
311295
510145
354312
992311
479881
652239
91476
519147
768870
262442
920549
435577
872729
860503
226834
126780
747882
645623
701145
147292
726699
669744
71502
143047
229584
811550
795278
433199
793882
970336
379020
660938
234082
386340
446972
3382
719348
632020
579537
835119
289775
391965
877893
165430
96511
537734
239295
999764
717557
733395
951800
651656
636995
778254
178107
382177
201227
555788
790148
323769
708074
491909
4569
877669
88917
837620
917074
154513
937724
825651
981922
448909
924577
929125
26654
310948
782812
789801
501760
889798
253446
855379
171436
220724
807948
117137
268961
137374
586696
921958
250434
872894
925468
169385
945939
326275
815845
693029
470895
903189
319076
984029
776558
552116
729133
640158
226774
11827
419664
812040
391853
512875
30512
398012
211530
843823
208115
968478
994019
721077
782575
850385
39999
421332
218586
348884
678371
912395
166653
332642
835958
490661
285667
635412
83722
372979
886026
424613
351007
870388
432141
337786
300587
531099
844074
342371
727557
526616
516936
589337
53691
645194
13576
543911
167777
944898
386011
658412
387110
998237
113618
921042
560017
203991
801845
894016
876663
321223
546366
127476
390898
991343
696169
738825
594314
328226
464101
7009
847634
944985
278561
773799
479028
147007
111586
830412
476896
710310
349634
462212
817030
375650
492335
156190
848729
422115
71300
248848
880951
481257
513022
108936
466647
174241
468375
537621
84516
714032
814725
547883
203796
662957
800905
366701
732208
806174
670875
639834
758625
821256
323847
164064
564541
760681
445851
711638
985813
298393
829500
420718
851431
571097
399419
188998
202232
789681
758206
307947
957070
646134
942301
679842
617515
741818
82347
980792
438646
733423
455282
182542
300846
701476
888347
672735
992631
467653
325369
730910
390489
194103
107912
442116
562887
942221
649836
371352
330448
867000
513665
915090
198108
890136
925809
66302
174188
934411
754951
662874
681829
170592
984119
13524
10869
839964
651652
537416
862496
206013
775628
132712
105102
783911
884711
556214
22812
402514
557525
828666
136502
152600
119121
466706
836388
32335
507512
994150
486763
268047
492241
177401
329163
260056
95904
493302
331220
483956
960648
402973
592592
629938
284071
85790
241726
403000
415116
339246
560291
624362
657891
978446
840553
375369
731878
176478
697808
648834
356815
789053
228379
673319
577510
977448
173143
669818
943784
26291
201671
132350
33112
750345
120814
988002
617519
794667
740663
290317
719678
600451
512121
183320
131252
368682
976501
678562
207175
810556
682106
995038
51228
926614
166374
559747
198483
36966
318150
143837
166238
260345
456972
895744
556546
768248
769464
254670
218879
450686
665084
517978
657118
590447
214889
471544
939584
638215
559331
112827
404961
149153
253964
52048
473291
92515
563558
240741
209958
486940
649910
792759
144987
860019
659578
255638
372746
955774
663519
223511
333327
422709
397175
734722
657435
300556
405817
269919
704478
880892
58360
109884
989963
17122
852355
78468
441033
478785
111820
318361
47389
264151
914696
164004
634788
811359
449745
49783
676914
242306
629943
46755
31181
596872
828332
352656
174929
560420
516056
72044
144785
95119
237787
760032
250925
497382
635534
811867
196516
37653
863492
319758
116911
423886
820503
968392
662282
754678
833176
655864
653853
708182
960090
706174
148672
587600
37171
723182
2136
414042
277522
713112
692840
64119
785104
344290
953207
386553
921109
295841
385485
992531
393568
173325
331193
38881
386108
480076
361151
520134
429373
854078
505616
826368
783286
263611
907781
426354
834857
900072
321387
280167
119756
260999
534433
912440
866640
629051
224165
13610
17120
707013
198179
936440
926505
689243
572550
334103
380116
65228
15362
291424
446831
596333
518255
995431
51539
359867
150176
340746
677502
17819
194640
551029
934119
62222
460649
834017
280410
425622
763323
809124
651776
195472
82932
969440
939078
86099
337523
664186
485770
616838
828338
791557
54905
500164
324385
924912
845481
835878
56815
554987
329168
301269
504186
977582
11715
661698
807712
476267
81999
247417
19527
334170
766518
354849
593284
507175
720165
204420
673787
26443
392752
721923
828792
425491
762815
984363
949397
94504
60624
653424
203549
880612
712652
608569
457501
3158
995478
280332
619255
870630
252228
132696
604828
962354
761222
571530
479623
387276
896927
337343
501925
785337
447288
707101
693248
473717
207359
232579
189790
103861
966595
652074
67627
362132
675929
240654
808884
741476
87070
764184
575058
743685
193585
328548
468140
540115
188097
497102
222298
656851
470230
457593
692794
665240
799950
83925
286791
650966
853002
456021
84985
189869
81744
158327
89812
149911
443042
804063
128862
749760
717415
790125
11291
841795
770631
163283
613557
261544
776304
204041
543904
173626
33040
932109
821897
309780
974964
712919
90878
296729
205104
633478
356924
564774
432379
471920
99717
522032
273241
56220
446446
712528
837451
193000
556215
123121
580728
811905
69830
810431
527975
341991
144227
446194
723768
682528
309019
402126
293208
688824
262922
936484
999582
738961
460740
857215
613967
299706
204730
656277
768704
889966
813397
771151
534198
371900
296482
260457
1067
199651
212830
710036
218047
160552
967991
912967
102181
382287
88777
509695
859898
249651
393274
248024
2735
687070
578289
957932
875276
36970
901354
210498
86610
369696
80452
472329
390368
199341
928973
537825
693020
270005
227837
623285
888330
899821
651005
716788
567567
871883
826976
89797
441509
140787
218465
262366
263622
484724
659172
909406
414740
155962
347316
947590
727347
809622
2084
177354
979702
435164
475825
436630
34843
529742
137404
684986
421662
304061
775726
233891
557077
391436
240202
115854
631272
156830
900303
640566
78729
346778
462613
142583
155616
794982
76286
89604
694417
319242
449638
134539
188272
195166
679397
820703
106467
579611
759320
57598
949239
36513
257483
347282
795862
356006
191512
200546
303550
782393
477573
397358
226791
478292
196198
824915
432437
765454
778323
629387
194815
800886
93874
793555
680658
369415
915195
748124
79090
534607
859250
764629
218676
512725
859278
479088
870853
671475
413110
980844
156611
561478
961505
33061
648023
214451
488478
892735
318792
771707
834116
950985
702494
73722
522070
406701
495733
419802
348925
987376
794661
682458
427516
814425
914052
225131
36140
931910
261169
694378
413882
769638
152789
101783
688639
804953
391849
396322
946804
279654
650927
788013
440342
85048
698184
128466
595627
563212
607942
89796
982896
668341
276439
802767
719407
964652
219934
753426
339988
890311
943174
970561
885722
826873
332134
535908
803345
647311
667296
566720
502035
554167
269501
682071
930574
863030
826476
988317
288642
539014
694846
324042
748516
626317
373102
763386
847363
142039
114458
816066
847558
966161
344409
940885
770832
543303
387633
659440
556728
657917
608699
618872
204141
824692
799127
81509
843173
400720
971649
551760
755895
966372
425328
414257
103153
546654
259248
67524
61361
864422
711011
987071
456674
762618
528998
861825
921214
417288
359655
873327
292629
604594
659626
613642
477263
438287
464536
364153
350873
749564
610218
69413
749073
947369
943778
863152
350205
226621
31672
496445
503016
292172
401871
447105
244724
321319
587398
456358
667978
14632
455106
542467
26114
167361
123613
222996
511968
906196
315169
94263
551950
746048
83966
266143
280155
780727
243330
707431
377251
622990
61584
265055
548243
998734
393952
398788
414092
586907
274501
143569
522447
683497
76099
958731
609433
981355
659978
445380
107331
591798
531298
826682
904386
473037
729936
717493
720545
14657
616123
38242
888151
499921
947180
492247
674858
951178
771803
777681
521099
39355
502411
673904
88999
526868
384135
281664
442266
882557
448919
283091
534367
614054
569722
874615
813892
362616
292291
589853
317818
525302
15428
526785
646856
615909
21991
228024
267540
600109
6433
872103
310281
280488
248425
867246
489341
619997
106718
785549
993469
304466
192840
68649
394162
300526
941549
658382
738532
192305
31770
591789
831464
597153
929639
198520
966608
385634
958742
389549
285
386571
232753
976287
548360
601050
516967
96717
672866
164447
636816
360417
13066
275
702560
25158
774467
338515
109574
339398
299012
577117
228235
5704
146390
823142
24837
612866
944362
118560
480314
375961
939518
185633
56094
262090
443254
245745
822860
745555
673799
671403
392461
712055
850486
398037
68123
659911
593940
949632
887605
436677
752233
107545
406667
630918
432578
163587
559022
524817
210704
400823
450448
448997
858849
848155
141149
535448
874194
827370
510493
82463
645185
841333
663078
285181
695978
761292
851418
689888
314035
355354
103293
241752
697514
229278
66966
225862
597546
213988
583654
128198
486644
736164
263415
506425
821967
2449
304055
306523
1504
385193
866895
445265
970280
951617
739891
104002
378345
906206
312640
844968
725250
108439
112621
935551
391974
769657
804704
161493
779362
484540
20739
414264
70109
546302
558573
541198
550433
912992
121387
229707
601186
735572
61065
181507
903867
296281
94147
870932
548096
405679
765041
79356
399353
157787
69259
710333
176756
907317
291447
895301
844638
114164
340273
209490
380944
242221
325607
163694
508049
957423
937346
692466
585379
308548
533155
544814
246802
477183
230450
364790
73293
145921
899181
798165
78838
688950
162755
428386
943877
527028
802645
82261
554666
147926
973864
76422
433729
755240
857916
367070
561375
852402
2448
440275
655077
850457
178754
13082
295366
365559
996956
360894
179351
249700
177248
346088
481102
235374
818609
93993
31524
748298
856487
351431
321100
586484
984881
801877
113705
878179
335110
832047
790933
578365
200382
877960
311510
629654
785914
36965
693226
333842
552132
10426
211070
635854
891627
519114
152914
499670
169216
456592
198630
354150
25985
786919
363550
92773
111658
729747
338072
583833
109076
170123
394172
887538
531519
402084
227369
206767
936831
615000
884819
938767
814535
549618
679011
910840
551717
851161
250443
463898
146921
489162
283507
709419
599505
683093
855410
632639
735607
599686
240315
816214
249945
194372
993402
464312
437799
297676
521467
564960
318040
98957
343732
252511
732583
346689
563176
45808
975695
435445
707900
620879
89351
397610
818436
413831
350388
475741
751404
954480
392647
721162
709130
115540
550679
199807
431586
982981
65450
105028
745039
589475
960460
860362
664241
794029
510240
241897
757704
800384
444534
159297
199550
793231
519436
111484
707648
534085
242474
762755
705032
655650
274531
484879
896764
944233
148429
204072
256842
955550
480369
104247
375939
600257
141269
112634
889412
535840
103676
478767
67078
203868
526460
39585
566245
655538
745945
394911
647540
623533
430082
792724
755956
794661
290680
841489
462046
94870
887461
943836
262877
882002
392243
929702
736244
152912
916984
20291
140047
815274
927340
242693
939497
449618
759490
88879
248103
17410
620909
126401
831587
115538
505877
575491
489246
327424
316194
359535
805607
415481
908588
366676
841920
224495
717017
345557
404399
430786
148113
551342
727639
485751
557108
410968
479009
161210
719112
879810
603168
412299
142156
152842
744522
921158
387505
5355
51287
11332
910129
15883
484971
179132
565686
483554
258020
390317
495501
211812
346742
870988
656372
802712
195733
461592
131079
962177
220677
621366
844663
500913
84922
419328
221934
30241
921407
898264
566254
275889
671053
900414
930525
192714
699183
210524
296019
301785
769747
427908
289960
861435
431571
433288
52214
712475
274446
263711
226451
395690
345532
682148
257545
509540
714123
499596
793002
77693
481523
352765
253445
8839
674249
170303
711890
531493
141315
811526
946994
822888
803833
661523
26090
349470
822467
624319
512413
912143
638641
492731
235584
684214
498692
844610
64542
131391
872158
267302
278402
85579
901553
655840
593090
190246
638521
185079
639777
517084
21311
892209
61146
399175
276714
496954
30460
573335
90231
609418
311289
31262
465155
678753
84479
462501
922723
744786
369117
447020
447519
278650
239475
271228
530455
222812
56904
538187
660096
547093
843510
243175
541232
828218
925613
158204
415452
794179
811471
593866
708379
658707
632550
439251
954054
196290
752654
640453
632441
693388
876342
237333
181083
76894
220687
544369
619582
79562
284579
112527
881584
152373
997706
620934
758082
997342
68843
574231
400238
881556
631410
478222
936780
353735
971114
270877
894474
622130
564528
729274
708410
617067
503578
498360
637784
802009
45027
676867
142894
661892
927064
348188
489530
388938
764849
153317
960443
600853
826736
588682
177504
488012
778606
346327
561235
195577
317402
430763
531584
258661
931396
135916
39039
795532
444686
162406
87088
899947
387007
775203
39566
845585
388226
310994
561092
305057
895157
486761
982333
102061
852774
150090
274415
707563
452551
806191
445955
747679
52046
767455
154326
528909
387206
154789
654220
662368
193030
232631
255183
364695
921139
469600
993528
570711
264755
393652
641801
309740
328474
321981
866993
268594
276792
122831
45379
561678
779596
630157
294030
170061
389924
590981
492143
635595
839444
244970
500596
881682
81445
102010
763141
419330
832340
616035
264894
324409
373132
720182
381530
355315
432492
728648
41024
226898
452494
729677
55407
636765
238955
861137
551814
948467
677909
252345
39552
393950
137422
640872
46556
293213
338767
483502
657867
762150
845023
66729
799563
148137
560158
910325
368123
20276
853989
39071
580324
146934
690108
759938
309930
940247
574704
588523
261818
439734
573165
79990
735954
776102
918737
53208
683587
355059
582729
766620
476441
197723
600855
751814
412252
907253
76769
480967
307042
46465
532162
37636
12204
739933
972023
597069
576862
361584
705304
400065
848001
568013
54597
686426
79579
249363
319481
902410
463828
125684
441477
741803
83392
109982
399589
943894
896903
921871
112687
136617
374954
402298
863457
63711
177098
108489
432079
12526
47041
233458
549690
145049
812082
313178
842284
990892
611386
807387
901778
239548
226503
908642
825754
781797
725718
459732
174203
173303
459969
988785
863844
935294
421698
890432
883331
377377
835898
286251
274970
920844
44678
896124
869490
422115
735099
383328
420512
130194
991921
706281
872948
134654
561688
319596
358081
753959
292171
856738
900707
186627
767150
123165
786030
491908
732790
930789
518585
690685
40797
439090
922274
896217
387516
462596
308735
399434
301436
539007
930461
603895
171027
744546
690994
420028
32954
916523
905922
594464
399620
870009
570023
592338
586355
643705
185983
342005
265129
414192
103223
672893
258290
829838
220515
291955
559888
723592
228065
710093
506363
744213
935997
477163
43089
355622
506109
283702
951240
80099
443967
855004
357103
471632
554841
37895
213567
887073
987418
875145
735954
667331
101698
694395
21091
820469
586418
830609
930909
734846
663291
584426
742621
652237
943715
161076
223295
983923
535670
563738
949008
562124
649480
570964
593573
804731
314133
939594
880247
102346
2807
521154
937806
49897
888088
517827
397532
609182
598841
913610
564116
521054
904756
865805
163605
380814
310167
330168
695312
434351
677487
280189
296673
312379
274496
773079
985984
518591
793247
103941
241494
883135
925353
5674
694510
946163
222694
81215
732900
841328
445613
607588
351747
983513
293213
767298
259130
948137
567508
990006
700599
56141
825698
578075
503144
591387
423527
577735
867237
105671
99303
477289
410373
879259
767834
911276
192356
998452
387652
297861
963175
871504
368890
520843
394050
407881
16595
944062
605573
416919
217931
372946
552941
645697
961099
69229
967642
622370
504916
236287
95355
977137
696807
162739
217304
667370
246485
378074
123764
587090
534041
399689
29169
29506
910813
556689
709472
466894
242224
93124
377108
126446
29274
236707
195932
392666
466130
759003
995207
491909
374733
534594
376247
679322
713679
823592
748243
796009
491415
499756
605322
912060
848428
753932
603413
386108
317123
527816
687622
983605
172108
494323
153177
839412
332535
608363
163005
321366
719128
452848
840286
486037
212243
935303
997340
368334
5557
60589
896607
115991
626145
479904
555200
239181
395324
45994
924563
483421
866101
383605
184753
747559
508019
113648
78024
6759
695242
469371
678976
624284
233557
217327
408447
465770
494829
369290
809090
588072
352231
478423
301479
145945
550331
27501
811920
824842
21125
87580
504598
21834
72956
534824
217115
61219
912965
529650
95098
683039
743908
38984
641855
798477
41560
67936
25467
426727
40625
138589
611902
954023
889323
400440
669236
356007
297374
883691
646051
644338
729281
814476
193981
702001
329805
359453
511354
526696
468961
918124
939256
44816
785918
123281
332135
365228
216329
454976
643748
339629
211931
532129
988751
60218
537911
706202
403571
704302
258804
321459
346379
929185
463239
180948
846221
823731
7553
156395
349889
35869
248871
141152
478564
676119
360158
107305
287041
473520
899814
168803
508112
417049
701218
625102
954016
16967
117880
566700
983408
35257
526847
737833
936762
148883
575361
963089
973226
117363
763719
732306
444326
991783
369517
866902
507598
337617
614405
162122
53012
914355
422661
5823
395231
458480
659835
537480
668785
675875
686411
897984
51287
42091
653354
621625
428930
157471
730383
842402
896624
245064
408637
467554
793603
119168
383881
84032
711090
483427
992995
16176
861966
258036
662679
610971
907612
617971
501500
200764
511089
706668
150812
802245
51050
964042
686997
358760
730089
510049
318176
78318
460946
204420
212592
913483
246102
890575
507773
405968
121538
412908
47857
110345
375365
984269
892364
11177
443938
828280
631603
251531
908281
957882
129731
351214
560621
946180
169501
115209
510887
204175
939034
758733
557383
924109
96642
63434
344850
307355
190473
274507
556829
535979
800596
322730
422552
2159
192968
859246
145759
855986
731697
193459
105167
293239
924136
568253
598170
610112
378397
415449
514339
103992
194262
843623
651224
975568
692418
58799
995753
905619
255109
884000
271485
75852
353299
176446
124780
966390
284975
197960
263603
393321
62664
869451
825006
403260
764793
813239
79942
868443
261985
959813
933976
915276
671068
662578
371918
665636
288840
940470
157266
204514
415272
810076
913942
361930
371748
243106
701499
705543
375567
282690
214293
537283
981008
713254
127848
169012
172881
420511
379635
331531
771167
712036
177833
545289
755598
845436
348860
732834
498355
421677
857146
606384
4193
172228
277277
379498
635892
592722
322968
37248
16617
342844
836652
920008
126021
246597
180738
436965
662424
762083
846770
797802
292611
717801
41664
3659
112378
609208
808776
343422
618598
692965
435856
993367
143649
248156
49456
505077
99197
861418
952010
21623
448204
87793
46912
345366
379527
82637
998286
207062
282533
128309
269578
510738
292014
877712
957529
31259
109176
802163
858589
61663
791510
978940
95658
466159
178
387467
784790
179242
410153
96786
298353
680400
265329
973062
316852
724355
354042
682575
64785
207119
310554
266472
142346
340208
213029
431670
281559
486262
487800
893616
34691
13692
722730
378091
390769
426942
549086
672131
30683
613911
909677
899018
395148
159365
872875
668163
910405
42326
433536
177229
917157
943610
125521
187078
706660
794433
576494
864528
122071
434672
645116
640364
375381
279395
910838
746713
533342
511709
562547
13364
28159
61083
513805
566052
682012
948704
363939
313802
410911
271940
629823
764437
852832
704950
651059
327902
876659
160967
863088
222555
661138
68701
489419
124786
455419
716404
660004
701136
66850
288594
305182
88268
906721
661999
203688
931116
560178
883986
531901
957731
20484
31866
289382
680272
360034
692384
971655
325350
862897
131609
379589
655213
997390
120696
647368
264096
698637
812781
454170
643823
729984
314613
136503
677351
128462
56722
699411
293317
951720
793497
833784
651465
288255
459958
230913
487589
160346
566205
481769
174451
886341
821755
788889
164974
412509
715626
221675
418229
880128
129678
454401
968264
258063
652719
530502
67405
257110
931928
585910
958609
51336
559180
582863
460165
890386
733759
350927
523197
608880
423528
614053
475048
471779
376486
538073
257110
921234
230455
627183
494996
110075
372903
692740
580631
650106
69379
863468
530500
857894
865082
60070
879301
259762
441131
291750
667987
365065
294821
578381
452310
946712
185800
179848
172699
335628
723834
990734
79474
832533
705472
590130
687238
156911
43563
855254
412791
633799
675892
30952
903608
381761
682590
401230
293956
309565
288311
446509
539303
281288
470192
255508
145192
745806
246118
409
879917
850688
224507
280379
426946
775427
888053
275933
976156
876491
243634
967265
115197
328226
621692
980622
943680
218372
83253
191673
599645
264722
548981
67284
348173
370096
21065
398346
604254
439956
55953
211235
123905
433444
180637
613741
586456
750431
796904
602339
935236
695966
689328
939059
770601
654242
580191
33484
568155
696559
550994
424919
714404
137868
822440
355485
364946
982863
584902
376445
464486
984720
661669
406147
446884
272795
333886
396227
69964
437914
214734
704011
327293
828165
720041
510291
959446
410147
251933
447137
864512
58523
343336
947951
769387
103174
621716
746256
379042
907668
996081
806896
654473
512070
843137
203816
484157
21192
305526
286613
669286
602637
556139
914948
367578
796092
244802
522129
715542
150487
410665
883322
275021
975014
735041
248868
486391
874758
751483
131718
219435
228687
505982
881732
158981
764485
530085
272223
23896
79284
271852
135607
527422
197372
33346
609364
255424
993940
824316
679206
230153
872485
618763
466140
677177
19721
876056
741620
47065
448371
279379
961459
82473
795218
869039
510558
17808
430427
844757
249283
397198
33705
41323
384868
172666
237108
669348
582383
960434
626910
338555
418004
879125
333490
388750
256280
864783
992384
161785
576751
865640
657659
577069
986549
107988
355018
743189
186154
510569
360803
359000
474558
829611
651201
833126
37776
501616
382461
787799
408507
545817
619754
945206
613804
955020
553193
315238
492824
274050
768575
70860
553651
806672
882954
334026
807892
429143
226338
645400
303448
23659
819098
797104
609666
532462
564170
512858
585253
361831
322018
371162
972356
324726
459206
39456
123138
937769
400569
466741
506173
378949
806778
372229
214665
70163
619487
444631
545572
32223
670211
661610
423961
834457
469364
293141
37724
693046
343147
414681
854990
610976
322643
690338
347852
200960
756026
128451
698327
599864
987643
743104
960238
252188
983193
121005
718134
986844
27161
11726
706316
778104
63923
382733
956497
532253
177918
991355
494204
794170
858853
405768
993269
35242
549176
443521
379985
862152
829888
680750
274935
924135
746361
14304
553055
572541
884667
675106
651442
923170
640197
742135
343050
841435
199985
970891
54942
270704
576125
975603
77664
171811
866234
2267
141854
270957
220568
382326
709417
420919
924570
271729
488257
866969
59115
538671
591731
824211
388009
438286
824594
905699
217893
467671
930249
958800
367741
932226
601524
16105
409432
231264
902680
796079
707079
355014
348376
642302
61682
407135
292136
861443
391997
749239
93139
511735
185113
637733
912643
617088
561979
892346
76503
215217
208141
808308
127310
357010
894685
491603
210403
87217
119284
848292
291860
860146
961398
291440
22707
733145
122598
741007
610064
363672
787744
452572
154135
859244
26864
154085
14637
764980
789295
87604
981351
672065
300867
337093
153323
96639
805802
946252
176398
337280
123297
269140
556220
400461
185461
284427
522258
629421
665070
385022
317114
780371
750019
938718
53544
440612
347365
827761
817745
714645
588509
285283
366143
839479
209033
682633
637020
114852
115058
612152
651051
521814
393667
728376
815563
440887
506633
21753
736313
662104
434274
271578
332002
938253
566894
150971
633694
443651
469973
459398
327266
437712
260443
54924
708059
631813
692795
183293
747041
814596
500469
963245
835476
115828
768842
223938
452594
107870
655324
106421
898244
115914
193741
464313
683738
749127
341047
833944
442782
182465
174339
685800
72212
921231
296557
132848
89334
614107
106912
93727
88656
30028
169629
463245
905082
185166
27077
259931
117168
174443
424533
669571
314938
211958
906547
335017
750272
549848
201311
375503
642723
59275
798304
159381
102069
272624
758379
947816
390229
891054
205124
262561
621820
573256
448098
69243
776929
239390
113826
792241
288770
489537
761396
295091
163556
210611
806716
542177
86541
877028
273751
553376
55142
620272
157635
639170
338193
629295
347378
864416
843638
200469
539234
392912
499202
776198
614666
780928
341581
240991
730467
799178
115239
474740
436057
388057
496426
385680
478168
101744
629084
743766
571196
277357
779915
75604
834167
744152
583560
751394
395622
72134
199881
806892
674869
741884
629053
647035
433537
406320
879970
436608
555325
341816
310440
419301
723230
314659
446978
40542
639233
726626
719630
387137
788956
84777
60673
856767
754960
710924
90011
781787
87769
261081
562569
975236
203409
240575
620259
659110
152787
276159
985529
752083
596614
370932
993844
448681
991079
449276
134849
521182
830704
996933
399904
131641
569868
756318
279163
957378
595768
272548
596361
906544
318276
593121
106616
372069
602396
976695
890974
285414
988717
237476
881881
745103
178076
446269
782123
453292
925825
347671
302189
476994
759382
615362
254820
613738
707962
249745
792694
227277
575202
31650
295374
865338
564124
266401
387124
845708
50304
836235
764483
718440
295516
907284
600085
379430
310331
249408
346868
464024
663050
994787
923404
430905
75452
261326
531099
644580
855878
943807
243788
606080
578568
458797
554913
606623
444148
97281
166967
108776
473509
726810
870887
458760
491657
380265
84090
59338
237941
294908
216807
240195
837154
75363
199496
840333
554035
732898
894144
581797
489457
109875
366210
700347
964419
481747
94350
499020
123004
826727
802192
531719
876629
282183
53248
957308
260233
100307
488425
136984
430510
889518
816447
161626
559189
231436
345646
622409
724782
289677
389831
332349
344546
172001
97382
976253
720562
579045
678047
824665
366435
647872
61198
39071
802596
659106
592639
813975
256578
998619
329386
72259
672399
859388
834031
95935
20489
79217
765748
208021
108478
460225
778747
839417
486500
488409
395433
350122
600599
293490
279455
946241
255399
95377
178956
286266
423006
212
545329
510066
719594
718472
841837
677707
729014
859526
633445
672462
417227
835493
237873
310046
876001
512528
169138
225866
891238
128517
632584
940571
226586
281466
36063
432097
78139
815184
374317
466055
383823
934903
769636
881843
18591
155879
424130
624930
606306
541442
56838
364747
485426
67237
492553
398998
910030
457663
714531
324290
125340
49493
423767
500192
382544
266036
233593
350033
605215
173296
727640
80691
303891
293458
533497
10849
300895
323281
530252
908510
488562
294624
695509
536581
607115
95106
891430
860237
616345
466961
333546
781775
129980
972807
444582
934546
713391
307740
590631
736017
450150
642066
18735
825495
401947
418563
106550
384171
560982
688135
176887
584091
421239
261070
599741
278083
821401
576294
155328
211065
922319
338940
492383
373044
410525
757440
854987
279832
81959
379901
495676
448525
187359
196225
776166
87355
892825
924395
921587
289500
343257
399400
839494
351859
197545
139706
509098
638741
122118
985804
307141
240276
601044
763574
228607
80170
333251
959525
58030
956084
13098
329212
252351
899327
352744
345309
785260
555735
38378
900384
885720
488178
50877
273257
240283
777008
752442
551076
743944
311631
122309
25206
64459
497401
901251
582483
396772
817425
668580
132818
320715
315646
882736
419166
864412
491022
377711
874274
175348
826640
160375
308905
486724
120552
433369
862112
878782
334331
450624
845411
228570
341190
381088
213145
452708
945506
236200
908183
401217
864612
925340
56405
460375
489357
79451
768852
513960
524198
680606
63628
215251
243521
847282
197612
440423
517131
649387
501734
907048
247743
836020
436321
673415
508756
292659
43602
755149
981478
113906
225934
841378
615874
182775
67258
944530
274166
522512
209476
170020
272917
527253
682386
326350
376231
807057
789665
342933
728428
282047
864679
766788
988141
161222
844327
216338
782307
159115
566730
522296
505063
738612
638010
690206
420214
9685
93942
202929
26107
346175
746939
486190
319709
603649
117932
637749
648592
108458
44603
390380
265018
365075
21474
764191
950226
42797
331405
72123
529019
310070
468804
67374
96393
735142
641813
458150
172821
410220
100376
614582
424502
968230
586667
314787
838952
983805
849866
13994
867706
789744
466716
632824
458894
925861
614938
663160
49290
843550
491768
110571
584121
419818
564771
541654
19923
369763
623934
3534
567049
136257
995769
9463
753373
996814
936514
897516
776643
880405
594863
678961
849034
267543
640245
110220
780923
93718
324799
918074
148371
476249
240161
364602
127890
478247
38119
158502
255197
894805
754706
269241
813891
816756
734606
979861
470260
804856
586342
218862
18004
432641
592432
654100
988818
696299
741529
203136
913001
969321
213940
861287
664143
976963
767844
118247
420271
362917
376579
300301
9087
623412
938095
290879
766584
720875
103819
310573
790048
757039
707437
603198
913005
923746
900861
371832
179827
616288
315516
463462
227355
758313
107688
921164
133973
209191
816802
20752
965119
129465
688112
252321
737515
58289
673983
924768
982033
13193
842970
998830
114144
854742
990410
222700
725114
164816
186170
687154
811827
348553
101245
918142
690105
578233
216947
184600
531166
60702
977169
245201
624540
334215
423611
492674
139061
167783
662870
900404
589409
925416
35069
645706
802830
440218
466920
118166
315430
165978
325165
618623
787062
149668
277866
150319
550834
498608
544993
662291
457504
552403
547940
929764
92265
318954
801740
903581
870225
732828
241191
586473
789859
400985
621466
285099
167052
166129
690383
794755
138806
909606
883607
283606
223869
25976
477197
994572
612883
555173
505774
186161
950400
748855
629936
238925
9343
198243
277077
299715
803034
663578
416691
787135
682601
971613
661700
761930
819528
970571
735018
6940
36596
709521
232798
385253
157516
719553
737984
439591
520638
27858
949817
167685
723980
137200
419566
415219
244880
561708
901360
931269
189870
750519
759996
627724
671560
390985
877871
203475
505743
851257
258224
829328
832381
946708
147022
432449
484107
892394
850879
341497
892405
762411
162046
223859
512168
683914
784678
946892
923794
742773
800035
599986
616722
373351
966572
417845
856809
255173
754832
864304
483232
307674
737952
33116
667243
195828
831182
163696
333675
359028
867511
493414
803105
409776
500505
143330
44778
697662
796853
362921
440495
128026
725660
837484
37552
83466
491123
470364
323150
307808
63058
744939
375096
427839
669351
516361
896525
185128
837952
809320
52400
753999
986848
280698
699433
219401
30537
988650
261161
7601
594069
809569
878492
366975
359972
600417
799365
444455
905533
337498
700826
902264
314951
308589
63103
763994
397047
856045
848264
297893
613270
912607
592725
98374
481107
107575
289228
177750
303024
54794
452916
996838
284831
868465
594126
889194
690006
628654
889147
658709
1580
667439
319040
260833
834074
434211
414392
429672
721123
964182
265613
706232
376545
250620
387569
908130
892240
759435
872913
587579
582604
124229
166096
32197
256946
691117
79007
488807
584007
454236
817302
960408
339218
831269
576662
458197
876918
826909
524100
967753
693860
778306
773282
313141
542700
415122
502126
539532
779374
31975
326716
384631
624511
542935
438510
891233
175334
94336
665929
825412
699353
111227
914519
995034
614554
137838
995961
454992
462486
406340
978008
611877
610224
526477
36551
223006
169520
981918
269687
479479
558550
398434
790105
972136
406832
100582
330287
658434
185887
256712
865571
63393
759929
311198
370958
41456
849447
9876
856070
860944
414952
7638
930168
820882
147884
19327
728682
585477
146719
396881
989472
120219
134280
757446
81174
496511
127865
207741
893546
570019
501748
543733
689533
270729
996963
232782
474067
417520
58617
552286
409348
324528
94357
842279
24322
448952
720247
5326
968785
849368
312314
804526
137878
819075
874079
721945
376934
834504
415848
861706
661103
524193
670156
293024
768260
416073
811505
310037
137200
18698
189300
188070
330942
182540
896724
213152
178880
709441
703898
615231
24754
696371
467678
691615
175445
339947
996316
395460
514658
141238
722579
895542
202445
898399
212959
394012
633703
834836
502284
26115
210790
48846
45179
304637
665065
109458
18959
310169
292906
455559
307466
809037
315970
481398
539898
705048
538923
325859
877138
117312
920745
915657
273164
840228
570809
484493
435620
520324
728969
502824
531292
839284
399767
166965
219728
752764
147369
801649
990387
93961
326430
168258
854554
286234
538190
984250
710282
543709
624915
153909
872816
669122
411538
722198
251756
139733
898469
346055
383185
263061
562004
717190
773233
937897
503911
997795
28846
1551
574093
508197
813397
477863
93352
540062
441991
529503
681532
216473
232103
448871
782020
332541
546385
213244
114772
641511
555947
102822
82309
540510
577981
447728
552148
354399
633094
839005
96217
672503
480629
865951
767431
30768
274939
109379
631361
577219
830046
589430
842240
735158
621746
556091
82134
61373
793427
705276
39200
701658
548574
789240
2605
877087
860572
466879
364121
933771
522490
587529
892002
419975
142068
202363
606004
8173
826547
225012
847685
637994
5159
666007
40929
904668
979507
535373
899205
208580
224299
512138
725934
353915
160931
308495
220864
10678
893441
627196
353791
273877
420175
912777
42030
587516
737957
162502
877666
690882
913929
703914
5568
722575
855417
806268
594228
745964
482574
37721
828182
106052
106797
978039
307471
288702
887280
468209
905178
472356
791641
428162
561573
980208
686923
369494
580090
306507
811761
646880
834541
367092
476585
492900
869815
544922
440175
611825
424281
336187
341300
434148
585386
650293
585694
671220
853718
609209
122472
48191
337871
774001
599823
829500
433460
560403
257916
284830
927843
451109
776344
555305
915537
180619
589980
529409
501706
604734
706290
107810
451112
191687
883917
790417
244455
894398
457949
553956
892639
625538
923370
321044
14729
937474
788575
897670
600096
76214
809475
968596
966175
377653
948489
867652
288133
965101
56700
849796
636611
660790
505931
98311
411281
579134
899910
812558
246628
259067
102306
324591
111464
689527
912083
405163
782346
247748
814746
684758
476791
444616
54594
634500
547745
847476
392008
673115
132562
490674
64833
935350
359145
442993
87177
29741
987917
977505
701099
173072
996515
516098
270219
108204
53845
239021
808494
628282
446646
394411
254949
745132
492142
270304
787528
18367
449523
206686
805908
149649
81266
744054
219528
246356
303289
676315
26471
513542
493123
579020
19297
553212
857982
297031
12319
412208
785008
312048
780462
472554
716572
162557
799072
829970
98157
447356
155815
192606
214713
236673
921417
795111
825610
913191
551414
475906
182828
689315
922600
474353
56017
90958
695645
936786
798734
443884
979960
104396
855606
828271
871244
345490
831050
123041
746938
738562
525995
314561
25565
186976
335430
421802
710540
375064
304991
485281
551113
151547
742417
153992
573285
340666
43862
474654
980344
972733
855373
993053
84627
560086
90515
493582
700887
242748
570812
276838
18308
177818
827432
943521
290233
73884
449240
172246
203843
874448
942544
2004
362269
42939
426613
603248
696359
907883
502292
712310
743506
449091
447772
986903
867856
848545
698339
606224
798100
527634
569035
805448
116302
200584
253212
635732
449970
969347
609223
948028
112562
406156
373128
149289
464493
958833
870285
660946
754351
97311
589688
925790
775163
521654
490914
860307
500815
995960
501269
145237
121901
558193
401691
793915
629357
496227
985187
456658
135028
526944
526378
352542
517481
273617
589521
312008
57040
34058
439318
812586
309530
966842
444861
953895
741471
981802
442629
527161
748995
99310
669042
687285
409531
76132
527855
990919
790564
585933
291525
834408
559635
963241
463751
82202
867122
588866
934632
928402
964050
44409
905932
288944
615185
110858
55167
709472
793625
44325
587466
264167
181041
63092
901875
163994
30849
8567
612957
965917
355526
610461
246314
215772
325907
641220
944554
254321
60722
609844
126135
777663
844602
984480
968700
991362
419887
256303
18069
520122
876892
348352
976447
917064
500405
14424
643892
403423
230964
687971
705362
234657
672972
826399
763777
174773
860399
741286
342292
672191
727611
54251
319557
826823
977648
651398
610649
524090
512826
160656
87435
639261
386438
6297
644127
547135
743771
243438
942912
506567
118751
303021
325957
954567
150416
350880
655889
603638
446202
66619
481174
458055
629424
217965
335269
133122
189446
604403
653458
361243
234342
480904
894339
293393
783077
400050
672433
37491
412003
860511
514973
905843
431549
403424
35284
908146
949584
65167
108425
100325
230877
797077
649649
396969
601566
781248
631766
837169
605092
356948
309919
8745
271101
604114
757310
814534
778729
258994
496672
259582
306602
313355
648377
827132
217627
537276
34560
310269
468186
652863
308758
961612
881032
66781
582820
79099
38604
847387
954287
92994
394898
223975
620671
651853
861880
458133
97426
695806
778356
38956
207165
549703
943609
218016
423837
504660
599464
96646
747212
304545
671486
605557
112136
33946
577491
851629
399794
564104
169671
43260
497569
547389
684244
80633
482381
149655
262853
294233
694323
735699
480803
7688
436054
918840
755254
871774
433890
629332
371385
504474
472904
546389
303691
393015
654073
128557
809079
888192
213829
117223
809334
902746
109724
261192
964318
442744
491572
501208
882945
533643
125436
619076
538419
691066
957292
179678
840658
242515
169116
822713
38874
73886
876235
988287
553336
904224
374950
137412
605641
604147
8790
561229
787616
338333
102762
196830
96537
754493
883508
828769
734442
782298
734054
186851
586839
682411
34894
336885
58507
652964
210734
561558
24501
286772
53503
584872
596905
770687
984965
634862
655360
399374
876676
891635
644670
244072
362809
701566
105102
205217
445495
876909
307902
80954
447233
768174
966682
123804
839122
557118
878443
313926
657294
71986
69911
46918
650290
156449
249783
104656
609199
596334
430022
185034
953854
245936
873372
778625
660742
295971
86351
581257
106187
378569
239721
614055
166350
376327
199049
728777
801420
745982
585825
836892
328231
14390
292386
968499
324236
196018
957256
522003
332474
797745
839471
899289
841833
122053
292384
266605
400496
150338
472507
593583
265474
198190
36776
405678
480807
305677
912039
878171
56313
191693
247864
884865
84362
892702
684120
677091
211490
341138
487519
353393
630745
286648
867253
968169
177932
676597
176853
147659
306329
480357
376767
310753
386919
682912
824390
474406
782493
34991
815441
489332
522954
18918
673127
602572
874188
207888
693953
630065
799116
985903
224130
847687
869679
94781
192793
342731
28025
979317
984485
587779
849542
768833
774922
686032
171958
805615
969680
813582
264843
241915
157905
552905
247015
780083
949232
662617
960443
951884
506475
823911
253420
770182
578637
532667
451552
253138
275883
370558
321582
553046
98528
842852
555912
929155
770766
109735
973159
621181
686436
770354
796010
157170
50258
117141
676827
891243
457077
190894
659288
667842
306733
569337
903570
305318
911178
937553
506761
146796
283522
157707
171808
56414
623747
716163
358328
7210
74967
933370
104753
550924
493033
622292
585292
44414
233275
878785
940118
315680
949689
186660
704574
724443
319198
722666
721232
962998
123633
652664
281616
824000
684947
866819
716800
901368
821859
969133
19985
32044
194310
164247
446663
107900
199125
707170
100486
321969
764539
585796
378744
509799
305026
908490
488415
584550
159707
155342
324974
174337
668226
173787
445214
799563
840992
907338
264730
751741
834984
840777
853967
912968
20642
649004
695861
456669
947127
477773
185308
500969
291636
386167
648678
972890
568794
505575
919849
382909
710033
226601
416032
803100
931339
530577
42237
947528
295710
627621
685000
506375
110945
917868
744134
944500
779534
477404
703039
428523
329731
36159
307150
34395
991077
235081
402860
991001
531030
183194
871655
998813
421489
814029
577375
162445
144061
165741
975274
765383
161902
661470
956737
245814
229267
337977
346469
798254
754117
76827
590386
847685
844488
72467
411352
23143
807313
574208
357562
741667
374800
322923
282955
643999
289800
591219
238156
738209
99430
672124
9672
474166
766876
447172
604043
258508
75599
805404
562620
104691
517138
888923
228989
905445
700273
647224
945805
547572
323763
936003
49409
413996
491880
455321
728635
177781
298612
793519
135009
840600
343862
848988
801899
126964
314244
876379
917698
124240
580267
233002
9088
105548
373469
657065
667979
866854
17818
978767
952912
539864
208486
14580
844346
27706
85544
45296
684778
7411
882620
495137
748759
322240
853173
407092
64329
205523
959023
395979
936675
955541
929412
150906
882387
914770
247678
164383
2950
662605
53102
976001
335547
677202
485748
209947
496802
938921
682673
473143
198257
121220
493252
79543
207734
404573
782938
702012
298435
775623
555671
233294
521924
162186
605634
931519
1456
595548
252361
376691
960498
434378
757922
746778
5614
977243
631732
416015
35026
351121
665156
324365
579845
635747
686037
961983
51411
681740
108423
449253
676971
710087
36036
828728
902917
932887
295640
639718
396655
906889
170977
832631
831180
757611
135751
293048
75978
309696
41692
217187
748315
461507
569943
67099
908182
7202
690958
974246
882255
25608
458796
536948
141490
77012
141127
747196
271761
624564
395190
26468
650765
923587
72205
455486
665980
284124
834849
514851
505256
309504
826834
597366
5161
855826
804729
961313
537933
238737
144635
219026
209241
261118
700580
322156
522570
155413
890452
212270
463069
555826
502845
232265
622880
947304
352982
605567
736418
591468
327763
76516
593632
955145
374112
796356
414406
717000
453418
166020
453025
714422
767522
432552
246043
600705
342015
79322
371381
334254
899842
155403
869725
463592
805613
274213
982086
696437
848098
800991
743352
204870
370871
283633
235516
659690
963867
233941
218630
52789
213080
568890
214806
826355
74032
619976
37075
190064
711137
290816
311889
672113
860304
999897
514306
218553
191013
885574
948560
111209
931564
293292
214030
21761
545545
564418
422740
479022
86903
691227
33110
20939
938602
703646
525403
67762
171362
14520
469488
713628
954633
80980
42075
854386
332351
870484
32911
702612
988448
644753
856880
23099
267969
816892
534049
887439
366119
603374
74696
453305
325409
315076
251720
399141
771116
132693
394219
342490
643875
801925
158818
817681
232942
898862
2622
474393
253215
323502
580865
700424
929383
610834
444970
664917
298726
893002
170230
858882
41545
954731
422482
210840
456373
380632
857856
734799
487773
223236
387559
304085
449803
570461
588306
359775
160981
817299
64851
335764
471259
294498
106867
402718
183803
183111
381024
330278
173757
199123
911482
626539
178150
427098
106834
472231
357611
534826
800186
20969
980332
439673
605015
566295
520596
805228
236160
450432
514949
929665
88328
386684
660257
912496
475406
196538
518819
116018
916906
978209
88565
125409
127384
395145
376877
99261
473055
259517
738714
665793
256995
121045
172533
911366
228265
441661
524669
606162
523243
853224
90509
223257
662468
368477
1825
142682
141004
574453
262767
488941
491189
558622
300708
492772
813675
833111
849313
247966
50801
959600
926371
523263
611022
819236
139323
376825
994192
367777
173689
702355
214284
423130
241468
609440
482001
689905
503568
650079
576267
696603
858851
861712
510081
877180
788220
22153
736512
173785
373902
981589
678517
221892
571854
17068
487092
954532
89977
146724
144425
508205
509855
521028
791334
39876
869506
493093
997933
998474
433737
868783
713494
902283
250970
80506
709800
147978
880346
388897
443465
108811
939975
423737
226304
970989
800855
465723
397239
270454
112020
68390
839992
701711
344461
708417
950997
379059
383088
419462
595716
888630
621821
851280
507559
548864
145620
977268
164598
863244
217077
41967
859769
561456
655625
344313
937193
920510
219704
836339
850772
111987
439389
29224
524017
209069
695304
549886
226758
375112
225394
47391
670326
324446
199287
139882
788410
320916
10087
68690
438054
933849
864742
293515
682074
388215
897270
284465
249435
588385
753001
681804
929652
839625
799222
333901
710470
569397
180774
430587
899246
538248
929340
665269
470155
914242
989040
887830
433513
429860
522576
601488
55357
373364
982610
392322
917444
226700
213534
410127
246541
647716
672646
533705
781695
791834
916453
561297
694084
600845
281506
204561
961861
574504
12270
801370
18586
53592
525552
126704
343977
327848
653420
278654
743228
83655
525964
840270
48953
935316
147455
488831
76868
707723
264960
905151
185056
686661
485130
734996
956202
914189
572897
634954
840266
952555
74829
717651
307998
894253
49143
143516
341581
837104
124096
151888
317975
300506
476051
900139
618971
793216
260846
755604
313899
955247
767336
647848
827916
617800
704264
476275
72945
745049
135068
507796
138849
704749
965354
335147
191214
541686
386076
201705
516918
634121
265550
648411
291469
382211
33317
971800
745224
64628
360997
624529
538813
470424
341284
216215
369570
28612
298186
602322
130156
828433
375353
294103
511583
83848
163630
302880
376982
709512
419513
946818
486782
819610
109884
608837
660032
746396
608074
744735
654049
250193
83683
477384
264771
785975
499093
952000
236574
137115
547774
460058
146961
38137
227444
409119
8335
355225
526414
284015
854235
244986
169742
445237
677429
431656
673225
350146
365051
164033
779422
932085
552370
711709
450614
348934
654339
465788
45434
364673
860185
728382
788361
814213
742430
178576
915018
263347
301260
11380
44953
288723
345731
664826
624038
415629
289460
928291
733138
732021
303029
390202
887638
577952
415902
917386
606987
122489
994614
587796
449975
567377
224246
451007
718766
100201
275075
404105
315546
824974
786355
861163
701321
948331
4539
997060
36148
603403
398735
629435
497639
363518
71239
912145
385154
808794
226597
503043
22775
757173
584605
422941
353869
421184
5394
376216
518818
124114
501097
241013
228923
1272
672158
756396
79641
520723
323363
592486
429677
24629
667988
520815
737353
729791
736581
65354
359776
706422
71728
58176
896685
667821
451245
861147
661898
605622
160972
327450
585361
825079
913640
250016
572938
394088
986039
61472
182000
732545
74559
725474
871996
785550
854885
607899
397133
392121
104279
385232
894305
44259
632297
998417
775435
763705
194576
393506
404629
355669
632940
49568
518157
861626
429548
414756
913319
994800
294435
887800
144544
744458
369007
747616
41074
624968
322217
345028
582844
521172
573228
412149
985058
580814
647260
686961
234290
32853
85210
4654
817637
488399
731075
328090
42254
570774
726903
654665
498029
288366
483511
897049
361599
395909
538236
521302
380944
601675
113573
371764
175760
869642
533578
352161
858537
292213
902555
905698
207888
568115
369295
867510
870696
312697
283474
413829
587603
467688
477650
545803
106492
975583
255493
435051
606946
966097
797397
64872
578176
189490
957102
360926
795523
660303
51758
368694
628783
514391
561605
296660
917664
741787
45708
311580
991598
921184
940848
830219
856301
649877
135150
406220
103519
28434
338083
253344
263071
29103
678836
178245
890567
141128
517935
810669
728863
825554
99821
737084
911431
196168
26318
204239
535059
383953
432024
484769
438739
589075
502718
454878
114729
590568
322377
316359
244373
885765
131438
6870
802304
970457
690651
531104
734952
272172
65876
350854
458616
367915
405808
893700
436377
195701
754757
253281
833457
547008
106723
670752
838423
232885
813246
548023
654231
822811
132793
196194
97900
455006
888264
287766
855691
973955
935048
356927
674662
742587
491714
676602
153961
445099
736517
685759
493843
601985
795265
480378
844340
631201
766737
836600
152449
891627
699381
681157
942693
403855
103208
176801
496416
566238
834966
533132
467804
401186
441047
874291
107102
281889
594202
778648
992607
832382
253179
928731
357819
114804
235917
475466
173019
62285
842399
621059
324357
917125
459502
337898
520430
139166
601152
835955
371967
81885
473394
174969
170434
352629
965190
257442
842913
497411
434056
18726
124974
961816
336571
97435
6721
952298
794864
806688
487418
523364
725213
756264
503835
170665
457912
85894
870490
781636
654308
742504
207730
96949
460539
982344
572000
531953
534770
569537
66850
595292
194365
481106
17603
99483
806001
770304
724223
677144
102310
131405
142068
103659
94980
964777
419539
409138
731012
831646
245156
127047
1755
275477
661813
928595
462631
127067
541126
854224
23489
189444
514772
693858
588328
178878
611356
331215
622647
810067
35856
399409
253880
78966
768950
550799
943837
376638
313503
664957
984087
661742
835257
774653
35003
546008
394323
629404
122733
831799
699005
579161
200801
486062
276541
524249
578422
566608
680406
71388
811231
684105
794584
505395
150870
762066
182120
850500
578385
583584
569919
186663
225649
821426
107858
744381
903601
858529
374526
364782
437297
48258
584874
810749
836110
879660
610139
193377
985572
676009
987198
538149
903693
857284
285722
188931
429652
920340
399939
448029
51877
626508
516410
351925
576747
542442
719671
691343
321759
105823
936199
497752
988766
436550
603880
941084
487503
43685
433231
51447
921125
335549
733329
875336
468752
635952
426251
726064
538371
50278
738125
967079
634474
865630
192161
837630
984873
721101
849578
256756
467482
837645
560091
38833
77007
795515
970917
535317
595557
317096
240339
686173
45002
309950
49462
232727
670775
190686
511260
907677
472754
838887
607982
130566
454487
687200
543169
637321
591916
904979
839597
136889
613310
220811
19390
530894
572720
909603
983037
893093
94022
991892
956833
774221
483083
334181
185297
179982
27013
308501
506568
541947
931478
599122
754672
683672
20742
12305
157224
672668
155420
763172
985182
193279
568367
390222
610376
420888
481017
831578
435443
916690
274702
352910
899192
73845
950556
655921
847224
525632
287761
270652
897607
582501
7817
138386
292728
218034
134868
49411
5772
816065
180813
258712
689263
728621
844894
65113
687286
254663
900585
128383
159334
447641
95117
675201
891976
163031
162535
195247
350309
828118
698966
965910
153665
134256
422582
845391
34224
684504
917820
302031
348818
917996
562060
409042
788359
123913
946591
640131
60555
803788
280550
179588
805502
833688
776084
635830
491482
909174
265807
422989
595873
423073
434718
49412
752777
373873
94665
463966
777220
826780
103637
391028
499415
231253
635693
3292
402764
696358
792985
647284
565302
893934
545090
908012
447855
149720
533034
557313
867566
925879
613581
228304
238967
425530
43302
444595
122530
780599
763531
853750
169648
530507
784720
745268
443125
4658
242306
805295
446010
866418
45095
523868
377050
371045
766611
512443
124035
694095
478893
877082
591048
491590
730812
416752
183256
415041
95988
636585
117247
364246
744773
365485
183445
539402
280769
364308
60799
782758
13301
440858
497094
136118
273745
289984
933590
547805
32170
106645
557233
832404
980274
890264
329293
255592
831514
147274
168321
952452
646969
517428
348496
732897
157720
846696
85445
629383
143802
371268
289461
937219
835895
709391
803884
967308
411598
783657
349350
256948
33711
890578
377654
249200
63527
961301
766690
329273
313751
268225
421544
933011
30531
648376
116265
906576
406755
251665
812383
838734
244157
756969
342799
100855
123706
581639
867374
75589
193590
768148
744507
7881
151370
816657
297028
468181
424142
380622
653496
728102
257561
509154
289781
568871
247921
59009
656761
447248
651480
356320
303574
837608
451871
522592
90540
8378
536379
754057
307858
729681
211143
449216
223908
174959
906220
583628
763620
68094
523540
237367
34340
375707
252044
371648
413330
468107
410027
102045
243186
631751
610733
254330
922990
884229
659527
769627
178212
467899
158719
757450
543131
231114
23393
468591
357306
501977
323471
843985
442979
904004
714616
476527
190447
593451
950949
668690
661014
922232
116830
347127
332481
93514
527734
742726
507174
312530
536069
43481
278404
326943
496051
489482
307957
545125
754540
664094
439578
537295
4629
63600
329814
858422
865036
64124
252425
159876
74928
340328
191019
679218
360512
525543
772275
647693
710418
863951
892922
950209
899857
343431
136879
569201
261807
29358
912210
584895
655606
63600
515350
972172
513052
335176
10892
682814
856737
432924
618618
568377
329361
33182
375476
272567
422244
905381
225116
58279
132387
869259
310340
935985
139763
737367
425398
574840
857020
828255
679627
656648
14000
368159
449995
771073
273498
469095
376728
466719
369333
642088
997491
400588
93178
899623
480067
598556
737731
457230
753621
502918
277636
909369
956178
378742
105256
126065
163357
212784
706012
296751
343319
140916
882489
558415
554606
265248
881789
606098
290166
385564
816155
276024
132405
894767
573526
850807
722996
324632
487316
284460
545468
361575
266788
734776
99016
450019
887902
146043
118748
741655
193964
9317
956427
559644
779945
636530
219463
672491
694109
283003
45267
428960
486303
539679
612574
800538
531072
312271
119020
662921
426563
578500
322346
249055
404036
815460
466808
192993
795195
665529
173234
636237
377262
182790
68321
497115
758561
619382
625646
411487
259837
454682
482878
127270
73106
738791
201830
919701
4266
211707
844790
139895
461194
299762
341430
150898
326306
998775
653889
641825
368999
859975
58168
11819
614283
108570
711482
835517
322536
368951
832304
3007
122274
530214
98696
103842
558349
446160
485873
61292
530229
198832
700143
518037
916441
20798
498050
42045
166309
8409
251168
59030
43599
415130
973698
687186
887951
131370
541643
170024
251576
84082
535323
448265
219460
278984
322555
126891
937303
187146
475669
592891
589876
407860
599201
323497
726061
361064
691579
11136
866149
723620
109698
810821
287179
806146
318934
648389
422248
275370
209471
385612
262935
318710
583957
767257
44393
638197
566417
677658
95247
69256
105750
560639
389666
511684
187840
200846
265805
10013
792470
762531
662196
835430
183504
716539
547376
108931
506477
665213
635529
794058
212690
42801
192395
622131
508767
365096
912859
446219
162405
274843
592775
745098
963896
311193
951844
447445
733846
821520
93921
668149
505069
215306
159179
496087
162591
279116
91009
817913
856568
55780
366521
765543
576638
317837
420647
773702
437019
724614
196073
402717
878524
84506
866944
466921
955841
308709
817341
816782
434640
144154
444967
49944
260380
992763
354396
404827
813168
129901
351270
573927
984180
377600
457444
827373
206031
959847
755929
350684
547965
437301
618120
583684
100021
800535
763247
993646
350562
2530
907043
683638
370679
12128
117868
915048
702430
54027
485421
951563
774755
275182
680777
635087
475747
235439
987865
333656
876599
476587
29662
702012
516843
559837
438072
490494
412956
790459
946327
484482
985472
741358
912543
546907
611378
677772
901488
168979
573248
885520
711328
321124
175493
456522
386689
36007
298055
345900
416817
654344
573281
542214
905521
335028
764153
559539
323236
541058
661317
199509
222122
405851
431780
170975
149182
54898
190878
872115
954162
148586
284224
888571
540814
973060
991314
299708
571494
643648
992225
249389
479180
345968
441945
773008
977659
738819
677437
101735
751242
931661
617741
985255
881488
48608
34860
392342
26974
663112
605851
955755
331797
382486
884603
984616
545962
892724
410627
320143
709963
693893
651665
811063
946943
438350
533887
452541
397341
138476
424043
651995
623447
42783
399388
771139
948945
196466
913134
169544
498459
217108
954841
19605
522978
894116
181412
811231
604665
907872
984217
878479
597519
702989
893699
717191
391566
673970
160016
777644
131934
298752
652855
633918
971089
538694
947466
546653
711325
565395
291545
332604
404196
181228
381293
941284
861503
59154
500147
901748
858360
817507
443141
332784
202070
400936
671337
457375
63069
782490
634727
893694
614679
148854
966765
651265
374485
673071
662999
923192
723620
551525
36361
350744
373725
284426
668990
679413
425926
102660
569006
361685
65735
436497
312421
708110
775810
426963
798359
932150
296421
971858
532333
301437
289957
825235
603139
574198
559627
717139
531680
933747
569031
382133
459859
363988
698077
126300
16327
877287
96069
299382
153140
332208
785104
34610
457359
34715
371538
237063
669208
226057
497977
826347
392599
959362
268314
986006
127555
574123
785453
768136
622349
891850
77787
199793
803614
32353
928051
153290
640866
883326
624577
694918
262055
785503
354611
526967
329438
157011
556111
853014
640314
188478
569456
964697
248903
425338
303300
403027
924832
773326
510104
544444
947634
51616
418736
726159
427471
672456
209746
217211
761511
937871
614720
954826
634603
914053
182788
724356
541785
416562
334275
112020
816419
981564
695943
592335
263716
611864
989629
787150
337277
536007
145698
322469
502714
122652
479524
446792
550471
90498
483442
210634
890235
805242
992392
881991
191694
292871
58074
262037
167829
431123
263481
262768
158974
53374
989657
213294
514644
35337
147042
892470
513564
491167
15024
358899
935447
421935
541086
85897
444843
269148
459944
660579
82469
911059
532228
299503
464253
574030
596499
774778
744811
575335
97821
666304
69640
149404
300929
424856
167946
380673
81358
234236
466126
41730
781864
931282
527611
746392
587181
358680
567367
325381
270816
51814
68084
599079
67948
911797
7731
310618
294184
730788
456071
677620
482023
683086
856569
816328
622677
591332
271101
502997
610906
669298
80405
964695
307756
265185
54451
61058
50998
132286
818649
43059
158194
210636
738279
230497
213385
672325
530755
324636
425789
383565
902720
218182
401541
380315
472505
20633
685692
72831
466932
462387
465354
69148
802039
806627
205392
911280
8154
77766
184103
264155
112636
317457
814508
82390
237522
236439
86211
22967
473424
315448
812086
696396
123766
539539
226369
875548
178887
710223
688592
231124
546095
473220
220986
335387
556973
644059
221590
810178
732628
238328
614921
791152
610527
644860
365259
937086
826519
532675
49571
414504
211734
645318
364151
946093
447023
882708
561727
81670
570787
824443
939064
405341
236633
898956
236391
5807
602111
399352
932848
234551
36589
205422
342802
940454
604885
433638
905037
11907
483385
215463
332479
74283
173998
723885
934026
508091
136290
506493
184270
879896
86446
889964
158377
687571
976943
551896
438506
851278
651913
914992
633067
726490
857034
80545
662540
95514
329409
971680
850200
486961
224232
863373
51355
280652
423357
864031
610026
825975
182411
308351
134190
866025
273342
864342
364813
334918
466525
867090
848159
272644
311541
598485
382451
816745
461672
761357
951828
947300
434522
331395
257060
641850
478417
465883
338961
105700
202246
974236
802497
400099
903411
16388
942669
826155
332437
490162
156928
896644
132403
427944
287101
684236
161426
675489
451115
223791
319902
194407
895267
870992
523918
499809
188779
198783
343052
939282
666095
171985
155873
394595
919269
395723
90408
447958
666742
855674
301173
465712
132090
790703
910679
985101
455701
389838
990404
274909
558192
89391
364469
810551
76017
34006
621916
689473
960102
606435
347066
143336
56072
206067
377413
793769
13471
143695
464744
699507
781561
168357
101249
887760
333472
452045
250734
136849
526105
971329
486205
910158
404124
785700
703365
816656
290019
766797
560503
641544
469347
961897
507850
10764
31954
883488
75116
397224
624644
297329
352969
288632
816696
717429
624991
271382
834370
717697
990833
209332
661998
859893
685746
137697
155354
986380
338267
549042
638124
155863
62733
394347
859805
973317
3709
371739
662470
429852
226752
105842
234658
278832
116805
251200
544304
30237
139185
869082
934348
775608
413965
758498
635196
184790
541252
282620
969949
770719
661599
793968
138260
454501
592848
170452
437846
645933
557758
873569
619181
791107
940576
989964
368164
809969
699521
559462
785455
766411
298601
602511
867585
156965
556058
594731
37904
890851
547022
224484
712904
198975
539806
448105
441044
415449
458331
631337
524391
15408
981856
149164
281867
914002
744347
2001
189359
468455
76639
191192
278127
720129
102046
373473
496412
720714
158675
741904
869933
868816
815533
509399
438155
928712
335829
736034
771255
860419
41815
516467
530102
759916
973409
753701
938636
73416
536584
98390
906655
111814
213881
2548
314744
360970
564035
516328
373564
711189
164698
720594
652386
475497
765091
190305
168708
88404
710044
949720
819684
495306
745303
238816
241896
987151
355543
92364
541624
364698
859204
256828
963081
699687
581255
168488
938465
710816
755
664069
448046
66945
689321
838742
13259
76977
880071
431710
146714
773140
822720
305375
931085
66856
704104
999001
837299
525325
430868
978299
13068
372998
199880
301286
140191
736099
878174
609284
517458
484435
47858
992888
960826
100835
313236
816703
604520
46339
373028
286980
901808
33956
890201
77893
721898
64510
174861
792153
368603
84227
247311
647009
960449
384495
687933
619260
588110
147558
492923
82888
115395
587288
985185
200980
883393
349084
232992
478371
748324
789307
487440
984013
616786
333437
197601
893823
14798
549923
572179
403686
532148
63457
161169
371174
613772
756651
330054
584034
43562
209816
746868
840057
658348
494593
58668
537160
345205
232302
5644
755021
987166
164719
683806
946692
402016
120221
567599
777767
381223
78219
208234
671643
75795
499671
321879
322899
639003
401870
583625
483313
435510
978816
225083
489330
482488
620847
719738
8208
661962
721180
773589
652081
89198
498406
465508
591011
433292
886371
267199
232952
297672
979677
308425
981149
338232
787109
682315
231867
663557
564016
899488
329920
366175
937477
117049
181628
397327
778875
665650
212518
556463
713632
914905
311640
927465
272403
571846
267623
751635
417999
458109
404132
320500
148426
692151
788627
421615
669590
666950
48864
577085
149914
663435
110186
795255
121378
101185
549278
31642
89985
673537
455711
658261
371877
711301
95403
408746
134656
17103
28710
745422
197728
227263
443580
864132
975410
195395
100459
455849
762716
977224
88694
356508
148366
681972
588540
209901
13772
213860
437097
321089
811606
759446
702799
974747
71452
609204
24910
730959
524832
215375
591366
178181
765949
185247
637428
834070
587514
634557
368445
990744
939729
873628
79100
408427
382678
138989
540426
177258
677423
303702
172458
394561
352548
402073
968970
459968
641963
205370
701311
557076
159999
18702
597148
974105
839357
558373
734148
632267
600186
372907
861024
750504
145402
392412
257348
219175
142162
672186
613565
488508
595374
839655
659063
388105
139400
381249
759272
176942
864192
202976
518650
806776
4314
892383
92543
129305
762355
428877
534349
189209
1619
458394
722194
102221
927332
708693
100602
636067
661782
314482
554014
958797
113031
192433
386878
697205
909344
26669
644008
593054
472769
204996
921016
263502
882963
579136
318985
331564
418884
72995
132367
548594
578679
170995
298000
820640
182913
321088
476644
304683
811633
217213
688243
224812
7067
685291
726005
332072
956051
794697
226590
963264
629277
165228
515614
955141
310970
888781
295977
344481
614589
968136
766979
912498
717173
927347
883500
518746
160609
155740
913909
639919
651807
352646
262884
927743
152386
843407
866957
136719
990476
921907
475879
533182
132398
993165
755230
353639
305013
341593
564989
776744
766834
285695
848286
341532
98902
479328
840023
88394
621648
286865
770402
690122
230935
777489
172706
379403
711724
121509
318185
79347
990301
465721
909833
173649
992890
552340
347749
345778
408915
490791
622433
605040
587618
352201
68111
100275
146190
840885
263430
810346
44251
736503
594983
67869
686905
250887
536245
88102
603470
148997
821760
138117
166000
372711
512184
318781
862876
76512
741502
376202
904290
664525
568852
551493
245694
544954
310603
808189
862035
10865
425414
599547
464421
89989
235681
573984
689066
568334
887477
835680
61307
510652
190192
872699
523073
289799
283762
359490
344016
65701
413679
440589
956226
592894
597711
549941
439845
17785
987786
950198
127809
668305
881509
990488
431369
230558
891867
256066
667456
164514
545849
522171
63483
441412
762960
447440
832493
673398
381976
490655
625108
166371
684853
512440
725571
993626
628695
507825
234617
342663
974838
716440
9403
888884
193795
707068
252985
833329
385189
342783
756836
316199
80150
44519
856792
179951
393992
732431
481765
88760
76309
334549
809310
864193
388697
525520
920088
533555
14094
316007
937501
730797
464364
549229
96263
577486
160861
996187
581099
300029
383337
781648
68804
772134
778188
646913
150753
292477
171269
802921
790772
138581
396018
504466
685197
136548
628386
276174
662829
502721
844374
35963
544909
834054
472313
840765
704397
827838
339696
454438
797601
109344
636664
28653
585717
715090
819291
712879
587531
297340
1142
630988
122409
170588
437344
242372
760366
142504
481520
750273
985400
177450
416426
619610
270762
689565
81075
508873
157152
80006
889279
910961
130040
569659
892388
6204
813345
340611
864939
945267
748017
280300
503527
317315
347507
181841
10609
596846
43788
320687
288664
576380
781565
212501
712338
154715
231746
229008
848602
159137
588674
587478
615033
874943
727899
274113
601722
740638
702124
535906
435817
449829
817636
130418
156217
42878
501906
453963
206815
406273
227227
587077
802257
730735
385414
395435
177712
155234
730400
718424
434282
23968
927012
120229
196640
451177
328212
603736
395422
15960
984578
503832
2204
984843
777576
981142
878527
66926
632865
329500
536574
582429
696803
81435
560726
269986
669988
458019
534169
584455
241444
583395
720525
196048
442357
351736
413438
826863
519090
372998
410300
708669
769990
74139
32728
525005
750062
89219
783606
181456
265686
829492
231689
986700
315479
170607
519824
412841
354047
7393
291833
305061
388129
780453
96504
245055
172370
925128
372030
910248
963601
179930
648948
561912
537407
479934
466255
71967
124249
435771
989601
752514
484507
784264
456155
603866
87379
985899
848037
910585
407136
767980
869652
352634
478398
154078
342824
465746
962874
379838
616136
489340
241399
981008
923296
185758
309747
407303
550237
652873
128696
757808
837537
781736
160520
945240
888395
459119
665823
724887
723865
93758
36889
146136
543493
235993
952168
207186
827773
742034
260578
775838
886167
59184
378900
664948
104112
417853
424307
976259
830253
719114
767470
605786
402504
228373
261357
365840
778203
773338
321225
140946
847100
95371
504425
888185
849414
70403
455997
743590
796260
828525
480910
995660
868841
49329
639385
122438
416397
166339
612618
408957
320942
485164
270741
131076
390382
623025
545731
19759
219053
650534
187207
761392
156638
515796
629287
294928
535705
662844
34629
599130
796897
101974
178575
439488
31199
521852
389727
945748
385173
930451
393499
350659
385575
57441
253254
839894
983327
739539
606765
957704
595843
190506
481638
500230
678292
134273
241299
944910
646575
465041
801185
281435
426679
910661
987901
350713
662747
546182
864603
482687
264055
875149
439089
945857
601812
389239
640392
63947
508801
74835
868505
754559
650131
769896
402545
673182
960859
60342
613761
810141
667204
318753
526839
724256
412358
38016
682223
59474
623886
672695
483156
999466
414692
502852
448284
937330
420107
777104
598458
815337
173566
174230
936194
149521
717451
658575
551669
824965
827999
354335
380521
3746
392775
320859
500473
233180
177456
869807
346650
628175
987520
379719
797584
512742
846518
196636
806483
592380
813505
325154
169692
512010
112405
277897
165667
437062
842316
623295
50850
940210
791525
623379
616274
585215
480713
158544
946285
541359
501702
731276
965787
685694
42221
634088
313258
179979
842396
287494
794405
842264
929856
88708
832806
579137
331815
266511
852305
979556
917758
24927
357853
442459
407101
53509
926298
61067
195687
354169
694679
250559
426851
582644
534408
852289
680569
545035
752962
478642
622023
450040
364726
560867
991225
460313
864084
305359
282613
505209
412573
638721
20945
601425
108058
639016
85717
113528
7355
697621
58277
286455
798204
918897
550172
941776
305473
962254
333992
794487
545089
797886
568418
659738
789506
555711
286416
137385
435277
380029
344475
521477
848163
9326
771323
523373
870275
278011
25516
175194
99966
136496
181305
630588
754894
610941
367367
466997
365272
783576
72695
106988
955983
374418
555455
802087
100097
265214
864324
871648
747825
351755
696943
80330
445977
49592
843303
617842
61316
794313
445522
38247
327142
503783
832348
580320
9015
53836
882148
857020
980813
304246
567277
235505
905407
188288
156279
510614
475810
78980
44325
684265
30460
66347
966746
860727
820249
834571
969543
326585
413524
732451
85557
559183
20368
813773
217295
47645
989380
91944
753014
456474
198690
277946
308917
635009
400985
5674
358539
334142
145251
353326
470986
809204
783978
330516
211872
134811
741910
849520
158122
217119
75399
675731
375570
317155
633133
886389
854062
267513
936388
255282
739368
585138
218630
717360
248823
958604
309006
975415
842808
336485
739337
624406
360912
306418
265902
397229
37270
578094
287330
820927
323229
757291
987705
421920
656243
637993
812528
576621
849400
239270
911192
664025
225325
419723
332115
411963
880697
46442
596790
189888
213996
92635
911146
808460
904322
724246
215920
785689
498914
776844
62821
870575
946552
593492
9892
791594
150459
619559
451613
218890
2134
324146
990383
914893
691700
286861
847393
913650
293245
366926
851024
467114
326136
730145
19638
651809
775747
535549
961696
477714
531654
415126
826698
966458
737429
187569
779704
887035
534148
97912
326455
47441
721869
800907
373940
292003
132850
969713
832942
374734
904138
860442
828284
140540
179468
769224
469289
807311
435941
633283
557818
124931
358037
343580
415580
367398
196528
194519
407982
859354
272581
6356
958082
424036
9117
311888
57304
840823
69146
963342
914469
726185
322302
803661
139985
109735
723586
160683
807319
97117
108626
549392
411849
592716
895097
237719
625051
581182
706640
250443
636929
8678
350090
445899
859417
513589
841745
632419
263642
380640
885008
517425
540585
811613
460513
675558
406874
104654
859848
967283
923365
300892
157914
470134
270813
322565
186640
443521
323909
134278
210930
947151
298844
992107
983408
90799
928684
204190
434879
571881
358519
309518
995515
387964
104489
958938
97538
919210
659704
812984
395564
282188
414141
484795
981339
153213
493842
238212
599247
238641
754665
695637
482071
308583
516405
976460
787865
565680
787439
221444
271291
448869
540022
89859
375031
962342
400185
369671
499910
105092
646873
700771
454529
521434
961160
516556
644732
301394
966244
56285
120961
777809
604259
996038
273122
846758
506318
81764
74557
7664
795832
871384
475889
375609
654104
813338
293583
528456
657135
873922
180738
474825
769460
179233
486097
698463
981943
117481
30609
727859
72171
886347
292414
225033
817750
115074
73374
821781
955884
942488
385808
778349
461861
501527
366696
375187
73290
21031
405606
951028
996665
202211
175983
792917
739249
500776
758407
961564
550783
252522
628690
832055
998141
102650
577556
104641
474678
408115
356456
594546
402673
922238
231716
7520
283583
854331
471202
361322
81861
75987
558909
954091
432616
459528
24428
974314
555979
969388
810790
644351
784230
309251
648082
322672
244233
927434
118636
676567
608236
475647
459894
259328
161491
594980
304535
545826
265835
892668
125212
401794
239915
964372
906464
906267
518023
159193
293490
213766
711078
253506
355619
558487
898982
462692
158562
596340
112999
170299
913971
570305
926459
615466
349259
629287
334969
855750
57893
18943
490291
731946
689006
59054
71062
354304
709343
105970
574340
426130
419187
403801
897506
661208
117180
168812
726745
143659
636464
578029
931830
984423
515389
661804
334311
524391
740838
819181
768863
449517
212960
16159
191779
220414
379594
520072
578909
536640
287960
514633
101109
46665
895631
473031
858610
664955
792871
88610
807144
765680
580948
789077
578071
5570
188908
914341
429204
48810
91279
888677
268779
882201
279611
313992
622006
175178
343535
561000
446567
607341
161181
310251
653834
311205
843544
679090
496149
216374
907600
573987
730919
262993
585724
184490
224672
717041
21268
938985
724403
87906
360218
662440
801630
655875
845446
237306
900439
605435
879188
372970
431166
539315
533643
198815
181490
248444
673718
312276
748081
411855
42802
918094
324051
791581
281387
449060
248924
1975
660887
358591
946649
858722
869524
244347
566882
853490
379027
744540
761588
191906
56552
836104
186305
861177
108571
593956
756924
998609
763496
269270
731907
567708
21308
668141
472388
60040
773506
734664
482573
645792
404881
787462
109409
810048
252582
335980
35121
914708
807094
77272
702151
500029
915191
912793
188685
909528
924165
446261
105608
547891
639703
48380
987592
309576
451575
417469
969560
956006
695799
891947
390017
586333
651660
941928
37771
55599
966456
587052
74869
843608
568375
961670
948270
851673
102792
629757
452378
201585
61327
549309
877499
358004
555797
697813
553505
824110
379106
426388
405980
158714
568024
184941
194664
315102
133858
600397
809096
689388
747705
409635
330335
164290
877911
778625
521609
990618
96884
644154
869434
700406
102012
271208
489532
729329
108776
260536
960716
309805
85218
347683
908885
911560
724443
434801
314450
991485
803466
228519
707031
890182
785882
101307
522405
125891
901131
529066
286360
921152
253887
988817
749787
977472
893911
630324
677511
167927
536820
731460
332920
486059
9181
664842
678659
421050
869418
601465
791600
318390
558616
583511
498944
373432
341648
486626
49778
263700
296308
488896
793317
807890
196012
724304
423991
6770
917485
103468
851825
505378
308030
773626
534119
783869
173649
92724
417277
702373
123657
920744
932813
45944
95839
978535
633836
487622
399706
785877
277028
968105
680409
494749
640183
350249
737400
727322
176444
394494
508554
552699
152843
593333
918899
759738
643479
369252
728254
429306
657917
697397
92303
808018
768959
130214
6638
355324
884111
202377
629400
380910
670282
34668
396394
844714
904204
32932
610183
260470
382346
865180
88261
864354
759863
121039
76304
420527
663408
415820
521162
969543
682007
290534
77280
452681
753318
463373
594880
579350
255975
676589
803703
650177
922984
863750
941932
882937
309934
481102
859977
38315
848253
772291
24264
619419
170803
532240
382140
621945
575875
706007
888647
741054
125774
838689
535970
666435
262195
321577
416129
86308
214732
162924
545677
706727
617643
284683
446747
230864
507669
645845
670351
113480
111732
918887
963619
179113
671207
64361
223492
552680
295467
579569
641210
211200
690828
829235
346081
186215
922864
24091
321427
389464
353761
553289
871648
798557
474191
228630
896628
363806
129760
490563
78750
516976
756379
576754
937251
596039
228301
631919
131786
726810
106528
177745
183002
269869
938836
557315
932958
664194
738358
291847
799434
232442
131816
644861
937681
840419
375591
587398
568175
572679
521657
91046
673515
7029
939887
4658
540661
331740
53521
239795
939547
228459
988695
918641
658682
207359
455724
66216
218857
942571
230973
769587
326167
33999
904727
515293
251877
626927
597471
80298
593807
165654
3605
400080
575409
810262
397441
421044
830277
99085
469732
961881
295261
435247
332123
410566
987579
507968
649199
41132
602464
957846
17557
835452
802175
217964
384383
64911
638919
970748
370999
28629
32832
319327
138514
137223
781942
171950
971676
960595
306169
985826
880529
846526
703077
673014
251417
313207
754563
157911
243984
845808
453386
56586
776485
550247
550992
32198
542767
888264
705937
746875
760944
680197
721128
355333
154533
61428
880245
880838
518856
454412
678624
595816
345821
585167
86216
991091
176094
347767
604444
104844
334119
480306
460975
941255
504536
197018
106688
149391
139093
951747
828638
871669
577203
888847
277608
726061
624183
528024
576623
422807
113914
580913
775607
601541
164656
616831
55781
52336
278513
608856
609956
21782
807080
665074
435708
344576
81377
146527
981955
328048
675226
107205
290211
364381
619708
48317
661958
390074
856927
897122
656433
546691
752586
93224
861711
58238
607481
373190
374981
909904
814813
815352
785965
271194
711429
205724
534467
301629
601746
779407
491793
987276
446040
556992
635686
988083
330320
761554
96094
820359
322571
602116
484374
243726
57869
759143
819459
934019
795861
961515
59671
890540
719204
694744
742609
299019
917793
311899
625465
162508
249451
234419
810611
215232
491336
4047
486757
131378
324778
159904
15196
420313
313369
594281
932374
795116
32758
461565
598435
491904
458221
210054
981084
565976
649917
994479
583029
744019
480675
437050
42149
132992
213502
40935
937387
476950
589510
557254
774874
223448
164695
777873
241092
387291
725870
280262
870327
712991
503453
969548
388878
650073
770778
340151
13184
106907
407040
167159
600949
944929
223403
193176
400331
424802
734947
879840
278095
122184
571925
118430
894613
547075
241771
523131
322081
809823
343462
319084
113902
250042
710335
497914
133521
624470
220007
388702
102771
579721
909133
63023
198506
668162
564471
977475
590863
768102
532233
107882
343701
716738
888982
487775
533310
898854
588256
300474
980402
138184
876956
97012
178085
930841
28627
912720
135318
825910
613616
345234
847232
141421
819505
878863
344861
467244
475045
967429
556773
989618
961782
968519
731205
365267
262704
618635
236638
838192
336794
66824
521068
648533
195884
237996
914316
641030
712407
370849
774989
104467
841757
16338
574553
696503
40004
884484
617438
976573
530037
958300
471700
610749
862333
312044
31472
508617
158844
859219
920409
746318
584305
880329
146637
592165
161733
2056
924114
627425
373538
392989
874939
826925
270154
441221
388262
289338
261714
554425
195046
177912
801569
827502
553752
360426
326687
878597
855126
829475
519525
312094
748732
936559
400376
451952
474576
262864
710493
519016
698783
427955
432559
20917
132591
69707
853182
258100
104475
310586
487010
402118
432669
314990
446846
279565
900125
884550
262732
820127
419209
8313
922990
520165
336456
615297
863708
839539
239699
53699
484147
197416
761933
998125
634354
798992
848568
877178
70032
235763
228603
246139
808664
706679
856228
354324
291046
93785
139120
28160
372220
45447
360174
887729
763393
329132
801204
14365
22291
4222
811145
805043
112923
529079
278272
263363
156564
469148
427804
257474
295391
107534
65943
431283
656586
662076
341591
338261
363352
661794
690975
980726
565802
405452
266744
988829
1079
16086
841338
904431
739712
584048
518893
797621
575315
740067
999754
576531
180886
360225
183681
366771
774472
192491
386678
370573
309796
373230
707680
236593
200138
798624
247597
569176
280799
375028
570512
831774
717397
303300
624195
586880
320760
403291
679920
844093
367061
829888
320665
916836
965528
962042
774172
687109
966364
660220
155353
410049
462410
226182
64017
602266
763254
356071
678454
848627
113450
957872
14048
875250
61712
954145
827197
480034
233179
926550
246549
420866
921629
545031
102134
963998
338875
807610
208761
268426
318406
220801
870905
144758
235662
152038
542360
422394
275464
478233
654864
737981
30759
19864
729326
188665
227600
581048
452719
924786
573926
497338
417847
200330
738049
974959
753855
637978
284994
328743
504244
163624
104056
404081
451222
848252
198358
338044
660209
251432
889144
735859
135286
540319
414930
842629
374392
170625
640825
68374
1063
875720
76771
9032
898560
381202
330329
346001
6582
264790
734339
212086
540031
280283
474841
482264
322135
643291
28993
808378
570901
199797
269270
629051
517163
716073
203833
99400
732095
90921
696403
223461
808693
384862
173590
492606
74633
855466
71346
7046
501886
729114
718247
416955
703659
264522
466623
135357
40057
956167
290909
547822
185328
856770
519197
569280
340798
208932
623041
200825
208539
493797
210339
492375
114047
844782
855923
960740
597755
684462
276706
848050
602604
56973
900920
49772
627180
144661
983001
949346
632598
168461
811051
96026
865324
271391
267960
502386
158182
442582
427483
333315
273586
804727
781335
462982
319941
490144
978305
20700
844380
351937
75829
793003
309736
20432
896618
562556
684960
767660
673012
129279
839788
807713
107413
235845
250415
879324
967886
254166
822196
47395
216649
987197
95155
127269
755119
42903
177561
119222
722345
546269
502141
518439
580919
727227
462913
729079
327964
505801
841281
546682
299026
432388
13843
608544
859272
655529
15314
797467
701051
144102
247505
919545
463481
746232
383236
226279
531377
960682
319232
854138
856747
511399
166584
297406
151541
19599
992192
453539
460624
925026
137652
275205
488325
409738
14840
214291
387847
632460
247742
287509
845426
967861
455250
404330
863944
387587
293017
538239
411460
773415
989091
979566
142811
276627
80638
749214
80403
643629
809840
333360
551539
119194
349283
580350
446312
561226
58453
545173
574974
241729
262628
68028
97093
216580
873198
450194
994483
836466
720747
105656
641778
524476
636560
790652
945675
447167
634885
7601
282120
162908
286081
901721
227182
282049
196394
493241
766426
547349
123912
567241
33093
451541
580050
406312
101279
582947
891226
188436
47105
370474
267105
329323
497166
807531
704171
565257
343283
947639
346617
586766
473905
96741
56293
33526
724645
306546
961608
354047
176033
943388
853093
144656
736714
968130
447885
704903
689222
410683
574231
830736
902475
269981
234507
315426
480215
790272
47099
229320
694786
293541
649732
59109
615300
263777
587303
144275
852182
136325
585343
230066
494433
58050
370416
844361
616147
413741
194141
122878
815034
932706
362091
518838
902994
730150
426137
896952
873838
149942
331213
614713
587780
787716
88563
756380
443978
884689
717463
659833
835241
242749
813915
439751
417472
50169
38566
773046
84525
935857
705875
450138
860910
849834
101102
454311
591020
84696
842181
54195
44417
526009
824880
915408
374062
879723
173171
549308
739672
679326
70848
20382
258320
672976
786923
676204
962390
906124
475702
601642
266222
674283
308001
561307
583721
477984
437002
371996
223850
676833
632379
398052
365195
248646
26153
440947
677546
645084
780821
445067
170319
775844
184821
500459
339307
234129
815872
304374
637613
132930
923958
101118
36067
781656
406828
672102
185622
478383
68947
635703
9090
625819
179613
732468
351663
221214
228546
163468
99558
864291
374575
986635
603804
198922
208003
862080
608217
605045
175463
316825
472291
897166
982831
708576
181404
521362
109072
501788
166464
363618
679714
633785
724095
583835
834697
732974
51360
721594
547622
339187
312486
370091
25216
693147
890459
734379
238681
991678
197332
171187
232299
330452
865373
439458
121495
894307
48846
936417
543760
547536
885461
794690
214350
786308
280134
755598
454036
378493
77195
895932
432651
988555
26312
223385
398303
660423
873021
740408
670050
325854
399133
799484
851791
506446
449693
215640
963001
8510
304565
77626
624871
301849
590879
250848
71280
704426
728374
882313
755273
946780
944300
775025
621732
828579
987640
413412
39508
202500
227861
850723
517186
212631
949597
631338
369147
804007
998813
799597
88148
141204
782110
169549
645281
716757
801803
924914
952192
43930
318980
104918
487683
102603
755874
15888
541178
436082
566702
600221
173760
286199
984286
370118
750506
405106
106857
812799
72986
557533
111101
769934
242841
336547
415510
448553
943431
733464
98474
911760
213195
242630
44383
428925
176332
664156
674179
230275
668421
586627
307149
818968
3208
837686
253282
375899
282052
786157
113946
93401
286261
246266
937800
107328
142005
696653
480898
1300
446810
855493
158642
860985
901543
978349
806749
201185
315045
985733
783791
767156
310368
877755
597460
525168
502814
624139
204382
621886
409125
773151
761185
816833
160803
155382
205150
361250
110052
872465
25155
446293
614113
519295
153889
94792
774385
791301
969515
409055
383939
173752
431198
264528
788604
717860
959676
84518
367285
475684
223148
536898
109312
763225
571305
520708
444455
991279
54934
67422
343182
36209
635722
536783
882496
231832
773574
315812
323178
695760
136658
237168
976401
934401
509630
302236
401344
43077
198615
426282
927047
705318
83827
500946
595742
542133
340632
725703
478166
400246
811219
414041
548829
356151
267622
740394
659526
719570
817116
599049
701333
650535
344803
859131
454146
710381
545706
820108
518923
398058
423040
739046
255204
731785
44970
252903
589563
347552
464903
182416
603305
512781
90612
971413
748817
508177
360404
887474
380810
811199
514399
526795
530838
785272
735889
933164
552927
335489
33363
363760
809657
592008
558120
538981
754936
90290
114606
510553
375061
81524
639201
471859
102204
839670
341768
983080
834505
940809
850399
115065
344341
51611
742942
907106
696358
75787
258690
216289
647836
644930
104685
438740
891644
956634
303830
797495
456117
61669
378311
613724
667069
872725
917412
590212
584570
412268
674612
600134
85339
470887
537273
133939
313093
161464
430215
257171
173770
356235
923308
836144
628286
685574
808095
260451
702809
930778
397240
325270
506645
368921
567557
309036
569337
463961
35088
811317
905779
116420
997881
735690
738604
591568
640079
696583
101
682584
490088
481149
33267
441610
78578
658078
421648
478201
57698
457287
320771
612500
82637
409863
212292
35966
273293
814370
344985
717868
178364
853913
35253
295805
973517
318771
119710
93386
273812
554547
899562
766384
281423
474542
843199
865659
403329
906716
194226
702751
632473
765766
459614
444621
770808
411553
410345
614248
557920
715806
635269
649140
926591
8531
377868
932271
130202
745143
656293
844164
644617
573845
108402
571169
570301
197385
773885
908804
957121
530108
373278
134859
156980
637334
640851
302529
260146
756313
632021
722819
605261
210093
56293
49689
600062
600044
150487
484844
756154
591180
689650
66234
320338
121882
158976
519825
5088
531225
543893
423734
962457
319937
11033
365604
198689
914602
169076
84922
176019
306354
499496
593105
908157
496554
130011
45071
748102
55155
678269
247008
946708
646953
281244
546811
114959
185444
901701
800656
704584
263800
419865
755882
760359
648994
761402
620650
641975
434692
48296
404323
934379
956658
808315
317999
691814
365295
605291
40374
295820
316798
685434
210515
556146
886771
173296
434911
243161
867779
853680
698481
85292
392085
906634
410366
594696
70498
875405
607260
225484
936961
759370
989423
183686
415560
450751
764256
372228
253929
997682
715556
493018
529719
826758
647398
738854
392503
87492
872304
416247
129128
595376
463438
894617
164819
517901
452862
528529
634268
354089
251682
687868
621504
246622
691434
511538
831136
996445
943816
786938
287156
981982
351533
114778
751613
863768
962169
430991
42401
128446
777213
938755
616794
640142
497734
32705
355291
254369
887578
941197
763644
712500
971901
926444
612751
881951
121186
547491
803948
431098
180493
279649
470226
744102
975852
34851
504441
883606
567252
82350
745416
155654
380171
922997
728446
763221
670708
885253
374195
60617
124242
342762
256773
628557
49628
872111
945544
766932
644184
613520
749397
773117
244138
994325
314756
980245
809187
814092
105932
350840
572842
585119
674176
433674
566052
975352
910889
763802
447003
288278
844941
703203
157098
406691
130902
206609
743544
34720
741855
407301
23105
623555
648109
807985
644137
902423
66958
187323
560318
463791
409155
871744
771285
695924
916683
831203
143181
562753
568005
389931
720993
934838
651048
279482
862600
494849
58764
269966
808674
691532
113973
652866
436831
29693
162971
170331
881363
284202
663364
634678
315913
992221
318798
539525
485314
545656
930210
217781
139799
108514
755928
426898
525798
501185
968082
568251
291468
592770
877824
468484
744821
645873
819470
432507
235116
668571
56217
558426
502152
544850
996768
94798
917912
323982
672949
601979
408932
408816
132615
84257
372027
446260
422262
542065
235691
447797
909325
725872
847159
207926
869961
739620
924737
249689
516574
853130
727743
404521
594255
383099
444403
887102
314887
15333
95484
607807
160189
801310
23972
62606
932003
187750
372745
730203
945039
141637
113595
814418
363275
596406
902534
572498
522765
749522
990979
195430
608153
564792
806897
888743
506073
732487
603482
313724
848253
930402
894903
544149
249848
883192
292791
30537
529906
66215
930847
146894
273748
782661
979162
387894
491089
785195
860334
476593
439900
236512
832809
319073
795294
22394
580404
530802
677654
642411
652769
38947
904015
596109
381852
522080
443422
644898
166603
26297
969754
906211
503738
626465
756729
723526
553519
245282
984343
344853
179120
41799
79748
866191
817249
277161
544193
443185
374323
909464
774624
922762
542734
241503
864358
580840
464112
145192
43875
427550
500302
530208
217351
596932
809695
754568
926027
809288
575062
886236
359206
8292
261823
988622
705297
236874
302598
727247
202951
79860
868531
633605
969579
786762
333201
353026
170422
177080
692639
833373
762077
886904
268090
88189
910553
7436
935259
567871
807546
908748
781441
320435
694524
334890
581304
642680
40545
863966
474869
990463
799362
85561
355985
179539
849431
238716
50314
263847
798056
718312
156683
90721
238785
858520
719616
422677
86126
912238
112636
811945
875132
234320
50285
262394
765104
619354
365229
306102
584574
894495
524764
949913
410554
977837
111138
72414
669967
669578
981511
700505
166160
808262
534477
848502
58721
674284
990665
161415
494172
877637
176502
241650
252110
330951
143989
953561
341225
158865
267311
318308
954423
956972
998625
525657
904821
715096
348480
230190
642395
892029
525146
190297
957786
511261
946570
977442
657627
789113
436982
393285
913090
785862
946153
535319
233603
498604
885417
689899
122787
892647
840629
568830
229215
935668
23644
20619
994849
899213
147194
448163
532994
478789
44591
483059
909635
439391
177436
136929
659954
484308
730023
515505
914885
509757
510022
942415
866647
253797
259373
461569
315792
278880
153903
280580
460426
554813
711719
211061
186053
31599
414001
913603
987258
485997
329985
101963
321498
894614
331629
849143
703461
861691
682395
816740
913064
542732
603547
634898
277974
340416
314360
248056
298567
316513
19054
280242
576493
322486
266882
152194
905131
630616
102802
319057
173018
381699
292089
824799
966578
714357
346173
637874
314285
203816
529299
647789
956303
336158
765991
647672
284546
905935
175687
131361
838814
841959
2477
235775
811147
926446
284213
426556
27630
393942
807508
111088
179864
414392
48002
522702
521830
931864
459413
775066
175308
82698
729204
395500
144753
787986
6648
331163
33271
82458
337845
850752
468543
335096
471977
789016
408304
1218
767014
125558
86540
7553
782937
915422
230694
614547
74732
691067
746706
173108
802017
368922
865611
265752
551117
774681
49484
542123
390828
579003
452355
626799
411076
123165
202742
720455
643459
496706
843321
885993
768907
593199
880449
419156
619982
726032
960189
339995
988097
709701
605308
192109
868056
807660
84385
990962
305781
587464
196794
619715
421303
440575
949077
882890
234390
32259
294162
282869
109332
498583
569431
93845
861234
786028
359478
185393
896918
690016
78780
696573
610626
748608
324769
815637
416285
304953
997908
315938
200007
812008
609919
913832
693565
513047
879045
79910
245456
878761
572333
631931
243612
890624
349593
156064
483510
125673
969125
470431
230818
142017
636885
714543
272070
51506
848228
518020
175535
967967
538057
403510
5293
887445
380401
412652
456204
642381
848112
359531
246215
1755
794192
874297
901885
76415
192283
201463
979541
128220
659750
159068
629761
718906
86040
89725
578595
320201
98864
186874
223119
40800
443458
486112
88628
48157
506686
955550
89126
278450
482267
104825
444898
115489
932342
913144
628136
893608
886975
983983
117831
688474
174774
93217
580667
733741
493455
956103
514312
775941
337079
503074
437323
645516
238930
901283
677567
665431
144216
371238
122089
149605
350973
398663
421035
761124
347721
753586
293389
150701
52474
702691
986955
235430
979973
936256
997438
20072
966223
878963
801910
277319
310877
71856
290373
342394
853127
662550
576387
660195
519104
221388
692520
944139
102708
546661
355657
845550
453883
452729
596005
347641
265264
188622
588086
379457
935860
943399
221794
17835
17226
308666
327819
65733
535249
166561
433980
925781
727574
519400
995801
363054
251816
754100
492640
412360
430005
718217
597983
435613
511717
783163
878901
213823
627018
447294
254113
250025
551258
391031
908358
186995
797391
617987
591127
971993
891526
732772
759004
803385
257777
806734
919712
414789
616842
110569
986710
742742
937229
455462
512655
26931
941880
319295
191265
966546
404820
553072
796290
577998
424709
179468
374697
5135
291449
378523
999108
457168
976197
497481
912442
875732
181569
564203
468568
235908
939053
753381
615799
581206
593263
882573
864208
743051
433814
907646
169727
424005
138930
160868
462570
478845
910311
904004
957405
493527
162865
92340
687471
502292
561022
539898
65448
126317
225660
37956
375736
893741
31160
988074
951855
908594
431527
497266
555750
780822
238378
276209
451128
693249
925730
656964
730249
492571
493999
80837
171578
616885
541334
858459
907055
683619
655842
323118
201819
260565
278534
836570
465884
591961
147299
365439
930021
189325
156037
614170
439174
912293
263672
104273
553402
68459
338201
833395
480919
569197
146633
711867
575886
46744
351937
933101
441419
8580
176087
832362
52964
644542
413097
26280
177096
826828
856675
421245
996010
94376
354147
33899
154999
932554
455673
934899
460297
407514
138529
975638
312129
582473
822502
780010
151802
647805
115783
844955
16291
721883
353945
625699
597933
166008
329075
443431
768278
160173
147016
882575
30511
213966
404057
904117
828587
425331
229930
547738
805555
73681
675985
960636
207068
604330
61677
376820
23673
636879
755649
981776
33919
159962
775190
626840
446909
342886
696476
389397
504400
983751
919211
318862
288731
26229
564405
465362
486562
593593
484168
99338
379592
388845
623617
753159
582317
328201
556202
605595
734048
54107
180218
358708
515511
16920
526966
133437
92433
627375
385470
903341
832576
765708
721710
12435
516752
466954
52695
528000
306829
645902
331047
609762
304537
72034
869336
786041
124663
688562
206531
164397
199003
716724
517676
689671
158678
835408
350385
122103
769878
805810
85000
912283
251475
913366
204412
93375
368392
103211
665594
197174
485061
656685
820168
91911
864590
775363
797061
920807
24703
644235
187076
198092
709845
475406
936604
617501
552920
751906
812889
926153
445845
790719
67759
498271
228623
327438
971163
752847
862164
268052
596500
517314
323073
323188
376897
776142
405069
331220
342068
828133
7655
679821
317227
900700
757310
429008
690850
449797
459356
117391
521885
380590
256276
947143
865364
774405
897862
851529
835057
409468
389383
198492
681121
342669
960253
394232
122714
977456
396690
527714
998782
371833
471525
67337
34836
1205
197156
157243
565647
339111
955120
198486
633337
471219
837473
514270
174529
148139
83290
106500
166221
782640
285735
128288
772309
917658
323497
641741
643881
730525
584433
796438
951456
517018
89747
454854
443212
174406
951402
554331
13175
58274
167512
584220
476250
476946
614750
654801
996729
697035
826777
343512
192526
591169
471287
195757
246281
470743
675187
549504
161033
641685
448314
248709
991385
857725
755894
295881
140052
148567
177167
837292
759162
763162
453485
42286
399120
452987
219181
423482
506440
680226
559251
805701
352065
165511
83028
734126
256266
459786
366493
632459
338257
284612
47655
550017
767646
545507
85195
184159
610492
237241
725290
695485
656644
864143
557327
532843
99678
506510
506240
250090
255286
549281
503428
107062
759728
23266
205567
936842
147569
791116
359364
541127
690320
740545
928041
121178
400662
70932
716429
756613
106070
536865
132302
338989
819643
340448
767354
939778
869910
512208
965055
976015
355983
923052
313935
571960
282292
321193
609357
831558
590732
889651
647426
997152
838656
857251
550741
297506
516345
296824
229364
706675
440624
314064
783907
732627
463485
271625
418315
306697
75259
830147
639284
69440
920134
65953
737491
402799
489008
971268
883042
944070
981529
154805
261488
447543
362992
929992
396024
207837
376399
910685
177708
534522
330824
726573
978442
498980
542243
874046
639077
199208
97102
715838
654094
621617
208674
206423
851607
233779
635126
218287
930270
827666
96768
767938
493415
867966
894613
364866
944748
946830
434920
506988
949149
572436
521419
522079
407534
10349
781267
878452
600783
419983
243872
985462
782599
891947
661470
928535
383705
674930
523390
701972
432198
186903
953965
880207
782352
254600
223312
954494
587449
78880
615877
156618
60276
978089
16996
229860
643884
372059
501085
373387
674688
826233
333311
247051
543000
228880
362287
863244
78220
679453
374050
501270
84337
186717
554096
633944
434330
201542
57681
656488
876799
166977
253302
497795
22722
367992
670819
882928
420009
903379
564354
918040
804758
665161
451202
530023
518618
68566
205543
917169
475323
198578
719149
530341
28769
835840
500495
50347
905995
534780
636273
749047
55905
878296
536489
985056
417986
850412
116550
475086
55900
899778
992137
424103
264994
346515
48646
519863
63360
601981
841277
682936
194897
553165
176191
214653
36782
418859
967855
99325
243966
73199
227414
879599
841685
326199
555298
151789
796822
768115
936230
329472
413338
346239
145720
588816
406612
866095
558838
821987
924388
999516
610609
945506
611648
953832
995825
479661
786038
561073
234523
25633
327312
976708
474349
873283
505587
261614
481608
769925
744532
703947
19375
480703
958361
81295
618245
623826
931608
2671
279689
636087
685251
55954
437607
94904
901477
850184
539985
856759
259016
777541
682284
789374
773152
167554
211274
993272
304568
94234
224487
643922
281844
652047
891259
411314
414458
186975
596705
194191
912800
164566
228114
9022
73280
195115
709809
574626
659331
947622
478643
44982
742273
268205
119282
662314
443238
240443
982372
347776
977143
511823
568500
522184
209697
812880
961195
25552
644914
766850
171887
381873
757182
714945
771756
265344
931413
603558
46334
69957
867500
320340
176987
626396
253934
292858
786790
833401
844660
584005
570845
260358
85988
285551
181961
598126
486340
255859
624643
137742
980582
248411
314623
796903
29338
637738
795536
938093
880446
591912
917492
101914
129275
523901
467136
441524
758177
136121
473349
789244
482850
544307
58957
681866
606165
829964
798935
523426
427410
496782
280079
873058
685111
822415
282860
380423
439335
181546
49726
887481
404730
594291
828284
386614
370596
834408
457808
535923
388990
257579
251133
427956
726119
10839
892853
860253
492798
752464
565553
538967
696775
927433
682333
405811
216660
820128
430172
327497
591967
636877
113038
964766
355569
131251
647460
347712
571869
355314
981559
326190
284846
304599
999611
17622
503204
338244
174461
234147
638587
748932
391630
185679
387034
826754
614361
119451
726631
430367
213526
351995
287040
165294
575701
25192
994475
775801
348726
740178
246184
719364
749260
949746
718663
193845
679686
178366
535098
599329
845475
578273
107209
905775
19296
567761
534006
378129
392222
921634
849608
440481
766956
664013
723001
514756
844568
468469
651394
25617
719536
295062
616984
183354
766332
513761
651119
827025
521430
163611
233956
199634
521823
154920
968265
18360
24766
15184
53082
212109
826605
856251
202508
211406
872272
226056
181897
463912
644308
200572
208736
682240
154502
192530
527722
41252
302334
363474
467046
460126
117749
358932
934886
502067
343344
742625
337900
522747
130266
617484
695812
908894
653552
289527
71666
13462
45897
157947
155538
828088
662273
705394
326733
851677
203595
972405
893406
342
408548
608670
674802
770425
288591
607194
819293
134677
922736
450958
928178
262108
498730
221817
324253
846504
913961
553897
482607
948090
979959
23597
282985
870645
440314
780613
336233
675029
879662
918936
643629
396455
928310
668630
229471
397940
894088
926048
108074
40378
45798
125496
617543
891424
653921
848635
462955
704648
114546
143721
428747
555954
421602
817235
34501
697995
139796
895035
778572
82750
208706
702174
470396
113190
52918
611750
150114
261643
450430
271239
81562
99871
363284
536096
626100
615803
372175
615667
629170
78713
630785
170338
518255
319258
720693
386309
229919
52602
890699
334869
115594
130319
880009
7854
661325
884103
24443
951982
739608
525621
772163
204482
374966
797364
710666
647658
16478
260892
566192
280801
585874
638843
39988
175052
172220
292119
912976
354962
445963
672945
601322
291266
483081
252295
561260
911161
666
440774
721503
231614
621984
91506
891419
642687
460760
105366
341940
427335
656397
959831
357861
354208
369404
652705
352972
958661
4893
240237
712402
199473
744031
163185
719317
984225
932003
618024
845863
424646
803379
963284
43349
970948
88942
37217
315329
137161
164021
887510
230609
332178
616450
371510
758562
660734
289799
310034
631494
459523
777808
605322
947740
607584
975222
507890
738595
116733
681689
483723
772304
916922
668831
320878
618662
951209
399582
301399
158708
61485
937767
835909
219768
307514
822900
157379
774319
839376
891924
118137
746240
16594
228796
935995
186743
477325
99338
686106
846935
664426
403330
751146
419481
454470
861581
829942
690703
171348
639008
689012
303563
175220
414189
500999
978405
353908
908836
430755
315065
376053
708383
49244
721704
488582
458397
477708
703300
44017
701829
345183
279889
291187
273576
137727
937339
940949
442806
934125
84291
666927
369753
793087
804848
20298
47459
689186
318826
726875
800634
562504
199914
376886
796558
170365
325295
611005
680261
518745
513413
638307
167822
977282
929116
378455
222110
834577
919769
807325
843058
237174
648202
25526
217948
598926
875735
696905
542847
303723
228665
938371
876678
110862
243714
777943
662562
962195
247018
837835
312954
719091
533287
461166
999842
495740
803936
448493
79013
403978
817742
956009
314531
568589
700189
803825
45083
52803
309234
984915
433522
754374
942492
474839
995829
47787
168909
107854
699903
776218
780470
9435
213487
566683
806990
570050
811155
823740
325055
76912
280763
919214
265789
658724
969013
470476
761104
1542
288798
90400
507869
45538
134645
168516
421982
230618
77705
91519
281313
85311
368444
685026
749526
894532
627403
18074
852912
586229
773531
534978
832350
338061
729781
453122
819966
611354
479495
414296
93003
303396
640776
151625
158175
58477
687727
838643
477173
412719
88344
728166
138213
144526
996628
245498
731907
745362
378003
976925
484703
233492
537770
50223
884576
308258
331937
739588
425986
276708
995246
715316
85187
730958
897164
36464
384503
95480
938454
97807
598495
962402
560837
99345
559088
945997
732984
170513
140077
650993
41749
334623
411959
517735
528123
281169
311764
114746
921810
697176
574823
441652
93327
686014
100907
204612
54644
997458
568662
77229
926285
461424
583219
934097
142807
616126
383656
41293
831044
397452
647280
737860
878310
737627
438756
70314
137637
169925
151124
70094
360118
347165
375907
830578
681495
767648
912909
452067
613104
510409
4355
771687
652762
353174
672711
605912
700981
379614
698545
272416
31807
11655
600092
111035
403850
570685
360814
25331
997956
592213
865824
246595
784544
417896
731316
634765
957377
993163
468694
986361
152976
134104
945486
787008
38145
786924
154518
48812
478914
748410
892598
983164
880914
577852
532678
56121
124157
566922
488577
760155
323281
406959
537752
323350
113850
544305
630717
13893
328698
466559
556556
412693
210051
669529
725874
36738
333107
107062
647763
633398
838240
945521
97491
838982
298245
383642
264259
418257
842267
728596
495592
927413
774376
495073
653303
773005
55045
56282
921462
820811
693173
210562
395483
669892
121545
530398
178666
667634
435728
147454
398413
945327
515986
850534
274885
147708
819528
915895
205486
674762
449405
843324
81315
256802
445942
296581
508174
628436
860044
187269
626925
706284
893381
559818
57159
65976
474393
718404
281524
74880
924040
737110
111071
943012
884470
592821
397304
49293
916814
59718
176638
334835
390610
919106
495112
186715
691021
684443
472383
637826
930899
633617
500609
152465
787271
426570
364589
180949
586336
232519
23713
49043
956948
129357
837501
335271
728991
735227
389332
100798
382153
414312
455215
702437
745969
837245
263433
445871
380441
807680
445935
815014
21120
433526
259481
71137
700753
212806
621619
546217
449527
39271
655926
194119
718904
688005
276509
188249
351954
275408
952319
678840
642171
630686
712928
55570
533757
923279
255027
553794
276538
806403
164186
260634
273008
577160
404094
820363
525120
610662
71237
863962
850310
394250
710711
674279
113086
74258
25872
59757
31802
968619
828207
570322
775476
368685
553848
756690
590834
209021
393618
231848
230765
929014
872971
717204
935274
604228
862969
651908
711570
47890
34976
590966
71240
533635
934522
755860
698271
349290
893168
761573
802776
145609
229978
234592
377608
44722
783001
216834
980336
381737
374349
305806
771107
113088
247223
941918
731678
274738
569844
885225
900370
784252
203039
606385
889844
187578
751693
836293
181238
612142
299435
796557
590696
661839
56665
168840
897176
407257
846201
881663
848425
700511
833683
560233
882045
326769
236457
500722
609406
883200
858043
857899
729109
484301
145241
979004
124670
565521
482343
38925
578788
606448
985018
993788
384046
95585
628520
765110
672628
792186
647699
273360
245905
861431
136643
814174
832011
232387
769976
705340
971574
526892
774593
159267
684019
751947
512238
794676
295524
51774
481535
257963
390549
573466
712409
26749
488917
223606
815055
447953
398425
676054
513447
420311
844378
763982
560034
455159
81433
616839
7524
615069
787470
854141
646890
944826
837181
724320
876234
71846
137037
814067
848824
873398
620743
968868
831560
520962
437298
681987
414698
39322
284803
812699
107729
993748
811702
463247
217742
519362
450663
323190
129376
672710
632988
351988
911960
815555
397732
600716
740526
239423
16216
155779
129898
235208
543430
950321
737629
439584
378045
852843
245027
691643
535207
520266
206782
224843
379659
597359
23499
321198
800056
893676
25526
930070
718797
759980
838522
401745
981250
477413
690491
448138
847469
323464
790990
434265
596739
530829
664931
925048
416663
928886
49809
846025
341867
317907
155146
548526
164171
901301
600656
516877
523496
249435
133734
527273
537912
387387
327384
727932
430114
909241
973905
415611
570052
65718
466608
409407
479472
646977
733126
23762
169261
747648
309177
384859
601928
705185
844809
868248
566287
111456
877465
211467
412331
954116
966840
480045
469025
375943
802681
570211
620820
26050
447224
91811
46386
707328
202291
721797
831954
759433
618754
202801
368054
753496
33490
94725
661865
554807
109234
971846
40112
427259
303722
291645
66965
49921
170153
423321
191840
314291
327131
813799
518823
82224
952895
274014
27998
125707
967832
280034
523271
549772
248565
271657
353854
105941
604666
915509
260779
757972
115156
58075
78506
36630
808891
528
245229
575854
20586
446121
2639
440384
136932
967528
307341
352729
94379
922571
134249
897470
514780
868097
428927
59875
83007
81190
187310
193036
193378
201577
552624
943798
155089
540924
854966
919320
709589
454635
772197
223371
718353
991359
973142
626696
760816
592388
211337
885900
257522
192775
531593
636217
90149
984435
959804
314106
639152
123737
10145
570891
563137
181303
246702
348996
139940
345989
417473
968681
118702
290303
834892
602613
600175
713380
466810
207683
429424
914255
788732
141740
71550
181374
667041
17470
443472
211366
529502
915148
623059
821946
400666
179859
827349
441002
840620
733008
562794
187998
867631
745808
54959
408190
234954
484243
782381
615249
213221
707495
437956
470609
649507
957531
131957
432503
715640
835752
468447
999709
843195
615332
420544
68104
823234
415076
345512
986227
776605
476493
312325
756680
858605
926053
906677
917418
132300
957378
948633
608673
211278
874424
220844
24651
414459
192629
78899
902702
187888
580525
138072
894131
979156
253751
610144
719490
728807
417207
868843
470140
88559
536186
468843
837546
418548
618172
504007
871869
209437
845325
2448
408219
149944
883530
480015
886050
710453
746827
876326
185597
191030
667850
922194
389529
197448
814759
105176
627272
980978
899469
333537
110749
857357
257234
490486
41183
833035
964926
144072
988996
98102
608953
578066
832287
727884
437918
72341
718394
331928
750050
476723
740292
807055
844518
498654
689361
375806
369854
762284
959307
284895
559905
885870
184084
953712
867078
186013
376452
993092
990249
25972
463843
946852
650828
697949
606499
4640
343346
684463
453474
91398
896197
599087
516414
650898
926268
554463
701382
522489
962317
38044
225889
833700
657115
132551
521677
399859
933986
917760
648907
183205
587946
600472
940871
867249
941576
205030
182314
913935
592720
498302
927340
458376
639102
906601
265968
444516
292046
958319
19759
452256
472279
344373
389133
545456
186877
999394
659477
295486
670844
770751
92562
300324
799873
77457
663139
534158
49409
545530
44223
923323
258457
188588
243164
760832
284380
409111
601018
51624
123814
563837
730620
883777
754052
409694
375481
501457
656194
866456
687318
85599
518493
687246
752095
826890
340733
394229
968038
893604
556655
543587
620271
779202
669927
457382
982435
741775
632530
957222
205498
168577
940965
540576
957027
799330
475700
476361
34219
236648
443414
907186
761018
198082
730883
426403
144357
704441
492865
96120
696301
873044
150279
61099
18734
649275
655919
223036
830797
980625
661520
392939
511015
464436
549969
154001
587307
582245
794205
816363
716493
661566
198258
178470
850479
986749
224610
742646
690496
245256
359860
662155
714200
614912
116716
374787
247711
153047
142724
119808
625666
889400
240489
195505
382966
845149
156389
125914
770572
683194
758490
274771
695904
554390
560806
341549
185239
95057
245180
939642
527938
648834
55544
645476
565218
673198
915084
612533
249479
878082
168404
647125
376182
411892
253911
477865
434740
973992
53242
693700
322811
699542
458008
831230
291648
855285
668712
626769
582515
113139
551241
82717
912548
177484
759679
111161
679281
634361
239832
19656
899437
335629
88455
423721
237309
976411
664224
194437
900647
176232
792590
832513
74140
359149
327106
929185
515603
511979
581794
659772
532921
118731
965379
903854
737617
995547
749950
586412
862231
544082
10867
476313
931510
915624
590813
370134
966825
595369
60396
92904
274097
376301
457317
195487
97114
393157
411369
172852
150673
121090
52198
552743
455492
624559
835486
544993
927323
976401
331237
412386
129406
254306
323723
472622
879068
168146
154908
253140
710834
316982
18953
273765
456469
677429
602088
494730
943448
961200
48289
507578
114736
1927
730764
352393
129615
846846
297292
310419
787994
483502
375495
372463
852237
201352
11860
248848
34384
291398
857312
590886
89358
962482
675098
864333
822521
305988
229846
440735
684682
29715
674538
907721
342728
623040
534503
550731
173015
894442
330416
66285
963052
859396
647552
160954
671788
354930
221051
120632
897473
605711
121445
675255
790189
591089
958439
511397
384859
566200
522553
706388
84337
934537
683113
506897
859023
662392
928960
647536
501089
916704
403478
960277
226966
268255
996062
208699
919496
300539
700830
513604
281628
646331
127989
951790
899751
537797
830951
812883
89259
574513
910535
523729
489578
147453
319955
612038
647650
324970
363257
995312
198583
183667
139105
975175
503928
298686
101611
20142
982796
7835
70095
500676
239055
273849
352625
242794
355904
121663
564305
153496
483572
840970
749177
808084
276957
512615
987523
411833
395882
175776
389629
478198
719532
300826
398097
342875
371501
712002
769793
409360
471119
891316
110558
806477
63617
678648
828359
1345
662984
73118
999049
722598
943217
608181
777690
67929
633611
313422
416581
201690
445822
113130
386745
26366
506983
909461
666769
162602
286899
368225
415848
208506
551495
527119
854094
493131
618165
117361
376012
232736
495803
388318
710271
822320
29296
191481
902846
821660
50015
347126
663854
197366
905953
75702
349500
992255
174049
509092
976215
421478
316015
713386
467413
661368
565461
411386
479866
844515
738604
470019
506960
121177
787734
145720
164520
59368
83200
897154
33940
6809
798376
432280
155804
978441
859970
410082
990585
523641
653378
632947
824516
504827
29194
45492
911354
547094
643677
762925
421191
116804
575022
719201
55270
854536
171812
43209
705119
855696
581455
590284
484466
158822
994689
437813
712819
452211
409711
349182
183619
264036
952991
349815
338388
102491
310976
7385
870821
947119
269532
129307
540598
288363
186894
828500
332439
152512
597548
189486
79519
264347
523861
228050
32189
163945
443548
68058
644105
633991
218823
541641
363418
164633
830221
656906
97139
202779
622516
785472
44727
299315
703382
241112
110409
870752
369536
681533
732154
271671
638318
772532
279878
376646
182660
922705
487070
19545
737301
210709
792333
272989
720865
255260
680319
288653
73789
50126
909107
254790
351270
73056
602178
446043
401476
686760
921899
827391
72157
204827
260116
493543
352407
528788
862275
63640
829077
147454
519336
757585
235451
119329
266206
472210
120692
929914
349336
37382
791287
556075
75458
168603
185190
354600
812414
825861
893212
84623
629355
660275
64117
253105
600949
898841
605290
684547
647900
257669
948681
366776
118288
705181
46406
56847
820075
264165
335698
60227
878732
218270
763666
371671
828409
794666
415628
377184
276650
701248
856438
174817
164824
99667
173831
105680
475070
259563
399744
511376
217926
499431
754586
781642
206752
564786
157689
181656
786048
385280
9177
358265
552385
341778
222934
434095
232867
959872
873910
971928
185406
520701
7652
687649
65004
696761
534701
176184
780500
589127
901139
760028
621945
971080
449796
443813
589991
450921
240130
129494
114333
558552
377251
353522
783134
209687
620165
596569
563723
204246
876470
979192
467777
463537
992012
793242
664840
427840
137165
417950
566179
101339
46506
204877
282517
831206
859327
279381
790658
708345
319540
973951
379333
692747
408548
46907
581685
173964
711319
871892
983469
164883
203952
854595
646466
380289
369789
620034
195658
962705
341378
256834
448330
100500
911534
948272
351911
602637
319983
427343
832279
767338
765647
499435
958297
572195
370473
78391
905832
897557
681585
66923
637184
533367
594629
497117
644133
181141
209750
71385
139435
278701
472596
36004
274142
890687
846550
273890
373482
991439
873064
706042
703667
691578
71859
11128
78305
884612
878190
321891
482269
100383
205621
106544
526511
237192
586027
646117
9999
510218
171871
423856
120581
788800
263918
388827
610599
918617
753921
915000
583696
347573
208307
873717
387216
514931
95002
938180
685312
229977
690745
61987
482826
972833
206250
447678
131569
741308
925300
572954
97771
424266
454669
286081
316352
782821
72886
840415
429886
47578
720458
989251
956356
10116
445281
752361
250229
687247
980789
542346
64813
277819
557399
768638
933793
368092
499256
242010
828322
433441
4344
375778
392058
285399
433307
850551
656135
647505
799048
775300
826258
731083
467604
366270
252814
914198
123058
518948
573561
360187
569170
499297
262797
698159
500970
192778
562059
570126
174356
545983
483417
11621
584300
328849
482167
819470
722899
811768
617999
396137
388439
391760
232799
562906
949607
731410
137090
184099
303035
323270
36225
179008
415486
630049
754460
313956
928934
621493
691060
541364
94852
486422
115822
418023
280725
526333
602864
258435
467889
403172
76143
992350
842546
974364
188804
61291
375248
578802
854842
619571
320561
692767
732606
925839
451741
209591
869731
757108
540837
47388
254340
379538
413230
192717
330737
164805
606104
587016
780269
42844
887830
522742
460480
185750
809523
650778
978353
14506
509494
114194
524996
685010
711326
949062
193917
175876
837637
708624
496118
964890
202752
348728
138162
163367
286752
74714
708352
503853
76326
449993
312946
400961
418503
226157
425951
870335
287179
643856
718103
106538
229664
152462
164492
802629
250734
572808
504000
512815
225640
702388
518426
531864
700807
825906
285965
860454
518838
43075
91249
179345
599736
778852
931548
386178
328703
375219
765879
646276
657250
867018
685008
60399
456322
810941
348647
337976
872070
717808
352724
963312
456166
49453
975734
450814
735850
127295
667636
390435
678816
58097
877961
305665
34566
811263
628448
502146
209246
906854
306807
240888
753587
603420
829743
620427
446159
947137
591786
596146
871612
45581
352021
550337
875454
598727
570695
2110
432434
693655
875350
469136
319634
247917
938382
818200
805827
977221
502851
941258
480821
253660
169829
655805
104683
867968
663113
770845
630385
80231
125038
553441
45630
810595
557229
513287
199157
424191
985698
566819
792733
710158
104899
364103
930388
948318
380203
890961
6780
23536
936726
812520
778345
861270
557415
522808
847342
968143
900363
21966
264267
384732
48205
894784
9003
918101
448327
25331
692303
219896
15099
330823
932111
606238
388854
884896
503596
905784
59019
343437
606083
543379
752889
398068
107385
182457
699095
113487
200394
847786
536252
360437
438744
504443
113381
358135
726952
47263
107551
170978
320683
448124
401040
577754
746142
626647
286840
479684
405328
530072
514910
820688
94839
847655
517801
28720
247051
238579
318004
111421
818531
258312
903386
369085
309005
886785
772866
751619
46424
739473
24999
287795
247499
659206
793363
76047
363382
585632
369981
590562
436590
707054
400284
886766
196572
370012
482797
608525
650928
248746
427108
483819
34739
650789
859886
690128
335844
125640
368475
579620
221868
894261
67546
893699
249044
574171
471994
947717
871419
25525
770345
618612
532060
686770
294512
617956
716276
745613
286916
508415
39143
470991
269785
819906
621974
365168
624919
662749
713926
485191
699374
520324
520999
492846
795072
874642
969186
237425
315795
235676
686928
365337
106494
869699
958247
48229
109617
942916
641546
468083
610232
556383
59629
830757
115760
685736
759252
330166
534665
672378
427228
209698
595516
666283
36394
707075
77318
889284
350687
115660
680699
293281
4327
444307
367924
86498
774503
516040
410902
173438
914747
503469
141627
438759
208980
154831
361651
177144
811858
507205
685274
852475
205932
256987
915050
274635
109918
33688
817739
754718
632111
145988
559864
936472
990935
833725
845486
719473
463947
886706
300210
577548
24898
304611
216912
328431
801967
268984
173253
213144
821545
978027
306904
100196
329086
376422
500878
883333
266260
787700
303301
39170
155698
216165
684611
634618
103423
726061
692372
900146
798189
809358
93055
537768
56718
739085
637561
764389
201640
42250
354083
959267
175169
827245
79020
88957
880356
127118
194929
27388
323084
323042
655883
823659
238847
555552
469902
554883
210683
150078
805953
197788
602318
116854
339330
301899
47771
488460
735921
332600
507623
93206
24161
105198
633918
328311
631534
382545
328783
714880
351817
621241
176221
392773
321918
537726
737574
634175
860270
728945
569803
845155
590378
947906
505788
136697
652009
467856
43798
191818
356960
937988
705988
728052
323896
523519
873280
803172
700452
761991
735144
658775
866158
732739
716212
447565
986241
95882
854342
415349
846573
633031
313370
267496
730870
892152
678930
33309
434424
125347
237357
487208
842667
487479
377079
893515
473348
959306
501151
320818
851349
605961
345216
898562
336866
187323
38103
575657
552746
533884
39803
945205
691466
742741
125374
661539
783169
403532
988519
282494
182756
991631
716384
192374
925795
52082
408929
951088
386468
573275
658752
470306
546090
123304
39317
142049
793114
281367
64198
494832
889502
313694
302295
339012
291682
558657
159479
537786
630300
229262
763186
38175
813254
19292
213275
395960
519963
538656
764974
789422
497931
437245
566254
612192
696525
596949
627451
268360
661716
337621
300112
37216
157061
318558
31648
979978
692838
188030
490515
63370
789271
707645
159886
4681
959699
251034
96814
989250
513576
953060
330602
712380
798403
215301
636035
428898
224086
365479
242092
381995
24349
752793
307152
607026
641369
33329
932221
713289
61900
190012
768069
55310
767090
712411
739056
948090
824997
63106
703285
119310
155092
943543
910084
845660
691465
589796
381092
115684
615932
917997
550924
301386
453878
689048
229359
903256
507007
457697
988330
191445
183592
19558
4456
833526
191646
388144
892755
501306
374263
781002
382824
663921
594715
363496
302098
109669
569466
715564
264458
875718
620898
926580
434030
295719
165850
550822
223412
880536
119920
317985
68230
991462
119140
86480
816413
565621
377405
477397
517346
895121
902053
983470
561413
999846
811799
744920
144445
453678
793129
892860
428584
962105
936735
660335
490985
903707
108090
420462
735607
475242
649569
417097
972508
419827
103598
547656
401443
19598
589820
292199
99237
739518
150555
343772
411331
516859
832078
959850
917906
387237
446844
680323
973590
237918
50894
609812
539698
534192
463132
497580
344803
724385
996410
659481
715493
584377
921622
682353
479021
196638
928827
716779
292133
523280
632826
670420
732117
26237
298611
430493
340254
397863
960741
784059
950252
511014
535442
591603
912591
455936
709200
67252
137697
840562
966683
376077
864774
54087
391989
121630
323228
954311
545737
484774
192466
371300
265035
789534
218926
159311
708940
521049
564711
886309
613387
195705
97786
749563
609080
371190
122193
766402
338537
636136
255130
396126
700629
413639
990829
870702
929579
797955
19754
929416
308148
15957
750471
673298
917201
798234
358719
600783
521024
685014
424625
756109
959987
551123
835228
48448
633908
739297
188798
918473
650786
50360
223587
766296
645564
84450
864731
927867
141021
606583
829201
257242
372998
549618
425809
304841
247851
160605
169820
322047
296869
512318
878335
223340
234013
371155
714753
355295
572331
115805
274377
720258
225741
774058
728866
487792
534103
495595
807683
925697
552578
267020
535574
235323
164337
313946
263925
806143
973026
642990
192756
353077
711033
649071
200996
271449
331796
443502
542957
977463
714884
591096
441793
389967
954364
838357
164838
358227
598148
156052
403719
703933
770540
589317
160515
946004
834571
160375
51142
679400
317591
738090
809661
675059
408316
311120
404206
775681
230717
44183
522106
59186
167619
944885
648041
224415
413926
296007
621512
215094
989531
518665
382688
509461
445854
19432
630733
765894
565062
2687
7037
195920
27587
370246
144088
658103
848351
990076
347215
793872
583948
885791
4155
869648
910031
749759
392976
698774
912863
492187
208005
637925
72842
40929
514383
763380
731961
689360
3228
256258
811459
963475
2205
721127
252269
367917
835106
100486
183437
944316
125879
968261
750169
241879
956177
933784
12845
885111
935303
133948
311231
89763
745361
437939
678107
9757
441961
384560
723468
935928
457391
687871
553737
658926
45394
929690
822216
865289
245443
581720
710330
781408
412793
22430
538834
881076
266151
808627
40468
579429
635279
802464
566298
472690
566978
986320
756848
787367
737274
173308
491406
86926
349544
903229
187055
450387
330952
799340
548865
967049
379456
27271
979842
532586
590171
965758
710130
7818
90090
355836
813497
651503
52888
846699
593594
270520
854119
95761
673817
871343
193055
429511
734050
43591
562336
543659
692268
69944
910578
576811
937554
480854
622167
916661
269917
927371
190352
567112
950546
421677
300192
722835
465168
818134
720395
828953
24533
599766
867060
761035
807502
149031
985390
708180
200807
374193
137338
811016
446873
121564
850659
789034
934700
427071
865740
498365
723937
261279
746957
831113
148535
264637
819934
204169
236602
35929
532093
661507
75076
102994
88260
117463
286913
819880
590633
994560
551547
176744
472268
75983
357658
950071
497781
265732
512524
64609
412868
45645
122107
818559
308521
887146
719659
849274
990448
552922
561070
502559
982670
802328
497719
250127
849802
896971
428868
525701
578681
657680
895877
9450
156671
150104
731799
713233
67657
404581
958262
459761
989804
259547
115350
392807
480796
117480
949202
536536
691414
103852
29852
564794
479845
543774
963616
113938
518617
171973
764484
620202
84072
630801
250266
108024
368449
867173
452052
529624
655689
153726
31337
721223
625229
800741
891298
820820
434197
475865
120669
941392
173703
450291
451204
566308
293391
916494
347847
308052
250718
485896
521450
517315
216394
560815
359944
905888
567791
146921
993811
632559
456475
113983
291007
631098
198094
985751
521574
752093
375965
309720
810141
456452
502751
941394
63540
752337
556377
649443
793250
888187
102433
42095
556547
205622
383049
199949
544900
272676
243985
953689
734541
53689
553410
384975
902144
137879
474225
822422
841346
735474
729438
37218
739961
783802
42611
506947
798010
565172
685973
891023
750443
265285
841763
277358
2561
852033
411414
473436
979964
432534
679049
487143
136505
926282
745667
472888
624716
282818
902947
501117
71341
851897
655582
458947
87787
495049
810212
174865
73462
104462
831234
676367
246364
990170
346655
561911
838875
527839
248768
479119
492079
710310
883382
5298
469406
846835
878546
812463
110063
764555
886214
978977
152636
442475
156894
803956
561211
771642
124205
162815
662818
583365
223995
565012
713236
244287
238956
533256
484592
46401
390192
620332
651087
268415
608436
217741
578572
375872
666920
282501
38035
306341
461665
946422
964187
793032
7472
117201
739271
958551
396606
275014
522807
453487
377032
463131
34329
788730
263014
324997
868552
227057
267237
441630
722159
385604
171444
760745
337803
770152
950180
719711
59179
233595
212406
833773
706505
893144
166982
285257
478995
404925
768403
427248
770487
47151
654533
202201
129420
223302
556346
494885
505466
868041
91748
796790
233501
251140
965962
323371
600572
337270
759501
949399
859143
713578
521194
703798
354487
719227
667561
874870
254822
775114
143963
791648
112712
52517
161537
148819
86712
110523
353266
504340
14179
694456
384022
661743
913460
215956
298721
795044
976017
725995
914366
786121
375729
483356
549927
445280
609607
880500
769137
975397
277555
166991
161060
186746
526559
178425
310185
518371
959719
209449
302855
318559
713908
399775
208478
320755
884634
13845
58296
754963
300081
352576
78632
22289
745508
463942
571010
430290
600191
492383
233893
200615
433177
171204
480335
579402
447993
885253
637132
646308
406842
454984
110805
833707
143438
587026
797810
735152
548131
522639
727495
606397
836455
631815
902394
17044
872800
85827
509217
981077
931038
769152
40956
740210
743766
206818
386984
6881
123204
652885
969254
746321
987503
406691
256737
895695
976500
295727
754642
538069
707926
586711
120897
147340
71172
508493
987556
480475
639218
395284
338066
900134
405148
336157
203353
76790
360243
436346
456621
570634
187492
241871
491076
755359
220092
791638
225072
688267
349375
355025
542110
415684
950970
140111
508658
310245
921814
344695
473985
731202
322476
243033
984707
647750
195148
369857
555250
947437
84860
726814
369306
157253
800535
834240
620371
858391
531876
530737
606578
42742
984957
780146
578331
622648
493620
155923
104515
963260
682849
693212
541388
955125
534792
969924
87056
443581
128394
250703
56590
371259
261121
900593
372816
878895
175870
624507
492383
714007
333772
459320
418377
710357
733102
549819
46315
674633
84840
733193
158336
439602
498225
663284
275412
663929
980818
400856
223464
285984
788267
648222
797621
268465
487711
400035
799756
158299
199429
715178
104237
660869
31423
622595
322439
331406
727864
715072
296277
166919
533693
553705
406029
672725
659049
606198
562767
314264
988335
911439
926708
232803
558915
816762
17021
870799
641416
922067
868658
758205
302273
267350
38791
372701
13054
349590
545455
521789
672564
80947
759125
134186
854843
947514
669061
107380
775930
372758
882482
397320
858653
521454
910674
621522
586051
40896
328249
790852
636361
431737
244893
42811
871873
765195
412636
501158
202365
605517
351827
628696
947887
3877
669318
59374
723149
204928
741771
564232
842609
509653
323190
562245
30012
733290
548772
848491
919212
674950
750684
916816
69306
61965
211737
445155
35811
397202
228037
459986
653147
481181
534088
666313
108493
573347
392980
954373
235934
129469
606334
667250
237079
799799
535389
470704
488446
291327
187500
628377
738216
891434
253982
992830
600323
214261
323943
651299
496390
870978
687100
778564
504265
294894
70473
262651
543004
218988
984829
926276
317980
253644
745112
82004
246581
641851
424883
446273
187697
533752
832238
821881
508539
306252
101481
502694
60630
825477
864197
656768
141069
216008
165784
472016
189249
252194
662728
596837
258689
583229
122150
907969
502543
976713
621523
595199
775060
402434
616068
496166
657547
303690
153864
918739
678524
424457
839964
905329
567374
695642
851309
338065
405081
956041
625169
754233
584091
738909
496990
787628
904355
806020
690158
822356
850658
559259
482890
313254
899779
365352
438753
550576
556258
115764
958476
132652
281724
95608
847012
636375
410271
5853
998804
835593
240136
771638
940375
245771
378963
188456
754309
999803
323377
373506
958703
542475
376793
946630
268253
216466
130940
520594
302143
17126
513299
604088
139788
570730
135736
436654
80526
208547
489840
736019
752812
136865
316189
310285
2565
892491
680003
927212
242622
665927
799668
859544
517443
631104
589552
28081
875605
717097
137836
29337
250285
32038
515479
337948
919217
971840
570364
789708
246776
927164
593325
3130
583249
118887
326632
132536
243532
147072
720638
411407
281132
515729
410970
565628
950359
641410
656535
277279
729292
461291
821262
644136
605609
943274
742458
637611
116215
447491
861259
26985
875748
817024
272547
722965
936
927154
510123
339629
160300
674452
976434
328477
68836
947129
461731
462576
977016
764407
947851
527179
244809
708365
753152
429209
691357
9039
679014
638417
92290
773542
601488
127649
903411
881905
708328
775900
793309
915041
445331
471297
804196
423102
428759
911362
800797
530408
865069
913139
779822
197195
727896
277724
922558
401800
138234
844716
510833
771713
904945
354856
637045
367464
445654
335003
925143
383432
263932
941251
748382
677952
134609
628331
807487
151252
871434
358746
830374
799391
553723
501697
577173
774847
972358
887125
19080
97984
205501
187560
714723
529332
353701
324795
672505
840073
899759
201159
788316
571449
964912
414067
105533
100482
361167
843765
690663
126576
672566
489251
545060
450308
194456
412447
212467
953942
804846
998948
82294
439817
356416
730054
939552
253821
706270
79243
564489
442364
990391
299615
694936
126146
142397
378336
899732
376447
419753
471555
562683
362745
286919
105701
730336
77900
940811
642430
63085
657567
366159
152085
562345
246220
9772
194185
36328
99547
87854
99302
413274
117092
32929
976591
162002
983769
393710
999584
814884
482243
457863
759189
946623
7734
462207
990035
197471
477951
292357
801798
566136
116660
759144
218755
847090
140492
748530
225861
725161
750803
623494
790791
422909
111256
390676
687933
940072
876104
830546
495024
212672
995286
886393
97697
232835
668018
176009
69174
448252
528475
167033
902296
309681
208318
118457
976987
563747
569451
556607
288019
916076
204019
501743
365304
644927
321977
234829
655345
186229
907192
592864
88601
712848
387094
369939
704383
246685
950702
957323
521794
35093
715385
513982
582150
20699
460748
147179
339486
130523
622938
581903
440235
407975
536503
160406
732194
423000
310828
476160
608079
96711
738141
121892
81947
233695
867557
564429
450843
948557
587202
938395
794180
993476
868445
93218
649570
624380
21822
195758
270810
154337
905119
53545
780202
549960
681525
319057
445100
478010
834733
760022
415240
289408
740633
422450
984815
912391
283044
902199
555122
340618
971353
52715
200382
767196
204640
826652
225936
754875
688959
156507
732970
575620
266084
838552
401170
145648
961866
893011
333079
91336
164611
404437
507415
201411
211240
489972
547867
611529
13133
413498
313280
979083
614003
457688
775547
760282
55539
596586
898042
885778
159492
967853
439760
505820
657324
963077
63372
899650
230390
986880
459441
430714
68539
36518
480476
259210
722619
36370
361287
424215
746085
371572
301772
30474
278963
279246
438300
333854
326817
215799
706662
175071
460867
472495
208438
39303
78223
137931
738316
63464
669139
218419
323745
729882
820771
89151
945953
468984
991139
714084
100448
546320
921735
924520
458743
840871
825072
524922
75468
554904
992470
927237
349831
746934
412988
796511
574426
298219
84000
622688
996228
537128
287193
566811
561745
476061
126316
836063
697131
294692
272479
873812
648775
881588
250891
395999
332561
911395
293923
57813
197136
369665
564617
249158
198189
187355
859017
558965
939888
809748
214016
910208
658290
661155
780326
281399
560259
798186
434817
208341
396154
865365
493894
64144
645207
699501
964460
896627
880556
368743
77821
454605
66196
515892
870522
780541
124832
728582
321572
991453
891593
113097
872457
978020
679095
252517
517653
430679
664989
640639
256322
450669
456112
20763
420997
833139
266948
841850
745328
702168
539154
47934
489442
262411
689251
855200
127584
267958
205155
500011
393925
881097
891407
21500
709852
232170
410226
762912
818721
49031
71537
521182
734143
493497
751194
637994
927134
163298
31746
603107
931532
727194
406624
170848
945056
302705
771658
507714
683271
31552
661453
997244
478539
35799
234469
404076
692754
100112
463252
2020
816991
440252
582730
498045
492440
647193
835077
159576
748251
91449
437343
103128
127400
545407
489238
905719
682210
620157
126950
647374
694685
283299
695557
471354
462069
136734
145771
893104
535396
172659
795117
253233
314080
535657
46177
57552
887898
949172
454711
569500
270996
268901
655336
439292
140548
418777
803544
582726
541823
387885
334752
909188
684526
761731
526113
481742
880769
45233
601744
349597
245537
332265
588620
8895
247296
870461
298820
611503
808216
198411
602723
434093
763856
918538
760286
866098
169333
293364
762273
363722
609151
532826
568172
508581
138725
720615
136735
899771
929950
560173
77905
285692
76127
158485
300908
260065
5355
518946
918210
57436
503535
940768
329278
952724
5017
217005
567699
212986
232874
664030
797736
823079
392952
75380
882596
817846
175313
988760
274373
852787
66535
675999
47897
312600
138877
174834
190690
64533
215895
152656
704379
968398
637901
790563
391069
328050
579004
296360
146464
178984
368868
649243
235585
394251
390466
111239
345560
612536
767271
529995
550886
63271
845347
832531
841610
192969
898489
313494
340914
37999
847227
328052
99847
36620
764100
841055
999118
301130
249165
63358
429432
208422
248108
577570
247636
231588
90760
4698
569375
73068
613155
486222
760493
872874
198777
343821
881461
786437
997886
903022
442892
86405
902026
159672
613949
860535
895552
727976
620814
165187
969855
181453
118240
317853
885685
776718
932406
189382
194564
163380
578121
626157
589234
647024
819887
285224
434991
313031
856962
706523
859303
386025
365965
790357
955982
914849
634243
305155
973096
958225
806619
592313
613758
214990
551300
914618
946907
260313
628097
761523
39511
297689
339898
808372
492670
52050
211701
333770
893525
377095
189848
273456
606783
984255
112711
279916
123825
735203
352099
660293
571221
538349
479654
785872
812144
434171
262495
116012
419904
391636
416899
833386
94760
479418
925907
558055
249977
142522
729258
398690
88914
384640
758725
700340
311326
143218
563299
468671
956873
975392
187163
997261
776412
66816
668000
463210
595725
778518
744480
595857
837393
512416
793637
797040
612320
397141
301250
224109
326364
784986
557235
890929
380079
307173
828481
819324
612651
876326
546192
288631
926733
34573
631567
82928
185768
584011
316148
392126
611790
300721
121579
524751
425579
377538
330528
734624
952808
676241
562891
928243
382911
808383
651146
924752
863683
690740
714562
488617
573776
894108
975239
273531
254840
209330
48946
363082
333981
67609
301996
385027
921493
909756
640970
466827
759705
775334
415657
303408
825089
755293
886082
361836
516700
659527
122081
763051
590604
727233
836083
53749
423541
812792
684999
618059
666104
152512
714880
556245
749999
506394
763686
30979
692363
970201
264802
896121
759949
441501
203936
341457
666194
483995
720112
680592
649353
672172
881281
62177
592439
817638
121619
949905
955515
371669
238466
822003
167476
168971
807101
820964
518728
543749
417780
685504
716436
604273
283772
23277
720389
881791
918962
741406
672035
256287
370526
522996
892933
367778
748275
513103
994037
228717
866211
301380
776778
85277
308519
23293
494709
789569
984607
523408
353389
634921
12992
503610
835802
970392
211816
267388
369216
25012
611081
278959
177360
764870
35168
660419
673121
948695
16182
317604
373807
98798
613916
407538
144022
538016
738371
698090
521050
533473
738463
262825
221308
509600
815716
285258
326578
487748
741586
767055
394121
582466
58431
677322
208747
793366
596124
250952
462586
49229
747096
600125
422079
968285
904664
870333
265306
280792
34637
635729
777285
730380
247907
691476
614602
214435
714381
856800
204136
249822
781018
492646
346097
476036
69264
364353
207832
665975
669895
283919
726770
155386
213763
672845
398226
639104
921416
342693
691307
829371
325409
342996
471863
967364
405945
203326
561075
432504
982108
634765
887749
227603
600082
607893
665729
811292
208815
739517
565485
133645
496469
318670
543253
315462
86434
773989
31896
747584
298741
593451
112773
439817
972165
94601
242703
764553
248896
794977
128867
548230
606406
996117
904279
568538
976483
346572
589165
85112
101289
780275
416396
226150
849566
387447
975361
966944
671596
747122
638741
202324
190820
428843
545484
260698
736641
374671
478190
211932
396415
912854
647877
477243
253948
126498
21574
117884
453950
910031
263361
466234
814851
192831
171805
203736
417188
867413
896196
361529
780003
59464
296615
429011
204182
547792
194536
674015
704938
406373
922457
903094
586553
317000
185308
491706
828612
536023
957369
782220
356756
301538
905625
166379
597153
371453
608259
791557
245322
194545
332639
360421
425383
76890
755141
270106
608334
87578
555500
780266
80923
515878
675711
66768
669147
84791
947748
65020
400111
156219
829208
774656
602343
786234
819930
666267
89301
951946
77585
973032
748177
398665
533676
394111
140686
265692
529657
295516
811771
482831
414060
65203
149837
987743
957150
622455
299034
696767
734218
495731
629094
379319
831908
978928
861755
571201
209861
942506
189672
642022
51060
790982
491156
687162
363844
40659
315679
200383
364682
162618
816095
935572
863291
365224
610408
562470
209371
210304
257221
299937
384153
341148
413021
573177
257543
40069
296585
103
433488
771669
711916
465050
226896
391023
255632
239702
109866
886370
756120
283096
316052
223811
983831
353122
285914
715055
122437
578066
592598
859040
837919
854866
181007
787743
24685
436918
603824
145769
585940
799492
687713
819498
456309
598091
762368
678901
394008
539046
430050
678648
566209
237874
980023
32437
513385
78963
990585
479400
190628
298963
774578
811998
110772
516265
755797
754839
513393
979753
863269
138939
585701
569831
78681
333351
827586
257118
327048
424499
841040
510247
217326
64897
351677
992877
517060
21295
328961
450257
503221
920299
363884
600649
308677
219549
633129
270376
528041
157947
424330
537483
348904
962005
861613
732561
509807
407027
79112
810583
540462
928979
74594
266862
842486
912720
844030
335366
8875
801664
782208
899839
608390
899808
582267
315102
294856
986902
728944
249903
721236
822426
650395
529655
49765
879647
430807
833802
851322
40092
283868
352688
557268
434197
561581
523461
827814
314194
202040
118151
149605
418921
914487
454589
907926
127085
768568
321950
483819
526869
382330
316827
7603
876191
253614
682718
816853
443989
368010
751230
745824
151500
546322
793122
736271
432266
374323
282560
719634
155411
541998
377595
452046
72749
43862
719348
36200
872719
539422
927252
27330
398362
182585
815175
682688
640688
971635
323340
149033
279742
513129
897031
560903
522529
180585
79601
148525
874522
963101
409719
192346
345476
438208
714466
806440
288131
593299
690932
80000
6617
53905
466758
799523
420246
131387
646731
75950
443782
556269
576141
302841
820353
969291
663566
673586
378660
810444
654033
272472
867543
341363
367815
993399
929188
623702
753821
947698
551698
506085
678968
460674
117245
8370
966903
360857
305141
216938
365138
198213
974588
481333
584922
244212
102975
39882
344453
381083
68097
778064
822890
803240
547158
136011
176438
248769
165160
386059
780997
828269
666523
519155
773066
71693
415981
876362
343819
442588
897893
973194
964584
889941
13620
115246
573148
935176
866203
901552
396554
753800
598779
9374
943022
681867
641264
540797
510159
314093
176550
140874
119242
197840
462298
634086
492846
531014
284134
82214
682751
958706
700588
475634
744618
236954
689390
572858
201494
85974
942831
250746
205598
634431
833958
774686
692851
565486
33208
575610
94148
32704
3357
509478
725649
967547
687512
830177
359587
77898
257057
928043
951133
696776
216072
847296
476901
748637
61240
173988
489557
854081
999278
682833
464751
189115
739709
949548
225447
256398
501766
859465
453801
965041
595733
89387
170314
754525
941559
952648
739337
58177
301207
421750
539142
386783
125236
739539
616666
305043
392149
915089
747907
843216
494025
279036
611661
585702
159899
254282
990290
365354
606307
741400
253592
338814
530462
598730
180241
908146
249825
343132
433222
297904
646928
639872
709719
806680
536558
171751
582550
874138
328804
45380
185837
600971
393314
274348
627699
390198
777203
949866
851808
512927
263759
695446
64764
113390
167337
112942
377651
293128
798312
214588
160378
793060
3952
340596
399818
407247
194993
208090
568643
486805
629171
552837
220470
803594
685978
534447
435620
675833
26161
78164
784862
93206
87543
747938
804966
984809
443588
639457
668749
710145
540298
629983
846537
604507
49511
103259
482964
945933
678582
63772
750114
410690
697623
605937
253138
314265
135290
127235
7135
94398
683787
202575
916653
263597
860636
502408
949162
589340
290531
435777
945609
414354
285199
134732
168351
801064
872649
86731
146531
885757
457268
998098
237932
576999
420134
239647
691275
268929
403449
354314
27199
837408
830783
996089
887025
766590
616322
372250
628831
490438
904979
626459
442975
128010
152677
840494
357220
117195
416785
181953
429843
8557
491527
776678
691679
120185
734882
352006
819501
93796
45938
30319
750617
642526
907450
934589
790708
293249
108410
792525
637748
459101
421130
197235
623220
319051
80000
773523
317165
892566
40837
653866
143812
18597
483673
780366
34279
147226
937458
582135
7336
569118
219726
84560
460169
188772
141513
865898
699349
530369
926660
212373
921154
747912
690042
120408
468657
641926
640273
251433
250900
733786
614672
557731
751382
162062
572751
454975
877692
642820
748388
768146
138343
784905
778536
808749
148705
946190
250255
505452
53872
734550
210011
645162
268784
825999
880745
77566
74883
789210
189756
873831
466344
211207
20453
736568
69874
13930
85680
503975
349944
653630
711917
470565
379636
62077
504013
613433
388151
127117
230514
941915
971735
203227
965662
627926
324775
196489
461661
84114
612880
226465
94459
337903
403269
318206
358104
239917
914962
77643
348694
85392
79629
119161
497406
486859
732618
419879
525290
174596
566368
242808
679397
894733
413825
729843
858976
766141
425691
74396
420921
746345
686858
606879
943118
452201
349770
973279
543855
909730
164750
407500
358009
93219
644873
775581
966314
595315
355048
176493
384682
995712
488938
576573
753175
608371
245390
810262
696611
805689
166395
790872
176888
778836
289714
166090
915126
947770
369572
871782
105975
698995
795302
678760
793021
212126
193947
449760
593694
28949
179701
823095
295494
676540
93560
11273
857437
603842
59900
50705
223137
152350
971605
485717
742284
339405
679652
109087
238707
683491
764449
369179
736413
316422
982582
114572
763194
269160
916512
606466
150057
550829
540992
521017
449519
101830
44013
165666
197733
58242
355432
215120
90309
851777
588848
716853
277939
196987
396403
723722
434784
115341
39701
871633
944247
594905
195218
543034
655398
965102
538176
652760
283738
299743
366090
585332
151795
9344
267300
420519
745493
513943
107834
831975
783046
618342
900632
982817
4496
344739
724065
648161
293482
685664
553537
101417
898053
787591
580689
157326
572940
366324
777128
32478
272140
96279
95765
161956
193258
560690
85097
16352
87828
209043
535252
975782
10206
575135
139203
128027
84026
610570
336847
818901
799615
105584
601076
334705
849816
49472
775164
780153
232581
191394
32860
806125
604891
140686
799773
36756
344005
287127
618114
674660
706479
666878
759148
726890
902019
627331
532699
154949
326135
482596
493877
540462
494060
342348
482773
988622
716558
213393
573840
20033
815301
562503
823332
651686
2777
337953
428812
812859
288728
531577
266644
666495
955385
534610
266042
98864
400260
256338
187881
140504
436863
976620
744282
189637
850651
543153
169190
797244
824424
471988
792213
717158
61080
100197
245230
930983
763662
738357
525209
98345
529334
485560
879719
969349
760973
967396
921387
189446
947519
895280
316002
171659
74087
801799
120502
92443
101300
502812
424426
780269
740911
605535
190525
839297
470361
456985
537682
181837
126201
369583
270927
602240
666413
259543
797190
899923
26092
642805
122908
850339
129200
502107
545087
784313
263969
786341
451338
109184
740126
710227
217531
759607
442524
96656
340945
614014
582716
106755
975632
236259
48620
812103
457233
320550
262714
162571
787025
181937
484821
435776
727230
696065
319011
44290
955552
638849
264287
247637
738950
454250
306300
272917
346945
951155
892502
443380
793977
570167
45081
835220
86269
308536
605496
395312
517252
199198
691254
888614
617396
697922
329584
73322
133913
819697
139000
615854
4384
429068
843699
574863
269739
886432
517882
105057
802188
154087
506637
113175
78215
964114
366817
906590
838592
382471
918899
558242
102508
170013
195927
518764
257221
530492
131393
308113
261577
248399
140405
742429
78398
454654
768951
156418
191411
153810
510689
460555
651967
33654
946227
321934
239899
857976
291434
735207
993112
260192
796605
443776
278969
807715
358930
958560
637474
445434
930012
47682
5700
835778
427773
459634
425223
716445
412942
841741
448203
466109
637060
235196
59711
35040
761805
495397
153101
398830
683359
108418
366300
975516
345547
209090
174508
495486
252433
186682
795667
425687
805959
978701
543886
930912
688923
51899
233444
345562
613502
366988
225046
19854
600662
520729
781781
322095
837483
134727
391248
730206
426928
656796
301646
610244
671359
866090
907209
500653
614831
570809
731014
59114
678756
688986
344614
387624
263914
999236
101249
134639
284903
752078
592109
283129
62542
673000
724264
382557
324782
307061
66554
645983
832128
928951
658047
688052
843781
518109
535784
151491
658534
703202
219450
57938
421859
374763
286374
290880
189184
321856
212959
858554
618972
665875
691959
233513
894576
600044
467336
479718
22191
678065
509
817621
59342
798842
138329
395307
766226
725365
314838
660103
14281
458909
994982
264619
363281
423096
822541
221500
717109
638992
255366
12248
209668
934468
545220
411878
824543
904512
536501
369420
634503
435591
682804
518254
453323
881806
263519
139152
396386
868245
261417
774282
610084
78590
992007
449403
653720
308461
385219
895870
595666
6227
218492
673038
213729
240689
981359
303266
395048
466659
380017
652168
429253
640440
853945
684644
39334
748404
93659
288756
299904
106372
288448
5689
308404
759089
948422
405083
444839
246570
670562
459482
215179
537413
428542
516718
496459
840528
314133
187107
612176
169270
29018
639823
919685
66987
153179
934472
685055
193569
781688
310995
597179
515900
474011
555251
781330
893733
276085
643112
24534
343790
189086
819670
742530
364678
969177
164739
39045
959483
961663
938347
182241
72158
247037
320914
633213
847168
880932
188195
769309
971093
825260
896882
83364
527943
738841
3401
971822
523116
954035
444724
593195
284429
387811
838291
515306
325173
811201
245176
17521
17342
777947
531871
892382
145253
722186
615669
181293
9437
594075
907205
228360
377024
844289
134406
13205
700792
538972
856215
695101
18513
568572
274598
485974
224639
293580
781779
877557
749682
482350
743611
683929
171387
777701
936448
936272
118559
345176
946072
907754
766037
272936
781369
898084
289393
425164
297964
322146
771996
281168
430415
850744
290425
162742
992381
885957
406940
277589
496706
759426
694329
607381
373072
341995
565711
652976
381482
930977
135586
161607
667747
250948
365289
204250
420322
351116
416723
114842
243289
450615
124227
637691
22770
877489
557613
144708
692598
376849
234880
955503
995273
853004
414435
550431
896334
234370
985966
360753
728672
657177
639087
253963
788555
348935
690342
126902
961367
1097
863895
186576
206697
414922
79859
601393
526503
772084
31259
594830
498057
645584
534057
619291
659814
711618
531259
396051
77015
809073
645912
93628
770738
482183
133077
716122
753611
73689
451092
873331
794305
624569
293454
886382
95239
549506
369555
772783
767219
992172
360007
841617
300016
211887
332957
954255
530418
564034
399354
367092
218422
24143
740302
4626
934355
842031
96739
120269
901971
939466
732713
365341
640324
880621
55345
246369
180194
729567
57167
806830
962228
430734
597114
277625
914459
235307
158860
97851
379902
302122
891452
613469
260311
933635
667417
521345
760998
950380
573259
332464
231211
210469
355882
652247
23807
872886
489528
749063
187699
197294
116927
86478
624568
838507
723614
383329
574284
479544
997236
671469
532407
855246
298452
186958
792390
835451
738770
76566
828627
119446
404398
633975
229203
77486
563081
341927
456448
773062
575895
617284
355972
915301
223678
539853
342861
234259
519487
767220
171957
151234
955461
939133
75812
15176
88397
737411
561370
466932
135667
838461
673668
831504
131038
67492
547169
199013
248651
352715
70254
356921
324266
916797
131456
648655
703524
573652
810726
299724
694967
661731
831923
729616
502532
126772
906093
324601
928861
926732
238681
153336
424530
756825
998946
943124
936616
859733
619778
870367
140505
278710
944530
583971
859408
565075
754341
193958
296216
546394
120603
629598
682039
422088
524454
438670
176541
86259
260677
531619
861519
348141
817867
427931
815213
160695
794417
36537
216369
21341
207755
359630
197013
359957
350916
478420
849472
900235
872750
404613
312830
734036
506602
915565
309688
687937
153665
928820
30026
314632
126316
931640
209282
570212
560679
273108
523994
892556
551170
827384
554772
35133
231930
457704
585054
847046
206517
527621
8057
96018
364695
910344
738670
997313
616457
658616
851458
161877
861916
166413
218547
919279
435583
264755
662895
902034
658795
766321
465617
772410
313067
454404
466474
897357
391897
673449
133297
123276
708383
62805
787111
69245
723385
761751
410148
866566
802949
918946
204634
656561
619402
745509
974110
611251
550503
933492
262954
61002
425938
866470
428042
451017
123
859568
876167
341264
93912
456268
632657
507737
271751
609881
162641
419660
454516
316559
846215
269666
386362
68453
200014
112233
945729
913488
757247
900490
658087
127122
177965
846991
268668
47508
305678
986317
379020
33569
919828
546830
849999
122896
142871
688603
570108
583920
472829
478742
360992
684913
243636
399375
669182
967133
908450
966305
640263
280701
51110
726381
752342
435963
74930
637914
790274
526608
527249
895540
110438
349017
698016
389982
298524
413979
462038
192950
759366
286236
832404
259753
17098
644188
13826
429235
750005
249525
751350
382592
665766
764063
434229
614417
956170
506324
78319
859890
229231
933004
257556
511768
618688
660350
497147
407809
84005
418637
343156
198288
224714
372137
444476
436663
697880
340736
338662
640373
813014
65602
892590
693615
210055
372992
9986
415520
633413
348073
639835
589252
574882
612319
864915
317495
421228
758579
276711
217332
164378
298621
139258
920128
598673
878778
34321
977440
854589
436821
531699
559878
728162
791967
662439
675827
96220
829798
201101
347583
183984
927644
366443
291468
593271
301263
432872
710808
33319
124693
781903
741625
946076
407948
438805
733266
260738
74275
530571
865692
579199
945834
127846
153027
427028
60945
904468
995198
694620
298360
133106
854239
628333
41670
397891
986490
918103
654189
936715
405767
94965
779328
28241
724500
433323
644001
651671
118884
482504
436666
239993
3259
711278
96861
174785
254926
728750
606394
860472
154944
328590
821431
961929
324174
502237
252605
356814
991606
385919
491206
723946
299123
508620
329348
298774
251306
155794
372885
168576
89901
546251
959452
924750
72336
966076
969937
333324
54317
343339
90876
159669
768734
910536
890634
715515
396379
179607
24342
292695
213943
485159
355355
615004
950452
457154
179314
160874
238886
640894
494700
727187
130141
472149
867391
85251
95486
217207
478585
42032
806198
477413
925939
576952
223134
744405
836030
108404
474055
310838
189779
876002
538196
629322
903578
515285
697206
840721
692667
228385
540723
425554
476178
189363
651293
893135
864044
643622
890969
951629
117429
572713
931059
597137
714371
714029
332064
635002
484464
594481
771501
925962
136889
711775
645633
882707
520516
401304
756188
554983
715632
367812
211402
149795
863032
65674
722657
619153
596496
862891
687535
916499
576940
637547
586518
321866
913421
26890
822569
392818
946
297372
688087
138892
904119
264642
647461
867186
683301
54579
561233
353883
717498
844870
852672
91519
398547
208897
434996
481337
219111
173625
683242
800496
182487
973438
804985
21966
540003
293883
208262
64241
647929
512505
220341
887947
413271
832442
975492
554154
738163
265205
428728
534746
770178
100764
893152
912510
974036
854356
495283
209091
610840
719032
236809
339128
225214
316251
181776
385552
770746
900017
444935
179251
178435
818215
800872
150553
401818
233017
225623
792464
716551
747476
896253
518567
292331
644689
508881
504308
307008
901158
180133
758423
981119
634594
706997
592156
331226
768908
125131
657594
358317
257370
155047
576359
931554
979647
220586
216599
59004
284571
406495
250293
11883
413681
290263
454698
916355
213875
936282
690464
497346
990022
232210
486865
665056
630373
471733
787924
860364
603575
240058
560943
294799
598456
512974
267275
530447
993622
753411
973990
32396
133750
931604
923361
911793
638061
134225
862757
169130
119273
585677
595358
640624
667426
362900
627677
279407
760994
596427
687936
90313
529244
817951
381027
847663
205316
938143
680353
466518
752288
239378
999478
397756
678417
314319
172051
177051
133420
917545
230238
367887
165911
48831
698368
263136
984398
821025
443379
462436
800746
564083
374836
179044
512356
758584
219677
532471
853404
439050
604993
810764
119927
814352
494221
258168
360449
28504
289651
51009
81540
795346
631921
233184
257196
914894
941327
712529
848731
853983
195674
199993
350924
613756
29580
602449
935421
823214
967451
427619
224785
543102
632673
225662
894863
849646
557068
388133
504918
822363
144359
614595
704970
776391
216650
780476
964727
972269
797048
896554
701384
249124
163346
51612
448305
196134
166433
68452
216498
754290
405518
806369
987759
909064
961411
263016
463604
250045
271090
306300
157349
400991
306287
457025
54133
485109
380418
809052
472768
927256
532367
36781
457859
517324
584109
655654
684842
961421
770050
67920
49342
767747
490691
6185
871939
411957
592432
657471
114014
148605
451722
671429
784924
267161
611047
815529
954907
829218
721469
577879
269319
625346
76598
765813
836240
511097
990993
477918
56881
665247
628483
259546
798261
333124
413821
869984
281897
831265
627370
903484
202578
688171
97732
397162
335033
659109
680164
680985
40385
343644
585436
970119
15587
935006
3419
160878
403067
260659
352056
440152
164378
814730
718024
69691
404786
943097
164107
590376
195743
323768
525357
586387
90782
232409
383312
974939
235563
232324
620404
247397
579855
268087
37065
47172
393150
445443
497666
968212
451020
513193
13446
643004
852807
676895
369145
795727
308784
32445
561261
673856
667924
298299
728807
963484
115907
692418
152158
68906
738885
164978
643315
593861
378466
671471
568681
585534
936988
747299
180235
1307
267677
756791
745132
95939
777432
928927
888451
843359
992977
768589
386296
892771
521368
207083
547161
770225
511359
489804
124939
98770
630877
956425
77588
166492
591361
40969
707071
332747
803426
472550
284645
491543
220572
610990
4393
348378
456081
665022
696218
511859
53449
975060
302634
989006
791908
370901
989272
198364
476431
18448
352094
302214
564380
218466
619682
14330
243309
525652
384316
88538
230176
50779
580705
585972
472701
288841
654670
250736
35748
229616
811437
940209
95920
180661
791591
892970
518820
923118
242441
1489
23282
911280
795161
595334
398461
371883
699311
531344
959045
525688
60948
339315
385191
803204
412055
622508
517525
698118
412461
503233
628774
482248
111012
413242
39572
703711
170819
125857
352486
508058
940071
176217
714906
182703
250232
637731
782812
164041
857943
112864
763011
544449
40100
676652
828137
713228
520191
874754
449860
287318
763904
477940
700383
78772
180336
78803
690308
596586
89370
296655
66160
803587
156385
70563
369813
582353
640454
83988
472693
40577
585312
184595
249688
306412
227305
628640
65707
234970
151471
640720
328016
983419
925309
393690
934941
634872
411520
172440
753827
938873
19102
156476
169120
758017
642162
754688
717946
269409
656926
616869
925016
654514
411701
157129
996089
462446
766542
926506
415343
867359
206782
649727
710974
275850
14993
708106
683405
530785
787463
167108
57740
688057
457616
979685
274596
890531
946018
105574
277096
158610
717031
198284
313225
498131
546890
268196
779223
580357
615942
284042
929097
851892
536253
942488
920535
268454
764424
24876
329753
766178
160459
431975
736504
946229
944822
333894
681709
76209
413514
739620
561883
874919
816114
621883
141171
803054
979955
694015
298684
641919
495900
468934
853544
320742
619522
508653
146094
882030
587181
180242
117484
207985
858000
459102
778758
586839
449909
645297
444136
54374
545560
336428
390536
894685
948062
263108
264219
774298
527501
825142
751200
775344
368203
182122
918629
386494
257336
958332
43905
911933
712642
125780
165655
625664
922162
917464
67709
907888
140243
374385
404060
681894
361784
710109
403929
868927
486533
465003
229619
129282
502307
971397
453269
473477
528058
795339
234409
120835
937853
684859
521554
548268
338046
101117
331033
291591
977165
332211
969906
786425
500831
511963
960922
668923
366606
919923
346362
618491
995845
381542
52930
915240
881767
419795
224641
351821
560474
810809
525823
483177
146027
774794
25143
220776
863385
929765
14945
112360
999005
221634
55746
950769
880704
882551
58793
500874
883265
729313
343573
942261
295561
751383
3717
972263
977285
399818
550706
488100
676369
45698
726338
640902
83523
441108
212071
708211
856811
105498
942447
600745
593086
552720
14618
631989
719622
971996
246010
181958
63298
378607
696077
535282
349339
852833
759437
521700
96162
74643
282151
990429
642289
553930
136045
821112
303246
216120
134551
622922
338166
703283
501559
446563
137093
671831
389112
231699
143741
2029
741327
590953
673490
513459
624791
833334
285203
721829
557549
67245
708560
944112
58829
363538
750569
304548
68532
953060
514057
545030
535820
457529
521162
442551
190517
849794
17333
405112
406406
190164
487193
339482
520849
922226
452485
374002
350940
94200
703607
999950
11554
332814
868185
794423
150514
978827
138900
460626
704337
966852
226367
245925
839300
712616
786526
315603
66920
52547
614436
754291
572423
692311
510153
592603
951460
867103
32879
979253
348871
728714
418875
689126
706104
962205
970083
30090
282665
691288
944925
621902
629851
841368
125380
197498
425768
68415
560100
335640
708605
308523
368684
943576
140379
213089
17188
571256
166398
818434
719011
871532
356728
793946
510794
974065
983975
322492
1968
179363
496084
480019
818132
473563
619069
656680
445722
147095
139849
226274
346661
806138
795246
743929
339843
521261
143713
968029
523611
462120
987115
400522
137733
305663
230575
281991
361877
336140
832301
578904
112626
933747
581485
770007
612618
574520
569941
315015
945097
324073
839215
4002
408353
66785
259646
440677
287158
132964
341504
415387
766442
39280
661413
888641
8002
313906
76472
163737
946826
864777
243810
786015
466476
776175
667277
781921
870578
500888
331792
50115
132210
967454
924211
286130
601547
540079
352856
15758
658226
637803
415719
641509
346837
472468
117025
880128
469167
460662
603460
239524
956472
813946
496796
515616
469120
306965
977208
149200
506607
227153
834788
19280
522480
247210
35014
68584
315100
555432
85200
122837
966555
681737
863798
808781
92312
900784
375624
330257
319694
614794
157954
496805
943637
802030
38157
56714
746944
214482
176648
498006
419109
426404
593659
799692
939527
244122
479801
963114
708522
450271
660115
282754
791841
966297
438156
245449
833024
918442
536594
398557
273060
134640
743086
907821
821866
144982
702374
423396
593684
989212
742048
406784
936950
69507
563304
656467
339593
175162
317559
270200
364132
218376
619809
771034
289150
527311
240656
514401
758186
56222
430969
932768
161465
928435
61392
739314
466135
227915
760659
258166
738252
658478
984935
561802
761463
367783
542435
319984
2196
987387
417350
526863
444167
219670
382590
829121
240852
743750
704009
666005
939642
146677
216088
893659
914725
551968
479740
600429
750463
230461
835724
840032
708510
428829
958207
332234
121209
614245
567250
740962
713078
525205
920912
632776
271036
55882
980820
282240
301066
123264
733661
326613
370467
132414
792966
284802
516622
821917
496032
266395
918072
382690
807320
732801
54691
688738
66403
27451
988235
432378
259066
909068
869946
667139
587441
642164
200926
487159
248680
283031
138193
583837
439662
459246
90351
364196
541100
401792
491464
506307
782134
52824
309422
743397
130945
407288
941461
452102
553949
163342
122127
430854
578714
389763
907911
871117
177157
660157
41945
381767
965349
110911
645325
925073
184195
277655
526348
155125
548325
18992
592283
536779
823363
262583
693733
803383
954217
240809
388890
294727
837590
719532
722344
451545
994144
270372
282041
17308
410378
943400
256818
781970
704786
772984
755236
686250
93444
625673
235988
751702
432889
44252
663376
196176
334056
351777
612215
667216
843148
601135
85749
964344
427566
145870
678276
33786
742230
500728
157053
882861
891982
177110
350036
794831
439320
581417
814096
112348
932793
979513
990112
496572
710020
498130
828478
490469
878746
147416
289775
479344
752013
594683
426884
813332
731857
802128
372254
201404
958466
723132
998180
631048
845328
547182
499035
843222
299010
3462
955274
557559
331065
965056
746903
978380
923463
657253
454229
306348
147292
402678
164363
494548
352755
834311
980227
363372
917145
560145
750326
320733
90582
665299
121119
903935
28554
901406
791383
752686
430893
12335
815128
635800
845761
457675
871142
560655
636251
149625
663173
891449
666501
779516
519808
957602
369074
906502
803247
628646
330523
753859
915794
240996
870219
635898
429095
610773
244941
287198
660080
11851
372689
618192
859938
28171
983292
650074
287709
893183
879679
122554
7707
145254
127065
560796
885308
158584
927565
546397
982492
393526
664251
947020
776025
7956
616095
496371
25795
105850
173353
557458
257629
676493
22762
201986
43168
764159
832629
507855
288465
693298
361635
923302
211371
991640
122291
21631
664999
610695
69147
184830
733320
919258
167687
281746
680182
653832
422420
500211
906206
144511
965022
42122
758215
42221
842316
807329
822335
255885
200302
484010
107279
559623
518938
60549
735892
696532
611395
872227
844247
248771
133264
948886
288597
975895
852841
582447
689516
856714
243447
278292
790127
7271
907979
237603
541896
760149
367226
26757
970197
101063
432855
630263
512336
823343
672180
571806
502770
626266
632778
672445
924906
809253
990489
905102
613344
677694
780564
887996
391847
550648
469124
839793
888702
492313
182017
101322
411044
923052
787103
190132
992555
977814
586699
609739
504890
505640
178807
912244
71531
53714
936673
481776
93417
282841
234382
816847
167684
93988
444876
630405
190821
281631
941872
899763
295112
816580
30128
301462
715138
598983
111738
584556
985236
73235
168623
429341
816240
477776
69626
948358
44348
522617
220226
480337
35620
887683
423103
364642
546451
735398
849433
16680
247394
367571
546559
438802
809992
231056
967924
16591
5968
71033
981654
142216
372750
259194
528342
488145
849791
474460
350987
444458
861970
938903
871789
574101
488288
526478
781746
669371
895161
611234
522772
174450
835692
767060
871341
524896
220433
311604
505568
82436
826457
232215
974772
704644
877797
984026
806817
941247
329656
324848
903794
800187
457463
967657
553654
771663
626962
106531
64824
388426
418601
600619
620082
978996
376878
439458
639298
427871
550992
56155
990189
988019
535272
642621
33856
293340
546205
392841
586048
766355
502631
179759
773988
756684
829887
772667
442334
606470
727520
793167
770492
695578
463598
309656
981139
381954
491574
438814
357699
833236
371478
523591
270501
353830
490261
106494
225938
526041
188965
333567
688914
437338
844342
948913
689030
636272
619394
408608
586024
260796
374074
689593
407935
542395
582401
167768
389887
310510
62981
953599
494803
582568
557264
947894
812017
4581
988065
742710
483566
428056
607709
746948
478924
948365
892175
912844
121708
203445
921675
383190
19692
103991
30400
706824
634713
307120
914998
741368
188566
100468
257180
135586
825830
648790
687621
661394
137878
508247
635134
651360
798565
135743
372345
215446
171160
15120
109336
763473
213890
80511
474098
905100
1478
16717
415891
640219
950076
911037
335065
434690
604901
315298
569797
757022
572393
419052
93795
658434
849772
477231
825518
722651
838497
812566
990218
372878
79899
22691
738502
737838
672937
120516
326110
473358
224833
608491
235941
884154
968614
278885
39330
8922
298523
488926
185484
145080
269052
582428
826178
864648
333282
215236
737428
23562
103546
568381
107516
183419
259481
62840
972802
714266
768211
934471
465501
961575
927515
63432
2717
999551
388829
490582
405522
348253
374250
999963
84129
920635
995351
830012
965249
581656
691873
507575
605728
232226
103987
171443
567892
917254
587173
787274
349193
290598
260121
995209
293360
154376
225820
374077
495946
580971
668436
635327
351264
318449
473605
802997
221008
990865
746455
30089
378393
327854
699603
321965
594337
544527
573787
619904
851831
954710
668228
577022
969046
270095
635354
3542
44279
299480
880918
659398
391245
331285
443603
93495
239524
377284
954538
540508
900940
22043
640808
25040
414739
461626
630296
852562
84481
239158
573992
652150
674324
535127
555261
567977
695429
181194
558376
588340
494240
766652
75239
552988
229337
260583
15782
817555
925340
464265
238658
228162
650986
107778
629852
234355
489286
212021
355397
906714
770333
197265
287505
622884
408925
215845
112609
533706
215561
859325
740226
759388
308845
321231
996622
850542
917209
339927
199891
564267
639424
433466
624858
437439
841115
707626
754751
596085
14716
737471
689644
539173
483716
513459
401477
449513
13087
751187
24557
238463
257554
924516
660580
282116
761995
149424
502649
792174
367074
432283
579567
998241
892763
780100
521165
981830
318501
125390
364493
903957
287305
324924
607423
936063
652135
309014
234239
920351
880656
836535
845525
85707
481060
5040
800357
637870
354675
833253
71939
793966
978050
159097
762281
671576
738159
943907
932251
260560
716399
572636
495412
145886
364562
230518
16195
27694
328565
263988
792721
409687
550124
850137
15200
574565
819191
450879
672766
689855
529913
378183
334914
316291
533722
49491
760058
515556
299074
559184
579327
45425
706704
819368
527993
576080
443385
654251
222513
527530
907020
455517
159835
16717
676246
616016
427765
472439
844954
568083
647815
924775
98661
243311
27811
577197
553371
736073
489157
923992
715962
761045
394019
675652
487655
468531
112614
713619
489292
617395
259440
312459
119951
131982
454524
556745
660367
537237
637364
786225
892865
566593
410261
228185
916300
803764
110487
13989
559002
176167
145201
54167
624226
370516
743790
250184
557035
846359
143559
869201
612581
597322
705295
654037
743391
788185
199846
457150
18771
490743
18934
63135
380280
757341
885193
916138
632511
24835
159893
667809
432107
508388
423174
687330
236234
263867
484084
49228
90362
687681
564830
828523
711386
690523
66271
92137
379880
182498
901553
81
762803
316046
333064
326421
568
533158
335451
595246
174551
544792
954488
781299
917356
693584
318740
393342
814598
540311
652474
337486
922684
865335
345800
352647
337374
621281
33201
181694
135735
667588
706589
899417
264381
982785
134939
314220
393140
142883
842349
158565
430671
702380
261987
459445
530812
774476
390649
349668
498693
973778
269882
723883
340875
645214
952406
238834
41057
201890
718726
649451
208825
7257
815003
976447
811208
314428
601069
774949
898113
217558
772291
633926
674099
447974
601113
838359
174826
745141
215457
717682
691026
64301
208240
511230
761293
614551
399714
954571
939745
515708
661573
546440
890792
276743
814133
895403
800726
874298
16401
476296
720696
904981
582525
607512
137000
710672
529718
857535
76461
430567
227328
196052
699249
805335
988262
506891
713262
445918
994982
596863
537464
963495
59349
691338
875713
670031
600066
568101
935140
651003
556205
604054
679848
981125
990782
145929
719850
338746
618609
348245
355898
934813
969602
422013
223394
941940
612470
750393
949639
985674
177888
563203
582051
225085
809423
414448
950970
728760
943358
554626
935174
325794
37820
394508
316837
820983
582336
946500
357872
381019
862968
64695
627490
771966
575947
146374
352306
125887
195171
308049
212995
16421
664630
227670
287480
19104
908731
167325
61225
168717
727265
12304
305884
87207
283012
507354
419658
523199
912010
644278
564374
968711
498729
628570
710474
472329
170757
53721
136885
499072
649849
34376
690150
677420
515210
833425
479901
34735
913652
94601
465568
546527
243220
416225
424694
430613
733015
991761
816344
101861
401220
852558
838583
402668
525897
562021
628521
646014
747523
833629
784173
360316
312990
539831
46509
593291
976862
334290
662902
342101
963960
481430
686761
237956
998316
6158
552210
555070
482416
873459
809940
510024
93405
73310
861041
438212
465445
696005
158556
712534
988828
530420
632255
202987
216667
858064
18465
60719
996877
74273
197373
841272
492239
619139
659901
179666
136996
569939
338503
21279
359765
520651
791211
629984
212876
460035
886133
1983
566737
514428
810710
205357
751026
516861
973589
814585
538311
136806
867516
780693
379505
924430
266403
560667
122816
699748
940830
762774
495839
860118
730583
66862
844077
897024
703931
448242
341863
43182
506836
233074
870706
26438
912559
507796
204132
98249
601029
642824
831136
719194
491532
720858
309984
323448
282245
575661
417041
280090
766303
528617
757532
188245
453584
410053
681722
82882
761070
940945
141044
482080
751303
446912
387606
406456
504861
201524
667865
33235
58144
231259
6976
653234
50680
41815
241988
742190
664329
307633
460824
275788
596939
119487
78356
675572
40445
388537
849709
626561
278793
849984
750513
240499
191115
428498
678133
442580
266681
691072
904838
273110
988235
677694
7712
592082
902800
109026
334455
293955
365542
891126
177124
591847
107324
792519
946464
954425
42207
862210
895239
480077
232016
517795
251403
970949
827640
377279
255411
642205
253210
604740
518921
327411
104208
18761
316421
915925
765305
241741
277931
271995
504167
472021
763177
974004
798815
802812
109125
302276
82179
518781
277834
46722
16984
889333
863982
118599
561611
656666
979958
128969
702214
673299
149316
179597
80216
888017
104368
312424
516843
565013
161227
942487
763312
132588
768506
805070
878383
776879
273145
954960
532764
662898
715171
322586
45439
330989
242458
738816
735880
839523
824884
53546
841765
151406
977164
775068
31855
272147
190642
298201
405545
828588
830355
430912
433352
651553
337501
460699
388998
546004
612869
124184
855770
705476
676345
391754
228042
983625
75810
323667
782016
646312
990131
50771
733810
142479
885244
192085
412720
567825
603805
3067
145140
212601
829891
183508
746137
453893
792531
339012
176442
260925
288854
222013
493965
846522
166364
802316
7075
608851
429820
406114
326747
44903
485815
526029
659978
75649
907067
12927
679610
262477
694138
955967
734468
24858
508849
543048
191997
67144
40936
561266
148598
876857
54475
461779
410180
976079
507475
786017
8564
581383
71539
749827
274317
196217
933776
556700
936636
947395
555996
98623
137201
130654
914625
767638
796343
198801
369272
464604
63250
656195
837229
319952
963092
884299
76714
756844
450955
273830
764150
476723
213334
157081
802346
671362
145900
471698
593565
520573
892047
523988
481409
727956
468797
867303
843013
322364
685231
438260
602793
966391
745991
827477
673707
84366
193278
834189
110832
334159
710478
891683
776073
765428
613677
74580
589791
392426
177087
524177
477145
574886
864762
903566
792302
446439
777120
515602
377044
885338
605286
990485
428809
872628
662870
978672
896512
111780
89617
906215
676336
528355
616956
995672
411934
617858
46047
406676
456688
357416
134967
154843
373973
63598
152282
28879
635558
776183
737096
104761
992860
864950
522039
887547
66429
139888
522167
271330
733850
920490
14614
623055
563535
831517
424881
892337
184688
880489
53841
442212
235513
278137
548976
418647
222400
439091
941815
796172
924058
974746
68813
449403
588244
645565
692825
405090
482622
320570
822955
442959
561754
172527
3929
973499
342682
125658
655262
32451
23107
366489
474202
410468
5296
928050
483033
667354
931004
860701
499010
455921
218329
102316
418598
416395
729070
386937
267414
534757
49361
151647
821957
978032
297507
866164
195227
744863
706055
840427
107679
42659
958309
211290
67053
608836
704238
417556
872131
704876
87225
636404
341573
674544
530256
900990
147644
362116
769027
682251
3245
559355
402743
205805
643532
883088
508131
189424
934253
801203
786559
222333
182971
429601
100712
160369
807290
502689
840620
312387
225208
355047
160263
339421
542440
714963
80616
560272
261916
122316
354469
290756
587971
260123
221619
871075
881682
596670
69807
495867
314391
923489
708830
951479
625130
695905
72997
238218
911847
570764
318387
343263
686205
42663
231990
140086
89270
473519
753224
318407
774624
400366
997588
486207
6428
34709
847272
948373
151696
240386
12233
573871
781623
269638
974229
399553
654595
119906
173156
63222
977910
558289
338788
480935
430039
435518
178977
590817
213805
227263
459619
581623
428147
674185
332788
358838
33623
393101
773143
291683
786085
368481
38072
885881
871500
669816
670086
766742
989373
693356
76365
533341
444277
864936
19520
674274
273045
1904
972472
580587
370793
717677
81498
420549
372411
78062
354385
407761
673064
513751
112102
151227
754092
161854
932310
585328
65012
191980
584890
952923
16023
692534
924020
585000
483691
26946
993256
19872
828633
954351
461820
112157
721502
497632
371627
426021
438223
163527
862096
74158
131098
372364
782640
59044
245339
542908
22435
415425
834357
218644
166170
881376
267923
715687
868871
222741
713102
282324
242081
199916
76158
737720
388030
46144
499720
487277
180374
303594
542668
601644
302138
189418
94803
163231
846086
588889
68128
812134
299520
45173
733955
632974
398096
253470
29894
623896
665422
794564
748491
553009
374198
561696
653752
861554
815745
361613
21866
936576
796738
507293
81101
502647
394414
338834
851288
745319
231696
563114
284754
136590
106638
631165
534386
497867
884934
794156
215657
68457
571670
239709
912396
678871
286719
331011
66899
398721
599758
74097
305479
254472
173332
236751
310682
608468
453828
237347
177245
394025
158943
793028
755941
782478
580739
418968
654380
912639
95140
379218
65710
988994
630051
709313
661223
616219
497453
969818
800911
402640
534935
655511
115808
502517
295947
465893
408848
756905
755880
565257
998203
474156
557976
949033
173189
30834
776785
872299
141601
218424
803384
58042
729181
612424
46430
618922
366905
34994
671680
541455
953149
694810
15007
268269
489798
298078
156472
589394
333137
887939
57574
127263
586945
87690
975656
315218
169712
97506
591868
266366
741592
328666
233909
434873
426190
748399
210797
669411
176889
127305
897064
729809
676677
28270
393920
169401
971994
651170
879329
10362
480800
758039
714173
996875
121007
656353
487240
256600
977533
925008
646562
679363
363785
468356
586843
655165
602348
688942
781355
101059
862543
956985
339535
728232
576656
681106
265895
403343
631474
108644
144367
52079
455653
734397
476116
360424
564596
961051
791430
158198
725662
897777
789015
934864
436767
375722
167457
144196
959977
702649
852490
988740
600444
979636
690974
924232
800008
321714
836180
262420
435827
297150
142418
539132
780659
34002
73887
34022
331140
461273
356031
740579
648430
91692
362811
29301
528444
867506
142014
116457
676928
178967
113510
25660
46992
479106
629250
82679
708658
440358
695311
628422
522732
598985
160750
77462
789738
1247
545548
119316
263308
77086
173318
347523
61144
895350
906757
103982
427469
812132
922188
811290
263842
646751
243440
451134
186137
284477
276329
183162
586263
526993
993117
213202
142787
917373
835510
972252
534218
791972
828305
838144
313555
177331
46791
967834
2984
205192
449848
838312
822048
326233
381277
739798
870344
747208
140546
440078
396587
507615
641979
120141
970179
208892
970476
708251
829100
193990
613321
448051
15287
97796
603530
555900
157831
411495
336599
734352
179194
340826
464804
142846
25192
231815
568030
82688
96327
479714
716236
190057
614298
904979
273243
498781
313889
597427
169324
442732
921825
885878
47211
651045
525405
361240
892537
26874
470588
83257
708674
365145
164649
829367
86239
906809
943181
953587
721620
752107
352935
988702
138628
353983
607081
365293
698594
496234
877874
317648
472650
509342
388876
474208
945631
811665
951247
184576
87404
769046
803884
782084
179975
614779
934045
658303
367016
176946
653630
853510
360945
509417
883944
908190
251151
601808
912086
587731
406848
452569
168164
763828
594017
40397
366660
991087
258021
804453
922498
560328
624439
32904
971564
901007
412556
832593
589186
668799
512008
304004
462921
808646
436183
770269
780343
362142
756383
124528
877460
591970
995669
936024
143496
934170
553725
226956
965048
337921
543007
906986
553746
268170
775511
766765
878763
894024
591431
705908
504490
648950
840315
349001
14831
469768
599633
966788
287021
744934
528357
416308
710988
680939
144297
769102
545211
298342
618138
863675
983468
132274
867197
903649
46451
621221
914789
311070
899701
172718
981671
22918
419377
569446
90245
179487
722986
71271
890673
815800
744770
448602
874029
466896
337585
261661
262891
679039
804107
820099
2236
455900
101799
777939
240442
415549
468469
676781
448999
98280
562844
25228
967951
794329
530438
441251
571977
513168
795273
198422
126505
997380
41823
313146
764959
49558
874242
966455
489431
884429
377041
142587
633910
104444
977164
6720
439548
141696
762835
938172
999906
382755
932889
135687
203652
171149
335256
478732
858216
400249
714448
312766
963118
569467
12448
785028
529480
991764
208499
981002
893789
226145
555939
953474
940083
612690
153314
658891
33182
957369
973818
94720
124793
819421
855344
455046
605813
180309
68252
823309
718803
323643
893345
499764
830161
964678
728779
59340
998179
326005
879582
27620
306583
641244
294197
612336
95249
423743
939251
108928
160870
265261
830979
784726
939262
607
753650
486000
484264
991235
404440
72431
846666
659341
760202
905876
208689
868870
714352
854058
585486
910774
785012
832405
549774
968441
322971
131618
859461
342596
581243
199142
379624
140063
466198
337654
896476
813801
778151
772931
169186
736053
99221
779940
924333
664999
253604
60714
465965
555120
815621
958867
876027
773110
794968
191189
166050
495039
348599
201434
854094
848491
877204
735912
772953
863147
329017
27367
104789
774709
290674
707835
608383
809720
701022
843603
886322
892567
205483
590073
267967
62935
112202
368435
683879
171337
609045
926725
408701
741873
594902
429382
752227
207345
512578
814996
571739
798936
361380
64867
709371
760889
920161
359042
880237
51077
820116
799766
984535
728381
713763
999413
832743
153242
588546
782361
8227
268501
231575
169698
903600
97811
879405
636019
81955
412169
662085
652542
377886
579445
219750
433545
823103
272815
541628
916882
752183
205315
76886
173698
373711
440491
616791
292920
818932
268867
196431
886744
488635
871015
342424
277680
512149
242799
732567
638202
406088
854373
178855
940235
792928
517811
584067
664576
241724
277978
370791
587049
523023
130318
591964
770853
647263
43435
949598
433821
972186
346691
854048
480961
723580
798285
517406
69148
923371
851894
575697
980021
331374
533817
152190
998055
297756
292420
710783
528116
274626
982735
321390
596880
613249
466985
397730
133950
707084
334159
74301
946300
212682
886362
231002
669112
390641
681467
897532
629193
823182
871267
781005
831131
733420
639603
138562
453835
150218
258296
222913
321469
367247
886066
707197
562414
924239
357695
615958
637607
21936
217487
599487
714530
957792
636741
202550
5685
237990
286783
620928
803198
852844
138876
847681
373641
171339
618103
348788
539260
580984
527686
767004
960074
655917
572197
358073
354607
577295
221447
664146
947120
921118
121086
234323
229231
261332
777745
415730
932804
90727
829780
635725
182371
398395
753067
417833
267487
947711
685648
811196
918596
34512
506134
497671
658348
932244
912023
689493
557062
765171
325478
261988
455083
939144
713137
114487
848227
51736
410708
86028
119944
40253
518809
149283
335907
65444
387617
982453
585484
972544
692758
378619
164228
401059
815746
353693
13183
99562
360761
254208
569298
993649
720133
675840
393608
533348
429213
739315
721033
240772
77324
950065
47283
853602
967567
196921
893538
500604
963452
853746
963770
83180
477083
629836
805655
47715
75210
75774
944252
926513
959833
254246
198492
30743
997232
115830
156762
313910
940982
407990
402216
989327
268321
653992
553047
817543
453107
440723
779561
677993
828924
378699
638395
279154
232761
245168
650237
355212
195144
520625
830073
758278
288592
196175
775985
401843
665165
407689
961683
46266
420040
104603
132358
841192
668330
74153
55201
800006
126044
290293
365722
584306
68824
349318
760012
714805
343917
837260
845059
279825
404980
631149
636400
441395
370562
353179
647227
220848
793935
973209
634651
358907
281180
900293
291157
701108
996305
821368
387802
197935
256056
343538
734948
331087
462855
12602
789322
645637
661188
523679
490697
116729
348829
356136
132764
967064
707633
325047
411972
66986
456807
407555
763549
700747
961662
744347
239349
588397
746076
138188
852581
104858
175860
700683
193931
176816
324536
842001
105591
869633
172475
77429
236122
151893
31182
444352
338440
440937
742744
862519
87503
883775
541769
792001
532647
72915
231470
90860
649628
141781
481634
620407
128843
49457
907117
75487
611555
638214
854231
57506
305436
732986
25336
847493
308609
289335
928288
765447
996860
273869
927694
398884
781873
591126
701843
266208
856514
2181
351231
331784
602104
452641
523961
670370
634435
323992
698879
215449
422590
617801
966466
180563
534317
621255
636671
348960
330036
678392
346572
933311
133919
632402
653268
152921
82283
64180
995201
914646
701192
462520
913733
821890
231362
917183
525839
217888
417456
360296
637826
984418
766645
676037
694272
154721
475879
104812
682532
540409
988552
780083
766406
953392
42101
226573
405943
179119
704676
975447
501948
316079
920490
608061
465322
229822
150519
925978
782540
786091
87738
561941
928652
381083
233097
7295
783829
67149
394938
853873
61042
271201
292619
234962
353864
572538
910355
428489
293655
549744
617043
503676
438238
2802
533967
178269
868653
30576
607222
37202
888272
486193
671614
685349
973892
404854
432679
390243
871246
437530
229361
600577
557748
270049
641874
472485
227430
650484
123658
76440
458217
712712
439369
545194
137395
372455
408289
676690
946135
521206
213837
310125
550842
521537
222318
692685
287861
815863
476165
76028
690405
886213
395978
46240
148514
102005
205218
35119
322574
891477
711312
786897
215087
337604
150040
657741
870806
764405
112746
10754
625907
493578
568431
215817
897961
351585
557924
8722
564430
7306
530527
761681
549907
300175
181841
35796
429378
559217
252859
841317
7116
838957
538341
905430
42659
499386
640514
493882
613472
23296
382461
473221
55403
60636
327554
457216
845267
958464
500972
729315
480801
587085
773579
281949
596284
202321
857503
100581
656544
988369
407071
709157
924752
181090
14789
787593
795443
101116
970250
971371
813654
715494
71427
890878
950907
150231
176357
669813
847966
175710
155413
952890
514534
816589
170572
325518
280599
684158
594672
778292
773375
29718
664180
51277
144243
143116
408807
853457
412553
225629
128201
181378
650315
838575
705819
529832
62204
320094
731257
526550
792950
738394
14603
356066
365488
42912
762250
786668
549110
250291
769095
907899
396083
685462
349489
423155
965493
574773
289481
644927
882298
359575
543769
760937
125272
436798
387059
848687
350287
832446
278556
801074
879808
53001
285204
605247
202573
815282
344122
459593
161293
447072
542928
674495
43955
390746
353673
245490
463289
198643
233195
755371
389160
508351
50609
385458
21914
105517
56643
139146
814792
994516
568015
576159
720194
820797
86165
367557
619028
285101
836217
201394
671185
416920
459075
191407
335617
163705
579837
805514
645223
618473
132546
176300
421530
219255
153323
454605
936743
542896
560609
954680
857815
660561
647606
802990
974492
108978
967359
201275
11988
900639
413812
28399
356807
66183
602753
356110
443573
902237
18367
584434
214630
351364
497262
486301
777276
94513
251115
440988
71657
41118
401332
690797
13727
598203
661807
375167
675986
237460
273441
924763
970394
671771
193030
936286
944064
635866
206111
923996
711931
732308
444062
491589
228380
160297
511882
659042
242243
384952
129260
839696
655058
91596
434738
649315
875258
656202
28655
840518
373608
316569
502603
916067
301120
457420
415332
382378
170812
542674
436407
984298
148782
174402
189034
906396
77614
383687
786169
184454
92130
250295
780370
652231
984941
243888
504284
141735
443914
308955
956230
236214
439435
203584
495835
597933
796971
545858
451040
785600
169605
92685
848874
36905
974998
983563
926303
773019
755158
469325
837086
598268
713103
214564
557179
619036
131210
253035
630820
241526
387337
24361
611071
571306
143207
227440
692606
533317
900846
138636
14041
687741
362789
514980
140865
363257
585132
789916
396214
482961
20014
981514
752352
845655
94419
558987
376434
640299
135793
611694
333768
566389
437730
151721
796166
784819
868063
263579
853334
674683
306856
741824
325820
783883
80143
416510
100358
128360
854488
358860
3718
537385
517891
829682
795421
963463
669895
876165
574225
235267
65091
57800
781497
782802
159086
274018
954468
929106
822609
293306
417076
638808
484846
312012
126776
849932
624556
513494
519125
546620
43971
645735
33896
396247
237980
285730
247590
647936
377990
253220
423682
809020
235
283326
290886
799151
431515
1158
253253
734818
305407
615693
952776
86414
377339
136771
677586
532818
278632
554743
750710
79520
890873
669049
299197
519274
122895
318232
664880
771468
783500
866389
840262
222385
155483
872932
209605
43533
904293
442387
780201
209694
866280
495223
237984
531562
813315
193062
515146
127866
809827
214403
545853
148641
672955
671997
576302
571887
207721
546402
428423
706313
690436
75883
634052
569830
976286
552409
799115
232089
84950
786464
505043
974844
147804
297718
307788
24550
360051
547957
862321
288955
948265
537556
908313
473310
439209
955255
642729
753571
970045
738439
66528
914497
592933
456109
814115
9148
573347
621797
616722
712491
264686
588603
867345
141712
390565
37896
150377
938145
775931
366779
973518
688119
363234
714186
845137
343416
455927
45500
173110
834691
171656
568359
816493
639947
783725
967294
442225
645391
426101
917725
656300
377231
217772
725354
91712
594423
146943
782450
540656
926717
193393
141000
268250
657778
284758
799147
829864
157508
515344
6203
40119
290420
29976
98691
253041
946430
382405
689593
922793
560053
161802
778914
446021
99311
140508
783401
188810
806616
269411
663064
375973
350123
201408
299480
667693
309428
93354
247949
288430
91397
928774
993954
70386
613509
344432
251538
459328
80897
422124
786712
74201
548387
442821
220075
427501
984278
579941
927134
614375
890138
334923
31403
355224
500484
729377
274213
277536
600676
535306
601468
432007
228599
871810
167786
393396
734668
38367
146216
130436
737530
740520
644601
61074
30153
842639
579833
686188
277675
462073
489876
369553
988846
822206
906811
421500
996040
84943
75857
615945
149526
835577
726312
409515
188466
786680
863642
915930
700295
615671
114424
854681
55063
756959
110827
340017
949393
106685
401490
723940
375977
456122
428300
373043
186671
524756
341386
922367
786252
407038
22060
864829
719184
784784
492457
478403
380826
313094
485759
196584
230662
985380
38645
556056
384972
466371
404788
317889
57221
845066
633942
822222
908689
578487
132130
556111
257350
591580
25133
59469
414209
800609
150277
555079
510178
787434
224780
277580
360908
9905
291249
107654
542263
456914
56357
409642
903508
43648
18666
574024
180550
462840
821193
555047
714436
540782
366621
153474
397428
395433
440964
168888
647007
794152
636057
319493
190436
635773
64686
549918
516166
362419
760394
646995
694074
442901
469063
322689
844178
656029
858695
181357
508584
863620
158935
24701
297380
90441
447849
457766
393390
71242
664156
440714
107573
535489
532549
62063
600331
53858
917942
952479
805725
460372
510500
563631
745233
524080
780672
264906
673190
439514
986803
310427
505149
594188
932174
952409
856055
264556
920418
496843
68971
363831
426326
965803
839747
729594
622800
902611
909821
436921
761939
379249
922594
399258
772282
325343
422074
25905
887089
797026
773840
561650
574251
95494
365888
791282
453721
543733
681517
821135
233354
762638
549514
193053
314299
452692
32353
667673
429472
784133
496076
554636
157121
251304
506771
818641
113797
533671
519010
922871
864020
651231
37894
937227
470796
834304
447292
220054
837129
973845
727794
33570
159538
795233
550701
705306
559501
111673
714854
242553
438104
488096
872271
172357
654644
939750
74719
234258
769309
815453
330846
367015
576466
21120
238657
492790
546010
142227
392972
660273
847337
458626
776643
966433
403740
104847
460354
839949
839965
226788
400042
930436
548229
800575
516337
463807
128858
244037
155460
848560
494729
358757
645377
217096
872154
246342
800938
665569
589930
693250
123107
755580
865738
555488
934165
605812
606316
792909
43925
179073
27912
380431
679060
883397
977102
376844
391288
575791
64168
590888
29582
277975
319715
874508
714122
22224
131563
717550
889444
696212
217305
34591
193523
582716
106964
212518
282273
38784
504521
673851
490514
570185
845215
947766
407312
469686
382583
481040
702155
83474
707434
297773
292528
607350
811782
222496
769166
706268
150523
637451
635083
250753
435332
169130
374850
535801
325146
196057
663992
618099
848518
583503
29544
532589
455208
864416
491270
883352
776001
315789
393126
297790
775030
826611
964600
193464
465898
608106
489726
928113
127110
811933
141041
879685
873493
881546
697957
26704
876109
648843
316623
245257
484624
375509
842862
4630
261387
268407
338757
925729
685351
775247
560711
99226
494416
404750
907623
726680
465941
315134
85052
71641
990225
127357
457809
752768
339889
765878
953072
517766
244261
568446
658314
708327
2191
301628
649669
726963
163872
222738
722414
238047
828957
919733
855229
339192
861119
563187
725581
499749
63604
206071
280324
250540
618892
854588
439690
242205
925098
338774
294982
768661
404860
613208
913093
783631
106684
422811
479092
456818
451273
725088
293701
421366
808334
791139
123028
575378
139543
155194
765080
729930
537633
502861
974920
323877
819686
810632
680995
43781
574459
703922
602803
713652
540339
856096
388083
475846
294724
177733
360732
976953
496595
54408
163674
46738
591276
218524
677361
83616
79694
698859
969636
515380
630331
703185
738530
861391
873070
580713
451610
390200
136971
644039
323143
125351
819898
117595
836986
420699
50495
379875
934792
117187
518921
953162
369734
942327
472700
691692
947648
649263
872121
754998
939056
1454
603476
944475
456896
623936
663011
68644
450310
809960
996166
963179
64542
817837
850865
416158
795826
999600
912786
134218
119277
278797
607970
603801
205215
654529
594800
479454
285006
823320
852221
77785
749409
933052
986143
763930
648578
768835
360441
827027
433076
468372
465156
920282
486843
638190
780513
569423
256211
844328
412608
104209
253483
787646
106011
461200
454254
366377
129509
283663
16156
296253
627499
181386
749770
815258
665811
444909
158584
840943
755285
875942
243257
709122
889386
957215
834566
61469
726298
505913
232183
880734
462727
787917
101744
24677
221949
594811
768750
160238
360235
105661
228239
62210
467834
566473
342403
685197
598699
969921
653579
380073
900306
212677
943466
864517
167785
314722
488605
655994
261562
109618
835937
481391
488606
144196
831048
556870
905365
358163
731891
923249
683266
846773
567405
12349
420915
149659
383967
744604
899640
111945
413256
882126
414915
657788
45383
158435
768195
22139
224811
97418
559129
564174
429909
365651
553522
621982
707492
434050
606592
602736
368082
829486
134814
590362
788048
553079
541311
609622
704940
566932
291276
301634
788088
708202
770364
893575
748066
48888
971163
32496
738297
266383
621846
233851
276509
743668
385341
396760
585866
804622
390770
360915
473336
436546
856028
18547
412962
94820
161537
385957
352556
234641
973785
855597
272511
837776
548321
66236
10377
583746
573640
964117
670722
903409
652439
531223
512137
772645
342353
751862
129546
844389
686580
931701
571244
323373
972702
672957
579947
559395
187351
365331
891854
304956
677327
154090
852762
441405
73891
543125
104122
202212
301561
963540
769836
706311
882684
704340
307436
965342
738124
793837
918689
783327
815204
386479
207602
485467
722494
761297
258976
290898
564243
105934
794377
271020
464662
954949
876131
789927
406905
612595
281890
545114
888029
611476
866317
927690
432936
287917
221553
394302
653025
412418
599038
722054
578425
677826
676228
651228
646528
279750
191419
112319
962862
678373
519911
491845
931391
91557
693587
424934
737734
474718
779525
661810
931989
512513
565073
90777
237137
685137
620828
348956
738805
572455
704813
632002
500320
838912
177937
844227
196167
923666
747173
415377
320942
425578
47999
408859
537575
599214
235114
596590
281707
642302
386722
306724
803059
102081
753241
776110
375136
999125
543019
452244
655697
212997
355431
521433
394717
816255
6897
604080
362458
704443
797038
932242
637066
525560
656230
369123
882800
190403
371591
903202
108653
862990
588605
261442
914048
378532
632168
666992
804335
473500
776715
763305
763117
853620
271948
810924
110925
647709
166190
233681
260363
846542
123310
610445
670642
153563
90873
274882
753561
82377
281540
443874
169827
359177
261744
69376
627753
14706
125648
791193
753583
706791
780240
866710
171858
917119
137229
12870
778594
165715
905937
257473
84940
450990
840970
655320
401806
753197
329041
763580
908357
476521
48630
927324
688994
269376
843672
289337
992624
739137
17512
468361
598296
129102
429359
221571
796578
740825
948338
128851
405507
506900
750553
530970
569467
244312
168876
488039
450777
804008
254874
606888
66615
455608
904627
483337
298014
198795
542294
472265
547377
52581
146756
121255
548630
895787
214479
602839
168816
763765
316939
417475
984296
597595
535720
887176
728329
325952
535201
582477
319665
264849
441472
339198
366410
355514
285391
833547
884353
39137
268769
356924
405317
846723
477014
905344
245062
391413
461448
817732
336628
481295
65300
926106
233007
654467
39685
861137
748384
22232
646147
500746
894816
341116
525767
600426
756081
181677
3529
364588
762538
502724
350783
979058
53902
812468
21075
289326
306415
172446
423696
187246
325950
425588
827342
817707
150821
114510
640121
244371
843813
149867
207465
540908
575124
688153
202859
41649
343126
879476
217631
238100
148031
89952
75645
396257
667570
778710
205681
330768
310963
638416
727387
54888
205882
736088
460224
446061
235795
785053
49053
633877
171575
663593
313153
839899
109910
925564
338702
872984
750244
794888
618557
625671
784644
750769
431688
823421
333968
879053
691078
652965
835235
987141
539063
883018
596185
590003
714650
162271
867100
563474
149237
353438
880008
64578
10218
69260
910230
535803
597102
213789
989242
583811
322699
341141
299829
714238
874015
35801
223592
12430
13259
738044
731479
997780
658786
358526
173318
290613
543252
48476
218789
729438
669523
759481
28947
624956
364893
897530
91347
548022
596611
84301
355594
708490
374894
656479
463880
527469
730298
837233
160066
141548
344122
880637
558461
573339
17916
209505
641298
569566
696199
710768
319689
211066
97339
701922
275667
527936
87583
374209
758716
678881
321467
478951
584573
170909
338341
195550
660357
497279
291828
289729
578420
380983
602957
201584
561248
790793
306568
294598
590015
873831
717735
807861
91419
393193
837248
500309
489055
184011
171346
425864
969401
149700
793509
144386
91597
656361
344471
972195
932336
157266
219434
319724
515907
674895
514905
904988
99666
809380
965462
34149
322398
880706
231149
380758
900727
398822
54312
967794
539476
591682
273210
318294
431152
903571
57918
169703
281915
828000
513245
215287
626125
897241
991183
729265
544802
580992
40118
188247
592436
563334
655736
100809
270434
715384
510622
168248
623342
639160
626989
409779
847763
399101
114453
947985
30167
564221
772384
104833
692989
549727
997989
582156
32355
824
480371
509544
997234
356389
262555
630533
811952
110917
732566
136044
562519
644656
752999
407548
270402
289176
280479
700788
139021
275863
177394
272115
401804
803961
554859
237351
607481
130017
332740
213755
144392
965399
130564
691348
580129
192773
411238
503771
77725
428618
164066
912490
812837
33920
251348
959803
659086
5308
706621
568302
119300
619635
541243
218180
473656
359666
801513
184324
308820
423312
173349
488191
823076
109342
333055
890470
609436
826206
861116
676507
614005
552502
577563
999330
765381
720117
732763
351693
325547
962773
850771
798501
273388
677623
521802
692204
942147
469860
684247
943860
869098
60451
479322
758907
96958
227203
852026
771360
332746
763217
971320
621972
2593
181623
333657
776798
355047
935022
151306
386149
673310
250917
216906
921354
104686
510121
737369
701520
775119
406577
500100
991846
783620
549311
182964
940353
743888
471156
874559
170818
912797
275779
222173
756259
154523
72463
454279
792525
741634
562968
88453
302182
986983
577674
609957
776480
380607
505893
362940
464293
936227
932750
708955
830012
635946
717507
836544
168368
75071
333984
353797
272569
962290
778986
71518
36805
906702
807997
594775
873737
644925
318971
236768
420634
158836
346131
226279
889715
518824
287795
341073
176470
147099
644192
114676
447078
32113
844634
728224
638166
300936
867312
42125
915526
23002
670740
383691
495778
786203
232603
646422
588342
521721
208848
65018
274329
226751
671001
799996
567948
792209
400558
525928
132497
733247
776793
377507
378484
173427
614351
516397
722212
744516
962372
503577
35891
343261
726816
253342
783855
445587
558463
567119
526046
37483
460640
158272
941313
925156
339670
219823
807927
296662
403938
988840
535540
346572
850489
124333
24964
388064
564635
865795
838458
208927
756496
422805
757145
782248
936834
250870
995132
649508
161588
511900
730878
633639
359767
675232
558914
323702
901350
174676
964841
778269
223421
165453
112378
494387
156440
312059
361193
231035
644577
666266
435015
675584
338064
787905
727482
580193
857626
465629
806746
655317
720704
143639
76337
799090
763042
972601
82674
327731
598746
60409
511359
762827
525592
955520
391713
192851
765124
591240
586997
460617
57525
650074
219851
262342
622101
763172
474506
466649
571646
399303
66968
651329
223949
191271
911080
715083
668254
880599
830961
989867
782747
729620
956871
194012
148611
473211
36485
73610
552148
927898
567610
779302
962226
162069
725772
965683
946976
278340
973968
884303
375720
870289
915186
949330
729258
626943
616294
532955
600863
661969
565137
116938
229063
477054
844454
150813
45343
362357
547960
784362
444848
100970
299935
879231
694883
101172
746444
706746
735344
449619
619464
19109
174238
988464
451910
169241
159427
756563
179461
265341
479400
26377
812293
10581
94688
213095
619576
249459
448517
699074
507934
930953
570826
645369
724379
177856
121881
340752
146974
862937
738640
401752
379382
769049
233631
683200
841497
740203
128367
342602
545273
59020
265138
93160
551558
695727
882086
32337
325253
49035
465174
63992
612694
746953
208772
277925
750986
794430
620192
648160
231547
13867
967658
92772
584977
844414
331314
581080
108226
337023
596019
401063
319944
802891
772305
989937
355050
840526
448835
529337
29969
149488
221583
264189
926285
273175
922856
141919
470900
259540
865573
405156
144216
26770
97203
121604
401752
334758
706462
265283
17900
507798
34738
691366
778331
595978
21300
900761
613764
661328
616996
719518
705925
93830
177664
722690
949901
510369
500319
213620
913879
420649
393392
466697
677184
742727
378112
504130
278816
99661
944331
119478
313398
983251
574136
620050
501908
102313
334375
385831
658362
25317
658880
553386
415433
675299
970466
52768
902778
751445
120923
224068
637517
829485
764688
300514
690124
576198
711608
218967
301762
281495
55031
94010
740568
18585
289971
639028
676884
399192
52253
287370
926970
806290
39451
158749
682439
772508
797862
854647
529984
50852
819428
20241
885902
418237
420048
632090
704080
820492
950115
463797
428586
837393
182419
168128
34997
159840
23086
705121
28105
841837
463215
837150
625471
473721
293707
157752
457423
764629
194119
336766
34193
425175
765253
844567
36932
225443
761813
855087
300799
412622
564739
865436
376471
404425
761818
921185
996529
997167
213898
497255
359741
331304
212214
666736
770308
593171
581597
190385
655297
249743
811703
916395
140137
936353
449990
3685
278980
738702
935038
847823
326718
548600
365957
219293
557538
790966
860362
454744
787557
244168
273941
63524
588243
862643
879145
591014
717942
217286
817205
776870
742468
294810
98883
655552
247764
212568
188084
520340
262007
266379
812786
773085
377276
61761
942523
495225
428143
925735
663191
609736
214036
442634
580978
18816
955524
762800
416198
786220
674487
92712
165436
227043
791500
957824
102867
164529
637572
88568
369391
599525
405157
367169
571533
260750
775127
882138
280558
730309
858850
102232
581484
934717
469130
204491
260692
559718
139541
245960
357936
663193
972236
395181
380787
7079
617297
703014
912040
901338
946770
815525
575803
436431
500658
683005
72820
9490
958730
807290
578980
504980
201165
391697
196086
820090
805770
23978
524974
383181
754279
519595
103370
772236
255190
261483
825771
192215
67002
501665
177213
248269
521906
585875
709986
551059
158583
774341
365046
687846
407658
786735
680569
471762
64345
600319
307171
61260
217535
597786
984261
46223
307862
730477
242232
231681
585134
212057
667841
529609
778917
706048
488102
533050
722228
7568
178391
831841
883012
665118
592965
397511
305353
598087
133412
841119
954467
485252
417455
77450
585263
162474
560460
615004
882091
355701
590988
719493
538509
871561
70940
547963
41434
435480
348722
543266
354054
631943
206083
156753
916198
885535
12674
676506
804321
467755
584203
984452
991144
829443
163038
762579
388530
942669
440676
770771
52745
512217
764063
375935
959835
25312
325804
786430
476138
158146
892562
365310
849492
110413
89215
88418
458975
804896
75483
702973
634301
132080
500575
549152
185542
352465
507709
914824
352545
384210
566369
129301
392822
395453
54372
228379
502565
795040
163158
366938
235646
653152
181413
676421
182089
661957
11977
676586
495924
658049
639403
274655
788350
358157
854679
337481
59387
816158
978733
64085
248081
702019
312304
333899
320835
209566
565684
316252
59590
477060
194621
817717
552569
772172
748223
991271
784491
174519
88741
944842
103113
663428
976609
740307
207688
706678
910139
127435
502240
517525
342181
240534
299009
48766
777094
753777
437451
595148
22268
814995
507606
205173
931452
809658
117093
837167
909034
532198
478170
684289
723443
540794
23102
479535
226707
666229
622626
491512
893435
85374
110034
414794
543787
769415
573250
832408
142337
571416
453831
336129
961201
722798
311466
604155
178551
179771
314321
42000
840949
74891
797936
320832
204394
149247
284693
260460
166408
224480
670437
623529
150879
235333
796190
617000
97850
701149
418196
639720
690478
261456
877451
795309
653610
428782
250020
268010
353571
351583
712241
901730
107637
967902
221202
822138
461115
137169
970735
462409
531804
989365
258379
582212
919515
931164
16957
428716
391375
217549
83344
58860
671409
79490
156479
821933
1908
368136
710105
218896
933421
446561
785570
564640
307933
786105
92822
371331
649855
180089
208416
454106
512422
204392
50314
432677
958635
940235
484716
63491
69883
128706
316699
118461
339834
775256
434798
136626
595693
871964
424316
490920
145432
181959
389620
546556
942706
220170
646475
762479
584678
715448
299431
727380
414648
578648
455403
945009
685791
862376
979245
690483
378299
845927
648639
720701
832421
465768
538800
412836
869655
115912
860724
554151
636578
336765
564263
93740
483100
670346
980086
647408
225290
837913
268473
750774
730019
206047
7433
220489
52476
110175
733079
122071
294126
164197
100277
964911
483636
729475
944872
917713
912030
640287
283629
674049
253461
711010
149061
81286
661229
100006
883100
354003
162900
878403
489937
99351
368032
455824
847673
276282
133611
387141
749938
571166
106244
342581
487050
72174
403274
209009
236938
622814
397045
840592
828270
886618
743045
181900
570159
829733
536996
812568
749835
933230
881634
204068
992444
142027
94632
894061
672762
495857
477714
18484
999934
664897
791664
648226
33176
92691
539683
262625
437589
158022
347752
918155
612780
818845
411146
730154
331193
507478
625528
675990
836815
408716
232044
74023
468186
635015
808544
444688
223755
308878
4111
677306
140455
359273
724013
45136
37366
312085
727173
982655
874825
611694
423187
110933
459133
308794
407502
263588
907141
791115
887038
220385
83876
48771
683518
975197
557045
554659
958768
952586
789793
86116
12433
855498
529154
45052
626754
896724
141655
564697
820400
965372
114310
532993
802030
494197
964453
355069
591477
569843
808295
309787
727401
73906
461028
612185
926807
718824
898425
212219
832518
928134
361741
294919
278317
932257
723540
892770
845343
770747
109421
216289
852522
1876
76526
681502
377239
282410
222502
922223
349213
585797
503829
474476
2113
708021
890097
576819
814768
720979
488906
901372
901999
383942
912576
607869
705430
225437
236072
387270
117086
389971
480100
782297
541142
846294
719475
470188
174562
437226
545355
926986
607344
503313
30273
941650
583520
614961
29601
17428
53862
279229
415208
100548
201780
906605
194610
234239
368885
842930
111754
609329
843893
282751
685795
819038
683773
619346
333702
242406
156606
267665
990250
678734
100162
859893
211810
721190
212980
278459
245780
251095
892839
273614
209063
754667
264356
824475
71114
266106
545220
314402
673869
713737
855197
479471
877919
493983
349807
145671
382211
842916
879011
272512
717240
978443
43317
898735
802395
104106
777285
419659
577118
420100
478191
906352
8406
621066
155833
963472
937229
687422
532840
471172
762592
177180
702004
489651
162470
112178
907536
202667
311299
995093
283692
708726
710873
661476
468424
110259
71926
491731
435652
310840
50949
972744
950668
557804
663377
186654
426633
952923
406435
26723
379798
505943
236284
604852
852045
66061
56016
540468
571937
617344
103676
323536
488209
703045
497384
423382
383053
576595
965375
176647
598483
682014
918445
891259
531965
96251
579392
256894
78211
642590
603767
916255
502395
477092
140082
394939
566092
824379
897315
884322
178048
414281
348027
546006
574800
425178
106074
129820
210841
327024
649034
18910
174472
324028
550881
110012
843938
978298
817744
112430
729317
683306
999610
389618
188973
793744
759831
445449
494782
495330
333694
577414
334878
82302
320538
686874
183751
973324
889703
340491
294838
797689
536388
5762
629289
714787
580036
611171
538363
176476
122747
257574
974127
968282
386985
490379
603382
83505
235402
64012
865421
878138
880333
424641
42623
478253
693180
506490
366754
536801
643239
192908
57499
505255
196862
270805
767780
295640
179733
543819
654855
603770
400018
187957
36463
29770
613561
847813
644085
892203
810582
338408
937339
889015
947602
171916
405283
386477
568365
405246
2122
258037
586956
798034
556694
75000
901893
158036
318934
319865
657744
570147
515261
695322
853075
636813
398348
659
774631
311089
340608
741005
166158
336509
551683
765406
986391
894710
730046
181568
102139
382506
871601
782141
580826
169659
264758
550129
181125
889606
575990
155436
422279
281348
243305
35958
845923
223345
939596
200678
988877
9628
842012
829380
703266
112851
649295
473686
473787
207568
395976
860132
549252
636266
281731
985470
580665
368190
646372
794923
953759
601532
434249
486379
69636
324264
33663
815675
218908
433899
329996
225430
222878
376924
217198
705839
109409
457616
320987
768989
247990
4074
344511
806
299729
784466
921168
182697
464936
674906
361648
484407
742546
12831
21663
172229
265856
368683
869575
353288
685823
27858
856631
17412
603447
387753
532451
963587
48533
646246
283238
143588
640704
58383
927423
93602
497618
870437
387876
983454
633779
753689
639945
149467
43125
298786
200205
387916
547274
686217
719649
309182
57138
528486
803719
607263
423261
426873
617571
883693
779586
758542
991939
253339
286058
169311
7035
16997
206171
217490
767607
64068
498556
18896
560206
918578
218638
397543
104335
646803
489135
652355
287825
457236
58052
291906
84326
992188
748074
653717
517546
330824
359831
25730
116595
989990
308417
756496
889117
330295
208480
425061
502879
535073
988912
956675
617103
647574
636427
27821
385863
154750
390854
55833
422925
891582
762119
830293
390785
659481
815725
231132
998269
234111
922279
522531
57642
549538
892869
554127
661029
251661
990897
705860
755493
258248
727977
96184
292778
41953
653133
161946
831844
131453
836598
39102
971687
281683
731590
879877
535442
888765
806311
491873
21576
537394
488809
846726
437340
314498
255072
438095
327619
713953
764365
132545
88041
268207
912400
156211
957283
687074
316983
626929
125701
481943
600821
847612
625079
517984
788069
197434
205286
351795
772982
824989
179993
101658
567974
291798
302065
824298
343211
259900
52141
19922
552837
648095
364457
502294
790906
907935
642745
672794
446931
700380
300374
709075
198817
425702
742219
808889
75153
643398
967673
122885
835329
574618
273609
871041
936437
564669
82127
471997
524278
866255
702844
327723
315378
38279
797503
188152
685531
640223
222628
654782
783231
434494
316339
453797
617574
627034
350794
632688
130269
985375
436346
789327
943682
54321
652865
892833
957689
949643
762577
435025
404790
302192
183666
194275
135291
744000
92735
232647
413823
527595
211953
530965
290515
490247
453089
840342
383787
829084
261873
106396
971109
120612
500993
564109
267506
265619
974879
946026
325809
467015
81148
661573
161788
88613
905491
515952
253172
559881
613510
42675
567500
140959
435487
669038
712854
213899
853298
645496
897619
92621
717898
760308
464751
921461
665844
499475
20813
333274
694239
551409
937875
670821
824437
390130
576881
286996
336168
938079
65903
554082
662786
138022
165532
213463
452937
688466
330385
536411
835534
309412
32563
782616
283836
157205
770266
226556
892884
835273
805773
236632
866937
343444
967072
534195
247967
375328
302059
611552
486710
730750
975251
76769
746038
660362
770634
912514
265278
703988
964890
935053
247971
366146
942516
384899
686673
91453
624536
943036
429645
246594
374579
744826
848883
855694
864623
737429
736666
512566
944786
879508
34724
828584
148930
319569
748812
173077
987811
135824
144163
906710
971197
346253
972773
79965
216010
910914
285826
833282
143478
230452
310006
700088
903711
315497
579552
444813
930631
30558
376404
475429
40266
874695
459360
90660
419813
260283
403446
287299
569556
817562
635426
374181
361331
157155
85043
466794
417525
944250
370743
531763
817965
398561
961297
149783
660603
629390
903615
281488
158553
483220
111713
660248
845259
54966
688057
833993
728615
776597
536906
775726
43751
167627
274364
634749
519103
408957
535703
666300
389351
56196
187107
305425
374165
72900
217301
257780
160097
52101
234216
267605
15902
669958
589521
75191
921704
174198
741586
592039
424851
43647
299387
645432
728954
473180
821155
477202
748157
162115
109350
889
288474
75751
439223
810556
875491
965614
838663
31203
562451
258274
883333
45905
932836
172833
502933
383654
840891
586354
249591
975884
510846
28511
740761
644086
412564
185409
237924
330077
778841
376794
884983
181987
560592
711684
457632
210268
218028
590262
746314
267731
772043
363679
300755
267253
710352
239979
990042
717441
408445
846869
384025
235424
259889
106239
508506
532236
403670
898215
35968
348
556143
623215
490479
747548
598757
625169
993113
247594
99089
746798
164106
874167
666457
848382
75763
464938
908147
234320
492891
966433
979684
155000
531727
2726
692191
287485
348229
783476
214293
232205
45572
376173
50103
276546
701253
27908
276049
913996
252435
889057
549222
260257
268072
261317
483437
859068
715592
421823
364544
94908
658150
894826
846859
897657
827715
746004
465908
799020
789021
419981
979038
862141
382856
629398
904280
670744
456076
28337
549193
877929
637332
150317
581736
868475
602020
257364
543998
248608
52351
408742
953203
12322
811583
908123
865918
863391
120939
121158
530351
550305
70817
696629
795848
174470
837934
211792
461701
339765
963104
775643
780733
316730
121819
658482
666357
858965
829974
225479
549834
943489
898360
111572
587112
856911
228392
813572
816294
241058
65261
120406
632761
543369
995975
685957
411852
842625
573929
215980
440197
685300
24318
916006
818838
450223
861506
160073
872531
795380
389222
590822
854143
968168
441722
669232
499725
281443
950476
416203
613941
765302
616392
208801
487665
712116
46342
899862
107210
400647
5242
535949
678349
440985
44795
583633
907694
817883
22440
922789
271923
71952
991402
333834
345469
715424
183616
444085
727777
927517
482248
216215
922105
795361
525187
458138
311608
165414
618420
622318
600820
308394
656973
404273
959565
152676
970486
225689
874053
409556
752636
799929
950102
695915
676281
429523
864431
75421
304637
645697
986665
920753
345000
137648
327865
378161
210610
635665
255208
379401
496683
327179
397585
701914
527766
945779
424903
161574
794567
676139
381488
241328
534974
712125
590663
142701
957199
94377
495984
279273
421184
949139
801025
738674
248712
6035
60673
450024
56487
379658
537960
25068
61028
47594
707543
487034
926871
989441
378411
325697
645551
28181
374589
84563
63603
617822
403440
368652
952101
34903
182863
127373
114484
206119
246582
255537
552789
341651
935136
80120
372844
623394
870630
231698
349886
427966
842127
549831
146642
456806
244908
151248
720418
681342
887680
10430
83730
833828
387584
933820
281823
568450
256602
489936
98217
246574
248479
708359
683147
424194
115876
202038
997500
493726
690603
51834
235046
998250
764327
714702
111978
261119
275691
645615
239705
543294
355350
321231
736911
332090
530280
501359
165110
285997
738748
6110
752730
182759
553720
8853
548093
415537
32171
696005
850594
872822
140698
961440
757295
538172
121160
384432
342523
762851
203159
937801
381599
208510
980451
246669
17807
155434
780745
950287
341425
426622
811912
606543
300745
456188
221610
511879
61246
962619
667035
834458
288527
84725
908670
13280
591571
875906
483527
302755
562601
134026
682661
164318
330197
539361
621664
110998
213517
497001
71369
841589
290814
96372
973821
180054
926541
349240
636894
143061
466004
408976
659625
435404
478502
64261
837646
205991
99446
868410
488652
958207
275924
203423
733145
379499
61323
84963
274827
456629
205678
441381
714389
244705
339069
248909
657239
531065
322640
460599
953083
262664
405800
28919
871322
790061
301757
792299
350800
430776
342711
877517
447361
882153
12136
27408
6822
118522
150373
823398
31895
937182
743537
905747
14863
588396
672043
994200
401994
553061
218795
856672
69167
625241
209526
163106
236581
995383
295385
675411
597718
103914
301315
273633
614640
727806
101865
457861
267847
405982
706950
689686
47377
961609
810963
858851
45968
126782
211350
786490
963871
113684
668676
508814
612731
1511
6339
472313
548903
585776
790051
512940
753200
547671
120979
28991
184906
213032
569320
260642
493893
655120
355836
241963
734852
374910
729894
612255
81033
795424
246698
793131
692773
996888
330279
559218
929658
251727
276145
616655
824145
29246
349845
112597
771081
500833
642387
904653
790781
564070
453956
729712
240100
877334
106178
198338
5642
521114
35509
906932
783392
359638
432898
416888
239511
305156
672312
564077
95875
362646
761929
390286
679239
315275
112311
989076
185540
379206
443789
759801
248836
511291
290315
470162
17466
896970
615999
502176
619306
330044
481928
752417
362596
89625
532866
294364
837099
261353
291413
435077
860260
260863
13802
871131
492018
491394
843840
957141
907957
666845
239953
332083
497227
964868
382699
758593
963600
443132
425646
513722
797304
959782
249518
339089
124746
928972
488496
430043
118506
796692
914849
120648
900259
150515
822084
598308
961343
75582
689622
40150
710712
292505
237894
525419
228591
779575
607851
870361
914996
993977
644997
477768
894397
519941
385507
790056
733987
978453
545530
53678
113328
464924
989692
57764
509616
335149
519196
260473
444175
340621
530221
273836
174672
765514
166201
613449
279429
689882
393370
780577
775413
883771
939214
914558
713680
333322
757663
797733
471881
123407
316591
637876
154260
543188
992740
632064
431811
888267
190869
856617
721788
616201
702096
367160
344689
200513
136649
627503
181063
601799
99516
216176
745004
674926
638020
285924
896565
837203
157276
145030
387885
224591
784918
35660
928985
199617
904518
120499
852952
78305
621170
540273
344597
396208
888201
282312
561092
377700
820840
873112
253852
18932
628668
921432
936557
821739
522062
678681
135278
68212
607323
53341
380286
278305
985629
966700
977695
774278
377212
563285
523252
960609
867969
909608
463096
700817
15856
40212
836645
271086
757052
742656
46113
225240
741284
636142
728574
130289
294888
870798
697557
868071
869149
260250
860671
120057
283548
610075
174897
512870
609991
754449
43082
666901
536595
930895
669085
948729
201538
168495
418600
415362
799974
868825
241042
526893
455041
978714
544035
141301
143713
735637
120246
658644
277464
129117
225661
612380
325340
916225
399867
75320
539432
457853
74423
917040
173034
503358
524512
442536
743097
282835
581236
578020
174385
860678
30457
806868
252692
741456
115017
976086
34846
943558
32317
14832
582929
387874
292055
48814
734572
529938
84215
480338
849054
599929
100324
447398
811887
842695
1452
69697
319044
648755
773089
770372
280305
899503
302430
169176
858411
466456
977485
833784
46054
27904
188705
180558
392759
142454
651176
496047
87588
598649
536346
986541
402770
773318
325539
818304
217276
36629
546266
822266
241822
141412
505186
491915
435556
35013
342895
528979
294971
979485
369109
190152
983830
341237
927545
824624
338807
516449
286351
487379
144734
697748
120107
648157
768333
248665
362279
207368
223450
976684
697933
249908
237603
16683
372080
641149
189024
291196
424738
640707
778926
107497
584213
231298
128828
793906
880602
966864
247492
585615
584607
917952
690844
703948
280572
916917
232655
587385
400109
969784
323182
584366
481647
844149
436547
62766
826025
181538
393288
809890
167878
426954
550625
944020
28218
376989
327483
755729
124535
74575
723919
919689
334148
174138
353000
332910
312539
520578
310920
749034
181882
750129
937856
222878
307438
796172
127002
164560
222737
242511
359192
263296
822336
535770
956536
697313
602891
101639
745124
398112
29090
974982
704967
969435
327266
909980
614358
678832
260990
638494
135244
634266
272258
991225
288893
375437
493795
187034
268758
245131
646011
903597
587963
336477
536162
669875
842478
742301
964909
454515
602438
243690
921140
577479
792361
916991
222848
45292
847965
891958
467809
766528
282080
52050
172451
57930
80160
829600
688227
24273
205819
448564
639563
109601
895274
127103
535972
126936
347180
901928
827801
451543
286604
111454
829871
326151
238874
441471
803104
488124
567533
139837
447216
185576
693324
586825
105535
263764
118011
149326
73203
309508
904123
17379
23575
881526
600134
246963
782525
535985
933834
927001
209312
187249
466783
431379
970234
384084
143447
416229
832196
16653
382788
765421
178593
836424
131817
274811
255729
291066
568052
214170
985360
753958
61915
325536
729082
572786
571983
183795
957328
819316
175576
415808
359490
474045
626314
151224
853497
85961
850972
678456
659499
637791
442893
769724
396020
703156
731610
21439
644730
670553
24710
876219
398925
264839
396729
661738
37942
562373
663562
753451
177788
440412
161276
491226
761809
81543
170010
964096
73870
639710
776646
814427
463858
701421
691262
719287
645286
85648
770184
48669
738175
796985
999001
131610
554170
886773
651309
290595
224511
640948
240919
369351
626420
969533
126334
58249
307491
406123
993945
885590
896384
61530
99506
265305
417851
237880
172249
514488
728316
919446
985305
765752
436881
538123
883597
65163
214371
277102
541367
903631
698871
6212
8440
908013
529239
941440
879010
281280
728602
344971
354407
365321
645091
970556
876376
359879
663241
809120
29533
121769
242371
729354
247895
896394
450505
329702
429160
822767
170966
833039
510062
996207
752580
383477
588940
871261
206335
489393
275351
545743
541585
309185
284034
371524
481033
625838
888770
119765
512756
23175
484774
570037
609165
843072
323368
260581
297170
242355
476923
444267
969419
602821
118670
929969
778049
397325
648929
390175
277579
715855
725140
715102
494029
511232
604087
702408
649570
507897
304860
888331
63014
969893
242996
718430
331640
408960
556441
8899
455016
137856
595650
585642
699472
748176
56133
385070
327616
290830
289607
437556
813558
972885
128320
934569
828890
278452
63078
500687
14703
642198
592285
242799
928355
998650
223209
785061
231689
852658
367768
840547
958403
488974
924461
858335
54333
707307
798453
922848
801778
718114
518838
845069
930530
822595
783205
879553
244103
287717
592816
617233
121140
585565
294929
146332
164137
461192
502529
501987
115194
630389
51940
122538
750704
771350
265368
759983
75089
120602
652964
268471
273033
651692
381894
842325
496796
787461
113650
192092
111470
459795
320334
196426
179153
35336
905405
350615
766902
832075
224044
758484
515019
688213
99017
650763
206314
364560
310043
202764
525229
729097
124058
685088
811787
531768
963483
562003
62969
312181
487788
682860
594575
844050
172047
323843
519978
144985
324869
971394
724691
25334
38405
400410
896957
523984
608149
423808
233543
941988
784680
80821
562168
960405
884582
325749
10368
888151
883300
714631
543240
560364
328466
53591
43898
586928
908599
900568
736541
804715
704738
561509
708541
878258
20440
11969
933385
641425
445162
999475
838630
762209
772456
509452
854820
271430
805026
888784
597344
108220
827163
513841
644527
83594
492159
444002
821283
790508
73809
173836
809322
330545
529021
294036
875905
628587
668318
354458
973388
207974
32702
712388
403058
65250
921343
442338
684922
796213
695745
923468
206456
253121
18555
707471
926638
663850
602737
585702
779883
674312
884593
618146
169793
45765
401488
251230
252359
954849
737898
210241
118079
667171
793491
151010
725085
377506
335310
267113
362504
459593
707742
823789
770732
261718
41049
403009
652054
183603
282958
281528
716541
201532
645187
814239
664050
271062
861824
339785
828047
965008
891260
367542
882673
111201
820463
342498
47968
142380
106192
717672
695873
970004
242262
763870
277824
925232
267954
15568
353735
12060
291896
469783
767747
396626
221656
564118
338390
778881
60929
733399
620676
944459
522343
311783
677376
573375
32775
748995
45983
569316
588869
510091
921930
982020
204444
937389
451436
236325
350257
19359
947567
940600
930823
941714
107465
150223
228233
648075
167889
277172
249375
51110
371675
403236
104243
266601
716691
615748
510700
895698
551498
246515
732709
911873
779781
559230
496914
700114
934961
197314
99533
891455
170258
301552
624687
623202
320939
463309
147560
825736
554572
741189
795878
667643
258878
383595
616112
68482
790016
885582
491950
288335
327797
279636
109976
354281
240267
691973
458288
18451
540078
714883
138067
403442
185395
509706
876578
340245
27486
783722
32368
604138
620896
487150
972024
341894
522522
28956
633489
614117
437507
175229
517502
150999
132784
661935
683637
370918
270325
258848
650639
459325
779704
354788
353519
682835
328455
52084
795113
140029
550772
526322
440974
604264
51383
538170
951457
50785
410011
9416
464867
606485
282423
695636
850548
813049
343028
807531
385640
875041
242912
132715
692437
259179
997733
660870
373858
155301
757598
660200
624879
782410
816755
66056
591762
209746
786139
740213
353298
457356
669039
267645
635095
823541
346361
928829
350703
483197
802624
832231
289022
118382
584569
878589
564494
485833
11407
979910
857658
192999
656570
412130
14945
32797
997800
987371
677412
916977
559189
806164
137529
518121
631794
953225
678954
543379
849183
109733
152442
146236
581217
625697
327100
303170
693727
986554
657237
164649
952524
262961
854538
584933
287926
662649
317475
759396
732328
552037
840
569597
800185
472423
565147
313324
585529
30016
762149
983642
966140
12376
814292
572800
23991
490073
216419
355595
713317
237699
387472
806289
651413
936417
958875
651940
579959
832422
832446
314669
190015
327371
111151
414075
20322
199368
721837
989315
467901
522393
359154
620905
385930
810020
430326
700251
427545
867872
158694
477374
987549
959378
865370
312243
585098
926930
749827
623995
677005
936083
999454
409471
435473
837973
571192
727495
904302
702359
114371
146406
367550
253032
296854
465220
985561
204938
670438
428840
763920
334292
598617
857856
76071
559890
205505
182902
198389
243042
383860
840730
265795
39616
277912
362800
240775
597866
53182
68720
264141
699077
585807
517030
309956
176388
848742
845758
879926
394398
48813
805596
755596
937056
582307
166274
917211
665406
682974
83624
497245
386009
774973
964085
232828
314307
774721
977641
116227
271437
703578
896763
243992
959048
535115
805033
313806
579112
690809
138721
723418
617929
491096
511757
192714
840473
372328
528609
527028
988367
860751
967924
699142
61363
522447
959609
173182
871052
221252
332631
478773
823838
855622
557952
436707
924880
535309
934658
58172
175974
523406
527524
53650
650840
397221
231973
588431
370320
857965
833380
305760
748212
524564
713770
710205
238282
592234
81534
903251
163802
262434
239537
322912
497814
937510
815394
145298
749998
621666
931401
329751
573168
408701
145959
195787
93460
668753
770254
601316
360880
736654
784831
338165
42315
259033
881288
844827
852637
447180
649253
228431
620150
465238
408420
214513
837666
777248
666065
493669
137947
509646
263037
102133
768527
659338
748334
943916
533507
857710
665882
120051
954664
52900
782418
49462
990346
263498
641577
185609
892325
345834
24502
54094
631308
447156
146163
518860
894082
537175
734795
222322
64231
81731
821536
73946
77535
528661
862119
386849
520484
540071
952390
800214
651218
267801
332580
997012
554895
52321
383484
562606
310099
749506
345360
40503
991596
60599
207060
741796
89523
522216
903581
225514
901938
639267
594400
607151
665593
584382
512132
545607
827160
788537
951725
386922
645941
750225
566068
847283
424148
100824
598979
648674
701230
104678
20304
439968
667982
838211
631011
608435
640646
985747
138763
380841
302553
529454
73037
806574
996806
965929
220224
304734
712694
826813
608019
39239
271536
777542
319973
797902
807927
533029
665651
492867
788644
74178
850665
342130
634041
142464
777973
828449
418766
101510
28889
686967
163702
944477
576886
599030
784355
194112
855859
480546
258962
462217
267024
832978
547949
358028
540603
316778
62590
642113
135947
587531
439813
102992
654694
518381
990327
76615
221582
473313
417487
209749
16076
877164
980586
852425
118860
837011
340984
296514
919417
643764
736448
970391
844985
781250
322633
911902
899617
873063
731438
637723
616825
908217
424707
72426
166302
171130
917887
426136
221982
300625
797198
820941
373682
541838
784704
184729
366241
356854
108756
946239
498613
102881
219377
988358
316760
662058
574816
714530
54488
513073
705667
37068
621144
169657
18415
80270
263166
188185
53758
118559
311773
367013
64990
986388
963807
945958
339217
38419
334130
176508
651838
223484
349191
871039
254590
697563
199090
833227
485831
565117
188592
430065
952287
270122
877604
786747
531919
430990
245306
703519
767166
480754
996406
365181
502049
876946
578897
971309
945163
801717
131521
263979
10697
370570
179979
540440
995304
19907
866567
115112
705034
609133
91045
302830
758091
166763
708253
638521
503653
988689
248570
304488
300596
687501
660352
108941
92021
4186
925810
683024
714815
486291
847762
533183
902866
544976
49524
384366
917255
279091
194157
868056
61922
816658
510902
710919
720412
261770
750982
125608
512576
884019
660833
427772
628577
54535
568575
39968
889523
25335
427765
349775
952519
275650
961248
29086
604208
381543
443832
964634
365197
773898
133207
878277
498757
261705
364432
508431
681977
676309
267538
805162
355164
182498
212850
625302
523609
940900
470632
544497
329807
286197
183977
705479
958847
667671
655303
402296
495402
511696
458715
612322
81107
89684
623978
668954
354432
14233
273716
667953
493922
430819
872182
447039
741396
432080
110975
477401
412306
620550
87384
976955
829057
725433
243336
604155
758155
441096
598000
628348
573981
676103
885822
14647
809584
612361
365454
257497
496130
75433
180916
27364
440600
388798
64952
927321
815140
980643
62357
156484
3912
577918
694546
265259
760270
980737
897897
605829
526348
112081
86895
956549
349427
371212
463991
114378
715235
464423
383009
288747
297162
250419
601292
586466
594256
776067
111924
520683
48744
847541
263347
913280
534115
792640
639849
342167
183163
691173
980700
941113
121759
979995
70865
390606
678676
122897
57680
353409
837256
183031
142906
174954
298366
631168
601890
683086
154101
185560
335150
907879
970283
77192
578041
53484
432065
555337
399773
995259
196520
790865
821741
204240
425586
974647
9218
22602
985631
346213
656121
35253
91717
744636
542301
170641
889791
513699
385902
426207
144881
281153
901972
748908
194742
466961
336133
572684
992971
907492
822171
957437
59510
837622
133103
429368
456553
892391
410283
624057
26366
447693
836668
631368
295616
519257
331537
138099
39398
334697
619479
556545
851776
71396
50004
328732
17262
177612
841406
950390
67721
668001
449582
644886
114577
802871
2312
726896
310375
522181
781349
817861
527663
779774
764939
176418
199353
752369
312606
774366
81181
523784
403508
15720
248965
648760
931745
911234
609130
812059
874665
97932
203176
206269
495429
669015
726897
141572
157131
509218
178754
438701
15719
343395
143563
324916
820979
90081
679286
874425
891048
477111
737749
751646
150405
629252
318452
758127
897401
327584
579088
208208
103375
763610
894165
369042
103646
605283
185872
490500
553743
648557
734115
214820
34256
44542
918385
793034
78222
240687
469571
122981
882473
369621
312757
79564
354749
525010
578371
69043
663397
891401
298848
120139
332858
874777
874834
981584
859055
502663
857852
769716
40433
670777
130863
152372
622133
980874
885453
545045
512180
837554
879388
738486
463797
656011
243361
194316
17202
798075
817354
463292
380798
315838
700470
128330
364991
61874
353020
62854
479907
656161
55389
380148
829434
237210
18311
226541
520805
491938
208415
888698
384190
538707
151871
721428
959372
225153
773155
890789
597254
378716
500573
811381
339241
151590
963755
930976
971637
915549
449161
909313
352942
770194
614678
642465
671317
902202
354211
362883
123954
457225
30496
481909
997058
107365
575500
388681
573569
462875
841447
440909
635239
842253
34489
48324
131700
197470
581831
916452
328099
675501
607353
61536
198515
611658
158848
469749
74452
405688
353212
882625
705772
649878
813973
531591
415706
562527
770708
855226
477593
416415
957273
961575
105108
971015
202193
527606
20466
577932
806807
657802
347242
162735
787587
435080
267221
364909
366220
994624
689325
166598
653497
860660
501684
725748
372649
257916
478734
531866
374738
520271
481023
405272
89488
901629
274269
832269
574330
775411
980280
253667
557623
944209
850978
153678
851283
863065
494359
869184
70018
205053
208152
1783
36475
712130
188959
230778
507839
630935
936819
27478
809370
907393
900582
898032
197831
352743
486634
985148
495290
296643
585840
249989
513680
875974
674450
28987
902743
335049
666275
618241
589796
171638
520368
172689
695190
33767
317172
54450
821869
164815
814764
283216
143125
839308
248287
620761
83755
173752
986074
509639
423812
660171
990112
553670
319175
594497
152678
582905
250744
363253
582295
102728
718729
580679
640666
447819
137173
101386
623765
27830
364515
659928
344101
500007
740821
961410
276694
120927
328092
609457
947764
432579
111622
172823
42952
808926
448322
72044
405709
499197
963329
81309
926361
212871
430274
439960
419722
418377
520555
785715
354185
548480
658620
876582
538923
517337
912736
60866
83763
118065
752547
30270
324361
917097
345451
371597
83615
287827
986670
839516
291625
169003
544320
614295
210508
771220
839354
185841
266887
58949
207771
191924
944859
344262
158826
650885
388538
452169
564008
720527
714634
24155
492035
965921
9829
309108
216345
707151
124227
677892
124389
23266
214509
739917
204482
816368
147095
197610
602960
222873
919822
736976
941895
475413
941266
448418
517979
718259
343258
673515
108717
180261
776184
569755
606466
886668
328274
557349
635525
90026
559434
41681
516121
691308
931326
101735
297444
484461
408349
127687
148641
627155
816410
363532
930150
312397
5938
416447
980400
811000
663934
653799
701803
106325
366686
62627
49045
586351
466504
479587
988969
674462
386972
870805
964215
638170
516461
928839
309470
753280
242389
123023
82061
318334
165120
583011
324079
221498
800424
3776
622951
34701
768133
755036
263843
593719
529812
540056
997917
208491
751124
477537
262211
210368
304601
597263
808262
910526
256503
620105
427590
613040
300919
493947
521302
306808
321029
129508
673889
525186
300257
883650
913587
251920
954946
189395
98974
585543
641300
754279
267926
92577
677559
93758
276637
182342
935149
435784
522840
2413
355182
742985
164660
435661
52269
699108
546176
311027
343164
620033
260293
617885
580412
156883
451872
681757
354244
660007
815885
402493
472675
927820
642756
69648
42994
883669
748957
410970
916443
187074
390962
561334
151115
873524
482664
81822
103033
46634
714645
194758
385238
782531
860619
678132
24403
37479
328582
662577
643207
618186
356079
408026
13651
240224
327177
146413
923853
890468
454572
36417
810582
482120
939886
553936
295060
339473
243282
429509
832784
989478
58189
533875
174922
344824
765380
696169
670076
475125
165138
860995
925881
736729
369781
910471
757179
416937
684517
479526
990878
89047
272899
404108
382507
658853
40808
544605
459571
282362
766744
558681
748134
336668
716966
67695
603206
747894
975839
981873
110506
433535
423707
187828
818457
279411
331527
597039
81936
892882
423501
462242
559001
553875
942703
840939
633765
766398
546017
618550
299517
127525
451556
153131
897049
587570
196640
146107
758223
247366
455457
68725
905374
438905
928855
697128
436545
63700
394928
967779
784623
638475
414885
228442
139911
7262
958844
158743
553299
802862
443993
357682
25569
687793
857796
891593
609791
120614
357309
943807
659093
866539
665282
363015
227060
379174
60405
246524
622219
178708
973690
915863
707544
749892
502049
427377
595493
647190
181417
394462
730914
54777
422205
51498
936573
77011
355486
879843
459400
161935
574192
298530
798656
415289
705950
292338
43939
674945
703867
26892
667813
3945
568119
792162
256055
950069
516206
301052
679555
600685
889220
511257
464015
631872
586028
403206
260341
380516
985774
295823
553997
629515
472802
724818
409286
924253
480498
554944
103496
292281
908344
695531
386681
49997
442564
553083
775635
767063
561349
143178
638299
3672
477860
612236
500989
551026
178703
586
784781
512726
35562
754106
254933
146540
570180
682563
957195
643921
765984
766388
923480
194410
9123
443497
246922
475657
705849
221143
746046
685014
920818
98118
847134
552150
260217
965399
713607
727563
95592
990286
257641
58722
184714
205112
448158
371005
486018
569777
477257
929836
39491
741697
597759
85679
616167
66245
611401
334426
303630
294213
943429
82070
118511
421490
503007
201461
697274
951808
904567
698119
25468
233253
360408
861873
897548
985679
950980
996647
535901
895399
835229
814451
812402
302063
672654
948052
422402
405539
869826
616219
563105
587507
719013
47139
97003
650459
352226
221936
967504
977165
733109
548983
587589
983420
326346
988584
45287
908862
583360
555414
939185
529116
153492
216813
787478
218930
487420
692069
917209
421419
975314
502022
561479
611166
340872
667767
359490
606324
552885
847037
553116
485539
554236
173052
376756
93999
770162
679973
365537
817169
614454
897474
410847
630280
408976
666773
619701
425969
962453
215371
11605
122129
366823
718667
929254
524002
424455
721667
531343
561696
179145
368869
70468
45277
492684
586478
597406
481924
104376
10555
542641
35437
509465
815978
801641
40704
695669
975076
231696
809268
780903
934190
243066
721043
772795
134732
992816
279897
315569
975004
676762
306448
751536
620984
241506
321769
19150
597852
839257
911051
538185
651960
242067
238961
689586
12378
298660
757649
219976
921192
674849
55005
437529
596624
735629
388402
961789
361775
967667
901594
144087
25604
925729
193038
213855
426775
112021
128011
708768
85745
87387
824606
598230
794099
469046
456620
575144
784290
30592
828847
800509
213510
31897
539246
701054
973169
74508
64129
405246
14449
248280
561208
469906
920137
165767
338547
129901
185630
660125
408391
961175
958269
70688
785037
89365
829179
471260
97472
547662
321158
898005
831959
388801
862716
165130
789114
981406
997356
5115
355658
42473
395477
414446
868413
347677
601949
858710
873082
677635
997751
418711
437630
545827
188595
577847
21322
785821
292239
391632
528106
968453
248777
6798
72868
807128
528308
939164
605341
493212
156727
138506
831468
578702
333322
985684
155285
48111
105825
659430
733911
65800
351097
387606
984454
482827
239544
175903
930326
566103
514356
618020
956259
67993
547766
280973
338231
236128
267547
813889
576799
795076
344297
306991
615195
119093
484662
648925
690751
629133
462966
587951
363814
354851
373312
279349
213936
37327
750558
623111
447198
407352
128491
187608
360626
781059
544479
255329
204457
772866
711624
293297
272700
256292
460394
482685
898519
777450
323164
645806
36630
591551
92629
24662
242169
842687
36314
144304
435166
468811
363028
919480
162311
582540
487446
947092
538549
871267
319333
234335
806335
117532
938854
866567
87685
845898
650562
425072
568025
692593
934019
315601
470228
205649
259906
834459
215026
368361
753881
141268
308184
910668
259111
103406
659491
103516
795055
267197
354575
846727
517786
682365
973781
181765
865649
124290
4700
481063
584645
32148
22924
237643
712566
886828
346124
659944
521576
717133
960497
368789
237350
813564
627965
361302
774866
384815
587782
582705
995818
712630
933411
740347
639085
666997
569409
647241
604695
267919
896166
309959
133577
703332
836705
140167
128544
290695
290828
531787
387782
672194
25999
673348
918606
129342
306360
978732
654192
729667
593127
469270
757220
832627
347958
672047
674834
589273
935051
224340
795381
99258
989183
110083
578009
238088
220139
445513
767530
239821
925010
479261
599
706984
306039
664839
499203
151740
360014
138568
795735
334307
894227
44540
973590
157816
408887
756995
797447
806834
190654
75578
895166
50723
303961
780659
426941
574522
586261
919312
582224
278063
895806
440029
709763
506024
320829
203768
656054
21688
104440
918806
744096
75302
64035
74698
369775
416101
480581
102039
401496
69778
589878
48334
341450
472976
93562
696778
142531
919747
397932
486134
51943
405319
219089
992276
134891
700391
227576
295929
762483
953229
914116
219111
888608
75846
973820
61865
791484
312736
646509
792066
92390
227853
42112
5523
810830
351496
172329
314090
979520
858753
339612
839272
371791
754298
486591
934396
231217
286230
216319
962383
754508
802489
49710
63499
893070
360658
278178
440883
344906
118491
21524
59133
645711
999837
461219
209645
679899
38598
881381
546499
455703
480638
801495
424615
197793
378447
331033
916724
743327
702343
555896
813243
304817
878916
927991
558641
847146
604571
66447
364750
536534
610265
474084
775430
997467
25446
327882
573700
641462
125907
367210
227881
117264
216320
64928
215442
996394
712055
467325
130197
153681
847249
823893
423455
684894
904922
575279
5584
1235
81078
540039
254415
876979
463176
412329
158441
631123
275680
68655
348672
158879
504926
712326
907840
273775
530525
917056
58608
922646
171147
517145
414531
902494
829845
795415
967612
772784
290960
677695
51970
412222
478511
686365
349078
936916
48703
202625
768167
25145
736613
453086
60732
654553
796494
139348
187659
957701
605778
308796
259810
605767
488343
417123
957924
760925
942583
658397
786282
79909
439198
708951
696113
875292
542574
231332
47550
796769
38179
533261
294846
296413
37619
932839
822321
563740
621967
481352
402141
128910
751304
664333
151866
955568
798747
313761
980821
501267
880720
595981
741059
130791
223415
402241
210300
5685
490925
56613
911811
292286
151695
876943
271195
894724
558721
835486
107063
242662
13184
445659
158243
178548
893144
580473
628545
734114
770893
241423
275051
782713
494947
850037
629245
968641
417349
881541
359411
971776
26555
209967
923182
457541
442814
521505
530340
48185
813179
718930
566108
160082
946328
48583
29101
464894
114755
831854
947741
705956
425958
353567
430242
910847
539713
225071
163819
801911
190337
566871
24022
843423
26743
12768
760343
771342
127415
511608
436512
971371
499646
973017
917815
884037
307053
27981
231163
173694
776984
621433
64073
235479
791549
433990
499324
950892
128562
881521
763336
104045
963361
956143
692267
982096
857955
491099
37596
11162
777886
691032
167191
924234
490844
701606
96598
411329
950144
309000
76833
510595
969163
537253
229647
247431
10646
948508
995310
440506
138680
904316
319515
818452
612550
465823
187907
764776
301578
349915
506306
886335
374447
63187
813104
348352
544939
669967
126621
796756
911193
476793
29771
515457
973858
747571
74687
452045
279228
207588
402310
655127
263980
748991
423501
919476
888291
725217
952869
646011
708244
155702
854886
121221
320370
923581
433711
154789
13548
95015
315106
306204
596208
9011
716302
211205
774127
516859
596963
403113
721328
618538
381456
638558
752031
47698
626543
749598
559067
149451
855829
395059
99588
297196
343315
182173
498680
824672
697216
567078
824745
646254
341068
67203
197832
972900
710602
280572
957207
475584
961636
836277
848817
820276
262539
620766
173225
674288
775219
535461
432962
862209
793488
802431
412894
178242
869856
969071
567150
242388
781834
120029
734993
12558
948544
956033
590369
207348
479238
558318
171274
241147
433023
213602
541510
491707
437967
795150
579069
395683
958097
850781
12400
524098
895628
918066
189759
866847
933588
341213
785580
639942
858250
982338
418400
219433
38159
174135
501549
180108
577697
274061
681466
149552
356287
495327
130035
128770
485896
321369
892830
147985
967436
93422
488189
301672
385179
730302
740868
198674
847099
13349
523395
953799
819141
669791
227474
466355
832526
574130
759383
605570
611838
131252
275540
50941
662106
685508
720254
544527
477915
172611
845778
81470
165300
774946
741014
850573
361172
817628
41829
28926
414041
827664
876171
633430
50472
660313
608426
810082
24224
633154
664760
29181
338691
68289
731906
570173
434377
165599
343998
351031
288100
664178
821634
282716
969236
804717
361835
536133
876584
667715
623990
468119
643685
575847
674743
889271
972210
410062
833580
937635
192818
391066
535415
665662
352332
403329
166901
188630
969878
116131
541234
398599
142713
95242
84339
233680
305703
806447
857001
800082
703602
117590
334785
156777
497872
714889
939009
780523
784243
600334
962831
640732
749301
56429
667891
354531
752369
646951
636462
575697
588668
949309
784922
632274
756072
995572
556964
632655
689038
742195
640922
383100
515999
634778
11460
286610
71418
640448
674287
253912
516385
479282
58605
466403
313783
751335
132918
428858
831175
766131
232890
41343
227310
250866
420642
312787
328139
497480
216542
609428
621949
46060
873563
920586
899038
504960
966041
877025
466556
10578
942351
762768
217463
995726
582917
479358
861642
887362
630770
375889
597348
206612
283943
641760
595042
868319
268229
922438
39865
152324
921250
471501
296838
423102
605559
54940
231103
568320
220201
959646
104573
553868
47522
178900
603594
28367
279941
999307
239758
464764
289808
902500
500278
574602
46819
212092
29826
369810
866204
299965
210906
636352
924074
280101
544002
703379
117549
52427
547703
269375
178145
522156
736781
14108
916289
414819
862547
666006
346354
608548
959986
99335
790765
144707
403555
627681
948981
214660
76472
760802
296367
852926
78628
210997
511496
958022
718880
224181
356262
486441
873551
119896
357478
330634
384989
671374
312383
865122
394401
662541
435890
990643
356682
977017
455766
280503
539154
741237
481114
895103
487296
226469
210681
717444
206997
601561
781207
333321
278825
549281
187177
486022
744961
275822
541655
427289
883007
340430
801821
919760
896776
850011
631867
348646
213735
719438
916187
999582
229394
504775
963536
776260
422966
267473
219099
246109
130448
261648
787240
657486
999936
431743
363730
398701
135244
493822
170350
15260
654549
755695
264041
576324
788366
978053
828638
456710
564915
823925
997314
489233
584352
768987
194138
928815
797940
994805
469758
242073
95733
815230
727414
469454
930582
528103
725318
220151
283603
582049
376995
113942
668397
453759
994871
776395
138894
388830
301626
41032
340578
821371
249002
145055
706711
162318
841782
947737
239717
230136
569484
857760
445236
418216
516845
940615
129013
87737
375274
113640
262567
517339
220839
128829
188263
363805
792668
713383
996655
163413
202442
250799
642806
570087
904989
255795
292001
224474
460366
980642
107714
619692
210815
315447
339318
615967
755288
737209
21373
671332
175764
587029
592981
362855
928624
921374
166836
794995
365893
681696
568427
446632
773033
462083
797562
988143
561712
641835
493213
563646
756949
705182
635412
633996
881010
986930
627409
142799
740594
44957
361210
617125
564322
665135
172925
338239
812210
637942
228681
537253
507674
639572
705878
844657
197332
231496
187555
5916
35595
860733
695248
729179
393732
349019
713986
96500
740695
622651
589623
24397
83982
726880
375049
796899
611082
425024
256661
968506
464368
233428
722190
664659
413572
794996
152553
166727
672832
166394
143026
575278
805370
595407
381
87824
920687
126636
562395
850716
690232
552531
231316
805838
90774
408292
313560
707918
188420
855501
322027
584455
498570
290712
425180
354906
80057
805502
978268
605290
552861
157880
402227
281194
508491
388905
610475
297913
68468
263925
180888
46601
535337
112676
251490
301542
408677
957854
131942
283463
614615
417229
516841
573372
779376
986577
926102
54420
102369
237063
989138
827530
84635
534788
247134
789477
566273
131559
273705
666002
337823
175105
64769
863881
761934
367279
879779
716754
154163
55102
880143
910300
318254
967348
169795
900880
786989
896557
444580
90684
636605
644741
885447
517871
688597
320948
249086
2147
868765
674824
667332
601656
152229
105864
775107
219735
680066
758223
505590
733929
158824
207751
407425
203732
337367
396925
89829
27648
165413
18933
719954
409974
426457
670222
780206
620819
627834
134670
504841
413912
27508
743163
56462
259900
7991
606400
593854
944632
616217
93950
390012
531955
555772
805582
887647
994627
215984
760882
691204
693522
512361
864855
939025
419270
353027
686834
190558
649055
192045
545858
743463
955694
834859
929265
561594
956679
151301
551879
424952
442983
108121
941937
435954
611589
794074
3307
856499
383552
634055
495798
122186
977029
516906
101742
144821
296058
952802
612932
383158
61647
725406
218772
940068
202061
113734
926728
757244
829765
679667
869019
262920
569350
66757
932955
896814
576140
837610
463440
959846
82074
721024
343979
757939
871607
488485
703714
734239
44402
850878
143580
121656
492410
225208
674505
644210
905925
493058
31179
211860
871255
127140
734169
662067
307060
12662
822543
572039
293819
929470
464880
99783
220367
628158
86037
655739
90065
876824
653654
523587
859590
211073
330357
947279
802123
478250
622325
429810
206760
156026
730516
429979
432821
278630
748028
125908
264312
741435
532462
9048
930993
975704
956502
882021
943640
763318
257747
736361
680350
671282
46663
249032
152685
741920
53523
464798
958770
880047
936629
333520
848092
683871
45247
595325
458068
763004
342957
940376
326946
325952
694491
491875
452597
506568
621339
180938
769176
679771
338559
264426
311241
494397
623882
365753
78724
927160
782458
967147
869623
599634
866686
339509
570236
475717
568640
456665
922271
586924
135850
892782
748073
498161
587901
202333
287835
291749
61170
152220
108697
697347
436893
935767
249480
633132
484386
232252
397628
127059
813732
804687
866760
174387
624497
375295
60588
569544
908653
655040
941900
480165
26413
936477
235241
267902
284324
566562
921412
787555
223273
342979
718107
521128
573237
482925
533018
747593
229944
653870
376883
926977
652333
336349
76636
802699
906568
700851
378838
121832
635528
853593
504357
752807
923904
287052
154851
35988
42224
593774
27063
992912
389282
707909
878471
809930
89057
516537
331755
366159
354844
394242
336443
95940
64599
504784
618433
81509
600357
165036
469095
662657
324796
905057
902375
14192
825178
937908
590839
857097
668278
644169
828972
66926
154367
923822
635414
909019
985752
763989
427223
170407
189429
808662
533718
97012
114239
306351
851770
765970
63186
65032
679727
838314
62915
735213
369910
518746
790847
645385
802588
233427
996202
209339
568147
39766
943819
813223
691199
155727
886315
481370
310676
601125
149435
497136
334465
769254
122434
241316
689444
618000
207916
26423
60142
627447
629554
174928
446397
926425
231265
614885
72425
796564
451247
708987
866090
785331
824832
530786
18629
752824
936989
773494
753493
331802
798940
137434
935894
703761
219475
574121
355278
982552
726399
435210
721732
84366
108081
624750
552392
725349
447057
357112
580180
307107
764356
963753
267860
232689
319778
797243
395409
332858
323940
66735
99009
92694
936120
219261
46744
282627
705467
641672
97888
287819
249452
311119
542068
943182
104712
489597
449036
435742
449494
695642
956219
558102
986448
110837
755518
66513
649167
807073
247479
996090
675442
321564
586930
181017
14719
85702
921881
32395
362523
416327
175948
36307
530190
830649
210792
51701
641693
414113
795646
436729
526777
899480
307759
239856
632752
989920
340584
221710
79822
776557
629603
732323
90984
905835
214906
89429
949414
696324
740972
433616
758952
320672
211116
911497
208753
887554
996585
565286
937450
976937
734991
90804
313534
83654
72097
47204
27281
995
37
409137
8629
833915
885215
974342
614465
475746
240751
10597
923040
443858
935030
545820
368290
491683
489528
228819
598604
277250
156994
688856
975768
550799
503275
880065
196922
764733
602859
683071
367661
696058
556916
191755
952979
444936
186692
591856
567183
655828
764687
995925
635809
122991
384884
120928
716531
565241
697578
715851
988705
214
182727
741444
560783
512039
845105
508597
787514
687785
847293
301129
386820
875691
138656
23961
132144
941404
792186
882415
392718
904726
431773
821175
215275
223368
214907
687420
273211
953491
731841
355019
754073
961520
879708
820836
144651
218315
758245
9934
368292
738157
552704
157408
760989
870161
887918
571344
828795
830081
45219
131112
143854
33643
841506
560903
376579
7212
469506
696846
762157
721394
979985
484768
136572
887320
176989
473713
218363
168390
643287
654800
903002
449479
869579
995259
337125
199101
512189
622288
361844
581983
365913
108979
26470
633230
788360
134740
456891
881079
296815
769003
194365
177014
778498
39356
328491
295948
512633
773796
509604
471014
711770
456993
373786
502019
381864
953645
133733
702852
999731
368301
217552
179587
688017
245030
871854
216026
64055
619569
61146
725856
841353
125338
611916
772120
229252
411727
799172
920686
938320
281111
858901
685248
877481
777018
620839
908022
31382
532118
801103
365735
557803
446164
411209
336899
516368
914339
313996
325708
913445
504693
477763
416376
480925
318258
536679
509371
928398
108834
602213
918562
193022
113169
139029
359973
867751
717961
442066
309815
350777
46038
293906
690384
221474
573492
415328
794198
721942
449172
225171
481499
676331
385152
862408
429982
467835
549603
186131
655270
781160
808428
82546
319692
952899
602945
235503
357674
663107
224505
97114
76226
638803
7512
500270
97471
644787
19178
759002
783449
904529
484689
784601
799258
885102
823506
539640
413739
466035
452889
134974
489391
392832
273679
849761
237337
364179
567218
889111
32992
248059
162020
210046
192566
666247
631904
284632
928409
418327
968394
479710
964402
769805
583780
229134
498855
584618
218330
389224
970536
266130
922938
124549
446443
735198
911503
423119
39140
856712
696208
970409
606970
643780
11376
741628
811125
16793
5020
798648
903567
145467
385434
131260
204508
413517
230278
432669
990030
483852
328969
21036
259665
942222
667093
636432
118627
742796
569551
551080
373887
874311
373015
155409
450730
997143
476895
471203
86399
333308
983428
515778
664958
335
327938
587015
183650
962238
648178
466676
467488
285232
204209
842268
796647
664178
822612
896899
5083
189747
952100
834452
864525
437179
85783
752166
253209
894271
707095
268970
935247
743222
993951
806494
971755
789732
109287
690343
348343
665040
530097
972408
609434
626508
423862
25124
773530
544028
893640
521810
722345
682912
766270
197425
612985
868796
277854
540553
15535
296906
169462
639971
995183
460185
307545
755380
542946
630542
84953
930958
969893
712132
119913
470869
435302
241216
233002
693293
763078
892544
794315
450694
277896
578512
736469
683617
186884
31273
646449
743541
558865
539604
19757
767964
68210
291910
44238
664712
844779
980007
82585
240149
106182
75792
494506
254897
237154
475789
418122
354694
546942
787904
297043
284015
137189
495652
336161
764987
143195
317889
473683
257905
510902
401825
699417
967187
576251
520338
86629
130188
252705
104305
337268
518604
360203
56934
624578
367996
629734
404358
503359
263415
43181
547209
774871
950594
445892
312646
871891
516179
588318
929271
530651
611176
775853
567930
91783
922533
711191
607870
559545
446170
94354
581501
707204
446947
830091
470198
41182
458936
563058
329279
488570
165160
163073
476324
927981
10283
765439
556409
984542
536956
692269
50287
31671
500937
620121
412028
389631
79833
79620
461194
546754
27705
665978
723093
962539
137502
410026
839417
886461
11336
874087
116689
713071
11225
415417
184897
484107
868213
660060
12972
803630
751043
900166
772928
541733
924692
603077
273389
510946
268854
617110
382137
234878
630627
232719
367820
443579
229530
167693
408860
870027
222013
52081
867056
691206
541333
110566
435863
935743
919896
992223
752220
461419
713068
586811
817148
474959
400600
921968
909362
416673
48184
321664
764585
124771
988076
297411
678717
355550
473791
114599
208141
525063
149637
17671
622722
950589
752238
881906
70631
477848
655686
684082
474041
341525
274784
783092
129740
666004
194479
590533
241872
513164
772658
808115
794974
667989
771951
632642
79179
731883
453540
389162
381005
440785
649071
617064
722986
297777
634072
929921
599869
260583
6552
795523
287276
731240
878066
612793
268591
226824
599928
323974
986934
599919
463124
820728
766205
830679
285410
346915
865644
957713
896120
140224
559123
270846
780276
524557
690434
647337
83313
10109
683945
681161
219553
189786
77265
966527
748879
638011
326052
59927
817959
504745
812961
122537
72078
370585
162991
148283
386027
673988
671467
837485
974081
614207
442897
327391
496975
81316
968827
731389
708730
933659
556703
500606
791051
543719
247211
695565
24855
606343
450083
569418
768418
712812
670765
397232
913988
719135
180023
528145
143353
242339
938121
248678
156308
674967
383496
664726
665564
741762
839995
460628
184338
976207
445791
253686
660455
743690
943271
801621
295473
355832
917249
397691
609093
649374
755784
353716
98471
940048
476660
122009
861858
720479
855742
700191
242832
868354
401868
441142
464695
296988
917614
448465
951485
663218
69386
400673
285958
500826
98960
83958
329317
599095
205378
541702
180516
518930
634447
110047
427504
961735
988745
896991
624515
539709
734809
38971
707463
179873
725326
616216
797555
321852
156142
541280
35584
740481
380056
331542
826130
255107
666162
270921
35489
367699
739791
27827
864037
149826
843376
233494
383749
61483
517800
936015
997287
295934
836717
530701
497954
120350
387586
401313
454272
411493
748583
686892
935535
12301
938089
13438
72864
737676
19166
438128
221171
510807
840954
154128
871671
502139
373218
340937
741987
107685
334239
654806
792370
702062
349642
931375
115203
847722
559905
724427
493681
281155
879815
138373
97682
408259
75022
745134
160893
82104
747490
396692
514180
247118
533768
348077
164796
578807
311053
566180
112826
853533
765050
422116
102995
45335
620042
394357
728071
153618
474131
733916
114097
564852
384751
185948
91427
173567
662900
179856
440933
119187
399470
781135
432808
923431
852362
227968
50216
636197
185475
164251
670898
746544
63792
411474
458073
563399
817440
333351
461226
535713
421064
43947
148001
5792
618368
899650
433398
317180
622335
804328
488173
131466
633335
108415
810517
971743
38120
949019
28545
612474
295981
395643
601409
503239
457588
844329
905531
919322
468391
510073
317476
455826
74619
970052
320694
402435
287002
736077
467671
891044
436226
753295
111148
612849
233905
195827
973946
598469
354583
886552
328521
377413
598290
831177
269881
337909
518644
648899
190976
49940
572486
940630
121833
290569
840105
824804
186281
916025
706562
178882
717247
407703
943024
126377
638690
559004
274691
927820
506950
471669
251370
700244
20096
515139
866031
299075
719358
354665
586959
983050
3798
928744
455142
496573
616236
761594
112026
902588
559934
458552
885633
820233
647866
665987
209449
209573
68128
328483
518491
850918
329652
715034
420476
216292
509708
42198
793802
334335
379605
434628
292256
713163
917553
402392
532272
755190
311444
959491
562434
260178
463556
604297
906125
462518
145937
182396
290195
394815
508489
773400
517132
470301
598829
38710
387435
906403
772511
102050
135588
241044
592294
394053
521115
341050
306621
656963
322470
672765
190303
390830
988188
493752
820260
58171
803449
388600
756133
202166
360349
87860
969590
503288
215660
960287
204936
411000
520603
73949
450740
830722
346213
755746
727890
184903
380026
96676
217807
645754
974048
163300
103284
60236
463050
331787
700731
529868
291570
351409
36092
489593
268126
949159
949757
987171
531103
365886
887029
416180
146839
457269
555377
650461
144116
855506
722343
61338
86901
167952
920029
9060
756125
943863
623394
699903
868096
711208
322600
461518
322013
130557
520369
91879
19826
47137
599939
813537
754131
904145
553
404892
688372
990706
953136
944687
449132
788108
297858
114849
399375
142115
252722
968325
393625
648415
316655
408994
454411
263720
653051
556926
307037
112051
754059
73509
264485
123147
719319
231994
153773
584298
131886
451862
809191
389138
400898
587587
417875
808783
169387
67526
392056
847764
117744
663184
335119
837538
715788
750879
170077
894423
382026
44222
893788
451541
506987
50182
314380
426968
175107
402482
333500
57505
874150
725241
588789
279241
829788
5930
759345
289179
319362
214073
829317
892317
843705
357091
580366
347116
169069
624218
823934
112373
408253
704014
687902
143680
111481
880371
114616
994520
980073
987781
864351
261595
333856
299309
936808
558835
227296
306490
181352
918419
35801
354259
234608
258203
293309
768991
456011
302845
383857
37875
864581
252150
598096
146570
860394
758249
601769
595424
633450
77911
646547
70013
66790
210826
634689
933661
166562
286841
582317
980485
163848
947624
71753
416140
101003
2203
94725
276557
557922
334231
877965
736965
996633
855935
810746
80208
131060
752928
633707
338306
866314
972669
350151
390771
46193
732749
771657
813724
217187
257367
952061
801685
500975
66548
856155
149632
462302
897361
354958
739483
995054
881354
967785
745143
518315
740866
266330
486473
28851
123151
279042
207180
224997
672596
3187
738912
114724
377052
357401
785530
249555
567394
404931
347849
414413
456069
951004
964186
273961
309465
629239
394009
986846
577786
505835
165012
190976
52895
880700
344462
676379
494497
146134
967948
815439
626569
740943
632123
445495
5616
798076
743591
695752
963032
299753
319222
110835
661041
535572
706857
189711
115862
69322
761711
892994
576275
944066
901857
544813
664061
532617
176984
26202
232366
424436
976318
163511
394007
301781
785979
392021
625607
183187
80556
766988
170801
783956
891280
407919
526357
397732
384793
451920
636562
721167
154548
60818
344517
865059
36087
356733
648418
13301
630832
68735
784776
552256
383616
247700
344952
438591
954401
428759
982274
627368
624123
804628
931197
814723
875682
286129
278678
323177
89187
474137
253690
213821
670683
563024
461271
792556
242741
514973
826569
490331
992691
179210
34451
54990
349794
863228
394183
866202
465684
738004
29186
634513
616525
805841
675792
538592
923850
728571
694793
122356
331297
442090
134729
286734
573039
187897
700050
134143
987850
193968
950995
758216
74107
167237
408787
932471
205535
110265
257030
733189
164192
898159
481225
57218
767034
555553
714771
554207
465360
226202
563957
777396
352005
376629
530970
269029
268125
543712
717116
454568
879295
260520
814959
154753
808639
243950
364455
494071
676245
344542
420555
485260
100310
504604
711502
828268
49921
811021
167070
944621
49760
347408
104046
505131
532485
674730
696666
58038
261056
144537
774913
87006
280634
777238
625943
564814
415593
726375
319032
463535
302961
476160
100849
324607
348711
445516
40598
126784
185802
763679
552436
833261
551526
8105
705926
238390
420190
791114
654582
863187
366549
468744
68589
616991
876524
820683
742212
723277
749934
978032
551913
784699
714020
170644
726086
760621
774441
100958
321465
911535
268131
712786
654332
799682
843046
451153
430794
602105
330995
422466
301916
646676
141052
335165
894581
429555
285456
569400
943221
193143
752243
682348
285715
195425
685880
531712
89089
346253
670728
364383
409990
492348
292419
846054
45613
314939
17044
515737
941226
900812
446340
855878
792075
907448
231561
728803
69285
661605
561167
229933
937389
961181
753709
456733
932720
360291
761689
503799
387740
516258
503805
19307
272744
976836
792233
879559
34597
921166
703445
411228
963321
271935
926307
7779
416042
615552
950029
827756
506548
632308
542857
763851
781846
838800
133322
38138
979088
381671
171399
60456
545464
102973
31473
260813
190069
411755
341557
184928
439083
815684
705784
870568
282690
780207
806026
914670
943520
823228
840262
392802
946255
950112
231031
853128
791615
868112
68205
452356
585896
846487
206072
220177
61415
587315
79417
8813
637641
348663
456330
931783
440990
835766
619019
156232
472080
73967
511657
335437
91140
500034
757607
842054
227505
515413
7463
837845
71951
477346
968156
19723
460109
762360
693383
679271
534980
903324
14363
839786
600393
692560
890989
15890
145270
617093
461880
629880
115289
488206
910548
771715
271004
767280
4421
867305
737125
636514
299006
415416
91534
964096
175866
920099
94797
933403
118539
585574
242725
30168
892380
492020
248594
784890
802175
592153
138384
805372
222691
618132
239748
903710
856612
427535
629875
947651
543297
648287
422942
984934
37668
227780
31715
399342
970750
596191
20879
5355
200346
121521
266079
959074
99187
459817
487367
944833
733864
270466
699219
265592
643877
991726
335377
271449
892210
287177
854614
461891
345074
954345
832484
561473
432949
688043
548527
843060
235539
394798
674302
86572
360851
328255
392455
849853
106256
497305
716986
854876
727456
206256
890079
217174
433887
174367
422927
911851
988154
854526
166744
383478
871900
988055
303811
482303
51561
757796
910416
734228
720190
890668
675387
958887
652251
141947
220952
520023
185710
771707
920775
460718
262296
11357
265729
422936
931066
961397
849859
89190
201774
555135
128820
999925
961600
451079
374538
234617
494554
792514
414922
690767
298875
354913
137725
938871
757218
977079
529932
590132
556388
463809
18341
773257
970239
415191
31158
183987
157447
177997
378655
362202
410591
216429
658945
860863
419860
482367
539226
501343
287626
933177
270018
680492
299947
869843
370077
41673
971832
591896
296308
840274
684824
242398
240108
504028
946566
571727
4782
409106
407056
682758
30650
567216
157629
367947
174107
503886
775730
1900
792292
127938
32619
645129
213476
274686
974593
783614
893635
561804
58097
441305
958556
373776
762607
176605
563366
583764
466769
218827
437241
68496
893838
589420
384328
923233
974097
418371
183869
883498
299529
186208
842882
697197
36848
252665
91771
455416
151089
862456
355782
704212
591904
881698
195675
688567
642445
62803
19068
243282
87251
218756
661545
817354
316287
385631
774856
795295
626405
866072
143395
781059
144968
2636
485558
199103
531824
475874
552315
231295
45731
605409
280667
42441
957076
139367
556933
565834
536323
546640
204882
387310
896585
340092
31314
850059
137118
205990
477352
280150
656997
139547
84021
877369
692361
680265
555326
729884
600831
26257
230776
952408
767262
480918
842996
880908
113073
85876
179723
324612
924089
776822
324508
46028
293925
454847
87424
689034
379776
454288
430466
381118
278823
878279
94449
86555
542067
932891
168892
956237
549935
963775
137168
777734
994346
520049
19002
553265
924593
482902
790011
84554
229505
125865
338861
222867
907575
543643
165708
972912
762862
287479
985960
72036
487049
473277
111224
247868
961914
579339
613433
26067
101221
373513
999760
436534
301187
161137
493804
749381
260609
979220
946905
863544
63267
786885
285197
283971
397063
610992
740815
418330
403188
354454
877542
660566
59550
690019
987198
292242
570079
715095
735751
113506
490093
405966
52322
203582
29822
752952
570910
89068
228120
193897
673279
897030
836191
133209
637641
794222
962352
180539
924226
641659
238411
404608
879336
678099
67370
313012
360580
483792
608694
524765
677559
575049
18182
993371
326980
985445
650934
655811
515221
321206
860756
480469
995113
461826
666463
145777
705425
777324
40388
503106
483433
363042
874228
775749
178191
625449
823171
262690
426569
561507
753167
969172
793546
471181
170933
729516
801086
12696
896362
64083
990643
572032
523146
547820
933682
818145
869321
830922
906137
79868
288093
677145
775520
470859
633069
64045
576056
248471
303756
985024
984000
882088
879722
879080
400701
318791
472114
142078
176284
889322
45311
344116
64375
473915
41313
63476
451777
785819
252606
909596
312727
95727
532370
378584
667062
262905
585440
767855
373142
19042
232488
125504
795913
929761
668359
436207
854320
701226
510519
778023
780947
581712
666084
512479
465021
278716
269502
165650
292988
157333
439854
446484
79108
261486
797545
142822
833646
476219
28886
724998
51618
872892
690987
536354
949849
243975
345433
734924
682540
928054
375959
480231
199918
463049
290820
684312
453400
829233
129620
98647
993286
769025
184054
383161
457075
968862
475496
455008
494751
721084
305345
684021
528753
313557
410847
976793
330031
391991
288850
627683
744752
502276
74000
873474
687584
754782
549482
69040
703605
738248
899840
262779
148806
290535
776517
71076
388809
164319
825024
447738
590848
851231
716052
884471
208757
863952
922796
8818
983168
739787
171087
656289
322342
568780
466070
239937
803064
650257
689557
49884
437945
573418
73406
59740
957652
702738
181863
112489
78494
915884
296547
24544
993251
954149
210246
543621
48949
397489
636095
48373
741302
594461
805197
443892
788340
640346
538754
451563
233211
875103
517295
3810
363335
359655
119268
33173
567895
865673
444557
95967
545580
654424
318378
27220
249481
149785
577438
684336
546102
7495
916859
876335
805973
919079
17317
216070
49532
69144
10855
24303
618402
864141
551299
805516
656568
998407
743657
558439
88245
491025
926693
384780
584555
84159
645825
773867
991012
881562
492679
840315
284036
305447
964774
633997
195278
488071
787354
589296
932655
132656
725933
234337
627186
889291
29320
117262
103310
401969
319598
664893
578249
717243
454352
200746
942797
906861
302951
548559
542664
782676
245643
429453
217407
796467
638293
420683
699713
517821
880161
254374
58972
652176
728822
306443
586435
241898
301679
266521
256191
24373
564357
59144
702786
517667
134944
15018
11380
272672
463157
352058
781019
919155
919541
109547
195187
346596
698732
956890
143984
225710
771699
111334
463250
483997
561168
599805
625472
933496
324958
591727
790259
555500
352735
433482
81489
177341
117141
826778
84622
932063
484959
312154
814650
801924
854760
229362
789274
725894
630838
856181
937843
925919
634440
620977
75078
546299
667523
320616
975966
46846
765145
109301
824095
535294
815604
870765
23389
424537
841648
193428
691137
7935
643130
940670
189317
474848
254126
902505
872414
911042
309839
930207
599652
685143
709563
456609
272718
374
100867
255356
597445
657302
760543
987116
206409
764673
7540
799288
92233
354592
162626
488958
122612
85684
895528
24260
590230
122888
347194
634205
177823
383084
166027
743283
721225
585975
891717
537882
843687
421849
92356
799995
234790
687168
66307
543131
248130
976152
328844
100076
807976
171358
507953
216878
519096
189421
388521
81542
832348
786752
157390
560747
727679
834181
113482
803541
641744
773466
342645
390073
561566
703900
964351
741578
15575
321798
333030
492056
394760
369550
968052
976599
625713
643270
500545
125728
204646
379022
614867
400365
437021
30212
929733
74825
989898
955371
518362
350428
438718
573815
708202
912300
394356
564957
369728
82325
440769
289028
756118
713580
816899
273707
174748
63071
371363
422133
994497
138103
12217
205345
538509
621312
113572
814266
106498
796696
886865
991923
470908
946756
985545
437182
153893
672020
596340
719240
211499
972380
114511
965978
309555
586002
769595
559502
582729
678088
229901
337756
277861
885019
623707
734974
19162
815432
721054
69446
142041
224661
411610
545943
742253
83909
426471
324841
296031
574637
280690
438432
557632
550464
856246
290509
483575
107918
708214
701853
570001
464775
994167
383837
618623
985917
479245
546782
90037
832535
538001
161968
625670
953687
587543
197599
909765
204383
841821
691591
394032
338966
879646
491682
892400
10053
877916
978264
263992
517770
290587
623247
349061
135054
885703
108936
909049
20183
791498
68530
767066
884044
851139
449348
4904
368547
370140
6335
897317
592805
680002
750301
687813
98955
224024
64147
896901
77511
807396
725153
35381
34761
334889
21346
628880
765451
513433
700382
642954
806417
616853
920846
127368
229536
961513
682964
759798
344176
565917
120509
222663
789237
245999
542911
458047
459256
599229
602150
940561
809991
991864
184816
278655
997491
616176
906735
669152
57161
136564
653176
769532
200466
134632
106334
777310
149662
854948
178100
108398
889905
550038
735269
473414
82026
465403
586010
662953
329000
306947
477962
598339
661355
713114
582165
434321
34165
879563
34469
242746
196958
82449
788587
514511
617418
961752
581620
292671
884383
829416
528053
768087
240477
560482
810306
747970
267247
497642
494105
127021
46756
574803
578469
139047
811539
19224
850195
786659
100081
436417
645388
486129
159842
25417
89713
664860
377798
429276
242359
286818
255632
736880
518032
128551
812917
241527
194251
940642
92092
757484
805982
195406
101886
40185
302230
665765
513321
325185
186125
899933
878814
254241
373915
1244
443174
210642
346984
543868
910793
957247
962607
415769
371008
53478
473898
457754
112678
451242
174319
737007
896346
203158
212164
238989
558638
170847
911920
999332
107601
98594
405548
562127
94376
38092
362610
883744
250808
507318
450345
133536
494389
774989
934032
50380
314249
911394
349911
29423
446489
718536
79284
510936
872221
336654
755544
408543
210097
406165
866492
160547
509651
797719
805424
703754
308366
96167
509743
697036
725214
607003
85906
907471
882779
184837
930388
619364
878529
422944
42505
211495
75258
760665
659081
358099
963606
405286
497465
51651
494891
322936
810429
626466
204180
879367
807207
161717
472799
899840
640622
181378
688290
708601
579905
549555
61704
785377
157603
756489
592590
387610
999525
711767
410439
240666
687656
567300
926221
19101
622272
643163
498042
118850
748038
895363
574294
235905
788360
771272
624122
619102
910683
78838
301333
477153
590327
471574
127450
720254
757619
602971
454218
384724
998929
846666
161264
673258
599051
64762
881457
656786
23449
328498
690100
206912
79774
353326
446777
524626
576979
345029
384013
468819
238668
883822
678012
43488
495943
652194
936537
42425
814278
792446
965869
929447
583631
425962
460793
124636
943309
997963
630268
897391
532601
236036
867361
510413
334979
75132
458904
767100
124965
496118
411014
234866
764179
57975
257083
170711
740355
853451
166945
907764
132277
417140
48567
912446
483549
442398
372033
236668
457145
115497
611839
796581
5657
865249
501921
827725
133635
981139
45471
850184
434044
423971
744304
23296
233240
936389
455808
465750
601029
810264
771540
162727
679508
439299
654776
137642
553832
282881
460173
950694
18051
366620
437049
520639
32529
90079
242596
623408
390587
683399
543963
599793
326921
40474
910725
88120
829186
177234
228895
939134
469027
315439
576929
270006
41935
720611
978403
222684
544083
236835
900736
516842
891654
701933
588037
123965
743566
179992
204428
18018
594376
506470
705471
16331
437952
158110
266304
15711
379905
588585
853509
573815
282234
891350
153761
957565
406350
637550
602041
397717
900871
483005
631870
647707
970130
910828
59300
841327
316943
481444
623869
494694
128573
574690
154827
169015
803847
500356
77053
425035
960969
818214
988723
950251
75789
654255
292556
511981
446824
800389
500127
154385
614281
943919
808451
726333
905440
486231
534968
590596
901773
575361
225677
86639
70051
95879
813662
45618
401873
544500
552889
348673
27911
53578
576096
929467
341044
589424
562908
250462
439288
917307
788601
448930
692501
565900
583427
284955
733561
25023
302825
982350
148261
544510
375627
783373
690079
308784
105195
224290
70384
291345
130991
523334
108163
434554
289880
131767
214228
883982
451733
563779
174023
897954
337482
648676
675263
796222
770015
178034
175081
432668
74858
156286
695133
755295
927262
559094
151079
257016
43183
628241
375717
907056
795710
103778
293575
331595
845174
341723
714138
878622
53214
806170
992352
776973
458028
839640
269461
235220
361069
222538
284881
381339
765433
355728
902377
887248
590534
518070
763553
410891
942819
704243
501107
711583
637790
443806
239828
388690
879922
658285
42757
764333
804497
465823
348470
526444
380832
278372
973549
408757
606811
677257
438958
49984
737140
775333
158009
904216
226806
490176
494912
995645
303208
407008
110266
441194
93537
271367
885266
551712
15127
617548
415158
219304
789855
750089
905111
119802
707439
866537
242091
688000
32442
612755
502189
63226
97407
451984
520391
414547
269032
688539
282538
681841
368408
731616
250342
538038
741750
316919
549370
635494
551442
210895
877647
392662
713181
618681
968879
85595
229293
357980
160262
606035
619396
976817
997750
338025
141971
457765
125851
639097
690018
545627
795644
115689
846964
336801
839497
466443
141768
299909
69511
721255
825720
75811
33733
179311
189719
210844
955562
150069
443227
93887
158695
435382
874482
492794
939530
949502
93919
704218
331490
602068
737673
606743
5791
978340
175384
169510
740914
858534
332576
87316
388504
315149
388626
418835
854061
395967
599948
328674
213566
968693
349120
157599
338090
13178
787563
744145
355463
644313
265439
643785
631966
979761
723839
848159
298730
743120
35538
227587
477369
589746
870497
137348
789626
693152
624533
287394
120851
785760
624656
825246
671360
693273
395772
764656
582240
578555
749937
684711
926203
210150
170479
875076
398561
472396
804424
448385
496108
221632
629916
995443
216664
563584
199443
871404
93867
110007
538920
316004
952841
645399
516643
230834
969172
485055
291720
156436
99598
756544
615751
554058
70972
412819
85910
524978
486226
721181
711559
483785
631872
68566
69531
405979
470623
46398
744938
46484
129505
543106
242170
149531
148786
118699
700956
139985
971061
996069
163665
806962
723513
480037
893887
625283
315963
299350
215497
99298
500771
24005
542429
403070
964228
882652
587417
683750
3931
994462
49433
626332
149361
92731
809090
34247
350253
2790
106423
811969
427357
211188
4606
232655
902006
449331
733807
988128
286116
958779
319376
710077
438485
621555
401210
730621
939848
530260
925364
136737
243600
667964
846918
187670
501851
676979
476850
891196
951505
186093
722922
440112
969046
333066
583753
574815
818899
515176
592355
635037
249412
807668
714445
502101
425786
228727
194013
439904
355055
58593
541294
690324
373792
801190
111883
10474
928035
404345
490661
195047
804323
562758
318794
541599
616226
256611
600862
656438
91288
633779
630407
252714
302568
221468
267473
179240
627256
382898
364189
368021
22287
676538
570033
581417
111284
324560
737256
513392
185953
26517
104418
830902
360283
222818
599700
610601
848220
567128
956276
946854
567798
365457
831702
673668
213409
301737
300961
390665
455172
428341
28759
16488
883319
187759
369712
458269
640365
554124
241176
707519
575926
699774
275768
603538
159525
893137
990037
1028
538682
446489
639531
357906
38062
497424
129023
480240
2899
166383
282808
4887
377877
973023
411421
303433
431018
737945
83411
624627
862188
491180
680537
615281
748235
806073
457966
195794
467704
821559
20672
376184
905667
332561
103755
914352
903573
769159
558049
164018
477770
836676
868360
233448
110900
965845
415835
409047
869276
762746
674561
585916
340261
536105
904315
601320
22988
201902
813359
168328
181107
95888
313534
434572
565821
225174
84402
467374
140980
395947
245658
652912
403491
288314
930389
165840
327509
132919
79977
405381
717640
257934
463289
630375
705533
559872
545542
965631
796572
369346
355152
273968
909535
590512
907393
107913
627443
866005
429845
914673
522109
797441
597446
257586
798873
340475
800210
861056
159620
431081
398634
163996
686673
8948
329833
865573
235777
240593
823234
958633
249342
330058
264953
937377
651462
982434
558449
960777
925981
204120
985376
190484
528896
237548
590061
21788
467573
587613
317367
327624
376279
440011
611069
135252
229254
112986
934667
115661
99231
108583
643540
631014
528208
919217
775252
939780
311328
769560
771137
140578
347246
317953
554338
854223
861816
686071
52421
418545
314120
553820
511496
197113
138479
424515
481015
208255
243216
980470
296318
728711
991301
412746
998403
510675
411469
315777
437076
722555
678961
120365
286116
59788
17587
165488
915633
344382
332904
955424
697731
565622
343623
261303
270614
949780
91895
16061
916527
490187
78162
486131
607016
211078
599821
905678
859910
956160
81117
615728
153797
859606
155647
513007
320126
984630
117930
583003
255870
297185
290374
595153
18961
459409
243290
860142
990384
179913
540844
210473
761009
535765
756686
234399
953501
988568
176133
324306
375945
439885
826581
604474
705319
472933
322381
32235
428364
791943
748697
223328
574524
301094
712413
450406
250141
488266
536517
698725
511763
929552
987710
205315
806160
597770
780279
430859
773308
509898
632097
361095
413528
681825
912409
469966
333797
220511
896794
247282
576985
665413
443052
532206
365848
843214
179579
897357
390741
796432
634361
219202
865815
804728
169864
482920
631709
52352
115794
17567
854378
563808
583900
714187
825275
619064
386672
293164
348335
35485
496507
822767
209998
264311
838132
171372
300094
883271
892330
344641
679017
727967
271131
213756
730466
171353
377798
112627
80418
415614
281246
78802
29595
999753
579719
902227
66339
997275
723666
829560
276332
231437
469124
806835
427031
368215
193379
484793
571494
603176
453027
850575
539994
30240
794364
495331
830578
222671
207090
567792
394464
574166
53520
225535
812233
452558
10583
236571
408003
893966
427073
975933
705864
969789
971953
599364
745913
661461
706611
299830
202354
141479
630419
856989
237751
410772
954696
730624
316209
602066
424466
462467
38420
27824
843112
445603
694352
392529
373656
817756
950364
526877
971210
967341
432304
180509
943056
859079
520568
209483
988060
667359
193719
470420
80254
655107
775528
757787
399630
347925
215929
323788
23603
506815
385509
418403
961108
639783
84512
482667
227308
67578
852494
688635
768124
194643
382958
73880
921061
455501
736455
434862
731807
359636
802271
819969
549646
908030
494503
104239
712488
869741
777250
599557
827457
557421
334612
571819
39663
794421
817012
297548
951414
404647
42350
271662
967906
940122
836037
328796
774510
578135
699794
103951
247002
410592
622612
862729
800982
133479
740159
711166
29603
553565
752329
703923
581907
838413
270113
326081
264106
808340
478630
614891
388424
882695
829901
835499
939571
406271
812640
278647
322623
357862
22642
2497
507129
345496
529117
967525
11262
330973
825494
708706
850857
280595
621749
989148
150604
380324
960702
556571
200261
948511
436799
375537
2825
160177
778345
60625
256603
903104
878928
487702
526306
674973
665024
226606
48168
166153
563234
461199
544622
190648
554713
933439
748172
81845
231067
602353
85244
566056
775088
184001
519939
629411
978188
234545
345971
692285
358563
958764
978090
767695
860786
335499
87471
142802
496980
62145
747559
612756
364600
628291
996502
308509
292952
286045
322233
600777
604212
945583
12346
328134
58187
554109
753447
103237
799521
57945
191157
605018
740581
849141
313739
35530
48107
487249
544255
26661
387666
155447
75393
711764
609962
227927
381232
265539
965315
574103
125661
16167
165648
493882
712879
419638
670436
759815
487261
705831
857816
127607
834351
953365
803999
300276
229409
939373
58542
117184
206266
685333
892468
841901
856430
886058
631742
929735
455108
76794
90228
580218
559175
926930
234436
818140
860740
869818
44358
475827
959674
79675
794913
687299
465378
178222
20
795255
114094
344876
680663
991250
577447
15033
193965
400798
7176
163282
609627
810558
699254
961753
56112
559473
735574
879981
44302
579024
231644
262950
161227
721424
28162
866093
232191
144601
434553
243386
65862
84181
613671
207540
986930
456110
834529
429494
359834
379591
132352
243901
861512
3622
819231
108689
155921
674726
735178
948347
316449
745640
724835
367812
950233
816339
139052
325637
875048
300419
397500
236826
942953
561961
690576
310027
927123
452022
713758
629235
815347
233133
676187
460538
488396
229831
736988
980646
289154
850332
166915
72003
494191
91274
271009
908039
548914
318947
564788
699524
331916
193313
853125
51586
794045
35864
949695
800580
469167
356790
692438
893114
112350
734625
420182
466822
865035
417414
296534
766338
749397
773221
719368
923619
613331
148856
757700
584526
920427
873168
785935
474732
570304
213825
629255
9388
754195
12138
647015
693703
779976
930483
278391
39516
258656
950769
294082
657600
436071
657352
288161
129586
633740
461472
131927
247297
811213
413092
724048
702408
717634
229820
119532
604742
859805
810008
590694
21960
31297
582253
660685
208080
145367
49233
225817
902316
314546
965908
961058
930666
571876
383972
959635
945091
975684
609842
106439
68506
17873
107003
551818
300646
449259
729144
119636
770897
77530
942185
240309
751932
681060
209008
279910
869592
487984
728239
617579
971273
62279
865550
714549
494960
445786
244775
498774
649931
753196
32023
379570
393393
354405
191655
73102
901113
700570
625359
187060
590788
727212
712038
865347
321099
60126
475274
255547
315398
44236
899591
461883
790796
60314
86213
1267
667461
376400
504073
586427
556899
422370
851385
574619
288504
467344
8417
685260
548437
355103
8884
651596
313790
999505
640633
900433
942666
130472
891103
774008
634015
746357
922214
777390
943429
663131
832731
537194
46932
923945
153647
154554
844774
333039
540530
659081
139648
434196
937396
852309
263587
462236
666821
324155
784313
767107
313059
551727
264185
247768
255661
760560
876286
188785
35525
390785
363529
155616
155812
114295
155363
83426
486265
84419
750566
340019
641714
142599
468031
772641
743333
617451
350211
81016
368741
457232
753915
212876
597575
245252
376137
957630
130616
216114
509360
513397
16250
354834
462768
654240
188131
782739
905621
396581
897559
647310
500018
388491
47982
951347
629707
393509
135609
216727
28050
156734
78405
881280
261031
262792
504033
663049
910856
975792
72635
161862
921191
202427
736608
49174
880779
376502
942825
141220
888977
547573
361245
990482
391995
102209
159324
418882
54423
693172
354062
957935
400475
734332
835957
386403
197798
463714
729511
907423
690479
547187
861179
309290
400726
908009
778357
609701
412709
824500
648025
692439
712392
195161
717271
157084
305822
790852
809828
909312
768359
524668
710674
682047
850168
569678
430331
839733
497197
349650
710306
627285
345636
440525
415626
129191
586160
512382
447356
256713
281957
440662
811985
754624
355822
362863
641796
876697
443091
142842
667555
916381
944915
543345
784371
873513
163460
667103
890392
174063
984709
434393
165606
796507
713514
169716
532783
880645
874942
366556
167777
840087
688791
756445
359168
683575
553197
320791
369824
972918
953969
363706
692560
828611
596914
314433
604673
984840
777097
901536
575092
137261
36136
604185
18360
739741
381992
569526
158535
621934
535545
363602
792065
984914
622316
390695
928906
867638
47045
870575
930294
13597
950612
614864
819144
778101
220187
58286
295895
30046
621076
766918
457309
177722
186122
277657
308503
650935
428333
643753
858137
474231
592726
323597
382676
316044
914278
294479
602972
2261
824738
977616
24557
945796
223327
445580
326652
991448
501965
469656
498294
996944
117782
129601
337810
325304
127193
911119
415828
932613
90753
404581
758597
898656
418982
976346
640920
984479
247778
115659
320087
857015
580614
973095
195121
694203
763319
81842
508623
464116
347232
501960
100888
580629
572120
992347
716040
318318
170093
702696
168641
695908
217756
323373
467698
710227
426002
431610
529472
26713
169884
32488
893724
523061
438834
982730
378251
12071
780357
128449
435237
626501
634875
642868
970408
572418
219507
177450
832893
74307
715096
708241
330539
396909
613453
584360
34605
635680
480087
867884
516827
79432
173746
228683
739490
156534
406472
21893
779745
944350
873581
548280
444864
375050
158125
438570
200626
577453
748648
540603
271608
771541
328581
870445
977031
408174
709167
610514
167339
334742
354535
659576
890547
566532
39998
629835
392362
731827
44627
653686
535589
607799
784033
77461
991430
859450
437351
396226
691891
40568
749222
642810
159341
815781
136473
869170
541539
26347
958231
608831
392944
313014
751975
774548
428894
12575
440965
193602
7750
743353
221566
480912
356169
235520
792424
1145
498897
709902
517072
150627
679254
618450
734763
768804
256946
528736
788488
917231
213739
170447
672750
401594
371610
356616
994438
927135
760899
79068
48379
4191
579938
105814
305049
785427
273690
564353
941776
108369
472645
654876
153846
264040
446391
282036
475410
765090
632590
444308
214453
719897
684540
236683
509034
819808
317034
948939
362148
174191
322435
846097
132048
128710
362091
597938
538119
394528
57712
75280
598612
676348
848434
127179
85703
375766
449202
964489
200062
934902
274764
814257
815117
546786
945082
445665
60713
870396
310487
188313
356701
115452
590401
698246
258372
473444
575185
323110
957183
52314
419295
413712
803469
216367
869094
879088
990822
276356
357342
624148
334716
586403
495468
155183
855124
295524
493154
662188
697210
293728
662240
382016
497823
25427
439244
89369
974041
521284
975690
703237
161016
966813
289665
512332
331319
436685
265833
730570
383907
652214
78818
502982
438742
27984
421160
329360
329637
86569
678264
278329
940044
169883
979135
997811
543175
468401
200011
332407
259945
391726
38562
768536
609882
123729
425784
27012
842390
710244
962965
762392
30995
995374
73258
96595
558484
492961
553934
764281
174092
666043
162907
816086
183978
882765
233159
363797
707378
699288
688092
710823
205073
406662
387673
476536
150054
701497
914424
680846
638816
429606
755521
388338
92423
980117
269176
353244
124770
908716
893085
172535
497394
553660
947590
363776
880845
202430
329029
536515
465945
618126
46539
957760
242448
343396
264247
876140
689687
284335
316404
818797
766018
7082
418346
436600
924306
484390
57785
611825
585720
875053
708782
537071
174398
177557
112440
462438
967630
273903
711863
864227
483456
719478
579663
31837
389268
286661
394311
276335
443954
466802
370372
316719
70081
180603
113759
259979
853781
491325
342091
750927
691155
656681
555822
435330
573836
850753
666470
966590
556850
472755
858014
880443
732791
806916
879565
756465
31042
329741
715224
89388
53522
191319
842083
146261
917901
771048
373857
107197
665604
866568
677804
522629
309028
559817
78991
797561
400404
828037
879098
844841
870258
864923
954789
375359
764165
943003
274784
452223
182413
185599
819618
920968
613503
577586
584656
645368
513541
736517
10068
324679
36561
230791
711917
932567
78336
253514
948126
331593
143534
637768
21441
663325
484445
942417
554020
585592
655254
518865
372710
272594
126345
94255
196479
513761
739933
83149
83030
578998
363821
410686
118806
652249
153598
262629
16034
43866
118602
759116
900200
994006
390612
972551
636311
400909
53382
122120
702995
679241
870406
558225
131914
264147
28127
775682
849787
845953
54300
450780
384779
996380
504313
195038
449303
627681
600424
28510
28564
983399
142653
259121
305273
122923
415110
400714
47509
50841
754068
487911
701887
410125
994588
683626
94043
645411
782276
30302
482009
803217
922709
56506
352301
569297
815508
902123
472268
72589
43483
566852
276583
856686
328030
343452
993072
283640
684395
346603
911353
792340
740516
517094
734411
649750
914831
611022
875229
742717
63978
478864
284032
29452
946384
174813
683309
376316
238506
343360
575025
197519
745426
745740
844101
834004
614839
443073
797066
949872
527209
610189
172720
271841
386891
983070
52303
149540
417885
542175
210267
719525
862904
659020
681680
218533
636137
838216
480030
1768
557205
18369
909838
198061
825534
760592
520777
7962
139614
47529
717065
976158
726069
763587
688560
415647
142980
362066
524127
913907
414694
239499
199863
102454
773331
446879
475009
604883
188298
685655
565851
233370
868651
60686
112614
971890
573494
580158
978967
935842
661523
379630
234599
641661
376283
875657
999748
105404
995748
774052
250644
970452
584766
461655
409415
818264
931108
910988
452969
478370
816457
864804
248312
158887
378706
716504
871114
874762
416793
244988
961395
170740
511788
118955
721142
625112
359178
863413
13792
522576
920547
80698
541334
953214
173989
251277
100496
747582
483201
628877
585603
172342
718864
811025
576012
920347
222836
373212
728682
478502
819955
171289
555686
829253
575566
746963
151749
601737
814322
56909
119988
278696
551011
733375
716807
831821
975783
277764
625399
489220
31831
92040
243272
49081
22204
621104
833826
48120
63957
719345
9243
471722
379637
984341
537057
945118
930059
237639
382962
668829
953394
499579
711512
815235
432561
697544
932878
977607
39562
909825
586227
412399
945795
858671
575094
514193
739117
936276
694189
247314
603681
560357
615677
675329
686516
527387
193938
285219
989901
504400
470620
983145
589099
20812
384428
412598
771427
440476
260524
657479
412714
424886
740803
27428
332234
742328
124733
507737
697468
741532
912810
235873
126912
867890
362330
417918
904220
669829
113316
668807
815786
478442
342653
126886
115169
252961
874563
264617
148697
69624
468610
891490
629442
104133
443427
481815
776513
574645
329039
545662
821822
538283
583876
508350
753895
876374
458422
594835
583858
821640
97867
411293
529593
419622
44397
680945
520380
501522
435467
605634
879924
940177
619303
275956
210655
395618
128809
165207
425857
420767
279140
862945
734374
351864
350731
313212
310297
139604
296729
469263
150791
204262
368187
609481
558005
843694
718032
475662
126396
216331
834980
908808
130695
533439
288646
2342
250725
115627
130373
697287
931254
442573
886443
884927
705097
747307
213262
375595
467598
549860
90038
11937
773474
324646
574762
849079
359001
596050
796625
543769
768998
896977
121958
818641
614398
590965
755369
907193
841782
714970
653375
164528
718736
572620
145365
485966
22346
774396
750736
6353
759349
852906
53371
701677
663636
699429
754316
897816
365584
485428
107721
16374
597152
595408
303098
749882
641903
980947
54407
505776
804603
659104
245265
116977
670477
702117
618190
209099
224159
796025
43466
876148
157323
51812
435469
143746
941747
190990
99561
616013
583861
837175
191873
333214
468776
593667
770040
504212
971864
25191
960284
362926
787098
719607
149969
495041
52694
483495
810483
149068
409711
941096
9585
849032
279281
966011
476289
61483
183567
212242
860897
308243
422412
36419
839130
413871
609134
675387
769884
244573
218629
213650
897798
102366
27779
206057
295767
715248
454535
178197
173319
95245
796545
135128
936516
898109
303167
757773
709420
553294
22665
669523
693660
463086
376956
794575
470214
437376
606648
65016
974239
719737
187303
76689
106261
5158
564279
121069
371897
606046
205993
708544
664498
660758
20473
504123
575184
607287
404441
959728
246779
383224
171785
885503
752671
193355
997519
769105
935362
975255
278619
680364
526915
285528
86197
544497
761525
623093
50076
536225
600094
307388
914917
698364
468516
85085
624994
487867
825445
592608
724752
336440
67813
995435
194340
933897
930650
596572
896929
44231
86967
531290
897276
460441
655746
319134
288826
941049
316169
182742
69427
829549
564830
30293
990305
107513
10072
6692
117627
780147
328459
905198
451191
332330
632937
236096
989584
779864
681349
640262
408244
665809
714122
413375
711459
615130
404426
19289
381702
677875
357752
693459
190635
717940
581610
425744
998562
665206
856838
860595
889752
852699
36567
965189
892583
883923
100141
16989
424331
672503
558454
670178
499671
436315
983136
831401
224619
113075
146254
974589
715994
730539
140572
411746
670379
116865
2462
663484
559173
719110
924369
722151
220467
662130
905558
129723
584280
668183
48412
687074
946769
260249
771429
828783
495427
872438
572941
468620
576371
252385
403506
841546
411779
789125
548344
739872
896903
914865
640341
306264
398134
142801
882847
215538
32362
339841
696191
372362
200036
204308
717077
993831
679369
444226
369930
407423
186483
144023
241586
278819
660136
39790
553076
879739
705578
681650
352622
127544
34582
735993
737187
493223
77929
270250
626447
496354
324562
901525
376790
682132
349881
557992
276568
673876
834789
491966
876017
828507
559837
16836
747870
121199
620967
392715
305123
128070
857427
407522
222754
503346
307037
336311
379454
600653
762321
884285
756010
116474
782204
287698
660928
165205
757696
418360
285448
910717
419825
668351
129051
484063
770803
255154
907435
187648
61264
542913
77259
344494
275979
49746
449591
72591
651708
695463
200839
829603
848665
581242
470464
401469
620413
304902
836108
546603
883271
689888
506556
390845
406175
785245
724607
533206
407719
457025
857681
124429
486955
776901
309143
766996
667652
876385
237743
492161
866964
35373
198512
873202
424502
937417
47305
611550
34053
772255
902691
25080
180987
605462
805192
897555
572078
967508
303168
215394
326952
406118
310278
777676
45727
116872
626149
17351
993310
222178
667380
404624
513796
65988
193728
305896
597869
527450
302676
588540
5340
721519
888292
694858
816069
633303
208618
951691
453068
195274
234689
136806
166385
855482
988906
829849
886478
111613
184196
579678
786085
749199
539839
48938
751518
320457
404608
260602
596989
646043
730119
339566
545811
41441
388132
633802
68275
175438
344718
335116
844540
367383
406509
95071
370685
913892
466578
663728
714815
629212
390788
65749
126041
184097
966499
415295
131700
958198
56799
428658
53073
978108
274498
524783
609902
581181
523873
814078
800657
977162
49292
44915
866830
597384
409118
343125
351803
969123
672835
192540
65227
987104
188220
57511
284658
655648
573165
473333
334585
678470
131444
443008
706496
304705
246550
657449
931969
355516
963257
727107
420952
662298
518657
516160
886470
518830
806613
603571
710167
755562
773110
990580
563267
204614
36423
36024
773318
683373
905474
549330
41051
483741
57925
476489
229300
457345
868648
790195
2966
503899
925037
795739
976830
123454
534793
539155
498235
661584
229103
758098
146514
749288
664730
828098
660644
632294
748575
971309
205714
598824
981735
595533
896532
459725
502803
54489
78646
678300
559858
430555
45733
344696
150943
865227
809696
576096
188437
954135
14577
891043
391748
929536
455344
374318
914524
238294
605617
271364
372558
774384
894032
680559
938280
51850
400376
755205
967592
578455
374568
637041
261848
3897
595839
60545
831763
648542
804989
14606
939144
696223
86819
580918
108683
995351
749446
744302
917578
226491
587458
205566
475343
181051
674098
795327
203667
500378
605283
454465
749465
435227
763818
420118
964933
995139
190589
148631
599791
325490
634393
650558
782781
404491
958267
324707
865302
710096
507193
500496
423254
729752
450556
903429
648456
912333
969978
975487
504403
794261
395024
132804
230472
887834
413543
977945
88338
162964
911845
914044
811004
224812
363709
923856
549319
143084
427146
665788
544056
949644
965239
601139
868239
475554
623890
17169
139348
922142
285935
568584
233074
484265
891664
597033
490592
783968
246233
72282
835617
787656
455086
684816
738327
602658
5087
152046
413869
32602
259421
516959
792454
564004
821873
766894
333223
559575
430321
591356
514930
919822
91940
587873
805365
655303
784962
570492
990434
372977
942759
164452
978328
190725
748655
105068
101783
239222
531193
437365
877772
948274
287451
916138
447961
421776
804140
875278
273728
126500
828706
469476
721357
978847
627457
605656
275696
617359
913625
314482
363372
392335
790967
920258
247722
680839
112964
993707
641499
726022
373949
596458
925640
472697
719419
819464
593768
750432
795199
927645
270294
223145
425369
406385
550982
595544
123754
47576
223075
949010
869571
488486
942190
920025
819279
36646
938262
718432
284249
182181
625894
555046
496085
14892
49753
616749
50816
384984
996513
409300
243590
808780
988885
888953
322699
115672
225207
838616
966681
332960
971527
782365
734807
735191
429794
134812
648775
447279
466905
828898
742213
140190
515828
739739
984397
260392
752994
651575
108607
719237
267446
831863
848504
367084
340009
493849
141517
184972
664554
8532
71219
403582
467444
209454
329190
778642
61410
729196
343355
782219
356920
388287
383693
634075
314943
853846
803888
451462
443089
868481
744134
821392
926494
842173
452793
771736
251323
439591
612642
736935
173035
905535
933098
297435
664333
254191
913778
388273
736021
191753
644245
57573
460920
303783
246387
243804
946369
303376
542554
173785
244138
452841
568166
692179
940345
819699
462079
728280
45539
74723
159756
264109
568204
405652
989154
980310
120722
183871
300211
809908
432951
870974
815847
845206
274386
914027
195138
620864
785622
36104
633566
502872
871568
827020
332281
436568
854050
250570
99077
636984
283929
254394
162348
805901
480064
457492
20262
904389
756763
634517
408381
552606
526666
467545
801128
315390
800403
731934
905157
977036
489753
4026
358929
407891
543997
881468
230569
820232
275161
600076
548015
776194
916972
897427
307009
615199
170571
867011
848841
242351
859454
660278
461648
4137
416776
737792
36144
317225
387600
108348
37977
804654
853756
577232
78991
833362
222933
74890
660837
690220
430107
734233
922338
768824
741928
29834
14774
467480
39994
101100
26230
991485
484725
625009
754952
795385
598350
46924
237275
354517
526506
484445
462808
113116
706778
963563
757459
734551
682685
80697
721203
241015
807650
402990
514061
696599
302695
655724
557205
515913
897076
997594
21413
955565
702702
22041
658403
575004
53124
361463
789736
154068
38549
163011
747452
197423
391956
659544
403168
979758
861023
591521
588967
848178
411528
457115
580367
83000
670315
800614
890929
459075
61690
748872
661269
564616
191999
737866
922552
701624
963583
660248
850416
302048
959222
146274
635656
314768
590518
401364
879110
382898
915577
516114
662373
953626
809846
539435
478529
140781
574372
761978
787853
863605
281928
644623
740811
549236
887405
719379
746134
479463
748890
3251
683955
155757
897248
686770
228429
500516
137162
290060
835908
305036
941409
903202
877316
557982
971607
973312
632094
167475
191308
890679
484463
283195
338345
605001
868138
330863
422803
241173
77029
681674
114422
55807
772025
697238
628485
616043
288761
300776
72690
846950
568676
750146
329104
736451
272032
110871
205638
811582
29110
12167
214231
31523
753507
942109
775653
110513
788507
15919
335004
46110
634045
176747
896538
747156
994999
207026
822863
635754
172813
231616
699501
845883
659491
69209
708394
447386
780078
21891
466283
499036
500617
200525
559143
156137
466155
938549
131468
284546
210054
760677
279804
926450
239171
582412
233300
668422
218568
408070
779726
400384
766197
927333
668598
608314
564477
870195
135356
457644
433323
352545
686925
563934
24678
743484
45005
627208
264055
839350
744205
731381
938597
210211
389187
810818
940603
853087
932776
392313
998662
739446
361589
695036
76112
866173
482018
560582
188813
35969
342960
601524
360629
178048
371841
700611
930964
689457
91091
64574
542955
761113
714066
663975
601642
133301
997791
588579
657292
643682
629595
82773
406412
745831
999087
743728
928962
482263
285050
188365
45888
232863
678414
138205
444507
226314
328959
350088
312990
148096
120735
284613
702262
866661
225715
819016
542467
468358
654087
226102
942079
276791
369547
213325
326589
725070
189967
291480
210032
75457
945747
58652
50777
53192
838988
241417
917564
148759
554181
495544
983989
906057
43445
849055
591444
858983
892488
633713
422244
945722
970991
61040
827471
398024
547892
937310
208333
772700
505498
144198
746811
248260
920214
691963
274828
954682
445614
320484
409302
81131
118909
218020
845424
201788
200649
570328
957893
237861
371580
960526
670506
207791
732857
822647
655342
98999
282563
462445
731186
461905
483447
793398
786522
293453
362421
197585
898983
880020
923206
911907
752554
391835
457056
133435
478513
510746
10911
102476
578896
65334
760571
218087
461981
791995
646013
171455
850550
700179
671432
254824
920448
355982
78213
782062
236618
30841
626571
379643
545645
847858
345878
197965
187141
797553
202588
379876
19567
849340
774951
531194
588188
83764
307934
446898
456227
587672
404592
828869
588715
135836
925228
728312
225840
508847
186284
570674
329106
204639
596593
356740
429539
997745
693118
883586
916031
719056
62724
485295
412143
212501
438466
614853
108243
576569
436214
952418
891051
770423
347124
945209
224934
276057
871022
44624
269364
378302
556927
784533
486441
582090
776366
904011
729661
383458
290833
221800
779651
125016
53114
182876
332236
593958
786327
19383
366767
242178
756961
440510
161750
488116
470597
708368
920265
143398
557986
995599
675069
362577
231851
42186
510730
739388
529421
443758
799468
71009
54181
646339
63825
657181
557626
415650
238099
427150
256606
586983
320130
233528
491183
341759
681092
165550
881324
457467
581828
534724
712603
664982
322697
685357
633863
235864
389150
846944
612495
599373
132580
978545
200219
688959
443706
69113
23371
743877
728068
134118
815415
757608
932875
434627
342435
20931
933285
896529
385775
466413
527874
884004
313693
158547
210147
137060
520514
973950
984113
303296
866573
972033
665688
269627
944861
996305
27392
526359
337729
672399
574192
375174
913214
963355
520013
702777
273923
195368
16992
247301
216434
245093
729928
462878
79546
263111
786920
985259
31481
265903
611922
911003
891740
725747
173606
177671
838584
732241
984790
831847
888230
831456
584018
768100
881230
275268
838468
183030
605502
599128
369230
99338
586507
778179
247399
902197
601786
341563
164879
792713
970212
885854
218493
67522
935209
978173
120163
780704
106033
459697
75848
431195
824625
885718
174268
23131
570637
819178
649005
631587
684117
415098
835752
894577
53658
48895
673858
755889
891053
54520
272877
829596
637599
8681
225755
644620
383920
181789
931305
294447
706263
347629
225623
719349
680289
311832
6919
945672
8823
875275
947527
559999
841719
457083
497227
894766
315046
231925
514423
175922
497122
70750
253887
834945
170307
67148
875907
929158
731248
168544
767894
666545
931649
408896
218190
812214
770713
726529
391537
933570
301809
307688
429643
594082
436105
483941
711313
155770
846167
957767
979234
653021
751060
206749
860266
612588
730163
684356
850684
642064
127161
436179
392426
228285
344251
270863
395242
918541
974430
385675
885500
107600
851644
93223
215588
408308
703048
847752
496671
159166
963711
986919
262363
566982
613010
714540
260847
197557
747816
222793
953852
411184
300656
435171
501191
981578
616238
679239
716565
794195
765014
754746
639567
227592
366317
382353
885987
83232
154110
727427
21684
672294
98155
952916
449800
288719
846227
406436
374978
746763
574415
544547
364999
64659
810234
658267
739653
699943
47236
958089
356474
878506
506728
772698
441574
109518
475169
405039
820952
824280
554144
837848
873259
691146
658241
763309
435162
69352
160165
741751
455457
97050
28097
502793
500066
545621
544855
392951
901314
542206
263923
321326
400761
237272
728536
885704
991217
191845
701704
18663
57843
507389
82758
140669
921838
482515
111084
844520
536315
366456
11119
917049
903217
605457
256277
604332
572977
729751
954606
391046
517455
574181
784629
858011
988136
966173
958975
7142
674303
119038
500301
553511
296759
122861
472801
886792
193281
634821
847115
996412
472192
485384
216146
703191
819684
30173
947297
657738
574632
396252
22504
105509
79380
255213
977446
418605
898185
811923
471930
164247
77506
605316
253720
5920
853010
66330
327230
974950
423706
168575
934039
227273
18009
662132
926019
509724
159126
131424
772889
746219
598399
57030
139819
241590
994637
522967
534170
120868
421944
640752
647993
198345
317563
150007
537260
626732
681526
326795
886637
131736
655040
73604
612817
909919
919004
932285
78906
308034
985819
806960
550690
957235
882750
870441
858449
176641
257732
397790
453662
179906
505632
470284
269520
895100
821770
570419
489876
800219
868056
148159
360254
109601
856534
141007
40613
226700
851396
879637
789466
555809
128041
440257
865975
985021
438479
723664
58184
261995
971817
915439
426322
246303
39983
201542
141097
870437
286932
300297
705571
827046
881031
749676
128988
514111
763853
411650
28524
407373
630225
780937
660473
837442
950830
364351
675656
910349
990507
641386
766337
444531
559337
826574
574613
715245
659079
87829
636612
232632
889059
912211
177038
250207
14423
859637
609364
659168
1706
482565
253000
435811
237214
536706
719252
201035
22781
875330
674164
884085
692614
155659
587437
396780
209031
946730
218001
843096
980251
703247
709009
440000
330843
465784
606691
725758
111017
453800
699508
322762
538565
847372
943874
317279
901373
125066
609472
392236
320426
889254
510570
922701
877697
223960
310155
31821
527484
931641
35472
889774
218685
326940
179105
453139
266317
646754
373185
463751
756479
731710
67515
871210
836938
74413
282396
152712
26635
186495
29891
853181
929143
193369
214321
27848
259694
878171
195083
410751
357847
210025
625765
150622
282861
435895
232998
286954
940528
94559
60524
910581
911552
304882
435291
99702
193680
401951
12960
84011
220900
656946
266354
277525
911770
489159
213179
569383
356758
667223
508885
792445
702657
560324
604839
137921
277061
870557
927601
599640
697391
47543
925513
378496
781306
797678
389936
927351
466566
834058
182244
620181
325163
622421
349826
74153
687560
973924
502097
826672
632854
299160
85774
686052
418742
689656
775720
472199
592439
742383
929114
264935
728002
219285
624739
825269
594351
973441
356380
587218
939222
913310
440829
625333
459751
882386
817381
722722
61502
756466
839835
218514
459636
107486
727103
113151
61281
473319
837896
859786
520943
225917
402479
700692
211077
475780
298074
242182
409441
590296
305461
449106
58230
147605
45711
549416
863877
585092
910699
422525
511681
802391
146887
543760
101798
47822
944787
462361
601289
261780
370285
836566
87613
790192
853765
18928
785140
87868
831953
683537
522454
680416
273079
629334
63310
854131
27946
552697
507990
570992
368251
129645
611728
464258
206192
100308
836367
512712
256474
236214
228145
637473
311147
880807
547
917209
108666
852960
89485
24153
51406
305897
56460
638021
987222
773349
467307
820593
121719
976997
408134
361409
795237
14450
665379
63108
52636
171165
67828
173513
355844
77208
776819
255024
852864
476289
288405
33890
868290
643832
24876
19605
594034
519524
305154
451340
727136
335368
34051
388818
172153
583317
849645
481684
208134
384151
336047
71587
212853
722493
330363
483923
17917
281710
698960
706085
119434
433760
476797
602801
57249
854128
27283
393595
769452
405392
14612
246009
708301
96136
949896
448727
311100
424043
16507
739280
878212
814891
314442
696763
420838
231560
479891
255175
502531
504631
886346
430064
802154
805313
478561
345741
808277
533637
174033
100300
786189
208225
903273
74743
211666
772054
562758
395097
352990
175839
299140
180114
800055
711046
502698
129957
867538
132124
364291
119856
375027
669309
941303
421782
830735
480624
364334
535899
640042
940000
85136
89919
629594
37627
831610
110059
386682
540889
147247
371219
365357
381125
869805
312934
959036
437756
973917
12086
34645
334833
148537
63943
511828
33147
310631
611956
806814
624224
284007
861804
834193
579378
388438
927879
513731
532581
586321
956102
612613
772791
912489
917696
183532
123229
436580
231411
3913
239945
179379
340966
393294
673998
294835
779827
117958
72506
208353
442441
315669
163705
69593
108475
843099
910193
474076
898120
259395
881538
668622
125417
629755
680337
535700
560622
126410
167422
747517
300332
546070
142361
464247
113865
156551
309420
318105
579803
588445
530534
595476
897867
389251
525422
86708
262857
129306
322086
193442
25789
913486
838932
497834
537895
766183
455003
942337
6843
980038
463645
274162
848678
790367
799904
77393
494970
975436
576024
841439
708366
856398
119665
437803
973839
554565
444634
15179
190832
541409
925370
370151
731622
502587
617081
772221
198873
750297
19963
875594
739286
271734
957699
668683
890512
167951
752284
872228
237436
680318
885627
165020
100554
640788
481679
245008
401433
768972
506536
758460
47221
915861
153127
326489
693357
626823
92933
80632
679526
306015
110769
354585
3657
432763
262481
980038
215453
373957
173633
877153
44291
275921
446486
250051
944757
775324
945683
426333
515913
769101
187829
600848
190729
481246
639933
173640
900465
207027
425450
339053
761741
947548
991241
967271
531246
794984
569316
398534
13884
330605
530766
246863
499890
325685
26374
399
10392
494979
255107
332326
164882
984408
589346
587223
147569
952930
533768
947149
382141
490708
249033
154428
881460
562106
687321
41649
374099
265833
11783
168365
704054
6513
283232
381734
321910
476861
185164
664065
917463
166083
178799
728831
131296
299739
462767
333984
98762
207209
316229
237139
776655
511127
914558
214343
15883
969695
815521
850539
935781
632560
83543
765295
561495
111920
482677
514181
754594
310368
801192
189536
778068
668831
603469
283324
942834
962179
713504
71889
464008
141032
378473
553151
617754
610835
338793
563935
595579
280652
344165
231090
996460
225695
867966
572284
770303
742527
350825
534387
964855
184359
971973
201697
98828
681558
973765
529030
6000
761562
909536
963866
480520
57375
938244
347405
765762
343867
147528
211564
464081
883663
54883
644792
295887
86007
995418
105298
746013
370540
972668
676382
718364
643688
501727
821454
9538
507598
360159
156257
294890
103483
417486
572491
149779
286272
411343
681788
697713
601025
5438
38610
866356
119650
787708
193950
539664
707269
451428
123850
354305
619340
513817
302334
871877
425695
176473
656296
478066
396154
453291
382144
174647
965409
955021
128562
23953
492136
563767
865896
832865
442285
888116
899144
677917
800101
821641
374252
613571
628578
237274
131292
318190
974017
649482
305226
117823
455
871723
173835
494073
937540
497923
334750
115372
268114
736331
262000
121775
67179
671271
59962
114806
144326
319902
259792
837477
510869
674746
459678
866098
668631
880772
180276
833946
550126
560252
83282
929650
391257
679563
354919
817344
752311
277580
810974
38847
224044
444607
521564
261965
272895
153947
961841
579
127637
97617
198122
634045
370999
773776
328439
936838
237497
813850
517862
200637
759415
35278
839992
213077
624676
31786
964862
130783
139176
584689
148595
519472
453472
268552
84453
940891
408792
48835
30333
550422
511086
508807
546294
823993
12172
665642
266808
258048
439871
437834
44560
57940
19684
886603
400662
565131
974082
281643
255567
483154
461929
964993
462520
721683
819424
965663
435130
47861
187623
94732
783097
536457
579663
744114
832109
341154
148902
782244
338731
514918
345232
180984
158290
368033
139723
856877
684720
42707
447127
132080
439981
637521
495635
589066
919713
408123
984643
864244
517626
982166
586577
970738
160776
150599
678044
565387
199957
902176
134360
630107
117867
196173
952959
507804
953932
615950
325939
531805
554458
381066
918038
373639
403104
88222
470488
648013
253016
582640
223705
289351
805109
278179
769797
638851
891971
973871
894952
854331
445050
362679
678738
562568
646967
664989
768873
97314
732176
997583
929199
192437
752404
745537
733975
715170
914666
827862
739039
452368
769779
121246
919508
829163
857596
807615
972113
27236
428712
35995
898394
774116
41589
245029
920983
142428
296520
51713
380204
528967
694115
384483
68490
717305
108837
763270
305778
495810
811158
815235
365675
841400
504336
558668
988608
553273
796372
729957
603436
685004
976378
617377
365779
353435
587806
268721
967654
324438
513388
236631
443107
60357
110888
558731
720281
730734
347977
296503
617886
596799
920568
930741
256962
611344
345117
615211
962171
771611
370232
778878
981291
356471
259535
762232
69223
595025
896053
456121
328278
379461
254405
637900
44331
626708
473099
860970
972099
423374
273168
52457
722076
294928
998386
963430
590051
95724
85878
561192
441847
624650
755554
348015
266104
976472
932742
691462
861900
850345
778085
566558
183950
221204
929208
665069
628148
199429
994189
960673
427272
769842
458402
646478
938029
865696
509124
426333
562818
649250
815733
386539
220627
341123
291261
374043
335514
952262
680475
597741
36397
40957
142229
351085
380545
118428
791516
379614
522312
31098
519586
886925
259957
151506
407921
717499
956622
781698
353081
418631
28189
440835
226082
274895
611259
554312
499713
651078
876057
826913
290010
617866
989189
504104
149213
836373
118439
259925
719799
235166
839379
359073
623783
641767
188514
89239
618592
790614
796035
988653
275776
854997
166976
466284
623511
799738
375165
289755
62401
816085
822607
709144
52206
125487
542437
98650
898821
467257
289916
817551
817247
912750
600412
140758
981951
474744
268281
937916
154196
194666
170484
162444
784295
238989
215031
399384
115381
114482
194565
201509
850866
78308
939294
742808
910150
963227
442525
300624
658262
841404
281292
95406
115825
247121
828059
288118
457760
249336
454833
504851
523384
721304
923742
410765
174243
746960
26146
961447
526553
391687
320528
473843
735513
132093
737164
995501
680789
443368
821444
613389
105427
888132
310334
221212
273716
725225
879020
370189
310960
546325
960671
18056
851086
344567
28079
393996
180815
25061
226352
343695
969820
139795
587384
190389
255370
733165
138585
372164
60940
200113
449618
12304
193963
693478
413929
291636
275908
637325
61810
177723
298812
741720
499950
98785
94200
516530
341665
314125
830468
391888
816459
461965
594911
218847
687059
425261
198751
965962
372698
520538
391918
850797
81392
663298
463614
317223
96212
530433
647384
906743
346918
776073
482736
71416
2737
178908
884467
12265
227210
905264
370768
335001
964008
165940
337613
985305
522064
715450
585483
614671
905946
868221
623410
263554
631255
853945
113765
152750
273934
781858
526267
852409
243298
716861
177849
175575
958511
871471
570536
995422
318527
495387
498386
447925
339103
619635
935915
389519
505602
291779
945382
307734
957515
335970
354268
328789
577134
462411
43125
264324
306156
146353
701159
201342
133955
172797
170622
703198
628062
41976
261951
640241
786342
16488
949553
950648
144732
568507
544867
211742
775442
744693
658097
351064
496021
411147
928066
487498
8875
92921
506756
622336
544894
944135
646550
834187
866583
235610
87082
260446
782156
364032
377253
662319
225676
499620
532289
391576
861578
569306
31579
505091
948272
528215
128146
730324
771726
424479
492935
786434
166898
56674
66413
674068
4424
53987
128442
518192
924588
721976
538624
203128
908409
863025
978205
650040
474652
211319
119604
635989
764552
813973
78377
236349
850084
864432
842547
61925
391118
823280
435854
33303
138210
561913
419987
627108
37876
202480
559298
371391
360600
204060
242940
338536
945628
668414
632306
176437
288253
939067
666317
990064
645046
949427
488361
687540
770782
25187
172798
115214
315316
204971
344102
709935
44838
633965
283503
29261
303278
675934
403239
79867
950118
301951
111053
508395
593982
836750
623483
304050
501217
604874
347895
810849
774606
81064
282432
683697
516615
973360
933778
922454
336826
574219
984682
447822
747163
777819
706586
476254
496186
511095
315424
12083
615714
325321
574610
941565
35722
680263
460620
983914
695047
461999
205502
429495
879500
636688
983528
85370
63097
431693
453188
246319
402720
232943
442652
991351
765459
368224
110691
327385
567877
939593
524177
522540
886505
58960
460443
288439
653416
696987
727093
861733
840336
501189
699608
742961
969089
851220
475182
446381
763260
379493
469028
698939
281656
372040
44853
721198
336052
117481
409215
187951
673739
186449
790188
30744
125039
588592
770872
831708
953527
186020
209640
494804
12672
46682
148665
258712
972679
964835
148554
483040
407296
598704
133736
66294
464408
358366
93637
340655
435223
662545
724471
810523
23674
170244
987093
295461
470960
917427
351659
357089
171725
271857
517462
679298
450650
11538
686115
904213
668154
345156
241187
418300
75804
402943
994833
812760
678854
855557
310193
168646
16247
461082
427117
214823
350494
635966
162450
535392
489992
97492
496963
63927
780975
467716
510562
561595
702103
238884
929414
435521
306434
217802
45097
157771
571453
345641
251276
805944
619945
205316
619655
464815
558991
198196
764682
686667
216081
607994
98568
984648
91442
547380
903675
511141
692007
886624
899678
480229
926854
511955
227587
761730
570737
541733
149487
705896
628238
403736
499244
971528
78355
177783
860178
103879
765474
478951
654907
427003
42219
384891
276039
883288
161165
61991
175626
563577
854960
683658
826373
575154
771202
33854
544946
929038
775550
174034
297612
937357
254562
51150
360064
569801
342210
535103
693142
725361
827364
389943
31628
834110
942239
466418
918807
507662
706023
439423
660518
631708
533579
702464
241990
528187
519176
341448
841895
593598
689957
81385
490415
399404
216063
607
542579
989386
919051
255771
645229
642927
98370
905259
947885
279963
199951
836574
437530
470022
790241
881682
894680
131485
305458
245825
175119
565613
549371
373134
367235
325248
268162
790688
734116
777793
856341
388595
282352
440384
29954
718306
736233
80992
879665
680456
32162
19736
402017
88597
990625
820670
159477
849171
423738
956743
850982
439165
409040
818987
192226
695470
231118
803391
628224
573594
393717
618705
15134
670857
144658
837664
769806
128996
941731
567783
398758
96123
60242
29498
432046
397579
12648
831910
65981
799956
651288
64970
302352
653964
610765
369874
760798
810309
734323
244846
855488
477877
908213
387681
500541
463736
172054
295825
697681
768556
988729
591950
416713
376285
557739
587582
889975
592414
20056
550213
461488
774121
42615
68312
143756
686503
183186
903315
52432
854777
269032
281965
66288
772099
774333
323575
744646
458628
724888
362886
597581
819121
420141
572712
747122
546015
529902
584688
812302
833171
768746
873318
504418
5037
82783
199138
961503
337901
170772
930610
764105
944615
543735
443433
921811
969910
607314
383639
613355
558919
970008
407184
814166
38935
446997
532663
427085
655126
928244
163411
844784
352992
799617
903600
965656
756855
18312
281540
761429
957115
772158
746181
555922
367353
839328
742799
908186
941976
993363
747357
145532
386886
553863
197979
88640
786024
325559
330836
251018
449002
202904
14843
312421
106048
44087
301067
823857
66787
710148
10054
416019
396687
741506
361791
613745
953778
195775
839479
2905
103452
318545
510520
687532
925756
800961
695926
893367
206884
298843
184143
887800
829589
948519
810225
926682
675521
702181
453269
154047
669105
659714
460535
537382
807476
306476
372721
552455
824441
559355
238337
788203
784388
281972
15809
744167
677291
431046
210735
220899
558007
91186
394794
873750
84177
509312
920477
668906
525108
581759
348661
805769
282007
58929
459418
478946
732145
554317
590149
211322
391816
517775
73702
596272
181438
940146
243418
166203
81648
100546
169535
319425
914519
645498
744562
601748
45323
535777
205055
31066
937727
794837
294601
301406
240063
508720
472462
941582
411360
4055
998871
8340
338894
939743
347856
251876
737261
49231
381184
163963
787264
557009
361771
170258
610411
814382
139404
580858
18617
929585
114142
322173
105956
62666
48738
602802
350917
522254
974388
79717
685907
759179
270491
716423
929901
391241
229793
189510
6718
325848
445887
916402
202940
799760
549404
637831
576574
53929
295903
383641
231746
654171
513329
628591
190388
171014
295379
636813
390931
730129
729763
999087
376286
463883
895018
422136
561902
353563
796389
992736
456119
314027
855459
602272
706255
519725
309525
875807
157412
503438
885883
488163
68420
34623
326668
495523
793328
403759
107042
197463
946478
798432
627064
403001
310068
36116
196045
516740
502867
759166
821369
399768
767350
150548
460450
716983
23847
56613
40248
82493
770953
741310
833451
713624
636104
210867
376215
393943
382498
700167
400632
502478
658354
942358
602924
77285
212741
154344
597548
424284
371284
247595
362070
607611
947762
699102
393839
38582
631829
514960
924185
240686
299987
857203
888527
767586
765413
117414
442540
207104
727577
257061
957744
131759
999300
10335
976474
825767
745934
364676
203543
371920
936378
527558
485568
526735
60772
515903
977818
328328
459818
483314
70669
357885
374555
624314
15470
678997
12660
208225
161005
644403
24734
160483
163833
149525
208731
166123
836965
426118
545956
477029
109770
335035
764117
343425
119368
959304
950039
203525
792850
734767
130683
598082
319605
208389
60834
435031
816007
64719
116901
328570
495977
933350
499534
832095
905763
218184
267688
117018
362509
820740
605063
172798
155791
447280
938165
195485
503849
540937
294385
627901
974394
278232
864160
20438
249281
207103
546908
282234
678055
420241
659283
592849
813229
947344
725426
883905
56650
258719
308726
672494
201637
188280
496681
716312
548245
997849
612523
390913
267381
611394
411885
945275
511475
256440
261774
339213
660962
417337
635492
565393
172009
375879
29247
898355
411042
476653
111211
425851
841787
888688
137233
268731
38670
344462
38609
509617
549866
914227
8375
610877
58488
722424
888340
87065
360614
697359
970308
779867
720081
804860
914764
574651
839604
221731
25280
122152
406410
206600
684167
97754
594179
606918
27704
927359
748243
78666
598786
489245
479925
581393
611775
779024
578598
974552
505324
898934
331344
546107
119820
131673
27305
148073
510752
432742
854195
239331
16422
444467
520148
652114
508767
56936
639971
55983
545812
79498
118188
734654
136059
350531
279174
712527
881693
723555
510645
945182
501020
717134
670187
93305
360497
15605
670151
718282
470573
341075
603121
670394
711817
971447
716042
570987
758920
939849
546839
813703
468969
275154
456180
374157
391170
70168
421147
849485
838560
199263
531492
551242
414507
198436
401351
234849
482431
789254
343954
784042
428121
110304
559392
172905
478608
789741
672899
830251
999599
92647
771015
689251
741698
93132
920958
305601
585039
17269
441503
470753
787441
695634
687488
62332
22476
881400
249695
819612
353883
749634
384470
653096
747817
5616
777782
320065
163999
512969
619360
975804
670603
913365
730163
444740
280547
596297
593906
421429
273990
795223
366955
10161
698911
587619
296019
552426
932929
947745
988245
306009
121302
395152
915413
60006
466449
912428
495480
335085
399326
659024
499510
619043
352633
182150
101390
953902
935534
511941
980891
772679
809754
503131
552998
537502
719696
571486
477835
50513
402406
430510
60903
457551
485876
628269
27242
721570
713983
617240
410808
149490
724467
468163
896071
958972
849486
161725
716302
51258
865745
955029
755743
890594
819884
151210
986171
927460
891610
853573
558047
64502
839578
393068
365499
745837
307610
585614
953568
582077
432693
391722
17064
424900
23191
154570
135408
990842
600766
872907
461494
274767
824657
565538
472753
219136
772955
29887
95079
412587
630711
947002
366839
962945
499213
826089
544859
474163
645629
348816
558692
158029
243397
810306
665698
757967
854434
551713
499354
202291
54843
332100
720440
222382
786056
227133
987824
588827
500700
378515
356204
139552
691111
866122
582860
811383
204072
948438
484428
479689
692614
176865
60616
53985
257412
838643
959951
369788
791585
216207
624277
717356
751874
399250
916099
768458
100747
189260
662794
985852
478911
821301
846941
49541
825476
215063
671797
695674
318855
265966
477342
287252
844989
477296
339564
13970
961558
308953
732720
763867
271616
678534
996531
12912
700085
665160
369730
381213
553972
692345
259657
598317
964225
106527
643083
437681
94463
699183
420057
62970
975537
370553
375968
160842
194414
428711
679890
970550
640791
350448
602379
74741
459851
432005
758636
764811
952774
414160
254553
209795
433580
95117
917201
614226
25837
776908
528908
174819
329406
694790
857715
280619
509744
180566
453319
51954
74716
876354
96579
694036
703863
437415
852060
407298
998843
507328
538123
815521
965542
336110
357162
435044
237326
591065
3670
252609
343222
188875
870167
854668
966041
899576
101818
992865
269341
458078
45991
367659
986208
384864
266338
805024
422730
851246
285530
353540
984641
828991
58744
555926
384400
720771
745087
910031
226689
925431
66466
17183
84132
415197
886277
917853
481137
412308
300880
829993
150597
273864
238368
224748
815870
504486
455133
815353
875398
586783
294042
86236
880856
943970
996206
881904
206267
364080
405047
514700
224902
199338
303076
639772
83526
604247
506489
723446
367802
222486
488921
502214
840805
410492
33076
225902
898915
732710
365920
766107
439785
681730
345417
928367
194811
502506
733470
599644
893593
59246
923220
377660
799680
325479
18588
833649
707728
412533
607596
580612
826498
840540
189493
342884
170837
717992
414223
685610
919790
309147
932492
229718
683642
757408
344563
878116
637323
853397
478529
559573
65537
503783
689880
95517
136492
838882
186847
951153
933838
591475
467366
861943
132785
439246
378130
436321
47458
771412
420033
247638
140597
134522
902667
935615
843500
784237
714100
313071
49489
938910
2669
311189
447217
914957
707913
827410
967756
30445
895463
463246
591482
563850
218421
723824
917155
79426
345279
629335
291782
296957
195407
451282
388635
927908
977116
497220
907676
255473
745468
491497
814373
580253
583790
415276
676343
706388
545202
382945
422921
315558
809903
973793
266904
987553
996648
507057
550014
563481
15179
577397
880546
937354
4863
597447
980608
558750
614759
18957
776429
220335
861764
658015
475994
574071
155025
664311
586804
533541
25008
662102
128629
718923
818181
144492
996034
651706
7272
426261
994332
758815
307303
57185
109452
833718
143293
374922
525467
2285
972910
799125
118789
352953
901016
812788
52828
391542
860123
213050
963497
135492
372243
574101
951047
690161
955039
130252
218837
837755
376257
36529
422407
823120
491900
652240
220894
805389
710319
920276
437377
781419
104331
659726
204947
859904
190379
91255
810143
504390
431630
919572
102823
599742
895371
972658
889551
68425
726963
876249
955131
117793
982039
504748
391187
593522
907378
735024
984328
637672
479211
405111
962615
372238
463207
866366
32236
712439
624413
214044
885335
182034
906296
248549
702235
970660
364174
71347
32168
473678
725347
911868
290451
991823
992207
785759
645385
789193
746531
543305
879906
161629
125282
421518
72976
779300
414601
196154
237068
928290
632685
255335
363026
27896
938946
753475
227519
117825
488058
329302
363859
503221
351955
945159
673334
269867
813818
224721
227771
931101
189088
215350
903961
532754
607149
933778
440003
644524
86555
126333
882684
183455
464126
192085
32913
230496
82689
656027
320181
79453
750518
177603
274629
744253
160991
314788
585782
506929
698174
805690
501809
826334
510339
285641
974664
868351
252483
607696
116800
181684
545536
988506
552896
627233
224706
37110
554476
918221
185056
591416
78355
227196
668721
212107
706533
792525
546769
51476
467446
189406
240228
271551
348633
526858
998409
674303
986104
332892
838693
853089
8669
570223
285112
781889
552309
205877
185719
546841
735066
466030
714687
717912
611286
348996
757773
713797
762744
145471
909693
512538
998948
659154
196616
855023
626007
337955
545934
723478
343362
981901
232373
961744
609006
768588
347095
8039
984594
216422
670008
686930
608903
698959
683521
229399
127067
689981
745684
669770
831628
800825
359713
229815
934544
498357
416667
159411
940659
124420
19613
930015
358858
447654
480519
841832
540371
683298
807496
331445
943694
541494
741249
327306
608390
448676
991022
443552
305837
810480
369593
487585
297499
995974
196384
296058
334341
180197
560039
356570
606804
283390
70161
303360
324748
393158
437072
101215
934685
447054
144308
795784
390665
799577
785525
996846
781046
399663
53866
907640
717701
119571
844897
797898
138382
306674
251488
336142
801730
17465
5780
479601
644787
528796
89802
449579
765104
357678
370894
981745
137422
517379
742005
809499
684285
270906
195454
902031
25098
856086
520339
677880
979567
443838
712818
569954
674303
894946
346213
304025
507490
396785
962273
69742
726008
96201
9172
79793
320941
855077
955544
143152
737213
434034
253077
423557
765003
869646
751103
871130
396714
788995
378878
20395
338976
64268
338388
742888
63710
517871
277007
894418
95352
518882
927169
339462
50710
173076
824174
20422
791192
66907
863670
186312
896636
769357
664709
182567
868923
623851
382222
253413
57568
492035
66408
723133
302239
198169
535209
257041
728082
548072
687083
902380
685469
10510
813638
754784
757368
769299
414423
44999
534293
243261
552648
589974
7850
426901
350365
969677
555553
272434
587589
141733
274050
174241
806421
981232
137447
179303
65221
209448
368094
425693
393205
896135
998170
536216
590785
650600
632932
301138
234854
133653
444086
673177
967414
450041
576087
81621
484051
144561
594318
694414
966378
423595
245392
240981
260103
105493
21312
505705
545385
627384
463611
566922
725484
736034
706290
813894
584657
462986
97993
254323
899104
982967
900821
787798
332427
923097
287238
428782
63627
436277
157756
518333
804345
200133
916755
874008
645211
13408
959445
117362
881226
514130
180604
492928
427743
868735
796483
673609
356801
725688
575611
505605
732535
865020
48718
376755
949370
742563
718670
96821
908291
538066
922357
714653
359770
589489
989255
304518
118955
338369
133362
587771
483965
592752
985054
457079
154425
41541
543359
854247
918092
904108
630562
573135
221464
666467
520585
466712
48736
54732
572260
967063
698215
338788
569255
739402
421019
336498
420447
672628
262285
336074
783899
954037
19514
666693
741868
75934
93097
925866
288326
831054
385344
507586
612502
192127
154170
36959
640792
36914
641815
886216
510656
394500
760871
114569
665151
720707
573430
267793
143316
512056
497930
948032
489910
115753
640650
693021
506519
308146
991061
863372
773375
583165
857257
375264
407153
926655
375731
40214
701339
118305
12139
983954
32717
124523
89457
658840
789272
930567
938090
516460
860551
831425
11140
334047
140881
644008
364925
479478
687299
624259
484081
107939
411492
459943
97698
821842
232168
555120
987659
486558
828771
271171
6779
515681
579744
633450
567630
670034
343386
367259
218147
224826
407833
393052
375559
972434
847109
187752
299178
849583
131998
916405
741776
624015
380761
413843
14558
443860
77719
786853
951328
54847
963022
139952
106087
104116
553217
977694
863815
691721
357159
89217
965332
389434
677184
714086
988892
85590
991536
460767
51649
544930
965852
244137
817731
29558
854846
602469
915559
933210
184019
758112
54597
112244
44825
443983
751528
28216
339867
516770
233835
96073
106468
455356
50292
545665
573391
771807
558452
769735
930475
439248
361360
910279
35421
747570
210385
554992
831101
178622
482777
466117
980754
971805
178757
878348
273274
814369
546399
72283
211341
171823
587017
58448
385536
514340
204307
927280
836878
562422
965490
66208
598983
892882
883472
489309
198308
573967
770891
338317
78196
848714
501129
776714
436286
94559
352174
415246
660355
732149
505638
240732
758291
252489
931388
193422
413201
391511
480318
737056
663768
31507
67380
380159
350621
131797
340405
835392
731672
332668
186714
485237
24323
696861
838285
637130
108210
622180
658883
812521
761550
455293
981955
727776
16931
842879
601416
337378
211933
644115
289320
882243
935370
254585
518
409254
741413
581207
991746
312412
929674
620702
683840
941022
700219
179331
328945
696494
675656
909104
963020
730050
463597
730914
949485
456038
887336
134647
112072
560020
479649
335012
45988
751935
905813
905528
979155
394240
206039
477444
208754
138550
99412
971470
608981
999006
996182
390631
823155
176327
963865
199040
201659
721204
527536
3166
759533
157059
133388
467418
783360
97475
318749
337596
888462
92954
591734
926143
512402
619762
69672
648332
488013
244348
364228
223988
352106
287855
998967
235726
150389
607266
40670
490118
382177
512324
614685
490579
329128
207984
730010
617055
191892
615092
668567
547208
816540
36324
149469
344410
119309
740605
791544
228890
523224
634518
292749
58817
605256
376930
489795
354242
421183
582461
526768
717022
665821
629961
119471
982653
81963
423941
585375
396504
191768
808584
928994
409740
595286
561067
978439
346215
298963
633025
18000
788158
874482
413162
572585
56161
824474
498802
538018
215186
481647
39922
664050
245110
215057
325605
637379
388783
693462
250312
350454
26836
260210
206467
952565
400078
73247
333467
94394
373428
718773
648335
960578
595408
582823
997953
449547
273179
146862
335173
585515
218723
384836
147264
988566
338964
142089
225368
646863
755064
880712
459595
934296
29016
28989
429242
447967
712066
554088
556541
161859
913355
266995
108629
832515
880531
459781
65698
627339
86401
349893
154548
546045
122697
791130
942862
825075
220130
207889
2447
865841
541101
843168
370813
418620
319351
589285
324499
180197
546840
26987
111921
162258
539216
163204
264073
920104
399681
319800
711817
61960
24836
923414
856667
113953
635441
878158
361853
848017
842993
686450
887028
372476
381516
107731
265157
393327
359038
812898
587077
790435
807730
167334
854442
587343
768441
157727
978232
258764
643957
710986
995936
779380
44351
581376
777001
589598
504550
806688
265939
530592
813980
316298
8398
953653
151997
391956
141365
349192
187208
917677
2955
325412
967311
359808
932243
723810
443145
115237
413294
848833
996073
474937
451362
893127
696825
733211
490573
746572
569852
993619
568888
334604
752064
280801
527902
27319
97715
676195
93590
314597
125149
228684
300239
961933
780513
619583
884314
242332
884491
308205
544560
38801
9689
244803
574171
26093
190646
320008
488936
740755
976524
33769
410198
831435
354946
95081
679554
62125
880187
813848
346246
947322
171350
744529
491753
841656
283260
997030
322902
252115
401064
822178
664634
220950
913077
679386
174645
215774
276167
880741
971322
163276
336891
251284
53400
628829
258052
503491
251113
55635
148909
181362
788178
713602
156022
718176
738744
463310
817566
302337
444609
55224
494993
199430
187135
565387
551768
16151
987999
39543
576368
648727
690004
787479
549019
543847
423970
909274
132345
694646
22681
887473
213557
859335
263086
858857
651155
679735
865883
29421
179970
299566
149397
240419
591376
99595
548372
268587
492165
61832
326663
762634
46670
193410
363314
358157
545997
193490
374608
481913
536072
660086
692664
417097
887396
428009
488011
393128
234559
357538
986760
358255
810872
11694
90044
548846
648143
538480
899283
743642
230301
984592
645150
603168
212896
536220
257702
318112
539703
19948
515027
334758
966434
785118
372086
83679
34885
690128
462153
920593
520302
704815
311354
451881
924120
761573
782252
861524
151678
891244
759507
69759
647536
268504
878170
709290
809317
483290
766950
902901
744865
254175
65343
983104
596561
845143
977380
552097
821277
233456
954639
349644
635454
608871
395922
79733
173405
404648
516952
566633
84221
538754
293391
889647
554494
460602
326517
512516
783598
753658
729517
397265
162692
24846
269880
781965
682441
767391
74524
672962
529129
878644
709018
574615
44965
871161
191510
272792
790690
67609
601478
943234
426886
502044
832486
407551
670725
295518
402693
352805
75507
63988
71797
533929
991958
742907
326072
55363
700816
477807
193628
17144
952700
66420
440973
874826
111246
846013
621134
718
720605
599457
105526
101230
420249
209153
300156
750414
419846
732070
933879
710863
910464
750000
75606
75654
474533
482093
710279
96548
164148
419590
413519
727579
930421
868885
943527
259436
260345
257301
807706
721880
161965
621678
189365
739404
750027
290051
238733
519084
662250
38871
127569
185843
849361
582353
354344
335
622925
718915
159172
649824
384999
751117
295511
820690
916039
620590
161559
640563
635164
916640
462545
250735
823997
947524
615395
262880
993562
199160
590530
425317
929945
297449
10222
905270
337987
17575
861684
769524
355286
523613
149966
62138
500641
947523
8343
736445
598239
933600
347716
253113
170268
946867
128839
133814
63231
934334
791111
679850
914615
706489
556855
857373
665870
143479
643585
390677
51160
573850
289604
13796
564717
202798
265025
843127
517456
807783
671255
633892
532566
524733
520393
175895
770153
575159
776303
784993
40585
233836
168733
66061
113742
85463
769273
10569
636913
686346
901627
951391
492968
245732
478722
390367
576082
623885
324915
415582
253229
763750
72464
906140
322368
325446
174183
602182
918498
818396
347503
167041
772291
665946
707879
433938
804826
893249
815501
619112
349382
363505
396692
380089
95878
452392
14731
171402
832179
176630
194287
172482
433291
318385
383232
398973
741220
35664
575192
276934
924263
513489
505312
157885
889993
386596
979288
503926
171290
678809
309900
388778
349095
360588
151398
969278
302157
174309
88142
484963
802039
897781
870413
679153
804767
994432
479020
259677
566703
526745
872979
142204
446477
562146
226127
603874
8418
202619
737302
271501
302290
681557
848045
431067
727948
367561
979572
217572
664821
51705
595628
646717
953826
605167
150015
309881
829163
421024
322966
943682
378334
590148
218839
7405
647116
605382
267241
718439
544216
428611
126986
611279
478250
626302
133244
587161
868174
827901
488981
745655
146630
921540
69423
238144
393634
714424
38557
899632
612866
158152
11430
112918
77059
340800
911061
200172
857925
576292
939152
628634
522986
86155
257047
775670
162646
639935
914372
798700
127720
672384
986708
569317
841971
881602
954966
337698
27777
357767
656819
468329
166869
712923
472388
222748
592348
880292
239427
857389
559610
192868
824663
626351
238042
758557
241819
1966
327556
770785
43740
338000
818109
119946
644323
125446
501953
971989
613397
666833
612565
243163
342921
189760
594759
892807
498350
354601
178321
116632
967379
2041
587696
978244
424970
55553
287524
400924
228736
766049
590846
337142
183458
515977
486116
88118
125674
568596
655120
697057
147234
665667
135216
315350
483721
438758
605592
208582
573510
40728
433640
608146
918005
394438
542271
791708
25344
653703
852038
325842
347517
787253
969372
323897
69285
487844
906294
830836
876987
810446
171466
144939
435067
818269
551701
79194
800105
325045
634008
664895
997887
38788
489474
335630
539749
455136
541587
770707
744444
851572
653270
139727
441197
289887
225226
967961
984094
732912
476344
651122
459287
710002
989563
403099
998955
497762
524719
882492
83714
401354
440779
245668
299878
950453
584427
684834
899898
791496
521735
225260
230911
785115
500336
720858
188850
975126
154906
725003
3498
544591
155384
447445
641308
69748
909077
26227
490308
320927
926733
977371
523737
960910
86921
787900
717287
915746
952536
526346
514894
795787
51704
185444
260654
370420
235678
180677
718091
24956
456598
971026
716444
315641
83454
476975
53542
558041
233647
638445
384579
175127
246025
88120
118177
94474
241800
243327
854255
687164
51093
466225
95758
38566
610397
425956
272120
2548
53986
141335
536738
883311
864142
440837
839397
46282
331570
14952
676079
686512
21961
593765
977025
821686
850142
822120
232116
775166
702234
867923
555910
516838
466480
929982
77231
703516
999768
553311
195419
372033
385305
483372
386808
292763
221471
616683
691653
699380
751508
492068
219272
397025
208965
261123
991807
778848
783397
656631
557924
695781
252829
970534
364243
762556
367235
21616
185076
711171
643076
797343
872486
633485
277824
427273
288146
60264
330922
76552
220302
80750
864337
635617
831052
944508
89911
795875
678740
449630
277955
708299
601358
622474
561663
189907
876079
353413
876298
268697
873773
374254
249952
419837
174500
748525
380922
786579
869991
971991
488672
524578
59319
690666
755184
776468
101888
30959
232202
792997
966476
91832
440622
962790
986729
121316
892166
40233
297620
666794
661073
283219
231242
259357
388471
429803
835853
637111
524263
443219
434490
299164
542752
476197
719952
784006
963529
917371
45192
688540
480009
773404
28880
601069
559169
193048
410006
428806
880148
559986
156427
874220
542311
549502
538245
656719
550432
212263
285907
701938
707286
439926
864388
273173
585003
202356
635574
14866
292386
310545
931158
281925
464734
680899
50529
197005
258093
338986
413431
746780
571027
84222
380987
545740
376043
467249
55837
276653
715291
898855
806750
641975
546653
981825
34687
598448
702609
835264
666298
27709
104741
181312
439092
406937
681887
576986
576289
438097
822705
28370
780174
946424
16184
444150
945027
287
676256
605904
120744
24443
959818
924295
171285
207412
224388
719694
64388
495277
242637
831646
951599
894044
562861
81115
114299
360976
149385
685521
841096
371932
808234
505870
539074
674173
12883
919915
824175
853875
650683
262960
936120
292357
761501
115821
212347
336654
261885
515996
448122
315316
701726
149227
962257
871910
376006
410650
111718
571548
905177
350356
467482
839212
124596
888265
148807
962887
579169
500209
910929
726870
844003
739019
969407
188136
797488
717787
14621
703994
36710
134797
899364
911440
294604
180541
289763
36247
129761
397364
26016
753883
258643
324113
16023
772675
153487
797712
677566
565223
220466
176371
679967
215188
418135
352605
296334
960345
582681
981809
129351
928082
132064
949649
655272
829645
28913
687939
598692
660738
621498
892153
334380
281850
926077
197846
659201
305599
515860
346474
85408
545138
693368
355313
54083
543831
473589
88394
545471
375760
158782
338616
291539
762441
478827
831823
394710
122601
972169
831126
9101
307223
27438
737752
551969
602140
861119
25379
310016
526573
180904
601953
950428
99495
698294
716233
283843
340687
555006
532225
490660
677992
10875
770418
719050
323978
970280
480559
448649
85487
907036
286208
672437
619403
426096
593974
640020
884620
505418
710370
508633
303155
339824
599103
637267
405244
595545
31337
78535
987038
842915
655330
24347
638158
53491
80254
342858
292754
765772
584368
86121
826630
427548
99563
116310
145885
913081
912274
391555
604842
68162
867005
329233
785584
850626
249542
970155
393387
375861
914719
215947
253464
959697
961527
36596
82214
347123
149741
480542
65519
157430
790712
325327
198342
616973
311647
862599
223744
32653
769209
991479
912996
304851
427716
789526
310435
867825
555168
778250
667381
887395
999622
120838
366386
929389
640250
459962
384749
14978
135541
455293
460117
935232
818257
562876
380589
677342
657845
346862
761510
999223
124110
816514
777896
439826
526317
242397
632520
578124
513581
323660
814469
782937
664699
646501
475464
82176
516025
940079
484022
484637
797584
421198
122397
291170
431718
927570
269609
595862
237510
797661
515013
567167
989836
692075
128861
341698
134324
601562
654905
610119
768521
189721
148157
472836
813570
281489
429733
381031
181437
289196
892120
486884
969824
615489
333788
179772
970572
491208
825213
601970
361269
557695
69682
963873
924321
677212
43320
805866
600526
157029
561128
270453
327157
265832
920307
955174
40803
301981
640024
925868
279649
107081
452917
245409
334268
162293
81237
128859
892582
286394
551946
283524
739349
381199
253942
127014
93144
623210
467853
810871
435528
257893
260511
629998
714471
99036
374682
692680
396115
156686
912427
721307
752557
191000
690285
10961
919955
666508
186531
886404
537469
320270
142304
639066
667680
525712
181878
204919
284128
110593
58435
482149
812439
97242
773628
227880
840082
73003
590536
871571
702509
509304
353091
692163
890784
591700
505331
968551
497672
338366
444148
510029
720669
426344
786789
982471
23795
201257
643776
829886
203503
402986
616217
477929
364053
726846
196257
404903
425796
837
984119
911251
416773
89165
837770
298221
141355
623583
106050
615590
191677
691106
325907
153024
632043
779659
600940
503448
125759
879435
220934
958715
521496
767025
690205
651837
850854
151010
735120
385138
587966
149538
28995
511359
142983
514052
615181
167950
615634
520824
979020
631916
337440
120710
910558
202880
59798
196635
787322
999694
346867
80401
802027
566729
240786
428984
577476
442319
379726
618536
120089
376066
920772
406133
896446
120834
371845
892270
937540
285715
37008
705961
85560
236247
54947
662531
802098
749533
82340
528394
532507
376558
658002
416439
749848
183601
780918
996690
44960
937922
521191
4986
727044
507799
823313
898364
219987
889455
76675
238415
614551
585662
996463
258959
609937
94754
55884
438791
919865
81766
975906
226045
409424
702363
614299
721522
12437
69064
205855
297639
713870
923391
935444
964348
541451
334069
199281
324223
184439
348612
211883
364491
600273
937964
665755
975784
430271
361062
839167
471419
264031
456683
107100
957078
988847
60511
940239
315618
942695
169317
700263
215920
230461
295877
341359
314908
485619
833374
553408
132543
195320
5767
394835
7760
176316
642517
344935
850293
304406
756069
759959
231113
986051
717003
966014
142154
889126
274039
757649
399730
950456
668108
91122
327024
583300
665539
887367
558788
442056
510762
995721
837501
152667
339155
580313
355229
802432
696275
655427
728229
322764
316886
693789
478550
935843
437170
126286
516613
462962
3738
390436
407302
94339
850067
702698
687286
731855
76929
803706
401103
40488
748339
995052
89979
665379
429909
216910
421127
608449
920804
685435
322933
904048
329983
939093
143692
856726
864866
826841
339620
231893
219446
568616
353507
433862
202332
239458
518219
912117
364849
18522
296525
607527
588308
692106
261401
956574
235240
448344
718132
311479
257995
422235
351361
153299
447972
584876
4296
100008
685266
97994
480725
103335
942035
35058
459525
356592
141211
680497
983040
706826
605385
828336
232190
763187
68821
906933
791714
625124
57200
947780
520475
954413
743089
858532
152750
640780
950620
372662
468988
253353
654784
616070
68367
136615
541781
170244
181552
389041
839448
426934
857800
481686
463594
985099
862255
8581
303689
796998
666861
573860
900021
605040
99648
459819
272133
244850
464564
724595
860767
435483
65191
999165
862499
903153
920748
78445
874571
988554
296243
361201
5355
983033
707502
137044
799548
604961
344281
433643
404306
283459
312240
447716
627633
809221
213540
363306
738642
468023
365044
11462
375465
608861
98057
427613
98838
738819
573446
684415
676539
7452
312413
108444
451847
246851
420395
418182
905404
817081
343563
683563
214210
929254
773961
554129
522514
304890
217946
303732
353013
193480
206411
968457
185133
160485
75061
192502
583956
529951
773735
254722
409199
676858
797454
357054
618758
772725
523306
375167
800537
473628
614472
555095
539927
45800
263115
716278
38447
652073
673427
603471
151822
433133
964604
670243
7599
835919
138544
32334
136807
875409
945835
240171
246228
612861
391505
462792
67758
770642
847120
98370
258401
365967
957224
789947
933355
903153
353884
411904
46419
860107
436023
997546
777111
247730
175325
377221
632356
174154
946333
693837
291261
349977
389402
958005
861245
455149
19121
8534
926884
517445
212598
55907
863529
461654
167882
471358
712349
43543
917126
933069
298333
188517
272624
523541
606026
843049
715210
738698
282163
209355
341162
472503
225125
484745
809894
164952
184582
950941
952613
458706
937640
218730
821368
56586
922608
467645
725311
329385
520367
901222
51025
718476
709565
327148
292683
298138
98525
51471
811651
545510
117207
154388
323172
541264
728357
387549
767855
738626
841637
509192
812647
446452
57530
171512
404920
706365
128861
576555
158106
781197
778239
562591
281770
971761
413024
439469
320168
859451
228888
966061
505788
320440
608849
505805
896300
772234
808367
623704
569010
947444
477926
328839
734219
808900
821069
464088
759863
450131
721495
726126
344417
993532
447671
132167
331524
676157
824436
790683
948367
806635
777077
948022
909738
90699
150407
624047
963324
504558
583705
61102
40748
408059
134250
958710
312304
691313
306491
637124
140593
116502
813926
223951
861263
299548
795473
110751
674536
307088
977814
897442
614535
50846
362651
335874
186922
226543
567475
173895
870487
157357
813262
539841
975889
403447
297778
479470
818538
782421
339986
783389
474103
242035
617963
35575
267570
413885
773247
124408
407797
76991
439103
423365
7193
434160
648198
908677
650689
371007
149560
488151
559736
61042
873319
242202
791332
862882
288760
462312
532099
471560
322461
19931
704892
406984
56244
22237
501319
886257
756226
590886
297561
382818
789252
575253
746593
218825
420299
645762
928158
922859
616973
277992
709600
96067
849021
64546
645501
721399
709969
306965
812346
338840
898122
882222
375722
309886
80155
128564
981327
318256
641925
195069
3032
826739
605690
537527
492450
935362
608328
130510
498205
192099
566158
687133
584862
716499
935972
687161
377773
830806
132344
21769
553486
411315
553144
464244
851359
818183
410666
174691
915093
579729
335383
658342
462517
992517
28985
203097
18617
718150
727558
618813
589567
223768
218206
649950
257719
777877
296756
603337
644134
288579
415304
524774
162356
69649
662141
133137
771344
267781
725509
521103
25707
505983
250453
300241
203817
406033
459647
819039
532087
939401
935861
523236
235535
954607
603579
766679
651866
335640
598951
141756
902291
86403
735059
419302
921543
188306
301047
687837
797765
754652
161222
784435
461077
212875
352176
439431
453445
927404
906615
267829
378962
521358
336627
979041
851228
50308
682436
19246
180566
313969
84057
654212
704595
371535
436895
84650
413948
686673
468546
568158
959745
449592
354555
391465
117308
123598
994123
721680
189717
296140
987390
703495
854304
744789
125634
506259
690793
342769
34028
804684
641828
330659
492038
860665
326890
621924
928593
563469
821592
760247
532944
360129
902461
169939
235021
535571
875735
122124
627263
977706
696156
753364
754356
866609
28213
639555
809745
306944
834509
598896
546668
148923
194444
485243
731203
536809
718879
122188
204220
378722
493772
69207
300336
442623
767361
350631
197797
684200
583618
497292
968438
903787
701696
437752
943337
357190
934038
619192
461860
818891
863260
440013
361471
836592
576498
13399
805527
207932
898294
559640
258850
601220
238462
498705
263374
155163
29857
828965
580298
656117
191523
794056
588876
804716
194661
716672
638285
174430
734533
92489
528080
368635
467020
957630
597633
461233
647677
869842
748489
607071
548022
529486
87693
151232
171317
682044
615259
268382
762299
946856
733826
242846
292842
386283
327311
630534
897588
353617
870615
903182
607609
52937
88304
326341
930582
878272
315245
506128
966062
201653
861791
442264
992201
928427
882480
350526
873246
856024
698711
670630
181321
312290
370136
242902
853991
210828
949032
220128
203207
253211
767035
562297
836577
328998
143638
871055
904685
335045
865326
105728
909105
519924
671220
122453
855818
504390
41624
383943
121919
710554
983280
909281
115913
97906
296725
827537
237983
835987
363289
668946
741142
822702
356362
822079
482225
604367
873350
225102
874854
310514
578287
648330
372055
643964
289874
778535
161803
670650
568566
711426
910018
85905
66275
606271
178125
793722
822730
240384
155478
71697
99675
984097
195472
300988
950880
234132
177336
274838
337315
50634
643250
75712
853432
633341
804322
683209
669412
545013
465099
883922
241246
997465
284972
258873
889614
696931
669865
578088
272159
327396
312635
649545
990650
138763
644662
592049
899005
705347
923970
295269
700883
104757
683699
249810
180819
520013
814552
992867
500733
887084
319954
166230
456975
129504
362830
784180
23665
68420
345881
862525
485150
880162
102433
766925
799933
421884
732132
209380
235607
218353
352283
677512
235642
153617
945253
390880
147155
514511
383020
476311
19007
771856
418900
180077
968459
987564
547548
663493
934310
416600
527873
134558
859999
177436
305168
228101
104738
202627
795862
972050
77054
128423
523875
477238
802606
172044
275516
854132
21153
782327
260742
811559
167824
583165
394992
881616
740977
942345
416534
106551
922647
393273
954567
597088
657533
921300
281677
537011
801336
432047
908885
435686
974920
249092
479847
114850
103550
964901
979015
678366
925773
491611
487658
378012
755079
815901
912144
268320
161063
742659
529870
800783
341039
409085
745444
331284
115220
199403
739348
854047
283286
38527
621030
834913
25558
175766
408568
535839
171671
243452
555487
204983
546240
318530
274989
57466
334460
260149
345500
647448
313331
800704
883186
559479
52757
161859
891123
841158
849104
925730
987895
45875
317042
552
755947
431475
383764
225256
414824
579787
10731
198261
544902
580587
241252
540706
65676
137498
880676
334647
610041
869597
200438
679175
485394
8540
134134
321830
783048
807187
266012
704988
161244
534002
600097
94136
421543
17437
854137
513355
342772
645209
708366
167867
549809
652995
167100
800450
221724
994089
604002
563402
321236
458530
394965
491632
595526
941026
75011
943995
909628
274480
513865
595093
247914
405268
783924
151172
573764
578212
769060
543832
207289
352114
564013
578090
508251
112575
841468
825155
141852
475150
656759
396989
195426
587502
802076
971694
280835
402976
133884
201861
855566
616933
963461
161353
951445
248233
362365
164253
796604
109473
517078
553144
529191
575673
982580
528838
6394
752173
163796
751259
615619
232571
695872
251298
985505
917848
10184
913956
258763
755176
129581
869291
516852
258386
870098
925147
11949
605643
378127
337868
183213
856097
954796
22473
892087
560264
565497
574944
949737
390219
180808
601120
887532
78898
179667
342984
281273
339670
219554
7992
107150
66148
85225
232031
944289
786996
515647
341762
476240
472560
889895
782746
307419
582826
83220
502461
983562
778868
847564
173772
256653
960412
150501
814592
416804
38974
621946
101364
147149
575144
839774
791176
575742
800366
792079
546869
780875
546082
228010
328415
312597
438807
12804
371245
394992
112539
42248
383040
333481
663225
593522
199734
664375
219801
606781
544880
354529
113593
359125
570303
915449
436059
652350
615981
774445
499511
284102
357785
695770
844489
436246
640926
798669
534938
475470
142153
925710
918118
556334
289033
643803
913547
794586
705667
882517
575973
159369
4310
479484
458881
679505
127680
135316
936059
541358
412239
657132
20609
996675
671443
776044
340942
931316
821500
801013
724540
697562
965689
216656
801221
527723
357011
821273
231474
593260
192794
636190
921288
685769
250643
689009
910890
867969
172013
624798
295697
531882
614884
899563
340275
389778
125862
4890
388896
776648
89048
25902
823848
953874
525994
763903
889237
794765
785433
473492
388253
624796
825784
831365
567205
990445
821077
303653
696182
967426
786087
703794
274620
851813
428627
969475
207794
758271
302508
988527
726607
128955
602022
292847
307658
955639
655162
329817
290401
802272
657637
210063
371755
867828
22881
75204
321252
458630
712231
948766
888968
797898
235713
414378
894881
431761
118492
148786
841039
447060
441922
586902
893507
641284
104255
346096
379800
200286
584119
160927
25614
677501
155281
945727
1867
966974
649734
804356
12209
937509
974017
656253
460675
381821
38020
756289
150179
836273
517084
753633
850546
238326
389156
699909
908270
762741
578806
428784
523391
615333
235607
959855
68829
835160
173407
307371
705693
876242
681371
570035
143777
599006
361250
481374
160034
186750
963462
56996
173880
482905
466850
907668
889805
713569
895482
549923
721393
757799
559899
659883
748611
166365
569102
565452
654953
814041
662091
519125
942368
118675
127853
438683
195229
834607
5122
757202
215596
306079
671075
657812
739541
190440
795242
541113
459907
501832
623559
633693
527648
767342
914300
901960
602069
568973
92154
518680
930133
634811
205808
572076
375176
272383
326181
290868
785628
161281
160220
629988
678866
407915
416145
652643
549281
885490
418821
890486
148903
546079
141322
422622
445067
953198
885461
333617
522439
596548
164754
661899
251387
127522
694409
612589
991338
89901
541302
921382
787665
844312
554171
488101
457581
471482
344113
666459
748107
831457
842705
957932
568768
304127
414478
613954
648663
769200
205699
171931
991725
71774
712455
35525
578040
972200
537250
519626
574554
593763
2119
569379
750380
394331
784786
18759
277537
527048
447125
917977
468252
455831
718750
124363
267124
177626
341861
562879
126755
823734
638124
484957
228409
426520
940638
665459
691775
23113
587830
174446
986304
378609
673229
118867
966925
960220
175075
787983
551143
978904
734960
733300
337112
485141
760695
916038
187316
259104
927637
336358
203955
864793
58165
951154
363142
493402
964707
734229
316329
970784
74556
189875
353360
518672
571726
203272
107475
980909
830992
12893
206741
705786
450832
881482
316709
455258
57251
184348
246074
833799
554936
961420
264985
510349
147645
772177
447812
856463
713849
56479
816479
548049
408941
406682
313053
4804
176925
259093
58800
89135
302708
267695
60208
226018
114232
178921
662483
20644
591657
423005
119704
295592
311460
614807
602277
722109
781695
799368
37698
382835
549896
799800
752935
315619
112571
430089
677972
496290
351222
440737
662756
126343
81000
895936
358558
320671
143651
296794
283660
856138
784790
8602
886974
946369
38715
118546
702700
833522
870263
763721
247682
745729
556506
237961
768889
519103
199437
342706
551730
417336
417215
97762
695277
95798
920174
902527
533610
664198
220739
288991
233404
186650
826033
290726
12187
983821
547918
28083
238929
145165
929377
692725
578171
80414
360782
315214
495062
562989
768876
788298
35500
869531
142154
932534
500538
705511
617600
936585
285665
935974
387898
746784
910125
129395
453808
902937
454383
896608
156163
177189
217916
813845
638082
378304
360524
519911
470164
625060
517348
571714
50016
880846
55665
607964
311768
238764
229135
78623
901224
896288
882266
818029
248471
856246
415501
161444
978515
643493
475690
21852
58531
778834
487673
601124
766548
401706
82503
621785
49781
263103
875849
789072
898896
87634
863251
948092
952166
295316
87221
352296
226167
491833
503582
635098
305915
542873
487985
126879
139951
445441
110889
60728
283825
866446
45159
998643
545089
819352
384271
442895
336552
859757
324685
355209
751958
15275
375015
381439
796768
167407
834463
932324
522103
392456
600734
699633
836397
52974
132603
579735
420127
775782
102031
897013
903871
966547
558423
426668
833365
572431
648222
253541
994970
34865
650054
134727
146087
564454
411082
678124
906576
870590
790869
815765
531938
545022
132264
982597
685639
527441
770800
37749
441860
129691
330525
343334
89251
74671
403690
566736
474072
812961
729514
90396
1561
861986
671225
84796
774931
903293
44201
681033
954326
682389
2080
703175
12673
628400
52178
322414
910503
291976
201135
904772
492405
561467
241902
146659
933982
849699
13918
683608
256363
914250
125047
876229
779463
353077
864155
50808
765153
457250
226623
584629
384902
266552
826303
347224
850059
906941
344164
134968
300616
869430
385969
67087
488297
448475
646208
868441
980114
190522
429478
941355
944691
624963
891765
104948
823623
451086
801204
511176
246811
1953
126617
364554
341663
199881
80471
102609
279204
741268
473757
786128
794253
541730
485851
691009
275457
172283
317229
624081
437779
558860
521861
794224
278075
520069
292480
601183
976341
148986
971515
84599
520928
331853
950188
567718
603705
861568
571368
45782
433318
771363
403046
711166
253947
87436
494187
759179
786490
150887
673892
760872
56171
192450
333597
911121
344230
613160
500728
977299
93689
678791
281562
983768
117118
866713
369894
901070
973793
801636
796359
92202
83914
803498
408932
998566
874195
26299
145117
772976
601908
750622
972103
404275
84044
27751
321056
749536
705359
268557
882022
138891
802613
472317
755770
666599
843872
604283
6007
706767
160036
572068
258177
744827
522067
245191
532058
773763
19554
847813
427207
154199
227919
898871
13037
580104
462913
985670
363885
389669
705418
84018
652464
264870
733626
530633
920150
288814
300214
389913
407664
860666
732749
143679
230928
575216
767238
335893
278109
592587
665631
136736
32488
217607
328554
998746
389889
933052
193452
652300
116479
94524
986635
730314
498920
73811
489784
476369
93910
224928
519427
787436
92709
970844
955626
892774
279697
270828
165720
42208
848737
381662
981613
525389
846597
872605
318823
918812
819091
453130
750401
89788
828034
317676
813923
683603
385677
294229
768419
582962
481038
446530
958427
979291
103383
171597
416465
38757
472918
956924
756920
189154
923933
815047
293333
516676
256746
971436
253443
247125
850752
613138
976824
835749
319709
829323
65437
221034
483818
550904
464355
490086
611826
541890
154241
126636
584233
789567
741658
689642
457139
805840
244183
33953
59632
690263
892877
243126
359467
900282
826854
558479
662999
599999
647793
883033
321119
327029
428319
61841
948130
304998
962223
925538
7409
466240
974355
579685
108172
629708
44837
402622
674781
226024
76087
785142
931070
26811
156718
314679
832001
379342
857383
923499
715088
123957
647705
147317
17527
678192
603815
619279
104764
274442
929333
39094
869493
856586
972845
979447
73228
90821
984747
283339
141651
662254
297455
474768
279301
709195
548526
188017
351421
130829
926794
631408
268214
237906
4893
181626
886718
309282
473650
880090
932990
821050
11954
764149
434014
78459
924006
774373
199376
121415
18247
508028
373527
362942
497816
173095
757183
411436
889664
241401
476867
437860
708938
893718
680656
821441
518757
650898
636099
972363
738975
282060
206249
730265
627589
429825
799162
479299
849719
27814
431165
124483
461564
358271
185785
75160
305497
988203
623111
915817
845892
764358
822614
382465
341757
505006
522131
641065
876088
876181
993409
310853
204827
846527
640379
243064
345942
555001
275929
532186
512693
486093
423540
897702
879918
429009
790961
258005
546913
676696
186010
309840
180433
737674
479856
970324
774167
602489
978893
435257
856169
525858
91099
472739
932669
56862
408603
616931
268386
896430
190954
321902
772146
13546
746525
918111
389737
405091
710162
492993
338123
325605
71728
156527
909013
37990
943001
85878
269093
810240
703300
405015
264806
370770
263468
507954
867455
96722
539430
403991
666480
286547
46998
425078
484246
133681
543606
331792
401029
984647
135829
641364
649027
602035
893055
252570
459613
787619
846290
477647
39142
895253
44026
823703
587334
482689
895704
433314
551744
656200
431151
872456
844677
857939
609839
779040
649737
681948
601100
969476
938402
708251
194365
612036
839906
275151
499077
757278
626695
7660
856760
130664
370341
256084
958981
659660
228442
520005
59518
903087
8490
391625
987283
15576
900060
508718
467150
610160
470360
874740
120544
556845
353534
291261
146967
345259
872296
951726
681362
157773
325235
365604
715961
524724
927809
165609
925743
877347
387325
407512
114576
202756
326792
976895
648304
209682
951392
853515
639406
235868
680147
187729
35963
616864
540258
96952
449416
344556
743244
959989
436724
481595
150961
616192
362563
823568
559632
188243
330669
826248
676627
587833
674454
995651
223900
740965
638432
374324
228792
914621
264442
915364
328060
557591
498046
351310
391209
581493
286820
702611
477307
323419
417197
212890
705097
687835
369877
395409
751625
640674
850116
848550
248637
523563
8003
578335
326006
657747
341265
120529
89537
835150
453240
646592
182604
581244
312082
513811
416776
603709
619624
51824
177882
726878
572425
130197
401717
489770
193940
173243
529286
545027
390168
280959
674157
538842
67096
876903
791137
394809
89793
626767
68744
209917
209898
82828
264667
985841
539139
433398
45129
968317
468732
806088
373194
571614
841666
852645
304129
937525
550635
334774
671640
561627
726521
258323
992004
998745
268438
562270
496530
119161
40853
273010
278916
4995
852227
521523
287049
610086
912706
993794
728124
306599
711187
972240
235817
186244
514405
214940
616538
479519
593769
609515
776416
682274
274063
927472
95481
739066
939052
582357
952478
326850
772404
69506
734992
652098
808855
567466
21391
29512
539870
460193
920505
828204
291716
34729
905118
487097
206715
917959
997972
592250
297462
477472
614804
268080
570954
834376
387247
234640
54609
610689
707205
23076
338795
957402
91729
56769
871884
339271
817218
147655
576767
89957
669101
851417
623686
695490
154131
428147
445633
837793
793414
659791
852879
275957
23318
805194
739657
398232
877399
995365
442326
44310
253378
80279
164763
692111
592785
129285
357003
501764
749558
771279
184380
493750
72867
323326
983819
40112
624557
655012
617084
23785
800792
339185
384321
149475
160146
139114
450882
461781
227945
732616
777493
516161
7197
240622
66278
741844
852132
140270
545639
300243
655415
203115
401709
312244
75364
421801
270395
754132
855776
642800
171792
443581
517545
335382
131413
133629
894175
59516
911607
23261
780359
293661
458953
473148
463
34556
541885
326442
672430
359785
444734
598092
419018
162287
366013
795387
649570
822657
846477
295101
489496
86031
722166
667582
397266
927725
451116
993919
240661
384560
513780
844133
137583
334051
879949
430539
878405
917853
243940
56688
605717
419231
424724
759107
461921
106064
353167
361242
409398
909886
539566
934078
745411
225566
777497
854267
873608
442336
295767
489323
980854
629930
462466
521063
599037
283144
859724
870340
509361
875566
659614
778669
803987
773455
219020
99900
877678
812979
472973
376399
979826
658308
608325
407121
960961
589017
19356
453816
867060
767357
504916
964206
467012
631908
68019
760112
798622
98484
838745
220553
535081
579315
937958
538426
116367
912905
507855
299723
692084
826391
963742
320667
611886
987946
622855
313619
198484
136206
969267
900343
857845
510219
392822
468366
19616
26306
563043
414889
833228
672869
31814
380775
691287
201234
54371
289960
833615
159806
209390
715926
199564
823069
711451
432652
242681
29602
61655
861399
680609
742055
101323
702475
636569
599027
674703
369025
801182
333448
64562
987675
766672
552861
532835
415407
817111
433315
559374
256169
706159
622270
356753
511833
935817
810972
450309
157008
84040
184525
500626
351375
958703
82322
315257
63260
281802
667804
428888
892163
670879
759430
320844
277323
522243
954677
476921
591416
407268
704068
301568
178041
464558
987821
360899
766022
202556
254682
255262
563789
630254
452442
793181
780680
730575
443204
232786
195014
671071
511700
827167
736492
457281
133249
175887
297571
238470
115678
588585
959903
524654
198702
861507
655785
452057
555374
699446
355946
520996
134606
72278
78786
517721
714331
308789
810440
217591
407719
731994
122008
955707
609942
438645
317446
226134
660381
256434
950292
940518
116085
948807
502920
667652
408647
813821
326736
673471
404287
905541
244980
182653
51620
674620
569670
3248
210826
390233
357858
708895
336138
485160
814203
257034
402323
367059
730496
508643
584851
511532
486608
781225
58559
935502
459496
785412
582830
828061
491012
194013
12732
606008
176875
953641
480019
631204
264489
129816
239038
292677
361196
144385
85488
757789
576208
89886
919026
462413
976256
455935
976407
786485
3860
380639
823747
839080
878047
428974
502048
680673
900920
490182
123945
498945
977681
583855
700577
592643
241749
726253
392177
921820
761980
705793
884352
532534
523501
868856
601887
562135
29562
132283
348080
246557
388309
388012
162111
961731
985169
437286
445868
351899
946014
435654
94837
689488
487303
384957
703423
766664
884846
224124
175749
205511
142218
72277
343649
249591
55021
798802
163377
160678
46923
29336
469938
651280
702649
547991
918669
830400
662168
938116
911532
606916
2005
868590
327558
515622
255957
250998
902327
164860
592858
9828
870636
688422
649418
762750
941795
773777
697547
714397
143767
549067
188467
926282
149824
967623
504331
520378
187202
5976
61228
582677
869860
672606
52220
17368
511068
527566
427380
522271
155852
284160
126023
148009
814230
222484
277510
598059
335310
9360
596392
727535
218768
306278
345682
135316
178719
378386
844364
843123
831841
719993
190176
111605
41512
677187
322054
281863
108081
117481
643680
996722
319013
88167
291088
49834
994277
808554
500477
154887
190838
799935
426146
488806
180473
348247
62821
959271
934478
170249
811875
25240
7887
174280
515413
550335
196861
479773
556729
35520
545234
214376
18969
262509
633279
839144
400107
506659
75023
663732
570344
380315
97609
60171
22300
177568
101247
797526
326488
468803
926022
843949
61940
790303
788190
302134
276778
488618
124469
487611
736277
138813
453037
312890
223540
916187
508006
974892
823979
643663
54197
315125
199501
558586
631833
486393
845210
205651
791424
238906
955591
497876
522730
456811
307069
649239
828527
161521
163584
786990
830510
335851
358826
159514
995981
467172
944964
407541
350482
908044
87835
547130
638513
391645
585809
649597
949394
953886
868683
615229
827339
718728
185441
902155
357685
988573
184664
47225
423664
477992
465359
205373
436329
359580
709826
913451
775786
476407
427271
800838
310362
154169
405646
469933
829483
9920
646030
370810
616732
436196
683415
218381
41772
17615
581975
164972
500314
686780
312
494283
661668
177701
202105
402791
195906
911046
655503
82835
148478
526779
237496
54751
595641
472504
767788
578598
647638
563561
732491
733167
770927
804079
335098
325475
636867
328281
594133
795508
770101
675075
743409
811160
689527
10945
469685
74425
405132
157836
750663
27852
635881
300010
542000
926268
89263
763898
55952
704613
399022
693836
674436
322496
25294
674385
296950
74272
352099
566030
4615
644440
598749
772847
806791
806600
29690
931702
163262
259247
266701
729866
787319
154903
739405
693257
791877
209439
947355
429487
999470
82768
714271
594681
562240
978151
523483
584592
410056
295020
285333
128704
934753
577054
72419
552730
951685
313935
676662
547036
429249
32458
119078
129122
978360
812446
311472
593150
144756
250824
241635
305414
956539
846211
479281
431433
374976
528807
644985
527375
657382
153515
737918
128882
371013
797230
760131
741843
917400
365575
804309
17202
665571
255214
304402
402249
988014
315675
389670
164387
712081
435612
288531
228138
270210
96290
341588
354372
507450
443905
366432
640068
963911
790609
216314
887270
714487
964827
71955
670572
334084
225086
624186
278422
635676
471458
555202
617891
354858
896051
164701
983258
649292
816491
194693
69817
607770
120217
96248
522996
86395
750629
892889
842001
920642
632762
174384
519430
840361
634977
420310
249536
522394
846405
525270
707849
478386
102535
134437
425541
2636
317704
119761
99090
127193
258393
739513
128996
841893
390268
467239
727420
707218
363064
415300
351467
607373
921009
45432
185806
751835
734722
569365
232274
791369
416135
391837
445344
785046
203990
938582
67496
489506
715412
233837
507932
558196
373709
50726
801420
851030
815806
67625
720742
406767
59377
853581
559901
429803
353718
971911
66145
384590
988365
848162
109279
110148
171580
553623
88906
914875
146385
932023
548831
500087
190986
241318
442975
594046
605956
580453
229229
962401
439673
139881
926615
974819
351077
948713
732947
842954
275924
518795
810210
289333
339335
905059
731124
973952
771592
472809
439443
322886
2960
470787
319502
110984
734443
718641
649666
883825
577617
770536
175787
697929
510991
694411
374968
123706
305865
300036
278826
679427
731238
434426
355122
190427
579700
438959
72243
135143
501204
655747
235869
630622
994877
766991
656837
113334
25105
584763
699607
954070
649761
635877
784629
75414
724924
551130
565709
368152
167386
176792
309047
778463
329196
544033
947328
320972
646812
777525
878158
745014
634543
107093
250076
319227
333958
843590
236410
519559
401606
840493
904211
258964
822351
894092
505731
991692
753937
343488
361219
235585
105503
863236
694802
152219
623290
207447
509510
64048
549100
748243
923048
5080
50947
490266
681950
295449
557654
473387
821006
499678
58740
879722
707511
689483
306317
32077
675723
568946
181296
29742
351462
768988
895901
319616
968349
741715
482294
396096
893016
758367
55735
273616
561824
51460
980046
319357
550980
162540
356125
836960
699907
382132
425618
148292
967865
148100
863056
545349
961881
188100
384531
895840
830132
173904
129506
480355
720745
694259
57005
564230
265595
473766
240189
427293
880336
947057
91621
270933
450751
472060
457324
914976
843569
675098
734117
822682
709045
970565
430099
957197
369601
711301
304369
780087
965110
557856
922861
439478
706823
557259
532804
534754
688631
79443
953135
103750
670614
230425
905884
217195
568378
333759
817243
605732
19785
399809
401734
511985
293619
796620
2451
579585
625607
329843
236821
536617
928609
174060
460693
653882
366512
501922
115922
72539
774773
5231
426347
258060
478255
322087
173866
592451
315236
127452
287495
812860
21450
469804
830621
915066
63837
487351
330451
312308
531137
903943
974032
657620
542999
94619
126612
116469
265644
466369
833309
156570
278024
874262
46522
732649
65135
785185
965372
271719
259514
227907
173092
610660
220383
437693
643676
54150
738860
877353
838366
403315
979547
198168
124000
9672
812041
762030
620731
749890
961989
504355
681897
744903
407738
263218
659364
680172
429580
324710
876913
489411
746076
616519
147401
675147
162030
128784
645329
985889
762136
200860
958081
443859
962597
235145
45304
881253
171662
98639
439786
387252
13564
7544
550757
189015
404397
651274
815461
32350
65499
745248
941164
508276
910169
223134
509050
141355
374096
805153
69473
136056
610637
650724
799061
475585
445401
863776
287562
162381
664048
167495
225477
813000
353405
281588
535301
884022
878528
251481
314372
12186
755582
559189
396322
839908
896861
278857
17526
831451
565044
138318
49020
454603
910785
358740
916060
293159
150995
898952
836163
874585
866823
860980
950143
598641
763817
643476
764630
746132
676862
647839
823109
348161
508817
949476
822850
10762
4226
86782
121983
997976
440474
846762
896587
221575
618006
282239
118496
732295
851723
213136
967426
883140
302977
403725
1788
644811
731373
498015
834867
912358
256938
776376
59324
720809
658191
381144
88254
260094
499629
575018
25719
698447
434364
505347
910144
281921
192774
167548
930419
188316
253715
305018
38190
352690
193219
559888
911869
245916
991114
885615
35402
811850
86730
127601
357505
310491
289071
748448
688428
139393
524375
449987
718554
287658
286606
539224
531819
577573
405730
489509
262793
483353
76139
15691
968915
1445
357035
561173
870584
598990
154392
556071
712578
338195
745513
743810
726997
578290
729181
680710
338086
423804
603243
699016
119361
406564
874278
199184
775928
807597
262425
30602
814421
193181
946308
550734
585106
936651
762954
213838
519906
52897
651092
652992
608590
433983
813336
972497
879894
485773
383089
638028
861797
132293
448584
33085
792643
80042
392486
356141
974743
346057
517480
62873
454945
75004
699089
191794
284137
581241
863891
801815
100963
261566
9366
131384
417573
367303
529414
233409
548047
823752
701051
367709
660151
408494
987987
106027
95874
510763
279866
25291
165912
95382
906161
418327
627623
31566
41877
803369
482792
141968
716446
1768
665189
326435
837143
601534
666194
391724
787026
268960
136024
477447
874713
143899
877535
8098
195777
381463
19250
262198
904387
788235
599482
548956
877146
572137
664052
485186
639729
596597
219483
144486
144635
932453
500918
407826
267952
565557
957207
655489
768945
453601
96930
291931
989878
19883
497971
624221
950444
348424
387048
23960
973407
59185
735218
691106
604238
319465
917229
494208
238374
486773
416451
714573
343253
755508
665999
907303
409329
814646
898353
267224
56293
901115
130832
301368
723895
524343
394972
832037
172664
201377
326646
967860
298106
425463
992575
159940
598089
773163
984021
807433
480821
661130
946157
897907
449635
715819
380509
184014
650153
817090
769892
877143
405939
925044
29760
444004
6672
725023
538346
696044
840332
314387
942969
403660
356665
311424
814947
390705
122193
869075
522270
192671
336545
940413
427307
703225
605692
345525
710478
878626
910718
344013
477462
924754
191981
333324
437173
682036
712720
776526
508518
206651
745596
556445
577478
828531
747650
810680
452793
975742
116522
455643
821193
456639
285986
639466
179037
835707
173506
179702
235456
142517
108982
45214
435073
953403
334671
799771
672097
640404
123339
712529
830548
514578
134981
895214
698249
633955
889407
100795
151227
31978
915176
893244
28343
779872
471636
503600
928890
458111
620816
113570
710468
770436
325214
659171
812451
702566
865521
929483
202954
705772
566237
811810
792004
430211
215329
324599
835802
315295
182345
824411
580847
217720
953818
251564
110306
121185
231355
265152
764244
436097
550772
378788
113649
210665
532166
72505
434235
517138
394299
264674
862466
448366
568318
454263
604487
631386
772616
103543
403439
601130
33444
357047
503148
354760
211386
334196
96467
520529
893571
420609
888003
299049
955171
55234
432059
28103
397965
278771
351526
535833
624007
182849
691424
472817
584283
220215
597282
277304
699944
225932
732107
344079
279917
783663
659233
812172
948586
287151
350313
771239
113062
834851
78474
15011
33910
931108
91493
876987
438177
885869
129567
942862
347332
43691
218229
774971
588841
831357
841178
10288
376875
5468
979606
255073
859924
397580
881301
423720
196365
765922
903493
696544
18584
166910
664878
181743
710510
245279
63192
571703
292996
356541
79405
839059
636723
707760
972942
453408
514030
886463
68960
219348
402813
493183
527214
823482
467541
498333
910398
26210
900894
364752
607913
806689
61897
293631
260196
179448
490401
532574
768399
867426
625589
396558
409324
574580
908342
590362
27418
163972
949868
400997
21889
529785
995484
560782
567727
455105
309280
275506
646965
78442
97891
709617
56434
144222
972860
825151
145467
845722
924428
706564
871570
107125
499612
712193
881396
63688
182893
990591
932454
402670
824036
942207
846817
724299
517829
97272
6971
345849
927589
588259
536376
242982
452058
231068
71531
321801
363616
486457
558330
655057
433089
30843
893947
685739
66892
620932
952127
254249
751554
164817
564832
117022
212362
630549
866110
640112
646610
208294
733002
742015
533288
273746
838649
614972
612179
758874
811728
152491
100407
390699
935281
483728
982527
937447
405604
960920
385421
926642
107193
800593
211751
724353
870411
146394
621376
172697
33895
583357
939229
421599
41440
349659
790471
141281
676614
223777
784556
847366
694169
491870
737749
284958
71185
896193
543603
107777
438851
953360
8352
873550
493462
907069
920919
701138
502070
626896
983997
531142
951490
245432
566963
817393
843387
587584
69742
550177
280697
14449
498589
252652
788325
469706
220284
57653
224850
866084
471301
244025
608805
679829
343357
510585
105605
15021
732548
727174
787338
463704
615051
135807
761591
697389
1430
37140
123351
105166
532879
50389
507911
911257
675622
564627
962811
76056
993184
29602
807374
633594
198672
351037
788282
296864
501811
567305
575188
572195
239021
673398
533331
277475
272798
830813
30574
4269
961408
903358
676942
746652
359025
468981
2396
76766
897115
609452
417352
794941
994922
510046
247230
325776
897054
644238
402262
382462
290941
530927
612377
533837
128183
568522
695517
283393
540600
974776
583838
679187
449988
927342
202688
344180
778806
348499
807501
548700
475382
60453
716782
600205
643296
232865
544832
361424
398650
766370
90737
612476
713393
193671
954582
608788
64991
655201
797640
779718
753983
657183
151413
137915
143175
651380
46563
874770
966391
793361
295625
17305
357014
987030
656638
345177
878762
775009
70391
431864
483113
441844
169954
105677
452771
680975
560351
311535
547627
967967
992970
343817
175624
496782
836203
644765
17003
255015
712404
312113
991692
134009
1641
490118
615971
279181
267555
664062
629349
789096
116170
890379
269073
368854
103618
929475
566725
758297
229459
193788
528428
600790
174890
42852
391967
870142
234428
469682
230166
496228
100161
748657
511356
31843
961030
339334
629829
500348
372458
843035
274625
723113
300336
787569
506593
350101
347962
430993
498614
600574
366118
870587
461257
696255
635763
185912
50593
764537
381294
349376
103092
723827
405322
854254
931632
629991
887345
95085
253566
32353
41165
204691
899877
161697
123486
574579
750316
110294
7211
737390
178411
818166
451687
308502
648860
361326
153884
223485
70843
838397
914385
102835
435985
925081
925745
737489
155608
671000
580386
870243
671100
833819
745268
807932
401805
815314
479224
107346
918518
967628
472670
285173
629078
539163
696690
689360
187271
766040
484403
797812
362695
299735
503148
832350
174756
669347
598389
355081
850
848933
719309
180930
96099
226705
822051
473216
422076
132134
157044
895362
753752
729239
797975
498288
87318
606352
397745
380253
406223
748891
558097
844703
64412
519000
431094
733904
183380
318800
564260
930304
957526
811182
377073
215746
445872
606746
329416
353353
126719
987677
596259
229029
368811
84391
743954
199072
839541
522717
581531
826850
494630
314174
606882
701632
434346
460366
678591
200161
588687
696258
850437
40091
401247
757533
908828
265663
666970
857735
799006
41050
195288
51223
129998
677560
301792
893532
322257
692592
258354
165055
989880
99066
249380
731128
922086
184528
796309
291840
348794
541989
735030
937953
426102
9565
152541
100755
719623
2417
767600
425867
756478
598686
204484
395
622630
581508
983197
497367
268149
730815
127845
963071
772750
309222
343231
866837
382110
563002
947282
238449
171052
590894
453446
895012
627177
697517
480127
264260
283832
556895
113949
424966
10596
159800
502054
145317
562582
228108
750407
907924
487172
354443
241676
594578
524431
599926
888368
972892
870176
755386
729025
840543
942924
527140
460074
301762
521083
371974
931677
457097
242272
486351
141117
711729
666611
41986
176242
85742
850646
231866
826309
521675
566799
977977
338237
14209
759845
598758
612695
315107
213855
665230
641580
38841
93786
801514
575955
132949
697999
494747
791862
861088
905019
829821
936353
412646
61008
434871
646195
913231
864639
499201
325125
301794
224766
478879
585211
895584
789727
452966
270312
830526
465205
817292
815965
66547
258787
248812
924508
432665
454549
346984
825210
730733
146461
736776
331240
905187
393580
957442
361305
103617
108826
551805
959339
443593
939936
902618
674856
301711
311711
490847
393854
678874
290756
176102
905633
345120
587301
793445
660798
413496
477498
592952
517844
474547
204788
997102
877416
971286
726589
413008
95726
764485
51337
802757
366309
122118
193165
42539
559415
31736
207558
705460
394144
42543
235755
571901
22049
457886
435503
368724
327491
551547
870375
148503
37195
880342
142203
3082
992566
864905
575158
938939
838398
652494
858899
395721
51480
560279
503974
72531
479122
219672
978645
812465
923293
657609
940562
78868
957211
676735
252714
690611
966709
501269
219419
511271
740642
985738
225188
247460
512901
539253
497762
365910
151383
465575
823777
598097
542309
353703
840762
485517
527597
918604
264715
903804
651468
379786
932492
182986
483828
61417
158036
246720
558918
269226
914775
67671
919624
394327
944359
546316
40696
501720
745234
329356
444023
455840
883406
412225
50549
571899
531119
67426
82992
323696
239166
205804
883863
597374
34707
414016
809747
863229
466480
744118
591754
706898
359722
666944
803575
121603
839450
219252
650022
304716
542153
242099
477323
687507
793580
628850
737653
392188
156207
67315
398264
471429
816830
131594
100850
583061
965337
813992
697616
356951
127754
813023
63531
127551
869929
233387
673396
14362
281561
655278
352859
144692
461476
454302
227779
942036
794391
776816
237639
296613
918037
287220
179986
428525
444800
786810
541205
375779
714066
216079
640733
392118
103493
29668
666392
993562
208087
345162
527
455369
379594
974837
823633
131794
804115
439943
166986
323147
769005
671532
113885
924496
783097
87100
884505
495215
624901
567284
776141
765338
225001
940576
190557
713165
846103
176024
364385
544736
908015
748108
712092
522293
50551
581750
12746
689122
309536
350235
536890
94707
303395
178664
96044
96381
417029
836607
701329
871900
852691
73456
929022
481461
471739
31098
725041
852190
857334
271561
257482
274229
675239
87490
73498
563986
878720
307772
703671
163818
323232
178417
294467
754459
834003
694157
784213
254016
208260
982868
368542
7174
745784
997901
289891
416448
745837
784511
421900
176110
413451
307701
649909
609411
625431
538583
824462
82346
649318
468544
689034
860682
275790
471852
529298
906732
387617
813566
635356
970655
596467
321881
934032
949039
610825
645921
523573
770336
772067
750996
627589
628278
324559
52585
51113
282757
842203
418990
905973
503608
392392
582176
642284
768479
326421
983263
814300
685730
392044
173793
115981
712320
443553
336064
394228
493477
370758
574935
242944
173340
487865
431466
263188
315791
554112
111609
353501
997263
354731
138121
893573
200864
458284
746375
35464
362248
550832
440607
685181
143755
117791
366520
657114
263106
466467
891941
949117
553308
78346
124198
975829
869455
555843
858480
793748
754391
291550
969497
735789
890120
776030
8640
679216
676532
343710
709352
574153
559684
755233
137006
566366
136848
745014
305433
773295
675986
299692
94188
449941
580114
87433
734021
411283
844831
220533
192553
191724
371274
203953
295392
887867
681222
284398
501866
443612
832871
262096
528577
982269
316472
448027
553232
380255
512452
721360
149907
463626
949554
648773
350576
767522
403204
704345
273514
513595
200415
437494
562535
867291
244195
604030
230072
459303
657494
111336
340726
38693
72960
64862
295874
840401
261711
77210
112074
72513
620913
186866
596778
894752
386369
719889
850771
521227
933488
728543
642332
604869
891884
359978
227827
355435
874562
383956
912811
14605
527533
30731
803070
904644
46027
824601
848710
352091
18643
189190
441242
861787
817670
7886
903426
962638
276051
150930
323962
721384
928783
749526
40994
320108
596877
564202
783400
16030
778235
494757
484896
759464
999091
781096
753287
921886
509534
422134
3150
237822
584895
915996
317535
955209
429386
136476
463729
326638
999567
45145
724004
860641
561132
636780
680805
406084
611245
531140
774340
371057
490466
942610
337226
637413
235735
162893
774542
529687
162586
714188
464119
825522
463081
237097
573101
374865
753699
702095
344523
782251
632336
388994
898074
875516
852353
233371
775170
396258
384784
455125
522560
58821
973391
33625
476523
184357
963980
881424
353493
730072
457532
799458
881771
812863
787950
507416
344479
314725
935343
838237
447142
197058
174299
390264
593468
694030
327733
700516
948222
875051
485344
368913
240854
443155
464846
427029
844549
421933
449810
270508
470567
483226
836694
575168
84107
804377
819057
325314
721389
131447
953462
692130
236215
660406
394046
295432
17858
208917
501528
868372
33746
935843
615366
27615
607374
754528
384262
618990
537867
335545
756211
867450
558246
155071
293654
38594
919265
207054
758296
999959
325225
137686
347319
39139
917085
86957
138710
532291
479918
502253
312524
940324
14081
876721
508324
960754
507979
809741
176392
500850
78342
574064
105332
599209
478379
316873
984372
343954
95183
724074
999793
6897
26961
84232
52358
80833
303553
345819
774446
905332
83689
232160
460703
534375
376727
892033
549070
412857
316360
718420
392382
765047
371397
428489
671843
505525
26256
110737
335204
792020
896705
280902
387508
638284
76662
269246
4341
668977
516462
574989
198527
682108
684429
104711
930848
787003
546282
395732
633869
253548
207846
844934
112623
112129
653423
756607
605501
587893
752766
601701
442820
272115
178418
925838
871487
827819
919916
803111
81522
921225
458423
350129
649570
464825
816085
451895
361063
241631
952092
268440
307235
518863
510978
687858
992133
922805
804747
783727
439509
664466
673622
499981
418
211776
858576
622892
966079
626697
81513
475261
90286
411825
170422
322939
121673
894397
129223
312082
168577
22433
698419
989481
777117
820361
963996
948391
478620
731767
36719
94331
481701
111677
726981
804360
545583
758282
945213
927865
419867
799896
423037
986748
258168
383062
853626
610158
705124
150471
685864
934794
105663
733722
847900
105512
386651
646296
235160
820451
353796
159191
309478
177642
816464
306304
309601
605540
757529
180114
580117
957565
124199
699977
863185
779461
760282
784597
233834
461119
751938
726510
683684
708283
870706
835257
280249
444553
45827
217852
197751
492187
20622
148116
558124
397413
453744
356643
955097
123457
322544
812023
27423
405203
533654
272987
993882
603003
381722
85107
798018
904365
103977
756452
468963
758176
618761
189019
417645
49409
387441
235340
757175
942925
789647
976854
420913
504361
221764
436425
129361
250098
889737
879891
149870
786580
695401
712944
927739
823469
850732
494181
218951
853862
493882
856705
643178
439359
904393
474482
528594
415340
893335
247860
589789
931531
466866
609512
698933
184797
79419
837961
516316
529447
270968
224888
151485
222204
828563
305521
755063
592605
88075
772522
563758
52557
456101
944371
898811
364988
725096
522373
116833
415381
984524
284704
206003
471315
560005
139044
758475
329766
247265
684155
988693
312869
900569
613353
374683
802867
180001
484963
155744
986108
202640
693504
825482
781599
924923
853088
642358
478379
862531
654117
482495
156170
805002
675789
458813
634696
44238
857401
99592
638015
553510
643368
598916
661216
302970
642618
350365
431310
824573
411870
175746
360080
821719
647255
153180
450612
853697
465257
269456
556694
188266
279423
471715
897856
635931
810104
700834
766453
246513
851365
547937
880479
649025
546936
14015
884908
676457
25135
470139
455540
102507
591359
419261
254755
634388
15562
134846
290270
177412
678009
294908
282803
151056
256926
223003
200469
428191
500908
136924
491235
320670
283961
954149
734769
941860
480339
832287
372224
264754
224945
947466
375199
581803
629838
915395
349346
498727
818222
119770
549823
277284
789163
373961
353252
655810
126077
55724
479809
120755
978104
669671
274910
571827
520100
468001
529502
87067
645130
191696
547131
819015
233169
626647
491284
260516
952792
658783
961989
764336
422204
670056
627785
78965
757557
963643
512186
398229
727324
916106
384994
543168
362565
942292
218231
614373
728552
210439
852578
483230
372090
59803
946843
716881
910437
97024
452365
978787
864454
170039
108246
265157
835298
229138
476376
204035
755002
465198
830131
204067
722232
330531
861761
952126
901655
464482
930877
21621
649419
10228
571862
270583
684729
372938
619366
525313
951198
891129
27533
316763
744072
629208
183213
726326
362058
703416
393137
342632
439905
200444
869888
956377
866022
224086
23696
685057
281457
344713
593754
829976
556429
457147
656060
508281
313808
494989
79806
141017
735768
706012
212663
816901
163295
278938
791611
920941
456217
454510
192657
595326
213144
43272
634360
974677
953825
866594
877524
145025
852714
483982
129504
902907
674334
311873
216073
729174
139576
912655
497680
659541
314034
395069
489351
367239
543099
358946
550636
765496
557580
981815
300457
17364
619268
266957
438563
682237
523182
948864
79475
17348
15350
214834
518259
875996
66540
47670
338550
611413
222556
792602
781357
304091
163723
398924
274483
264367
239129
678762
168018
957543
246031
907341
388626
792335
214305
874198
528747
28767
465403
70758
568309
701161
586666
559764
235370
394478
270808
371865
865836
124
503558
696719
607955
481831
662982
879428
543510
909582
165194
89662
332208
413413
9063
525468
506379
885561
384719
938439
392873
575089
308448
758511
961074
882383
306309
433306
391260
927832
718542
409033
204961
111243
521472
8875
643865
909802
121640
438519
30653
952938
449407
290063
975989
225065
475048
197711
866474
372775
104624
240165
617248
985977
308346
989098
182771
18723
795154
719609
917034
108498
665773
443342
498226
846336
697119
193789
259243
171013
896465
878082
896773
88325
906731
363242
14360
806080
273247
944277
524129
834985
430363
298935
545510
571509
798376
405927
898191
361504
981694
980187
438362
839381
520552
887744
550139
974793
885077
85030
433701
127025
701043
845959
873597
174755
485161
46110
964653
454812
83659
333467
369320
111954
973977
333242
170089
879167
949392
501351
922838
288085
35558
420425
150926
976856
827966
822444
920746
999513
234693
201352
212666
510497
326540
611863
148687
796683
900328
816647
95808
397151
757498
548446
706894
276694
908471
343878
657913
90324
996523
28820
317514
977507
630336
766577
278329
177167
412754
283236
497424
130765
715059
538461
804907
941877
472792
705430
238148
425411
881759
787698
530649
776887
351724
811355
451133
433356
110457
688737
269993
32580
282062
960595
778532
917443
335816
990671
203175
181787
697111
931945
788665
575106
558005
369227
245530
636879
92848
205133
342165
974042
964588
425247
767318
440350
692946
380574
624835
433524
666849
209756
488311
514997
237494
990187
94212
155870
129479
86952
216877
120489
993991
648057
98500
888036
631771
398947
468306
13907
141308
825431
695635
960463
862177
426694
268971
556354
624168
979432
466756
561645
819762
638716
313406
654752
796490
32819
412004
686963
683104
802357
607439
956081
683970
835336
134080
343177
558655
297038
735881
577120
477455
413529
857758
11575
866731
83452
432634
405481
119987
864444
867123
352913
179254
484798
659007
153245
547503
706874
670914
115575
346013
584463
816652
12425
575714
691431
614652
618661
368293
51581
487604
392923
911767
538702
368832
28888
346806
579436
685118
128277
206450
608419
811934
309500
502937
397979
997170
292540
908619
339986
123541
384742
555266
643476
765631
396336
88374
830698
536254
236204
762773
486429
142860
591453
909963
394082
809313
494969
548528
232678
732143
814981
748000
303379
498130
557781
280614
23124
603077
725374
3016
387048
402078
385875
858086
939489
220928
179288
999586
564025
508467
110535
848261
91910
774297
356497
315748
988286
609354
195378
139328
492448
801174
611086
18878
302991
696742
159431
715341
611647
547713
527508
275514
943632
451848
283891
793083
911302
558301
585896
413460
937825
839873
105848
318558
966096
547945
378074
243968
975551
907710
948642
625448
851215
577985
123350
778214
496137
475695
481024
803471
689355
614270
332564
567830
651915
738227
815449
174012
514785
810656
739018
950325
450158
967637
341026
979210
115593
159478
566208
217441
36333
729537
771517
814350
593441
843027
108770
3300
434237
677689
727458
684089
77015
723995
532406
807626
678377
982845
124910
200928
450380
274162
499854
242839
4756
55809
285677
870155
755029
96475
234676
249253
279480
615573
372037
786358
759982
842518
221829
87559
991597
436187
602700
892319
309210
699698
337974
94571
142326
109631
616555
90243
526756
196523
449385
120415
833237
341685
977121
263407
780366
462120
716910
94320
109842
946437
342923
685308
242512
817587
731378
18388
203395
473168
497085
185527
803986
157504
286761
459579
113046
130589
959487
621493
414228
162089
342371
271199
237412
806436
960941
627128
850534
292345
676422
714828
468452
861766
410190
621344
180305
297459
761193
168934
539027
220128
498446
257405
13525
561501
995183
111754
997240
536689
567164
529848
704934
327833
371413
178920
806648
843640
181984
7967
538743
179015
221125
38796
89725
743182
761204
581783
206764
969856
406623
935808
20438
41743
655157
753004
85006
482538
311172
88998
177637
311685
35502
408544
908931
37405
731480
607540
361682
272927
184794
573761
952306
48650
453554
443982
85200
868736
269393
439076
869309
215023
769506
481087
556339
379667
289500
297913
473170
126940
218605
419859
535014
728761
713987
204428
762236
681551
273417
408597
507732
408934
52072
221113
125948
425106
244606
966402
696314
590068
350268
718634
748665
138520
500428
375513
944421
507232
5201
556060
13707
281227
306597
626814
465479
80274
703281
683981
490960
706726
385093
277006
508718
635858
651777
585132
288764
298330
91668
746304
392184
503715
50647
220772
437447
878905
135101
643495
471074
763309
778087
564032
438351
485396
496883
968016
54625
924463
530998
868539
205619
820564
444603
650383
764801
752525
679956
295884
290356
940872
690591
302894
368781
827406
240500
915341
233273
924224
324746
199291
515327
115102
681913
939226
170102
565282
653795
486503
501356
40072
165762
783563
339865
932604
263110
624287
576828
653651
138276
794102
929015
432123
37501
305576
264766
395507
620176
818087
631273
651499
634773
463523
503440
35407
845607
847277
418486
844975
381910
636985
224251
492969
237145
83006
372241
210593
402752
955131
19584
564380
198287
659561
574761
548190
59396
739469
179092
296712
124622
699270
731969
297621
96597
128515
750807
951355
632957
310054
150616
87601
429016
868278
80202
36411
33135
953683
338134
327419
28071
164660
24436
100998
584836
270218
817768
570878
923988
911444
453736
123668
255594
707263
193549
660028
770238
784688
143769
646580
148750
210834
303409
805290
23000
686930
937215
630227
19131
843099
157686
778294
623661
716838
506703
839494
220008
927948
411748
162993
543870
595199
4221
94647
2525
416244
627865
275577
211046
746220
325432
547591
253757
631408
730937
790453
354847
977627
59504
632907
19294
655566
743239
798551
656859
788537
903207
859202
204895
469102
75144
930421
468313
368996
988282
936565
351964
623376
431265
43515
854968
203634
380907
859136
877053
727512
31076
512682
468209
811062
615816
371089
463618
292754
951467
660731
399036
351397
518878
791808
447330
881458
511223
807528
61827
423637
267678
831727
303801
399304
667838
746748
119876
931224
719491
784405
731508
72768
661740
617626
387338
472616
503408
43826
177183
949020
505
650768
448510
664342
885253
883718
268131
69110
802611
157049
5195
872835
392882
247094
887100
398832
316534
543430
259969
447083
554548
416996
469721
288752
350414
271129
571026
925073
185281
472587
315779
794295
651449
859610
374836
994053
251996
907380
283147
416142
752800
113562
194927
645681
730803
175362
631360
178651
76484
848059
986757
757825
959604
539345
236051
459449
765654
29816
352046
872085
265817
531919
881781
214484
757605
152568
945862
117624
705390
295102
292990
980049
325647
450268
900596
580466
948402
881657
862363
334283
275293
519914
184212
287393
814131
978922
85376
621290
365715
868518
993772
745169
207817
37197
393109
469307
161171
921893
104372
283011
736224
632380
766258
565871
651779
55743
629471
34203
23643
214629
537285
471691
426691
946657
975883
361396
839609
493155
935286
730652
399267
935353
694495
723702
646745
218764
14746
782616
995147
953167
335784
559371
242081
349505
303389
704164
850328
240631
783060
485740
933714
72026
477832
765409
337303
982952
909975
810313
217164
869525
746465
103855
758637
681319
837179
861930
625933
539600
624806
217861
751014
692944
173860
548240
317877
907839
23958
110029
540451
512199
721414
301038
115974
137213
843049
156958
463230
236252
683962
277383
202327
167838
669172
923848
281181
344838
69452
954403
746458
364229
682335
325084
908657
614376
83568
909075
299475
518148
244340
586507
88037
59662
424166
763418
454944
874371
822471
322159
911231
285807
223103
831150
769200
472226
861725
642677
600896
971371
887672
429007
691067
572115
112672
911204
970965
745298
216739
857600
778662
777068
280954
527642
739242
617817
69461
694409
161770
166317
871007
995426
47147
291202
534116
646324
501878
888084
594217
144428
740541
898130
844252
773884
24304
235469
758661
49558
163060
3825
113829
704750
544769
54078
417866
323238
379832
62563
6107
752613
683611
158707
89902
166693
950676
50616
932429
692105
567073
418994
632111
920563
69623
324272
588357
479813
671604
904917
735820
30367
788449
964816
534660
651511
500042
426649
640556
112137
446666
373887
554426
449235
269117
808709
170759
678785
774172
716135
388021
196782
701295
878799
594088
463722
9678
95328
667600
470005
492188
196409
664787
241877
465643
82333
657662
241264
275856
411385
420198
428673
414947
84736
936593
53977
571777
794516
265049
309379
739604
777982
8231
449660
417245
606275
609422
881274
743494
260647
129054
780093
175328
229385
545828
601793
937925
448102
63786
32963
706498
673047
334211
803433
708769
732649
421381
4152
307247
617869
760048
372218
51088
396227
803767
260055
403359
569736
213160
261241
963550
687798
16811
184792
205534
342432
289542
343131
408329
452738
581939
638789
490395
83954
623161
266819
276299
418192
396706
789785
585998
429398
291297
612789
610247
230785
229825
91155
950633
306311
982928
605858
133105
581125
621521
712192
395268
361218
905985
268175
381424
609533
289805
365676
327661
873826
270349
317536
282258
972656
539243
495670
587388
199200
566836
65320
992926
907136
283788
797261
219569
224438
928754
352852
554267
775258
229420
901995
518998
906583
377096
416097
662950
518262
334580
32217
24921
303425
100783
675518
979394
399883
27645
783130
664020
316876
965279
206505
852767
579111
769193
861803
863449
894798
249091
434930
132940
611009
246235
582761
66337
160862
926771
194470
788285
830945
155520
127955
285749
61911
375039
711841
521988
293159
308498
351127
998570
436154
345536
190416
602272
97167
886877
721039
943850
484142
220837
202086
365976
969662
355541
299696
131038
224117
427750
312677
212265
436215
248192
118104
983075
228759
769807
900399
567640
676955
199247
945762
952988
467078
491966
136913
806366
285373
653167
913596
109898
455379
697951
489574
399196
85012
42688
442245
573163
452061
766279
1063
398434
56604
268989
625211
181894
888602
806878
31060
7626
904297
621994
780636
999748
759274
99350
639016
347187
761964
659768
549419
272398
149402
405731
853543
241315
603625
826139
818498
560747
441478
25318
528168
646290
339648
292492
105080
598171
11091
671784
602787
607698
384423
626541
909255
559684
718311
273634
165037
773961
916374
875461
335282
879665
237593
401124
618994
180281
797457
567842
487705
240319
234899
903459
427035
727661
170206
621842
681779
727363
627410
284295
671948
301837
131897
752842
651927
863717
775584
497628
333554
463982
97486
59250
820040
944011
655390
632214
112923
197748
390502
839664
736253
294905
959890
21460
817443
115508
804572
705749
97184
851042
247062
951744
313005
770983
128404
627466
80711
380270
907678
224124
761134
459131
579969
902147
856577
810869
299490
327069
617647
55965
217662
683710
32390
844606
223863
714716
773271
941972
668219
908892
766718
22473
228218
476710
960853
900089
893605
65008
972055
616439
419626
350298
1053
14463
384760
20130
469783
150650
160523
5305
729983
60836
577985
692428
244617
154193
834931
842998
269230
876601
194285
187916
481462
498503
965116
207990
117598
421976
690018
97271
970858
873373
642251
948443
700282
981985
771215
675593
478400
119867
919216
530709
428233
364759
859677
740392
384639
89722
694381
557109
506598
335579
354143
460711
125339
607040
74104
827400
876667
779306
36690
959147
572660
271974
730154
728095
966511
351089
416725
742266
972195
793337
616173
268887
526211
344214
771513
989039
218957
313460
257422
32802
750916
749465
803153
254575
289372
89701
918496
403736
212780
685353
301458
772469
754185
285640
709160
349892
820986
876737
774533
815765
250643
22609
946101
835685
475394
151603
267897
861600
982183
145882
750159
238794
180804
501584
857599
833932
762257
447383
618273
523572
945178
361389
925806
760569
759549
325512
482964
528351
133251
350395
213646
391717
929156
542825
261935
325034
568608
509947
248684
681148
202956
94163
417558
530948
344343
380191
88630
104244
716957
319387
809437
884769
866842
34877
519481
439417
904029
121913
319594
104564
653369
211798
691451
789338
284011
761117
696933
751273
965041
608918
37804
790642
268704
951984
702081
377128
259801
859168
562517
277485
366196
205489
702954
440652
128058
756858
878865
689453
718317
150857
142850
363780
522182
681310
137407
244483
981615
310192
122278
848935
836758
306330
814652
858095
534689
401830
532434
27023
934249
151724
667510
761161
729560
286475
751905
936139
395261
537977
956044
144455
251711
330254
513928
201238
372759
23752
459953
278504
46809
419981
303675
366198
450559
53224
181744
10335
703563
802155
713618
578169
904658
102348
894554
880068
867958
484282
271854
728133
668223
789441
895774
391007
444019
46485
976416
990517
231426
601063
250566
978398
917074
796998
416264
461171
51463
403356
67033
39153
535334
150399
394216
525901
12891
475434
895330
547513
106164
414020
306798
611116
949389
131348
743304
510845
645722
373884
659167
936652
793809
131260
448756
241740
916425
688336
141424
334061
839396
425310
713779
618297
716476
729556
377111
701573
28194
405600
561010
565446
298944
167948
711114
9956
941060
297058
4508
227863
239894
738638
71726
944059
960475
76511
174065
930142
86551
527845
888370
439509
242175
419353
784233
151722
158898
426399
716160
125184
88997
510512
63770
258613
206564
705464
109687
540317
753432
153005
704813
641447
457294
44353
988524
954381
1428
720884
728875
75067
336636
517439
261735
801885
476194
329548
519455
511818
609694
664629
119164
431949
45341
46906
651404
435542
85826
436041
863666
459839
541738
610876
774026
801124
390683
537911
909890
417436
140533
336290
272193
365702
185662
4251
965593
55583
18262
548517
982993
358454
60735
77128
254981
179787
136638
371677
558052
812554
425408
100904
588505
770373
83715
399014
401792
876871
241851
435274
535070
441750
675452
473751
616792
687792
672344
519830
265198
335281
421602
442413
157526
647649
596079
727218
652188
418834
694412
186137
125078
589823
712835
318507
96764
441242
481971
541682
687762
839051
39412
555298
649469
875372
5951
914971
998024
249058
616615
280716
129581
209632
749691
743236
663194
211492
852384
569735
871733
627719
162618
296062
285621
583642
210817
662205
493025
2604
38216
739774
910411
607410
274227
523295
847220
820469
692400
733019
997251
61015
632583
347785
85179
203359
457513
199847
662838
662816
951502
516402
827823
2547
392867
602618
381933
208639
29275
951515
907592
927663
924501
751328
433373
266807
351951
54348
419521
818439
158012
348347
697700
930123
494992
86494
481762
593304
546780
606355
299328
111677
448468
758641
844476
232862
928933
142774
455159
726776
841609
322034
339176
66125
598728
55752
257750
725082
226278
216080
726980
781142
965469
332475
786642
883828
849889
722112
87805
230974
101228
704059
294995
37635
238761
22267
814256
162341
39861
411900
777759
389207
631783
262870
723667
342766
538053
7958
241102
739789
367712
590925
572710
8051
878359
237333
277302
867708
122978
277278
693711
151802
572630
706130
636316
323652
906162
160322
349783
757349
635656
260372
146098
848189
545476
364144
815462
795864
750712
416082
558672
274619
676163
214550
340785
14950
45636
471892
62669
181562
279862
775756
309011
847184
91237
334323
961224
248200
690364
388069
90690
468437
81167
788120
673349
145314
611954
903326
564452
744896
943067
44498
271577
599083
424006
690385
418083
621511
180982
326555
75520
469688
163335
719188
639478
960059
71486
248798
229066
541650
559015
925701
343463
342676
832539
857869
417967
214129
11161
644076
477440
841658
394893
504411
751237
202697
854273
849697
967979
604682
465233
823653
816936
493632
460105
427913
649313
714923
484940
481591
319265
38337
350462
820870
649017
817241
183912
952087
756249
316899
742081
146080
78822
347867
889083
991905
497796
755321
8713
549619
889244
779912
381036
864128
94729
70391
709643
926913
787602
93549
657354
698529
154633
884401
667890
549826
489743
723463
627077
421759
635589
635704
29965
944701
136243
840961
202633
38241
438100
415757
969569
970832
605413
263968
25201
460809
115893
53510
959282
826282
122881
546469
262884
403176
77373
241848
377961
27112
564579
908372
418120
557764
66559
777246
819924
141651
86393
650187
233836
529293
515071
642811
878876
883438
64534
676113
918799
974803
828677
364439
976371
736753
195109
626630
84791
367053
280043
585358
47206
763412
808907
264479
820255
578330
24202
494546
219607
666555
547065
832629
639336
558370
215530
218825
824183
239906
467866
627539
256604
475916
127456
481671
21775
48522
148801
612301
629857
584905
809373
31760
322383
13488
501250
188311
352352
865962
95982
483804
363289
606751
470755
22333
574789
592052
358720
216881
616428
698769
995706
220523
587726
245775
892361
836156
817010
400686
175010
957866
349526
699108
471865
56151
480128
349437
168865
552170
308921
469017
847532
548661
684185
615967
667349
213867
29158
917536
47439
366026
236809
951221
229393
643862
762996
426613
785146
386831
428032
610610
37515
221128
584136
905055
588881
439045
972518
825708
119732
955111
33529
589485
943187
851006
174571
216300
992636
282410
739325
268819
961546
816830
608354
299377
776067
429333
715018
224598
691988
750743
262520
198589
372773
577888
815738
904048
186464
541964
140263
502740
523960
912516
38518
778059
285347
664487
494580
563999
535943
953375
706739
483458
702728
573782
945899
988173
789508
850664
689675
230652
851040
667127
884151
806539
843783
926950
526306
628071
768760
910203
647576
13778
665674
410654
821591
797328
40511
742184
289341
321298
663185
811995
221623
678748
241612
831684
196070
366498
548436
213288
939819
860562
311452
777304
983534
6444
71201
602852
170532
492999
173950
518134
288306
688646
539374
186195
246617
724147
291725
317603
418223
145838
66789
431720
411632
464866
175161
434579
199951
697383
347075
381292
765742
220265
995892
73749
802936
690310
17574
796476
34496
187088
814829
357299
374877
859469
764417
455964
155993
826624
479862
186839
358767
496700
114239
360018
940843
684825
507373
726472
857723
876121
235521
416820
985348
804100
63680
638715
540113
65859
393356
261924
413632
927449
940859
873603
832746
682459
527370
938534
711377
305555
63687
456426
895812
625423
9925
647112
950701
340265
4814
662444
100131
934085
217922
535817
711286
263510
310065
147808
428018
108495
899428
659876
362927
51810
589287
308750
892778
477135
676966
138852
928773
841340
142427
96553
653551
393407
487234
506700
641116
638525
795194
151669
62098
158118
468543
176377
116369
297569
413881
793033
575874
779131
661457
235915
522885
896896
673147
600925
103421
36844
805323
637169
658499
587621
960298
529448
576731
967538
592720
647802
217072
570351
581951
59438
985924
669873
843342
34451
357147
946171
117383
467247
553790
791473
540597
592689
160499
840426
285362
534958
96064
492282
437828
178881
766921
195920
582606
220054
610845
617382
191086
871625
112188
330434
78747
328317
561490
737407
539017
546348
903049
109324
338187
596285
576937
709748
58107
629995
875790
962852
905416
116688
244660
346994
710950
62295
457970
728960
513327
468070
393481
498302
280680
813795
144983
276599
442716
494808
764410
765276
758771
560357
325186
81323
767646
87757
890334
742987
318632
493788
480731
910353
327116
449750
930623
594037
676113
927
251050
329558
149175
584400
787408
763971
21324
281555
450362
67205
12852
597899
765099
567952
898758
727214
343491
122602
626383
105970
836667
374387
771228
312486
436691
868308
94591
795809
683539
991433
792496
301861
13480
582871
34373
471793
552932
656379
305116
659588
165191
542842
710442
970298
527082
450818
511856
687461
814837
173601
461912
398300
140002
962264
33540
399142
916348
329982
287166
46299
425573
868865
699549
908659
334923
937012
397318
686892
456966
346260
277970
541739
194611
495765
27586
872043
556674
149238
599797
271063
463629
409674
289648
311453
937328
437203
229562
680188
158598
580719
925126
933969
530247
786112
755288
921941
404650
959323
976774
499925
514454
111848
771717
457168
587234
736162
394315
35351
303496
256947
116611
228125
210163
896750
681045
134388
5830
460484
778275
115132
176367
136234
494370
717599
44653
163974
975193
486213
346749
625428
410572
448314
98106
35410
714433
1930
436887
579357
60995
542515
933239
943825
843853
613473
862310
119423
44568
331411
313503
270322
194323
279648
835682
672828
529427
787068
402381
250085
741678
328151
276951
256887
815707
940575
734808
816424
470102
640889
256468
95547
134892
177162
318461
462853
688603
114907
147379
504618
782255
434372
122144
676360
338790
665555
394310
533064
412719
549737
693340
624668
371966
718676
268186
706825
836617
526301
442220
939885
585694
899595
165001
520150
575552
921697
273362
556955
401758
384523
11326
992797
785993
24637
321810
118841
946953
596004
689391
155795
807007
951998
597690
66191
549305
139378
341792
369204
717760
4504
285277
3064
76057
184944
701293
161506
371386
91300
283654
817407
187270
517381
372395
827047
917848
959413
751451
31271
150817
856571
120510
147431
34271
459068
318822
685937
79748
213627
926326
617733
197842
159464
102100
586407
630844
369253
654281
878010
265004
923440
533839
107882
404261
337229
743190
964193
899004
146716
23323
222335
936036
285381
475521
928498
356346
74309
479340
524002
599885
798291
315335
229263
486939
67613
201282
236470
911611
30659
126027
619428
271332
408435
442639
695850
23443
239541
768128
311754
627381
520783
86333
292639
426284
254094
316790
990048
811950
213590
554710
809821
429314
468715
194287
857347
470883
144558
583592
482656
608550
273707
489013
531019
12600
969544
963589
810261
427838
799917
780735
19612
627912
167079
331297
860157
935377
2207
677301
858806
702936
679808
229657
937271
594185
589020
184118
427513
671067
981539
825892
417398
598820
16555
363267
140831
924307
610184
277518
789829
657651
87856
713775
219104
599851
85033
527247
498622
457134
922934
743260
6647
400107
880560
195719
687806
404745
216521
792084
285995
969776
861859
518341
43794
103593
208456
625906
505365
252011
102056
728397
335207
922500
958507
738587
107
509121
159726
496724
971090
609688
798090
110742
603699
185231
853522
541600
156666
808684
907367
986712
604054
826238
134586
642131
530134
75596
179152
37419
19837
224952
866623
124598
371573
574215
358195
163306
558167
552878
310185
733978
70911
398036
928626
674674
782275
361546
523922
435085
121734
795209
817195
13707
43455
559715
970436
32834
419589
337058
687287
224116
645347
461818
401393
390023
711164
269799
96586
623883
221077
283214
647257
839005
432629
100645
188410
440690
263778
543014
30113
534687
727546
897142
644692
555229
237659
229402
883386
420681
991077
568663
121272
279634
867022
89110
88001
16914
55704
417243
873804
292181
119167
708835
153711
916002
305209
252866
416144
546221
199359
489566
832830
826935
908314
452133
873189
289208
539035
243692
957575
555075
850461
749654
590354
935092
357366
834443
802572
396629
617019
419253
964898
969530
544892
970013
465913
586216
441813
601927
630770
30387
643090
173294
999577
26315
696660
978125
978055
397126
57768
817969
467925
85376
913181
312310
832439
530009
401252
282587
934523
499963
418736
618116
207811
873392
573344
159496
639206
84643
500710
127917
90447
969962
255800
128492
328494
631948
30705
337760
937463
313522
78839
511616
392114
849641
12334
905646
692502
945764
427072
834653
421966
861078
123260
959775
381891
895717
182188
6403
50865
432755
315835
553074
196914
571850
225600
351098
750818
532553
277956
483136
499510
305911
572557
961411
390285
280327
204838
170306
116158
259761
266122
65057
359882
827115
501148
488835
533962
557567
711488
715269
660005
678523
737601
372610
999361
859345
323218
669161
950323
506487
543324
43164
758217
610396
658504
339767
402545
5532
158525
235173
266116
708689
27187
550718
158594
271001
494800
119136
424387
810137
14315
548861
674018
695071
555261
939761
405910
821747
628672
856220
708036
215584
329413
267289
295645
241597
802321
348145
780807
315635
311392
906381
300475
852010
359678
451707
390104
80930
100737
424171
998252
882988
665800
592281
549971
919087
587309
10609
487898
498078
839835
592654
151214
849345
856328
697928
542723
3494
119801
289010
338317
960586
358160
760551
354626
497474
912792
119164
124909
996238
866776
165965
281415
599229
386532
102520
578646
936302
290928
255722
197371
281183
590578
378047
765578
927234
411582
766988
784072
572957
214700
430835
347904
236003
220106
815095
405416
25361
256656
685066
86902
302113
164839
199431
30013
798438
65677
914837
987815
462875
554351
226779
923477
928026
86333
294101
22781
488256
485684
961400
540357
54362
328268
398050
478226
146720
947209
725558
579895
829133
597987
9042
986849
648251
199841
383472
455280
687339
318934
297393
899198
411437
726527
139910
674403
303772
738092
9997
773055
775311
788428
247410
955306
289367
186160
621810
701210
771260
330317
168938
108283
235953
408056
687147
333814
98626
28258
79840
180317
640978
644459
705885
66739
485788
710654
722947
414504
113643
230362
25293
746898
375050
1439
892294
255635
907190
822014
303342
919750
110631
860312
120805
460613
583083
814401
245803
66091
772739
186795
923521
725498
636198
414651
351182
654103
681748
552284
716360
355819
195760
835353
133109
135388
933858
779921
671696
829571
999562
373993
628037
393514
287410
597273
769372
565203
185478
308441
232331
701236
817457
902310
679251
159190
207337
483407
287649
501143
903125
510895
167509
903906
942919
460062
331644
127151
40654
553474
263243
226857
114235
67638
321226
199420
218132
429028
414654
536051
690589
745252
551762
16710
729968
509779
170983
39750
376276
541518
45547
478419
812298
303297
47094
517973
782953
411103
979487
908110
23662
182341
201340
228305
887933
766238
882907
138897
955626
159781
629300
689717
185083
914478
66528
412805
757442
413127
547296
14615
644820
574031
370017
223509
5299
320368
992824
724881
36408
372497
197655
960550
42004
360707
176599
748670
864455
889335
622858
404031
964810
627283
101982
702210
958810
679976
163134
711980
959375
28312
435271
912580
580169
367519
532484
889700
716642
151997
974151
758865
708560
923723
195667
304801
937379
881748
553587
859200
980871
97880
544085
5624
476868
835728
260065
440425
826725
661281
49778
325895
827584
781207
21085
236990
605951
772223
493083
563981
532439
25190
447538
580991
738496
443384
962624
684480
292292
74333
655089
259661
468776
850461
172459
245196
836684
382407
216000
782679
647325
803782
535442
299961
832841
107403
789866
461033
563562
817476
445689
284329
819368
179891
238263
979877
462348
11756
645079
200592
741247
853028
738501
454074
793004
788705
442837
793779
196265
290817
226177
484562
550180
707258
192180
507264
12558
948673
499664
728486
463057
101944
163572
92808
97277
533502
745295
121132
477263
563626
671986
187333
86855
565207
855015
407965
463945
988775
675811
824149
589625
86914
452872
813857
363884
690199
624113
522366
490095
921919
47393
305946
521248
990589
976148
901219
645888
951988
879539
97825
931507
858690
873667
808982
599267
768582
291523
653932
956703
494934
607579
929869
425393
732920
10043
693559
5172
546522
935793
690568
759380
135639
717803
521295
954878
912158
181785
694614
896970
364674
558631
611056
825894
852471
16090
404173
137427
855209
459128
333474
674723
857239
30209
618343
117911
471248
23164
526345
215174
90983
446630
412681
307302
244205
753721
653315
966136
38610
91228
963674
527567
416535
870324
812501
534814
14054
577044
550336
511530
640771
742891
335205
102725
352191
660173
695842
340972
94805
372300
677885
903994
423461
821992
705356
436300
431818
614030
437099
693576
980300
292821
573989
528067
815800
65431
105758
325595
257782
573713
854906
364969
228857
647423
727231
868777
91887
370383
884878
553830
925397
290931
417496
952321
200552
600482
98820
197987
772441
709642
835093
327623
826250
480684
985212
676331
810089
106564
199318
458615
36474
908545
729524
543804
3643
351039
444693
450919
280201
854975
181905
438549
88521
452148
881142
472389
838843
943250
43164
436803
911225
916102
897659
129741
243052
872672
354822
613427
260946
289751
578619
896055
945114
978354
366140
214705
718274
558593
110978
981810
452081
403495
907092
895320
590451
646982
757666
42980
91499
894175
254576
499107
783480
242563
645617
385392
415617
612727
871137
518127
687727
458294
653712
613512
491961
154307
261662
798220
569025
473267
994002
442513
816429
665956
962760
345062
34514
55993
299490
946668
352038
121696
697048
897864
957081
829781
518122
126046
554037
936817
955562