9283
4241
320143
1117
1019
1423
593
97
359
467
8527
176741
461
3301
167
124529
31
223
6701
1151
119569
8363
773
677
967
121661
463831
61
167
12967
977
296503
7687
2531
824419
557
25951
433
499
571
553249
701
11
2621
661
191
193
17203
2579
337793
89371
3191
2027
727
431
25031
12007
2111
631
14557
53
2579
18401
5813
1459
976309
97
67
4943
991
24359
7753
26849
887
154981
4051
832621
50051
1777
757
653
149
802031
941
19139
2711
29
4457
17
26861
13
137273
739
311
281
181
2389
677
7243
39937
137
2017
43
257
587
80683
117577
45641
1693
282157
218873
167
72367
2887
89
4783
505409
569
1289
22147
150889
811
999091
8753
149
547
181
10687
101
221471
3191
55673
1259
151673
92459
857
431
233
9929
285521
3631
81533
677
83203
346433
1879
4261
9187
16231
45707
679111
857
8161
509
192917
1741
503
421
313
225037
67
12101
29201
137
32801
251
192859
14051
5779
46133
6211
7297
87583
56003
167
383
398539
583273
5521
28573
478741
40529
919
5087
3313
1489
1873
229
91121
397
1901
20249
59063
82529
6247
10273
4133
11
73
6151
9769
5233
385639
617
97
509
175873
467
383
2819
1657
28603
45599
5981
3733
29473
450473
257003
653
39239
379
6079
487
2593
101747
47791
15061
109
1583
163
41
1721
6829
95443
2273
978389
74717
937
1489
107137
2083
29
2011
1049
503
439
379
619
229583
977
197
71119
139
2099
1471
288349
2153
71
5077
1609
1031
5441
1609
5851
1949
800587
46477
81637
1493
41
958327
1861
167
863
1151
1783
5683
4093
101
181
5003
1787
557
8923
202109
373
108869
349
6703
9467
911
2333
6151
695087
97
4493
9319
93187
425273
337
5333
87121
20887
263
1301
383
47339
25931
10799
26693
251
1913
215309
3511
5237
109
947
281
362357
13099
3833
406807
603793
123083
103
2141
307
239
1231
419
25819
479
77713
1069
3331
2153
197
24049
421
71
206033
4001
213149
875821
1409
67049
461393
1451
3049
71
1063
95443
176207
44819
617
647
227
197
373
838193
3011
44701
4799
521
47
39839
19687
16477
239
419
2663
1021
1579
18229
347
667753
37
1801
673
41
266683
3571
941359
4457
277
16223
14153
1783
1367
2657
95549
1493
59333
233
349
349
193513
40423
499
43721
1597
99349
4943
3079
1613
347
10037
132961
4691
12073
971
311
35527
239
13177
421
65287
10597
601
10883
509
317
173
1889
15193
23209
19373
99707
1669
43
101
43
1423
15559
2953
7951
41579
32869
277
71
101
151
761
3373
5903
13729
13291
26387
35671
179083
12379
162703
59
1931
101
2161
2267
269
27647
151
1447
1723
121157
90191
61
707111
90709
367
22709
7027
311
2053
3061
69193
587
643
13613
48313
8369
11
10657
219941
2089
41
503
433
2647
166409
53
1657
59
664847
7691
787903
139
8609
32371
709
100549
41
340919
47
691
223
7159
12203
741469
2803
148531
242273
9967
24989
9109
3557
373
79
239
51797
23293
70607
821
5851
43613
227
617
17909
22751
8353
41
547
68633
89
977
259387
2347
887
283
33053
1699
743
199
286411
930481
83
487
77351
3659
83
333227
97259
5399
343177
457
367
897049
26497
503
92957
38783
11383
331
736447
599
32213
112573
193
439
25969
79493
408131
643
16829
617
101
11813
199
19
547
36871
463
35617
103
29
19381
167
27283
47
67
211
366329
3539
73
6389
59
2693
89849
577
241
984383
3907
14537
1693
218453
311
25819
211
1283
283
18301
503
302279
971
311
9461
250267
2687
150847
1709
1109
2141
142061
30391
17987
89
12107
86111
349
1283
206203
18287
607
11027
102229
829
113
67
23
26393
211
30941
6967
309677
269663
42239
992309
109469
57973
17257
9547
45259
1873
6451
2593
7727
491
891491
151
1231
7237
6577
163
211
1549
661
574169
811
42061
17
730157
7411
3911
1109
67
587
132047
2473
163
43
2683
1627
491
22921
7547
449
1873
1321
148153
89977
36943
127
751
3067
24109
1667
443
73
887
113
1451
2179
271
947
569
977
151343
857
317
461413
23669
9473
839
151
130367
397
44887
84011
1979
17881
907
1619
23671
89
73
3299
13537
1109
320741
15559
83
29
43
15313
13
1487
1481
769
59
5569
4373
283
6217
6781
11597
80149
619
405799
70199
1031
1433
333769
914897
1699
32647
431
10039
4219
1231
337
103
36901
1499
3433
8731
26387
5519
249103
127
6473
1787
809
199687
314491
1151
5531
163
6043
16811
520867
39521
1733
1259
97
2029
89153
276623
246811
244261
3701
229
139
7759
457
1459
6299
2591
4877
1663
12553
1109
673
4447
1423
163
199
12487
397
165703
58057
4211
211
281
229949
559547
449
191
8117
24851
9547
31387
6823
719
31751
98347
379
7823
5
1567
3049
90947
233
19777
53
2131
595453
811
521
652189
213263
127
18973
834023
92657
271
227
883
79
690997
148157
383
39113
58889
105907
223
17
8287
67933
31799
89
89
227
733
9473
5503
133417
1237
461
5501
131
1873
4523
97
389
21193
599
47297
2647
1097
653
71011
549733
144071
5521
349
6329
191
181
22279
9467
4357
107
42859
419
81559
6637
59
975823
488821
9973
4409
991
534323
25169
40697
102259
1301
4801
683
647
397
635389
73331
557
149
2953
261973
1109
683
1907
89
4091
57977
1051
126487
480749
8933
2549
28057
23
11
661
1373
607
37897
269
541
2749
743
11839
19
3863
24473
205627
115853
307169
93319
8861
4987
809
17
3547
154981
1223
2069
257
11699
438631
23
6203
201233
359
317
113
116243
27583
114743
419
89
93427
383
13217
120997
2671
487
1621
139483
509
541
107
8191
343433
173773
19759
257
585023
2833
51421
167
2897
181283
192007
20011
317717
83
238397
197
1657
1193
191
16183
836117
263
2381
977
14389
12011
13907
2003
1289
269
4483
113437
492901
478697
265709
2441
16193
84313
7393
78007
6907
97
1973
581293
317
128959
3727
49877
11171
163
61
2939
27901
293
4457
4349
612109
137339
199
7691
2459
6991
49433
2549
103
5879
116159
4339
773
83
53231
51217
41227
1051
49411
73
823
131
251
7321
55229
89371
289381
2579
31
3607
223
3203
67
17471
479
41177
617
941
263
5521
984307
4447
55501
113
16223
19
967
229553
1087
282413
749893
1237
15739
353
101
2293
4289
769
29867
4523
73
1493
3163
2707
1187
5179
761
6047
27367
2671
593
104149
11483
61561
25793
39839
9643
113
1913
337
93319
6871
10979
358459
1453
3571
307
127
12071
877
71
106501
5347
431
1237
151
1373
1901
41
41843
29
407707
1693
2719
705161
43
211
329803
31
11311
131
181
181031
10039
18793
260171
4759
3557
12941
5659
1217
3617
4783
269
29411
211097
4673
809
87383
34649
769
57713
5743
811
229
84869
17
1951
503
389
479
17
83
267511
2243
163
131
222389
109
12269
950251
419
333821
942719
13487
89371
329393
24841
396029
5821
1759
3257
53
6569
6311
5683
82207
269
311
229
50101
7247
13613
56701
621703
823
263
494873
29
100699
153749
1301
9787
439
1231
1237
2341
179
47
9157
547
74929
2801
643
26263
1039
1709
32003
264133
103
887191
67
993001
270241
613
52727
569
15413
5209
458981
233
75013
157277
563
4673
10099
138617
18049
8539
362561
313
19541
1453
480349
1277
6373
919
4789
290419
18307
59
379
12211
631
2297
2267
1223
10657
1741
6277
31151
401
1583
24763
122327
11083
43
15629
42179
46691
127
29
4139
546173
101
6397
45599
2609
27793
2971
263
5851
8087
397
178819
103
1697
1531
3323
337
881
792959
2753
593
971
924757
2213
59
269
535481
71
6353
79231
191
551587
839
1153
179
173
6619
179
2161
480367
167
3191
1889
1423
22031
10399
4253
6053
109
811
1627
149
4519
70423
109
126257
2423
47
157
58061
94849
3793
1049
1319
911
27067
293
17443
523
304663
823
65789
11593
7717
1499
181
6113
607
316373
521
22157
233
53
27407
2423
19333
776159
5749
4751
59441
148387
65371
93481
67
1787
454229
211
11
503
9817
51607
2447
2749
2657
242731
1093
67
891521
1151
13309
2141
20981
3329
617
93001
139
16067
1117
1861
5923
2081
146197
991
6131
16073
73
16573
15277
113723
613
97
229
738623
1277
1459
41189
8093
271
130817
151
157769
95443
59
4639
41941
743
3583
223
727
829
2281
19013
823
83737
4337
113
99439
2647
3259
56123
2851
401
453797
16361
64499
313
27329
2113
184153
2089
8929
2557
5647
1823
6473
243487
59
2063
1097
83207
140831
5347
11383
7523
199
190261
1109
983491
53
12641
4969
283957
127
8087
41077
457
2137
8419
63841
20117
61379
1907
643
112237
1193
191
107
773
49537
499
757
733
47
107
271
59
29
19609
3229
421
29581
13421
3863
30119
4789
277
157
67213
103
46411
19
131
439
127
439
331
46187
599
329873
317
1777
176849
541
1487
449
1171
21559
19447
277
5521
15583
59
30187
4657
1901
127
223
225373
491
1423
10099
83
1523
5407
1733
1307
11681
7703
39181
173
2207
877109
631
65543
317
251
47
569
853
14281
4253
63527
191
227
5903
27067
977
68447
3797
101
17707
12373
273233
4523
173
8297
1301
37
9371
233
1069
83
1021
18289
1949
60757
52667
1181
50207
103
823
4079
59
7717
6113
883
2237
16061
193
310423
4987
61
1181
44027
643
17099
797
443
4817
953
7013
127
401
9173
79
2069
114329
4651
337
8849
167
13339
638527
17417
211061
16339
4051
39103
521
7193
37
107
251
5641
59
29297
163
129497
18251
227
1301
2423
467
941
829
97
859
10391
8273
9791
595741
3457
666811
173
199
37747
20521
4051
577
103
661
2311
40241
4273
457
20107
523
3853
151
44071
2939
161323
241
233
2087
27253
4909
7459
29881
1973
15527
101561
239
157
4793
4561
1061
193
253321
21313
691
3181
48091
7247
673
773
239
71
61
1823
46601
859
4007
97151
103
929
653
1097
359
74413
571
73561
433
1873
197
9511
6361
71
53
20011
409
1069
28477
20341
222877
331
151
25037
1033
2939
22543
48497
11
3511
62311
6053
3187
2801
1741
8929
251
739813
10477
61991
3739
137
35353
4363
467
6389
87041
139
350747
2069
232457
233
131771
683
1933
108907
971
79
1361
2243
563
157
197
13
499
147689
257
232049
9323
189547
46349
12917
263
2803
307
42569
4793
251737
31873
11087
43
11261
3677
59
1201
557
925577
109609
25121
1423
53
59
148303
74567
69761
139429
71
4621
443063
83
6421
317
257
43
709
1753
157
7369
1117
5381
457
25163
89
943699
2917
1019
234749
81773
4363
29387
337
1163
163
43
664177
317
96799
4517
4283
257
41959
4721
2269
21881
97
8287
19237
907
32587
32099
9293
131
3847
8501
149
15541
967
2179
150697
463
95989
41
41
92221
13093
1697
1031
188609
1979
213929
100193
7177
200297
7867
832889
6607
532453
1831
1619
34607
1789
13337
3457
157
1019
73
821
97
17
239
135893
75209
191
115153
523
20563
383
19259
4567
8597
3967
29
121447
917809
26437
821
44381
1987
466121
227
94379
391063
9511
811
670541
437363
10993
43
72893
1231
61987
818287
1091
53
1031
26357
1847
20399
421
1013
97729
157
87911
20743
134171
73
70459
6911
11027
17321
101
11257
43237
59
198841
6691
1109
31
197
1187
269
351887
1973
6197
853
1181
16673
43133
563
1327
131
718121
39563
29
2609
1181
5651
844253
42701
9043
83
47
1231
271
1877
139
647
2143
45293
22229
1609
3089
67531
22109
467
2731
191669
21283
792637
144883
122327
13399
21611
8123
59509
941323
521
929
809
193
1523
83
107
3793
317
306941
607
877
375967
13691
989279
117511
67
9187
7963
139
283
27449
293
41
1949
1061
201037
78311
6301
1061
297971
326609
667487
61
3877
130873
37871
94621
46747
17747
1303
136811
3407
6491
79397
3659
379
844087
1487
107
41647
53
47
440989
463
173
62501
1151
1063
241
2053
80527
31699
12497
95089
5081
87961
59
927709
50867
56989
9497
1459
283
489851
143947
151
787
2437
359
293
9007
263
929
256939
1117
378361
3049
149
34421
1229
94397
3301
18911
389
5021
12451
811
61
5099
21563
211
106657
743
269
2243
571
1571
3929
1571
61
9719
8933
1721
419
79
163
1301
373
281
271
653
1319
9787
6571
409
659101
9337
911
8167
4547
54413
1039
1093
5653
34211
28349
383
200983
409
71
246439
23087
4933
23549
1307
192949
6659
113
95987
127
20807
158243
227
5347
8011
3947
313
163
98017
484369
229
409
6581
739649
10789
142237
1009
6121
99623
101
23131
45439
3251
77477
37907
37
29
479
3209
43
439
163
359
20287
3733
263
44777
631
11731
2621
317
692117
157
857
2753
39139
9433
23687
23039
503
11171
727
179
1249
248089
9803
643
4049
641833
2767
476611
2953
19777
131
1093
1709
1879
2803
3917
7109
457
3571
479
41
166597
13751
274301
79
107
98459
241
1039
33023
1907
488567
249827
1123
277
797
4643
887
751
2549
31
41617
193
8867
11497
449201
521
862129
8123
151
12409
2953
47
4357
115399
1567
139
10333
53
4457
751
149
733
1187
154387
2969
7177
760153
2311
37561
590327
281
263
227501
59971
107
2341
353
265757
24151
293
6829
547
4483
37
193
257
809
131
10457
271
449
3823
11579
47963
291373
397
5953
53
521
353
991
5791
19051
23
1637
2131
22907
398933
51769
379
283
4673
679747
1471
3617
373
479
487
292753
13291
27893
929
1753
29
293
271
950839
2791
25873
5651
761
277
467
1583
213737
84809
1493
20161
41039
2657
173267
4919
197
486203
51679
109
20089
463
367
24203
5503
233
96553
593
219169
29
7417
19
727
37
439
3323
445747
28631
6857
25889
30403
68443
101
1327
565769
269413
151
38219
724187
59359
683303
293
85549
246271
139091
131
21821
235007
8641
67
563
6691
9721
41
41399
1009
21751
2377
14057
1747
487
216149
45533
35801
286753
809
83
983
185903
353329
53
123829
280769
283
467
337
149
392737
647
61297
1213
655229
7529
254389
673
757
499
17863
223
720547
2819
3449
73
16183
1993
2459
47
43271
83431
247939
39047
379
1523
601
467
53
5101
12289
71
3433
359
103
297757
247729
8731
4969
1637
16931
508661
1151
9907
392437
46549
37463
659
19319
4649
9007
400759
6427
379
12119
2833
136471
1061
1093
113
19183
125183
937
5231
193
23059
2003
21277
443
5639
233021
6869
2579
1321
283
317
269
491
113
857
103
11
151
191
1721
659
229
41597
61
2113
2281
39581
827
3491
57973
7517
64633
257639
4283
331
5351
269
8849
11959
229
25219
1009
167
571
22303
269
3769
3389
79
17539
317
2339
55697
1117
617
3109
49921
307
383
28099
1249
12689
10487
2647
719
4127
3109
443
179
823747
61
3407
1171
503
281
73
349
919
60337
919
881273
296507
9463
1453
115459
29
1021
107
10979
443
3109
599
151667
3793
30137
891001
12967
719
185753
181
9521
193
256169
37
139
1823
10949
163477
11839
8537
1789
5471
83
1993
7727
166289
3631
27487
304069
307
12253
643
349
671063
113023
350453
13
907
35089
1129
1741
15149
1877
4391
607363
3371
6271
479
71
47981
1481
731047
916511
1153
587
39989
4409
323359
1871
1637
3457
7669
131
67
2719
239
223037
488473
7001
92461
263
76147
66083
2269
5039
1723
1061
997
138967
58417
59
17191
283
4447
613
1471
2857
1447
4357
1531
293
6689
971
953
769
10657
5347
197
16493
17231
1571
227
251
167
827633
340913
1789
66083
3853
179
67619
13901
739
7187
1289
2347
41
661
218947
173
41627
31
5171
1889
46237
751
808579
941
4951
557
89603
21997
37
103
89
32371
449807
101
34747
119099
819307
41
337
3301
12377
179
173
200363
61751
71867
86969
5237
102161
43151
5431
22189
150373
17293
3323
53
2861
139
991
283
761
13367
607
97
179
17581
83
599
45953
83
239
966431
16903
227
127
983
317
857
1061
279479
211
774863
313897
151
40559
193261
16487
10477
157
518689
35461
307
3491
566633
6151
8783
26597
28001
948403
139
322247
3803
277
359
457
5639
173
9551
17
151
18797
22433
2063
863003
673
4999
23813
127
10069
66377
683
227
263
761
93809
9239
580079
941
67
9091
88261
127
14149
9521
109
71
113683
4673
383
4759
35983
60509
691
765097
503
22619
28837
749183
3643
613
1999
93329
4111
1747
613
2357
89
123397
616643
443
2767
2129
239
47
15809
50363
1657
397
761
4111
189493
9817
31
91457
2593
23801
461
256493
421
17377
1223
36229
179
44257
2437
97
196991
109
423781
151
2309
8861
101
15583
1381
380651
220057
34369
431
67
10667
3673
181
62659
24049
21871
2281
59
653
397
33581
20879
67607
542207
263
3049
113
23
888557
8317
131
3733
17987
109
857
373
71
14489
1249
733
140423
930827
461
12613
120569
797
409
439
2251
197
225583
479
197
541
833453
416407
163517
2113
4703
54919
769
317
5003
40709
191
1657
163
1303
877
941
144161
601
99679
6311
31
253109
66373
295111
109721
2381
461
2731
755789
643
135221
1451
1811
587
9803
37
3167
53
1543
863
353
67
5483
325571
701
373
40609
7103
29009
397
541
8443
1229
118799
809
263071
386159
619
3607
149
94889
978863
251
22973
15377
122789
10039
4621
457
114757
709
71
141107
827
4349
136987
197
250969
751
109
67
8539
229
2963
13693
593
1013
8693
156683
12241
2143
37
509
17707
179
554951
351707
197
2551
1949
1319
98129
797
170837
436283
1597
563
52879
4993
16487
3323
33329
1667
55073
4549
521
867547
71
97
1481
2609
7681
3251
97847
1021
6529
409
813623
577
10253
792119
607
2333
139
9137
51503
4861
71
1291
4441
112297
2579
41
911
99529
1571
167
809
1987
487
25951
9803
49201
10939
839
9631
37
61
79
50363
22027
1733
47
46993
20887
3023
30029
47
733
1061
149
5119
1607
22303
960467
95327
16223
751
167269
6133
27277
613
25981
184487
16061
4483
1637
60887
10303
317
13999
6563
22871
257
284267
71563
765203
347341
739253
38609
17
244747
79
302587
2347
379
87691
53
7901
9767
223
18169
367
212897
1087
619
241
5003
144461
768301
67349
6089
11551
743
276043
197
719
1061
823
2213
349109
267433
2729
4289
631
2731
8353
12503
197
45053
1013
3319
678421
6287
37
41179
4789
2549
137
48299
13
2381
349
97
35747
967
949961
269
41
6607
40637
7901
11701
1249
211373
109
239179
2389
109
265313
360169
2417
6143
835973
97
137483
1607
9901
2447
17033
167
674159
8923
19031
19541
15467
21407
136303
14741
431
23
181
1531
65921
431
337
2837
163
1327
821
1129
81023
137
228773
271
593
10259
54287
48751
19889
601
482569
567367
593
412663
6397
98251
38119
3413
30341
859
13
22769
16091
8861
917141
139
13913
541
92647
727
53
347437
8011
17
14387
794399
487
5399
1039
769
71
331
487381
459607
4733
16267
577
109
1783
29
167
79
881
269
15541
181
65717
4721
104173
710449
71
4721
677
233
38557
25183
482803
63907
67
877
22133
61057
1823
677
92789
251
52697
8467
3853
359
1427
3853
2953
5003
4021
993557
107
389
2857
103
631
644297
1297
187669
2377
4231
971
380197
7219
31547
983
677
2389
18553
71
17
227
742681
6661
139
103997
34259
314771
3253
39799
251
7103
97
50707
6563
41479
67
593
163433
877
647
111751
2711
1249
2677
409
61
3229
866783
16183
370003
4129
41
1289
273643
223
95083
119701
311299
127123
929
251
28979
11317
2663
43
4057
739439
26263
1459
937
6599
2897
863
123727
455683
312979
7499
11827
1433
233
18637
17
853
839381
4211
239
82267
227
2917
71347
3659
2137
7549
1571
503
2131
639851
1327
2087
1451
10499
13127
491
4243
3067
28871
3533
469541
1151
624541
137
865867
64067
563
69193
32027
107
2221
809
10331
1831
1453
8719
1451
283
3323
33053
151
239
1723
11
167
31
86561
331
25603
583031
179
509557
317717
223
599
4933
557
1423
113
314983
1297
326693
27487
1483
8461
18719
907
1667
127
593
30109
223
13099
113209
239
90803
31
15373
761
283
57571
127
251
4657
5939
14009
43793
19543
41
453923
55967
457669
115421
1487
17491
71711
439
70163
410489
5857
4127
34759
29347
43997
3581
41
2657
521
739
285199
13259
373
2621
138661
179429
419
701
13499
139
2879
4889
4663
1549
1291
173431
4987
113
401
61441
6827
813269
10657
1039
9941
253501
659
971
131
10433
1753
131111
659639
611641
4397
7
7589
14957
5297
1999
27817
7559
683
3343
137
270443
11987
90439
131
11587
5927
117163
1483
688297
107
15073
569
64717
126143
4943
6043
1423
17
929
137
8147
353
499157
179
367
433
1889
19
3583
89681
911
15461
37717
39323
485701
12671
13063
983
85933
97
642563
131477
107
730021
304751
495109
41
3701
9883
347
1069
31
1151
210101
2017
202289
331
193
42611
1499
4421
56671
29
1297
907
277
39397
151
265271
1289
1291
1259
313
271
863
45587
971
2971
3517
224239
225809
149
191
172411
9949
243709
188107
739
60373
9319
4259
166457
14369
54577
28549
601
213149
77003
191
907
44189
123667
1213
94439
1399
43
7673
1213
433
443
13
974837
21157
13933
39607
113
46351
601
487
241
7229
269
106861
241
1231
8009
2143
827
1399
199
11083
21649
599
937
17971
40153
227
113
811
8971
337
585443
587
43
14143
331
16057
1427
581377
89659
11273
4133
95723
3719
524047
683
4111
951001
196307
79
641479
863509
181
359
37649
211
127
4397
673
271
151
509
728527
27259
455789
31079
1931
103
89
107
1901
3851
4129
2633
84659
23311
859
6553
317
17
61
173
1237
1097
631
229
439
3011
97841
7283
137
431
439
16931
2557
179
366973
11587
97241
191
6271
910103
90841
40709
46867
204623
773
1721
389
1009
7213
18329
241
881537
491
89
250813
9817
4931
136397
1553
3163
3527
40031
2341
127
6343
311
181
449
485923
1697
7523
127
33191
33037
633449
3319
3257
330653
6047
137873
97
8677
1867
881
162881
653
58057
13721
134191
129919
971
151
3853
383
137
86353
991
97
2179
17443
752299
89
41387
61543
3643
3923
3701
2551
163781
49477
103
503
306707
31
59
1327
413759
461
443129
733
1181
587131
104773
919
252509
157477
43
1607
643
16943
439
8969
263
2543
1867
7727
751
1009
120737
97
113
48371
631
44059
751
262583
2269
277
85247
1129
59
1061
118891
19
12941
79549
6151
479
1499
47
1381
163
43451
134839
84181
87253
1669
18127
41
43889
918319
1733
257
3407
380201
1373
4877
16187
17
49201
293
29
52259
3413
11161
17341
103
88997
557
7481
2393
232607
37
179
648889
337
33851
67807
3697
47699
2551
929
2417
887
859
1481
46819
617
71387
36527
131
128951
1823
79
3917
5099
15877
1259
2663
15241
311
495947
1381
6323
787
1427
127
337
218117
738923
599
211
131
6133
1847
60761
113
5333
35831
92377
94621
2341
673
859
499
127
73783
739
347
67
4637
35879
397
1511
724729
190843
211
2069
12541
641827
472883
254119
269
367
373757
20563
2503
9413
84991
1171
1181
929
751
421
263
1447
191
27581
2543
1181
1063
1301
607
81839
61861
499363
1163
5737
115279
61609
32077
61
6521
83219
128399
3001
16451
9883
2087
131
55469
971
121343
3989
35491
10847
7589
37
43
389
149159
3187
547
7283
1051
206879
92957
503
523
476423
151201
3607
33151
85669
14699
607
1721
4211
397
307
3989
233
913589
883
443
71
37
1567
421
53503
17
149
7187
497537
2969
2293
2389
595339
420899
44959
752881
41
301487
13469
10861
701
15259
19709
15817
1597
1013
4831
13627
652651
751
65701
863
318841
563
59
659
3527
727
68711
1277
19919
241
31393
13159
739
149
1481
3797
157
18059
61
2089
11003
95101
97301
5839
204059
122203
132971
52363
5179
563
1847
29303
8039
47
1223
107
62273
21211
3499
4271
4157
307
241
1187
20731
336521
43201
614851
179
4241
101
22159
5507
17
2237
709
26669
9631
104047
499
127
1249
78283
2801
11483
701
2053
41
41
41
389
26417
751
51977
74747
53
739
91393
709
685987
1489
313669
20599
223
77029
397
1621
839
3511
569
99289
2969
57139
363491
63761
19
76261
108883
16361
32027
773
2111
431
4447
257
157
35963
424667
12413
419
457
39133
56171
20357
13
39971
73
32933
376931
11423
61297
1423
1193
911
41
3769
211
67
1061
1039
839
1367
155381
191
2621
19079
55813
325729
79549
7583
6037
1733
643
6121
20117
406361
2311
4973
1303
18749
2017
263
1619
109
751
587
2459
449
1567
152183
23747
59467
449
5507
6343
64579
127
521
31
13309
4421
367
1063
498647
47
31
461
97
53
3347
1123
24371
3709
1091
19697
16447
2131
15733
977
26959
409
126421
281
1123
401
7873
439
913441
5039
313
56857
212183
143729
3271
173
55997
180491
84143
139
7673
31219
34919
3989
14551
14951
593
433
1753
4877
33601
43987
19
11503
183707
2693
17
11257
25919
7309
31
4663
877
773
55793
43019
5689
1627
3709
97777
241
4091
831697
5531
6619
139
9883
269
167
5273
8237
379
11833
5347
11897
409
834773
73
30211
2089
109
877651
7643
619
173
15551
19333
719
1579
9341
211
7229
159671
357983
692651
1601
1901
9929
17903
35491
447823
15791
2851
38609
15199
701
602831
69127
5039
21191
268267
263
126001
67
251
278437
1949
72763
182297
17099
7027
9923
616111
724277
1307
1831
1709
296249
2251
1709
1117
353
73
9791
61
109
22159
2287
257
581809
107
701
691
24847
1933
10247
223061
2063
66137
1019
142111
191
113
840703
487
52391
233
919
2749
37
907
36293
18191
827
1019
6869
7457
523847
52369
188011
163
41
45943
1031
821
373
109721
821
2029
30497
397
217517
199
157
587
743
1637
20533
743
23
393097
29401
47
11197
87683
331
269131
4463
184039
106123
421
643
467
5189
7817
607
4813
97
103
9377
66571
79
983
577
409
2843
97
53549
479
5651
67
17939
4057
797
127
6047
150287
41681
131
247939
11483
4547
237173
809
2251
1993
47657
2389
523
149
98927
4457
1439
317
15319
1801
811
363367
24877
14629
1601
619
907
3511
683
19973
2671
577
233
984539
4549
1511
63853
30319
117427
7
523
1489
42073
953
197
53
313
10667
43261
449
953
31547
773
11959
75707
1637
761
6781
307
93241
69539
8443
7867
353
53269
397
17047
53
3727
53503
317
22699
1879
191827
439157
1373
818399
311
179
179
27017
43
17
79
433
65993
2141
91463
131
3947
1283
476419
1699
757
2801
1543
487
8147
1489
20021
887
8419
46853
19531
1741
197
3719
241
487489
61
719
277
5119
1493
257
653
11633
151
268267
3709
439
519037
5581
36467
139
4987
22073
74531
197
2393
10103
1091
352357
8707
95869
29339
67
31139
41
1567
367
4931
3923
11
269
283
2347
967
96821
882967
1367
219613
31601
6287
13241
347
809
941
4079
113
9613
98711
199
13763
355697
58943
1297
209819
787
271
211457
34757
13
43
5011
1447
2837
41
7393
1459
2477
107441
47
1721
140729
113969
140339
4273
1723
9587
2791
877
5573
13709
7
101
2447
1087
1567
15817
207953
127
16747
2551
2801
67
233
38803
3469
724723
593
8269
4721
90401
202021
4337
71503
12253
9901
65701
685547
39451
1187
14251
77003
3061
3853
343141
583543
82183
307
27281
10781
46679
191
3217
2837
1459
157901
23
941
457
241
11471
17789
1627
800873
6037
11779
887
1187
1291
411491
1229
101513
107
24197
271
388277
277
215503
7127
43
60521
53
372611
31
37
293
292531
269
4493
371561
77141
23473
97441
84859
3307
3371
587
10607
5443
61
37
20789
4253
374159
114269
79
71
599
131
689827
476381
13
2441
1427
79
26459
6229
127
17359
281
673
62053
113
17
188563
24473
419
85847
5261
22349
953
1499
271
854617
1783
3251
22397
1031
1597
25163
32323
929
139787
66791
191
250709
239
49747
4691
743
7297
269
71
3907
17021
42359
639713
15923
197
683
69019
3911
499
98947
566161
84247
52027
733
3251
1741
552317
3889
438671
277
67411
1201
199
499
4093
3169
55837
109
76667
606181
1471
3659
609779
60649
27953
401
455149
617
5009
14843
26423
60133
19319
211
947
16937
9187
157
1277
1579
419
67
257
1453
13
247579
853
33613
557
13397
1061
206123
519577
12911
6899
176417
5281
49411
475679
72161
461
239
12241
209333
1361
50993
44533
5659
769963
60943
3943
17
29
59
491
677
542117
5399
397
425207
37
1559
797
969757
109441
6277
5309
6133
2213
8443
228521
2683
81509
165449
40127
5237
277
607
109
1783
890881
109
271
4877
1013
34183
2617
79
59
18433
21859
3719
1367
9173
113
206369
3343
12911
7669
373
80909
239
14449
2663
14621
5273
905123
26017
331
176753
73
12323
367
967
1097
457
131
101
83077
47
3851
127
865043
5113
179659
971
1213
6151
1097
719
154387
4019
313
2609
38699
4013
43049
401
1327
6599
461
1787
2917
401
2879
112129
9739
77237
19
6761
71
1181
36107
47
853
25471
866743
4253
115223
379
43
62191
67961
2897
677
239
97
245261
4673
397
53
22303
139
281
93941
225119
197
30727
59467
302587
1499
99173
887
4513
2539
257
31
44171
5347
6143
182857
5279
337
5659
691
4243
28229
5189
47
653
433
189347
2753
676103
11383
491
134093
281
54881
173
145807
193
13721
4201
41513
1871
2311
16061
167
122401
1009
241
743
499
937
853
152093
523
356821
8573
10631
307
397
12911
239
71
599
146893
2287
4751
1213
5
49531
87751
30113
229
13003
31981
1061
12227
487
12791
349
244253
702433
1129
5077
110921
909809
5393
3511
408817
37
167
67
2731
2677
20509
173
1583
11483
6089
2617
332039
163
23773
101
1559
89653
14767
277
53
157
390463
113
269
1409
251
1499
3593
709
241
2927
251
347
2473
71437
359
953
109
605639
59
487
101
1319
172217
53717
683
71
1951
3259
787
25111
271769
1033
98563
41
118903
12329
111959
31307
12161
839
3499
79
3793
70009
2897
1789
2273
321829
398581
131
911
408553
1973
55603
53
227
397
16319
8039
49081
439
113
24919
523
1193
431
145723
57847
21401
1699
235553
15413
1907
641
43499
94201
593
98009
269
479
39181
2539
613
69463
390763
541
853
13487
24953
13907
256133
661
7883
239
36251
308507
15289
846437
1297
283
421
523
157
5479
5653
183697
353
16381
1061
5419
491819
643
163
2063
35027
17359
911
379
81817
91009
34877
4943
464237
761
275371
2239
101203
25457
21871
1571
221539
4441
17
79687
1277
199
37
1367
27817
10181
5711
997
84811
89
64879
3581
1933
10597
12823
19301
1907
3593
683
53047
4937
743
1171
12491
1867
94441
11483
4721
58967
367021
97
5099
137
2441
4649
223
1021
3583
827
7817
13921
4273
434831
97
71
465631
37
230969
1777
7559
546053
503
103
2837
857
293
6563
677
1741
991
181
183203
2411
126457
12241
24527
2081
1439
426931
991
8167
19381
94529
73
241
631
901249
271
191
2707
83
4091
277
268529
396623
3163
138403
128431
4643
68777
43
277
283
980131
81899
834811
467
17
310237
149
1567
337
9733
149
367
461
22447
251
4391
79967
991
28537
67777
827
3257
31237
43
443
79
17
541
2099
30841
273613
643
643961
173
15791
3259
101107
7333
16883
5483
1129
198833
293
44641
59
331
83
269
5077
96787
103
271
2969
376237
509
933497
2251
35617
137
2903
967
1613
54629
877
53
977
732287
1301
349
2617
673
869069
3511
853687
2053
4093
73943
66271
21563
18257
2333
11057
1201
3463
5231
174901
26627
41
193433
2693
1571
47
36607
59419
2647
2371
109
211
90793
10939
439
757433
1217
10799
5501
6553
557
3469
617
81929
59509
109
227
22853
56687
14323
970063
26459
131
379
373
727
7079
9029
619
12983
509
47741
9941
127
31
1321
5483
349
5689
110899
673
17
4327
463
99181
167
31
4909
1889
822721
112951
7297
4349
2417
383
12743
599
172423
2131
17293
733
8737
13877
1063
142193
31
164617
188273
3847
587
9041
27487
13033
10267
4721
7393
59393
16141
111827
24239
109
247879
2243
1153
103
929
1013
103
706547
1559
3167
991
3793
13177
114809
193
498653
233
423497
25391
67
2633
33757
43
181001
24109
1033
727
6037
447427
324637
1409
4547
1447
46381
121123
21143
9091
661
64333
68659
1231
313241
2741
353
1609
269
859
877
1117
2741
39671
6961
797
7727
631
164371
459317
557
1129
25771
520529
42943
171203
2293
677
739
29423
887
10831
19457
37379
75833
120647
53
9547
388273
2339
157
467
1009
1543
90353
65981
71
443
242093
45377
229
195359
1049
1283
101
6883
33301
40709
6091
1931
103
4229
73
72901
45389
1283
207329
80329
193
827
268823
97
1277
701
3931
5011
9377
1489
77291
52883
688783
257
263
1699
4643
10103
4289
11677
48491
7537
101
284149
23327
160481
643
24121
101
571
13997
151157
839471
1031
140867
619
178327
45233
233
30047
128873
153107
779011
2789
941
239
68053
1759
5953
334069
43
120947
147253
47
1531
241
9283
607
165617
163
2557
579829
541
79
2179
71
53
787057
2011
157
19609
239
54403
409
2833
1597
117499
331
211457
607
332009
716447
109
126691
1499
109
251
3271
20389
21191
101
10459
429937
25321
73
148609
2473
19157
9437
443
1523
317
186187
24989
21647
769
3467
251
600697
149
179
109
172649
14009
1723
19
423581
426563
5857
59
8783
2467
43019
313
479777
13001
491
13759
1493
22901
113
541
863
199
677
3347
1787
140443
531121
3251
151
7487
19973
2909
52153
283
48157
463
502247
911719
327059
1307
184351
26633
36457
241847
83
4447
1327
404177
703991
349
1787
1123
1439
16979
1583
107
46301
103237
751
293
17209
79
523
173
9479
983
47
197
79
660377
80167
78607
15683
301907
67777
10243
89
137
59
57923
653
109619
211
389
887
4813
1289
229
170249
36761
902569
120823
6841
1559
9239
83
86293
163
1297
2731
43597
937
319427
402049
853
59453
388211
2677
400721
184477
4969
3011
359
130457
11411
11681
787
3299
5683
49999
1453
89137
41
499
9931
13
4129
911
293
3121
13679
105601
251
196477
137
10079
6737
8599
1051
1039
663571
100829
3779
3547
443
113843
401
1907
2251
401
26437
23459
613
8179
1039
740591
283
5011
1453
1483
383
1489
1559
42013
9043
1999
55337
982973
23251
1531
131
1847
3457
9551
1987
488239
31721
48079
179
309079
2833
73
120371
87683
103
29327
448607
158143
10429
13781
2411
1613
421
983
1913
34963
414101
239
2683
563
47
263
24421
1301
976957
127
821
541
1223
294391
15031
349
509
739
907
1973
163
4273
79
47
137
302647
139
557
28393
31
249593
44101
50923
3319
61297
83
613
10891
163
43
69221
1217
3583
307
37561
2963
12917
797773
58073
14813
1171
563099
61
659069
29629
1499
1223
457
1033
409
37571
11903
18307
146743
971
167633
54547
46567
269
433
15101
647747
199889
701
31981
2371
7583
1447
2819
3019
19697
170047
66653
1033
36709
43
42709
167
2917
191
6691
1777
151
67
283207
13
1259
241
5417
1171
4339
1999
108223
246557
719
569
113
42043
947
1571
823
379
1567
10163
45763
159871
16453
12919
2617
239
1489
349403
307
733
19387
1523
5449
547
75679
617
42797
1459
229
593
4177
1129
103
3917
953
5147
1181
113
16417
277
6271
163
11083
447617
313777
145381
47237
179
1279
9319
11783
922027
10501
2017
11941
16921
997
1249
2593
6619
179
30713
277
577427
701
23831
173
865409
4339
61483
90127
55249
79
15299
389
12689
73
5113
331
145991
811
289837
1523
42863
282281
347
569
562519
3037
19
15937
593
2789
26041
239
43913
4283
8737
3469
5927
50131
1657
1471
1933
70753
457
5
4973
3613
607
1567
347
14747
74713
1667
19699
5087
79279
2273
23357
152851
27077
12037
647
1213
6703
74101
29833
1951
303767
2143
4073
359549
89
211
20959
193373
5179
3571
795937
9059
5209
1451
35831
43397
673
1831
5807
193
263
120401
80153
61
5563
53591
3019
215249
188299
3583
113
1031
40499
107441
6733
3697
188677
881
200513
607
47
178067
1471
503
223
1201
7
2423
744409
1597
2749
2389
840713
877
4013
19681
4973
409
1291
431
113
683
10399
197441
169531
53
8147
29
1289
293861
461
67079
147163
1889
73
349
103
16073
7951
7417
1873
5443
479
47353
251
311
65713
3299
2161
45131
257
29501
12781
84503
1217
70573
11
3407
1249
2213
10487
2753
821
59
578131
67
71387
70297
21577
38609
30829
1103
2129
6577
83
2503
743
1787
29
27259
331
911
6199
2753
59
4177
960383
61
742153
229939
2239
313
167
4567
37
24683
151
827
773
274301
135209
78517
123853
331
12713
16633
34757
137
9013
1801
450169
5059
787
163
6581
560089
6959
55249
769
97283
10267
593
349
361159
1061
1481
5099
8893
897781
619
10499
3823
223
11597
6449
28751
6907
3217
814043
4457
216851
35759
40841
3259
2027
907
125639
10337
2293
72341
227
3739
172357
4513
2383
821
1487
102241
1783
182701
12007
4691
25969
401
427727
1301
929
17333
3433
463
108379
16927
821
127
1753
3631
337
598363
736187
227
7019
157
4177
251
7
179
2423
11
396953
457
619
55733
77951
4759
153107
5507
6863
9677
77893
37
1447
829
787
2441
5839
769
13217
238841
103
35747
15907
1229
10891
541
5749
111953
14011
317
751
251
179
24907
919
3083
6311
10271
911
61751
107
329297
13463
3691
135367
6827
419
675173
8233
99053
181
599
101771
5023
241
6599
741913
30089
1543
839831
739301
103
21727
152959
13183
14321
87179
297233
18287
302891
643
631
191
1697
73019
3677
673
149
443
1951
191089
3923
607
14951
11743
5471
12421
101
419
263
6827
1619
33857
379
23827
131
149
232013
10837
577
3299
12157
1033
1237
562477
52769
461
107
311
271
251
1031
9439
9491
401
20287
331
463
797
915641
953
137
11743
181
375253
317399
683
1117
85933
394829
239017
6761
1217
1777
307
12497
766937
1511
991
101723
193
83737
4793
11443
326099
20353
128159
961123
4001
6827
181039
97
2857
5077
870703
292933
9929
379
2269
2089
6079
53819
26513
227
1583
1423
131
491
6277
6079
3769
394943
161639
425987
131
5657
3853
1237
2239
11593
17923
79
41759
1901
163
233
427513
557
8783
21139
1499
17053
336307
359
186773
674249
7919
225751
272911
160207
47
6481
631
1283
11197
3559
1619
263
894097
311
51721
2591
6949
313
13297
20399
353
30869
95813
6983
2113
4637
307
59581
3457
12829
2287
263
103
8171
60497
2029
6101
16937
2687
1009
52177
43
317
191
3659
6217
151717
18367
19
20521
31771
753383
674977
677
241
17
131
463
317
947
313
3907
137
16607
1051
163
1013
250073
372293
191299
223
2861
25633
47
1019
9221
347
137359
40883
402581
7349
276553
435751
1277
21499
13
421
1439
2741
4597
29
24169
980893
337
953
167
127
1861
7417
5521
3463
2083
8527
1091
4463
229
22543
557
401
81353
103
1123
523
483337
839
2297
571
89
683
394363
33403
1483
16633
4327
9533
523
196879
31
277
359
18757
313
17239
27611
4547
197
3607
26267
59
191
1879
64679
24419
9241
5743
1279
58537
10211
137
167
17
42397
157561
94573
1361
1181
142123
154417
609617
4987
313
3301
3079
1867
383
41957
419
4357
37223
1609
3697
332573
17443
173
4519
185027
85297
10973
389
41
241
183527
701
701
18313
3907
884011
499
587
1451
7933
347
293
24247
1087
919
563
36653
144973
1907
11681
9413
77929
1039
179
1657
9343
59
2549
191
349
277
312967
59
83
5839
997
103
188333
2339
13591
1109
463
241
7523
13883
33107
55057
33223
15083
491
7109
3323
787
607
257
8443
47741
39709
1831
491
102013
311
48761
2243
47
83
50513
1223
557
982973
397
239
9437
8467
19427
7573
322001
743
3251
27749
191
277
394943
26641
409
1307
823
10663
727
2539
163
1459
5059
6803
23
3581
33937
727
3529
32059
3041
16417
2657
139
251
2953
1621
77611
23741
461
281833
3607
174137
1031
1009
56267
673
7877
31277
59981
60869
51071
10141
904933
931319
15307
102587
4483
16657
9697
2803
907
21383
1163
91621
10601
822607
149
677
223
383
359
739
449
4679
649799
881
587617
11689
607
2657
2953
5779
6359
787
359207
138821
229613
467
1607
7487
26573
3463
893381
150551
73
103217
67
127
90067
62099
36137
3623
197
313
461801
241
179
1451
7789
252611
239
74719
229
10457
14071
3083
97
242621
47
149
503
7451
639533
157
913067
28097
12589
409597
5387
71
5659
941
83
2953
278563
173141
9203
131
2129
2753
385943
8329
419
409
67
109
983
127
19267
115459
29
35419
281
257
5153
2971
1217
101279
2663
421
1093
47
21881
23269
907
41729
20879
64403
367
521
43
79
599
15749
8737
53
883
2857
9413
739
1613
599
21977
17749
18121
769
2647
20113
1607
353
71153
603881
5297
199853
227
67
1291
226511
193
751
613
53
1297
79
30181
2131
127
22697
1613
109
5197
2239
6133
9803
151
317
137
389227
877
1663
263
1759
8161
1559
13049
109
159773
269
89
12791
155201
18379
1597
397
443
206249
283
41
22391
308927
17807
1361
1823
137
9679
164701
59671
467827
11621
163
279397
131
47
211
10723
2521
8629
5393
3947
201701
218611
31
25609
1553
479
2531
643589
1993
1039
1213
3767
1693
32911
6287
78341
19979
8923
10853
547
50767
131071
6221
43
398903
83477
63067
13
1949
6163
191
4649
285251
29443
925577
191
3163
499
8377
19273
919
27749
5711
1367
6353
337
90379
1777
1549
1303
509
6619
539339
142733
44123
4357
13829
89
1297
36299
700339
2099
104323
116969
12251
1571
811
4111
2549
409
4591
373
199
177467
233
30707
223
231347
1093
9043
461
2389
3181
107
11579
144461
331
331
3041
49169
13567
521
61
251
577
383
248389
9391
840991
486583
72271
241
348811
467
12239
937
142591
563
2347
42223
161461
847237
128599
3187
83
73637
31
7487
467
461
4057
127
157
6089
239
175453
461
24917
103
255571
423727
2383
68113
563
64747
1289
36137
2557
6361
199
9173
101
353
941
5669
41081
521
826831
97
44623
69197
401
922289
74779
29
12377
5591
813299
677
51647
2687
13967
8093
494167
4397
1699
45613
37
108263
37
839
56207
88853
15787
86843
45263
59957
1811
293
313
261847
32077
726521
4421
668617
941
1571
293
10867
157
201907
53
13709
132989
337
15601
563
972941
269
657779
373
3449
96053
2113
439
15859
1361
462263
533879
196919
73
67
283
2731
2137
231443
14087
2609
1109
331
619
107
111533
77323
787
347561
177127
28027
1493
223
23
191
2069
4051
113
571
9791
103
61
199
3181
79231
997
185797
61
16127
2399
3361
401
1093
36319
941
220013
728317
38317
4201
13751
4259
41413
769
18583
163901
70289
84947
72647
18787
659
99401
30347
35869
167
258607
37
197
4723
1307
1559
15199
863
232391
23
167
186283
557
229841
27847
42787
246469
1103
523
76883
31
631
9109
1487
6311
9343
6029
269
174767
3637
170327
4951
1019
10771
45569
509
401
293
2969
32707
73
561761
55147
63277
1559
79
503
843473
31357
1223
569
151
587
557
4049
37547
463
17891
2063
28669
22501
211
16603
2213
18593
7481
53
1171
2179
1301
3529
80407
24907
457
709
25841
331
541
101
2477
2819
2557
5881
256967
3469
2683
71
5791
967
1013
200807
3083
33961
863
79
1549
307
431
71
73643
1999
7559
1013
1303
1399
62423
151
547
1877
2213
33811
72277
619
184649
719791
17609
25639
70207
18217
809
4703
871867
653
151
153191
607
199
89
12829
113
67
857
421
4423
3943
979327
67
187669
293
67
137
26777
674183
211
89849
479
103
643
97
40213
472133
439
996511
38281
1033
19
3833
8243
1279
270071
313
233
7127
69497
827
199
4457
757
2971
223
1949
270761
3119
475109
28657
263
996409
1237
42773
811
107
439
120401
14437
7883
2833
878039
14591
10781
199
7919
200017
542719
132929
15413
457
722489
67273
17827
36277
4507
224633
7993
7129
1753
487
167
297469
61487
44771
144479
1291
1601
137623
17581
43
10103
3467
4703
3733
457
5381
1931
193
137
227
42989
888827
613
389
1279
37
19211
772661
8699
113
26683
123419
521
3023
418471
702511
1033
179
317333
141319
419
631
145007
144223
433
3833
4447
3917
251
16633
36709
30809
194377
353
7013
421
124769
7103
669701
577
1987
87931
13249
53927
1033
1171
17939
16661
4271
317
59611
29
61
37
359
167
23
191
19
73
405997
983
373
42853
26687
18251
21929
261577
347
331
5273
16603
715109
182657
192923
65171
277
9151
88799
67
4423
53
4099
220907
1039
1613
31
5333
983
47
2141
937
67867
1511
31063
217979
42443
23819
354461
967
24179
12109
57221
164831
757
5021
83
3137
2677
229
3331
809
1583
241
191
18379
73
98773
325883
161471
9941
2309
27767
1427
96233
811
5413
188701
22079
59879
251
562711
35279
1223
41
189529
821
4787
263
6211
15329
173
20359
2131
15679
977
3413
6257
727
11071
72623
49603
1373
183361
202777
11
311
2897
64951
97
2687
707633
461
113
2339
73
349369
315569
55117
719
2731
101
13171
23563
191
3539
29
4003
14401
653
9439
35221
12973
1153
967
229
193
61
5387
359
6653
5437
102301
74869
4133
947
1321
29311
193
3037
577
1087
3533
359
57559
379
3011
15031
85237
529103
113
1327
5573
2269
114229
389
109
229
383041
17
223
1459
43
193367
97
621779
1693
338407
16567
29
481501
2917
4547
719
1999
877
2837
20887
4831
5119
518953
311
1987
1087
20143
139
33997
349
15359
15137
34729
21649
251
229
509
59
1553
1193
13
4987
34981
14767
2089
337
667553
3271
11903
631
289607
7
63599
397
571
1061
17891
193
20047
58477
391387
6271
13
17
439
8779
44987
2213
1217
23
523
83
181
3881
3823
263191
17189
547
16141
21589
90011
283
1733
1171
89819
397
928429
193
174703
263
587
6689
619
2239
662483
1523
35527
7351
61
4651
9029
329789
47
3779
463
857
135601
6247
18133
26879
4229
612149
126173
89443
277363
65843
642973
79
11423
859433
19
199
10427
15439
2011
5441
35671
1399
317921
673
159631
827
548687
79
6967
1181
12473
872107
18379
285521
15643
859
617
3517
29
239
330791
5923
6857
526871
489001
631
61
2087
28387
739
70843
9791
167
1213
4229
3449
281
28349
153469
71209
1321
62233
29947
1567
233
1453
156493
717463
491
11
12611
71
266687
286487
186037
199021
2081
5399
4691
617
307
47
151
233
14827
186757
8693
89
263
953
1399
1663
38803
16333
743
2017
60737
311
737767
35083
941
374789
127447
487
3023
929239
29569
457201
229
3671
353
726797
18307
149
1483
4421
881
1723
233
142099
509
4093
107
73
4483
307
2593
83
67
227
427351
927097
4649
157
15427
316663
1129
192341
227
1699
163
653
131
433
101
201281
173
2539
28571
6143
1511
22571
6427
643
2083
184727
91393
38729
252419
761
467
287789
687809
98713
251
32561
1487
1237
353
310729
252079
7949
5417
271
463
3307
223
31
283
6451
521201
71
25309
45817
59
682943
2099
284839
6983
1013
1759
761
17299
898813
74707
23
2593
2267
1291
163
14057
307
6271
1171
877
310781
15683
55631
974473
34949
137
127711
225629
70201
1559
521
401
42073
3181
921373
797
397
8317
89669
1697
544771
293
630997
409
3467
4733
397
10639
2833
283
111857
706151
19231
73
2467
10091
26497
2719
43
28069
233
27109
13
12161
4877
367
2287
560929
127
12967
90073
113
491
113
261601
8999
43
103
696323
6869
42181
25913
70423
145679
98479
13799
1619
194891
181
221653
613
39133
38861
128461
1367
607
1259
26113
4073
2467
251
1693
199207
787
149
823
1657
214691
149
631
263129
107
8093
887
359
5507
197
23887
5437
53
56929
19763
216451
3181
71
19421
879247
10499
2447
21377
113
181409
71
97
389
4597
303139
63377
18301
38953
827
129971
457
17
1009
20143
360037
2089
863
47
499
953
409
34819
38299
67
31
557
11131
277
173
13147
2803
220543
7039
35869
443
234217
491
21187
53
487
3319
1259
7727
3989
4567
461
38891
8501
2207
2207
11119
86249
300581
107
7127
641
853
421469
613
659
97
673
1277
43487
991
246241
1277
227
64879
1069
2459
113
81551
1741
394787
243631
8093
25357
32911
25657
811
1609
62687
11833
453073
67
563
28181
233
151703
47711
113
17519
241
1367
6079
881
241
22571
1637
40283
97847
2437
263657
127
139
1949
547
25189
11789
223
24677
317
8167
1483
89
7927
6007
32831
967
2687
45817
1907
766211
1171
9749
3517
20393
8273
509
19181
139
98011
3361
163
97499
115303
13417
3821
257
11027
184351
953
5689
40853
181757
59
41761
86693
313
4261
499
151
10889
107
977
13567
32869
16183
13417
3517
3769
8513
48973
479
541
170509
108127
417023
955729
683
139
92627
1783
17959
281
414467
192113
306899
223
18307
2273
7333
9949
137
281
127711
2647
53
269
391199
727
257
5981
211
859057
3319
2557
32957
124909
1447
1303
257
5471
219941
271
37
296773
263
601
971
50773
6971
59083
41
9337
127
61
1367
4801
3067
2039
26099
383
1427
28927
139
36353
7757
41
9817
23
2707
31
4337
2221
61
941251
769
34759
797
19
79
419
40037
241
11887
131
843889
587
3
233
683
37189
89
83
18691
920203
17581
5023
5399
4159
691
103
34351
520451
1423
701507
146989
269
72889
307859
631
521
16567
503
4273
2531
211
34757
107
81899
1117
137
12037
587
12899
107
3121
73
1237
101771
12539
653
656321
823
521
8237
824501
137
538127
131
661
3307
65287
467
47303
421
3719
45863
743
1399
12941
397
2351
53
39227
2339
36523
22717
17123
33391
2309
34031
17203
1229
59473
521
911
5059
9041
15377
387031
6373
347
347
139
158357
29
241
733
18869
3169
23
199
2647
656519
103
1327
1049
647
107
11411
293
10453
442147
3659
1951
9281
139
23011
67
1307
2143
577
21613
31799
28309
41341
51383
72707
2081
229
18127
97
128389
7793
11
349
4909
17231
1109
132137
87277
131
124277
41543
2647
179
59887
37
11971
491
85853
241
3331
4243
443
248543
257
69337
293
10133
43
101149
125387
75269
13451
19079
24547
353
61
461
997
2129
211
1777
521
101
211
41887
2371
193
293
193
49223
64007
49891
29
12611
3359
11657
10427
314173
3299
62071
2593
1669
367
193
25667
1069
673
625609
4003
12043
3881
39821
159871
22717
307
5153
43
220877
107
1171
419059
103643
6829
3637
4519
2399
764261
18379
53
576613
863
385493
314543
691
1499
547
122399
1693
4057
7321
56747
6287
42169
5783
271211
37
263
841157
164809
270841
43
1567
8329
683
863
14867
12979
10343
1609
9461
331
125899
2003
25847
425071
1777
828673
393947
4621
211
367
179
757
7591
11027
211
61
6701
67121
311881
166021
26737
421121
71153
157
103
1193
1367
181787
646549
675923
1553
112261
3011
71
47
89
21863
51719
103997
673
2699
6997
8291
79399
26947
765437
40063
743
3821
191
2879
1061
83
6361
459649
19
9173
229
7577
173
2221
173
571
43
179
42773
24533
167
197299
45863
509
702269
117839
1931
1823
62213
533447
4133
127
121439
479
36479
361541
1153
20063
1667
227
23131
5569
397
47
37
1693
59
1993
2053
5119
853
421
189583
2341
462377
997
4481
1301
479
17
36599
1217
1979
8839
167
193
33247
29
4297
984757
3779
31859
467213
309137
99823
27653
4657
23
2647
250007
49451
23
70019
499
653
22619
122201
30137
246241
915547
401
141811
8969
265399
69257
1987
95629
811
194683
2113
29063
1063
1181
12347
6619
26813
10853
13619
204427
109
1319
241
6563
115001
619
36607
309559
403729
47051
71
22291
1549
6311
2377
599
688661
23827
13127
1733
269
105727
4909
69191
29
3727
1657
443
1051
338237
421
11903
17
33403
71789
25031
107
3739
1493
30643
161087
3433
163
12203
991
65213
211
883
647
877
3163
275677
449
23
199
29
12251
47057
138433
769
25577
5081
99089
73
17791
774863
2621
1621
89
2333
112199
38933
715123
6089
439
9049
1489
5591
33343
1013
379
2477
1571
3469
11971
575231
1567
9341
177167
1789
27277
181
967
4127
101
491
6763
349
163
2579
577
984121
1091
4909
24223
23
13759
5801
16253
151
24113
107
127079
967
153889
8053
727
541
733
7
487
1741
8167
508799
389
5051
557
2143
683
15767
3331
1091
1069
389
134669
79
47
284233
3499
109
54409
139
2347
197
863
4817
10163
389
36269
140677
443
349
129509
18233
59
967
7589
9833
521
2131
13187
1669
2909
661
401
119033
41
397
257
271
792277
369331
7207
3347
1291
337
588239
599
307
9901
19
38447
2677
139
2251
22159
3853
31
132851
5381
1039
457
62987
308923
22279
48817
5903
17
239
7039
552553
1039
61
2131
2207
64901
14057
4691
1447
2273
241
1637
409
23
691
6701
41
683
47
873113
1619
691
227
11657
94541
8923
71
4519
181
5297
3271
95701
2383
51971
211
77893
64927
43
1627
881
3911
199
62081
2689
1237
55717
181
156319
98387
151
863
1693
79769
34501
81937
5437
23
4871
419
4651
59669
355427
4177
659
2819
160883
1471
82759
12143
1093
167
43
9973
571
211
5923
683
19
2113
383
5153
599479
13381
1847
84731
65731
6203
571
43499
160309
5953
13
242197
3881
7211
276929
433
17657
2029
3371
3019
34607
29327
8059
1447
907
3301
41641
67
67939
7459
829
631
157
113
5881
191
601
306421
257
182473
101939
9433
4663
4861
563
55663
1511
8243
313
34327
241
3931
166973
33427
701
359
68639
199
24077
1747
2011
1063
5711
2999
13807
108007
1061
2179
250013
49531
230693
22807
108401
53047
59
4649
5197
1277
136327
3623
45161
5081
2341
249677
58763
149993
2287
181
12277
567407
10159
449
157
26153
3257
13627
70289
35069
8167
3733
81847
115859
237487
947
239383
4091
773
991
1399
6073
19447
19861
4229
365531
787
11113
547
23431
431
42359
90887
293
2027
87739
750707
18457
66373
571
733
499
26249
24611
1789
623963
2707
887
32237
211
5717
1423
1699
5927
191
92647
76913
761
4219
643
71
85703
2693
937
1693
1657
7013
306871
8461
389
139
59
36061
863
289033
1201
69317
5591
29179
1709
94151
269
11321
947
229
97
6691
257
839
509
31
34273
29
2851
1171
13151
307
54139
2851
44519
16573
281
3163
9349
199
4729
132169
37
3617
3253
41953
2243
401
3623
4789
9533
2129
2689
15139
4129
839
599
6451
227
115201
1621
1319
19717
5657
67043
47
17
36887
7057
47
27091
13613
1433
541
109
166147
4919
73
3037
2663
89
2063
3677
127
16481
373
229003
102001
285697
449
131
24001
106217
37243
7
142607
37
2027
389
709
601
853
496471
56731
811
29
79139
6197
183461
47
61723
194713
31
487
19889
5167
647579
8647
379
70877
2281
44417
103
1483
227
719
4657
28927
1741
677
12917
1033
139
1451
131777
52181
353
77249
373
73
50261
5903
39857
23
41
373
1871
12037
550651
39521
3701
12959
1607
353
13613
787433
17
9839
2143
541
211
1259
617
1951
2621
1193
4129
7817
953
659
635891
2069
149069
281
4159
8941
92671
1831
2087
320693
890833
113
18451
1987
1951
313
379
1831
59
433
488921
109121
811
17851
1483
4283
787
1699
659
71
773
43867
5783
937
23081
42719
74747
11777
1187
10499
26171
4789
107
103
113233
197759
7529
151841
44579
4943
39541
6073
42239
137
37
269
5227
2833
23003
36821
227
569623
181639
2731
233083
5483
12269
107
479
1021
59
376147
92639
863
8731
809
35069
6343
2917
1487
71
53
733
9151
3853
2153
47
733
337
97
349
1217
882017
101
619
21169
2713
21493
80107
223
9803
413411
659
419
1847
1789
641
117353
111269
941
211
4639
119891
29153
40427
4789
32797
131
227671
822839
29501
109
26681
839
853
14723
29
53069
71
225767
957119
37
2251
3137
317
245279
4549
41
941
39869
503
53611
179591
83
61
2137
61471
12109
929
149
839
19183
1297
197
9323
632773
764041
5813
337
1637
227
307
8171
6551
631
103
209801
113
136397
87629
479
1787
29723
179
439
1913
23957
31121
5861
57223
37021
337457
631
1877
2027
24197
1087
193
39569
4721
7727
25903
1931
2851
38903
46591
36217
49199
355441
401101
172663
9619
8779
1447
2441
941
709
44647
29
257
929
270121
4261
43
363371
159833
4007
59009
751
6121
20897
347
139
1759
83267
2609
1151
17033
176753
70313
2309
67
76403
113
69491
383
13
1223
27253
46919
103
1889
439
8971
2333
83
197
545521
14519
55079
83
16187
15137
121351
90289
246803
433
7207
280933
54181
6823
5023
31
115117
1523
379
401
29837
14519
947
911
3803
47
557
443
182177
1571
673
577009
29
829
939317
3461
1181
653
11731
6607
11299
249947
29
619
22397
229
1217
269
14717
20809
277
203233
31069
62327
823
529829
733373
419
2011
1373
619
541
11
17729
589921
61
37573
347
113
2389
22229
1493
26417
8861
131
435583
1193
1109
56269
1213
4663
73679
310697
709
1877
293
3313
33377
7541
4451
5167
3919
16349
691
863
199033
222731
255989
373
39181
487
73
770387
947
8609
67
193
10301
373
233
13009
151
8719
482483
376759
1399
137
97
311
19
1741
409
5471
1877
102251
44983
239
10891
261773
1297
761
1013
1831
3023
2609
40699
34369
586979
3067
1277
16421
419
127
2339
392251
373
173
84827
2711
6529
16937
163
1201
71
38053
3251
227053
471673
2351
2297
2137
14591
1013
45191
1553
4457
2909
857
8101
2053
57829
139
911
5087
1499
39727
61
223667
38317
446231
1399
227
31
181
41549
941
1669
160903
47809
479
242059
2477
857
45481
929
76697
167
33329
9721
21407
853
71
53189
87221
251491
2239
2557
26141
641
3727
102139
1471
23099
349
1301
281
101
541
127
2333
1663
181
59
71
5923
1759
104053
29179
92173
33997
1993
461
16979
607
34231
14699
67
3733
181
13619
653
51511
43933
15139
2617
503
1907
443
2111
1039
149
53197
643
421
379
163
17551
293
991
277
32353
2969
2957
71
4483
6389
170299
56269
1249
129527
509
977
699241
239
71389
120691
354979
23623
972121
1327
31
407483
62423
3907
9413
2083
4231
39799
10333
9629
53
8839
383
6101
6883
211
28607
18077
613
557
827
31
899761
30539
32117
2357
1259
995959
18133
2539
4889
55243
2879
13417
2213
193
192767
10601
42727
35731
11731
1889
76907
1381
131
237763
258707
86981
79
12343
829
139
157
54907
2593
1997
257
184829
15683
12659
8231
73
353
127
811
29683
160637
1549
594617
1571
5281
41299
36007
433
101
6043
125929
269
853
29959
12979
401
81077
1129
4703
29
35069
11059
271
137
20407
5021
67103
127
41
22963
71363
26177
439
809
433
15031
2293
68891
607
13763
2549
1109
17
12097
1117
1163
181
5689
6247
157
1861
613
839
47
270371
233
120647
48907
1433
3371
4973
612817
83719
42943
26227
2579
631453
83
651143
6353
811
443
200329
269
281
41
21391
2281
257
491651
313897
31337
124367
25913
239
40787
241079
757
97
35591
6491
1327
137
2851
1543
62971
547
5099
59069
25439
14249
37
1489
373
25127
2579
3391
18181
3767
2687
8677
668867
1019
97
809
425959
727
631
31063
1483
70589
137
4679
128411
1471
39229
59
73
3187
877
179261
226357
12241
5881
487
43943
4751
20849
808589
181
742991
463
2939
179
653
268493
19597
46133
6317
271
7433
71
2207
12491
463
3739
83221
53
52609
107
29
2087
599
26699
307
1171
149543
197
11273
1051
751
131
2417
3373
6047
63487
41
220573
12893
54709
29
353
503
483433
159179
4801
5387
347
14489
1697
709
367
11897
163
547
787
32297
82729
97
653
20507
35963
167441
585853
6659
13721
2017
49597
557857
53
5531
99961
5051
8269
947
9377
181
281
94327
830447
1031
1523
41
1117
31219
12791
1609
195599
821
809
3931
6553
541
4639
1223
843559
987361
12589
1609
937
829
1579
24509
565261
193
857741
42061
2389
487
24137
74099
854617
113
60127
95747
449
191
1553
149
877
31
10501
6967
59
269
8377
461
1279
109943
60601
20731
211433
39827
369793
796937
79
8933
3697
1453
89
3083
174157
998539
73
28687
773
35597
223
55217
251
247099
1069
86531
919
10093
331
4813
1117
11351
10487
26633
227
5987
419
19
1657
16547
70289
467
739
1511
409
881
25733
19681
18587
214309
929
2081
52567
40039
307
109
15823
7583
59
409
45121
4021
199
569
124793
66943
9283
29
25171
2879
41
20113
643
88001
85523
263
16363
5119
3389
373
27067
410117
193
69829
271
1129
5443
661
4297
5197
433
2903
10169
479
62081
73
7549
787
6449
16699
263287
703321
983
59
233
29
367
2531
5717
53
9109
236479
56827
625591
317
3709
52973
293659
509
9203
263
47857
397
251
415951
1613
3989
42853
4679
8117
44711
557
587
53
1723
2887
1193
71849
35797
2819
21401
43
1933
4423
3779
688561
587387
379
409
4513
6547
9241
823
81953
5639
1699
281
373
78877
113
433
269
419
387577
3079
347
9157
83
14437
709
1303
34963
11597
207671
37369
468883
461
5081
6553
23
1061
647
139
130553
436279
3697
36559
2179
19961
3733
449
12281
2437
14557
881
421
7867
3253
81101
752881
66463
16927
10589
989623
9491
773
4133
7577
2887
1597
1061
409
2243
113
131
1901
463
4159
916291
224041
11923
2707
5741
1301
59
1409
13099
443
349
41
613
383
12113
397
59197
673
1543
43577
1669
137
787
1283
1697
19219
173
59
3449
4099
173
330943
4639
563
46091
8219
36599
769
160639
179
43
2011
5419
1609
643
491
93967
797
20903
877
183119
853
197299
313
77699
2237
13759
30347
41243
433
965401
271
719
296561
4793
38281
141481
285997
22807
22109
5399
24989
4583
20201
3739
57073
163
11161
4021
40087
104959
30493
2383
51287
67
811
22697
389
11069
857
445229
67
821
160387
18059
3593
257
66161
103123
109
17183
6011
521
1459
271
6217
977
2423
271
894097
241429
77239
41
279991
1453
262349
107
38713
47
103
563
23159
57383
1327
1093
124471
89071
2029
283
557
61
7193
1759
1487
4231
7481
743
107
12589
2129
42577
1307
7591
3407
51829
2963
1523
315407
733
887
15193
295441
827
241
1759
122701
2251
7103
281
4297
2861
263
853
446123
659
9551
103
10501
79
431
38993
181
463
19739
71
349
745859
1109
521
509
434323
877
281
91921
1657
43543
23767
31957
293
492319
4079
9749
39181
49367
89
2029
823
509
49741
35171
260269
167
128399
233
487
179
157
59
3187
41
17
170749
261739
1619
6547
373
16649
1543
1063
151
16901
7001
3943
51047
13
141403
251
167
227
12739
4513
421
6311
60083
46703
1033
1823
937
30013
233
10631
1093
8681
757
241
195053
23327
8741
4591
3581
2243
647
34549
855733
89
137
127
491
661
457
313
768319
241
2311
17
433
2311
94727
6427
139303
4447
471539
5861
11777
421
97
29
167
547471
207517
58733
97
15907
1009
569
1627
606017
1933
19543
877
97
223439
20693
2677
1051
43
733387
1151
617
463531
10733
227
14783
20233
57457
46507
193883
25303
41
325691
7583
530501
181
61261
22501
28387
311
1277
55733
7643
733
5101
8431
4457
53
67
12379
888133
89
9133
28817
957419
13313
20249
2903
1427
6389
63601
15823
24547
68567
43019
545917
269
97
8317
2003
216679
109
106961
3671
36913
416761
23
21143
449
653
3727
232699
359
14461
1297
53
631
241
4391
103
57413
383
11689
857411
622637
35491
142837
421
17
131
1087
692191
787
89
1231
2333
349
257
53
31
42089
3593
386129
61
881
79
3779
451937
4673
12197
1039
11831
8807
92951
154061
571
581143
965963
3593
263
269
15647
739
20219
21661
6397
557
719
503
66089
127
131
383
1051
8537
163
467
10499
191551
1049
2347
1373
409337
257
1973
227
11821
291779
183389
59
49921
3517
1697
43
4793
2503
107
81973
5147
2311
2017
41813
149
5639
20411
37
13627
518059
389
881
4349
2281
490577
173
47791
7013
1307
1039
569
1487
1439
408203
53
403607
4127
29599
139
16931
71
1879
103
17
76883
613
227
739
4363
147227
221953
2099
42017
16301
2267
4349
1193
13829
2053
41
59
136027
61
23209
2351
73819
479
3853
59
70141
29
10601
17029
297469
35117
29101
353
86239
27329
20563
89
14813
1613
293
508477
104677
212593
2357
293
277
137
701
7459
3187
3221
151
38201
1231
1019
8467
48449
32801
367
434107
233
619
12973
633263
25799
11351
479
239
109357
1627
1069
97
1847
27947
436291
2687
41
39317
5741
983
349
470021
29641
20357
58909
67741
602603
263
444113
288467
214589
557
1307
271
262501
71741
7687
8893
5417
19
907
719
154057
71947
59
24917
422287
137
16451
68713
116533
12589
3511
19
4703
840821
18451
1223
449
151
2957
2753
31
10847
1259
13267
1801
103
3511
3299
1933
7297
619
105601
4889
1123
14207
16361
61
331
13121
71593
2851
713753
175013
7487
523
2131
2539
380881
193
251
17681
10459
5171
607
1303
23339
8867
73
40853
2677
2837
739
133349
25171
241
79
20731
106531
106867
3499
71
851051
23957
23
523
1433
2131
30817
40771
8863
47713
187513
20707
1693
449
379
2711
1063
1217
113
120299
303377
1187
73
1451
70241
173
331
461
727
4649
823
9781
1201
20717
69383
467
378667
157
2999
5023
139
4073
113
127
4967
463
797593
89
7559
89
593111
11
2687
1709
19
5437
73327
1193
25733
443749
67
102121
2531
313
2969
401
89
479
3119
1979
36671
103
193
337
317
134873
1117
88643
801683
103
4261
413027
277793
859
22567
307
53
2591
9601
433
106279
821
313
38953
79
1949
449
74897
9377
197
12611
6469
113
2579
647
2161
5209
131
43951
28309
347
439
191
31013
4733
5431
2203
107251
627349
211
257
613
8803
3407
991
3623
34217
773
2971
521
1229
11923
101
239
3329
3259
461
36263
563
383
13913
173
733
401
199
167
713177
10163
2377
1091
392347
991733
229
109
45077
11057
109201
25057
1451
29
13831
1931
53
9181
1031
1549
657403
3709
635249
179
20029
2687
4759
4673
503
377353
613
5011
21851
1789
16487
8753
409
1867
21817
2137
271
506459
39619
607
137491
991
47087
2053
337
5503
3257
32609
101
141511
10501
112199
10181
1933
937
107
1307
115879
277
3803
971
14407
167
33487
17341
318107
146093
38873
228829
3517
139
39829
2879
10987
15749
55399
10133
20693
1789
937
5419
1663
5591
14537
2081
211469
4283
857
15359
57559
379
122389
3323
67
419
41
654601
43
1607
32327
653
85517
1213
22637
248861
163
192271
271
127447
41
107
417959
5689
193
96059
2503
35831
2003
148303
275881
8539
8087
19
98227
293
226123
1373
98801
3049
179581
172411
479
2843
443
1447
73847
5351
202661
139
104911
613
17033
25693
50101
22037
451051
3049
41719
181
33931
302767
55733
11411
113
691
1627
821
1933
311
2617
263
1181
617
1181
10753
419
101
2917
41507
1423
251
37087
7079
179
1429
1997
372653
77383
28669
664849
31013
743
29
41
12071
6661
19
844127
1571
1471
359
677
2689
2917
25057
2917
557
36457
127
18743
3301
631
359
701731
919
4597
3733
1847
67
853
604411
5657
1373
173
1087
101
2719
43987
569
242309
953
135367
36013
2609
14449
9161
36643
359
5839
50087
139
143357
79
4001
83
23
1031
9433
103
431
277183
18691
8009
5623
557
809
7759
2879
2927
170383
15527
137
13613
128717
2707
310129
37
747863
1181
37
12163
9643
107
2843
194431
1481
89
3259
135209
7039
109
29209
1471
22741
37357
1291
7
89
31607
21313
401321
15307
4969
29
167
47
631
36251
68749
30253
353
431
59581
685339
1741
11677
70381
20809
73
27701
22721
4729
23203
139
10007
11393
12149
106181
160453
8363
13121
2477
1109
83
93497
1013
43
1091
167
17191
13381
103
3359
289253
20707
316501
2017
5843
1613
58193
1303
751
23
8369
47441
9041
2383
179
6827
1873
269
137
4283
104381
43
18287
55541
4079
5737
4231
827
12547
3709
29
50857
113
14563
3257
2339
6967
2969
3089
66179
24671
739
398833
2141
23831
298589
1423
1877
22279
61
3727
6337
108869
5443
233
768727
632447
6053
3449
13789
3533
280547
491
293831
181
47
503
9377
276343
11681
2677
12487
971
6199
48751
8009
101
245671
379
7573
19543
1303
3923
2351
83
13
36643
14621
607
2203
26263
25903
13567
3323
17
69473
19997
929
1523
859
36979
5563
101
2389
6961
8941
379
5503
373
183473
8699
3413
32603
139
173
558947
22637
173
590819
23039
151
133673
107
928621
188261
25673
1297
197
9901
3833
1447
6571
167
352301
4637
20297
6959
3163
15439
139
43
64483
1439
74197
397
1483
13877
417947
481721
1877
150413
491
6203
12451
6397
911
9343
3319
97
177113
5689
123829
3677
359
2137
167
29
17581
150589
103
5443
9839
1693
4261
251
347
23
127703
6761
5437
659
5717
278867
317011
3119
1129
461327
1093
191
427967
151279
103
29137
31541
91781
3257
6481
42407
327419
1033
3259
9323
15887
12589
347
29
337
993253
127
1901
673
2423
439
139739
463
8291
1163
2729
845753
852857
34327
211
3181
54493
37
241
18503
158759
1097
47269
95213
55009
479
53819
9157
326779
13763
19843
137
229
43
97
1301
6791
233
53
617
67
79
131
751
733
709
3557
6521
53
14051
435263
991
31063
311
12037
863
1973
3253
6329
30871
67
139
547
157
59093
547
494789
57037
1009
43
9137
1103
16001
541
473857
155387
172597
797
571
53
876871
157
3929
60923
1571
2903
2081
4889
416387
211
23
149
547
8563
33311
43
2203
75703
271
107
51893
179
78401
874729
1483
21499
18149
341203
49103
10979
859
109
797
561373
97583
19373
677
1291
100981
443
1523
5023
460091
324329
43
78049
5437
839369
61
73
10037
17
131059
461
26053
2473
61
283
3371
513509
863
37
293
541
182803
11597
163
1291
8017
37
3851
157
36629
92431
281
63131
739633
7529
219847
2339
1423
3947
375359
31
16691
353
138373
977
523
13441
379
1153
1109
277
487
2467
281
127
163
5657
54013
61223
21163
15091
87293
19
22027
3079
391199
3361
1613
199
863
21587
860753
1597
7537
14867
54767
6143
50951
571
43
193
131489
569
2239
13109
4019
59
199
375773
241
1933
489631
71
41
871597
491
863
15803
563
97
461
192883
575137
823
38671
10687
172597
11
1381
244381
60413
335009
124693
1783
811
56401
21107
23993
64081
3371
683
131
49451
233
48353
881
496187
16339
509
11503
1559
653
18541
140443
229
829
2099
109
70249
808853
162691
2659
10979
1031
1789
97
43
846529
232937
313
29
6007
22307
1213
13397
1093
109
907
22133
43
137
2591
4603
80141
8563
269
673
73
347
13309
3847
521491
613
673
623321
10079
149
4637
56599
4549
32051
151
48947
281
197
59
1879
106699
731827
10159
239
1579
151
47
151
229
39983
72679
881
19037
127139
73
5101
4099
5197
439
227
14891
15013
91753
16001
10883
66383
149
383
1523
30869
101
1033
101
66863
4517
1481
2087
10939
16091
1103
251
443
413293
107
79903
12911
210491
22307
811
101341
1889
5683
1657
4903
926489
101161
45691
11633
167
165611
431
420757
29101
139
136649
977
896347
607
383549
15679
8293
18521
863
271
593
79379
104879
14143
257
489677
853
512929
1021
1213
46523
84127
65881
103319
2351
19559
39239
2843
491
95783
1931
3673
113657
223
156887
2069
941
569
1277
3797
5081
340387
127
9923
43
5449
5657
200891
937
859
947
24023
47
217489
139
75079
2707
389
113
16657
307
149
153449
2003
3511
958289
547
149
20879
410461
257
11939
23227
142963
229
4729
38921
157
201961
2081
317
2003
39047
2251
241361
2011
1433
3613
5087
827
7853
11
3323
10457
4813
4937
787
40823
1487
14621
937
701
149
22091
100003
499
1039
53849
31663
691
787
53
53
173
1777
1423
74891
131
113
11171
127
1567
1013
5639
103
227
173
6299
1069
2251
173
1201
821
17467
331
139
2339
941
2137
941
101429
127
109913
661
542551
1861
16703
197
2797
797
5179
6287
759691
15193
15991
167863
13913
491
46301
883
109169
521
751
167
10253
1259
23
1223
19301
307
113227
4751
35089
4159
79967
1531
16057
31
6043
877
881
659
1997
109
393403
1913
1051
135623
359
74297
15601
758273
98947
152939
59
1249
1307
158591
24007
17449
191
194113
2953
1109
4729
571
357103
12161
2099
1361
691
491
1999
85931
433
38873
389
41
74077
10313
872383
61
2689
75541
101
37663
6203
421
23173
120763
229
617
293
1051
7219
1097
4337
823
61381
113
337
653
601
151
467
8597
353
13513
2381
4327
1109
1277
467
62701
709
23
523
6257
103399
20063
157
787
3467
1103
32587
1021
1543
293
2131
12437
83
593
15493
947
123733
457
139
13883
100403
137
367
577
159763
233
563
233
2767
127
173
19
4801
479
593
929
6833
439
14447
701
117701
1009
53
709
341227
178903
727
71
164071
857
5851
71
111857
131
211
659
431
1583
363119
24821
1201
3121
105613
601
1511
491837
462109
10039
399031
11311
111779
25703
4523
116329
31
149
2053
3361
8737
726751
1021
33547
4217
5011
557
792413
1949
573953
2939
7283
15583
31
61
1489
1657
319037
6737
115613
234659
3167
9221
36809
55829
14461
4243
373
53569
101
19163
853
9001
74747
743
46199
13693
2423
1723
83
761
120997
229
25171
211
7177
5333
43
5923
761
4099
29
11887
757
234727
601
1307
101
1109
557
173
6719
342971
63949
31033
1609
757
42797
421
59
211
419
421
9319
23117
41
6827
751
157
1367
667991
10103
192667
2281
101
349
235489
7573
577
181
44683
3527
61729
204887
457
13
821
3343
15881
322459
601
10711
3491
1787
160423
449441
451309
33487
3677
103349
3491
407971
2339
145931
757
56963
22391
7477
384697
1249
1051
1787
181
193727
9187
211
7193
550607
36779
1549
464923
97
233
4027
374177
34703
2753
53
607
1321
319427
811
146197
113
249607
87107
133711
1531
307
18899
173
36479
4877
457
405529
181
1163
829
487
495973
3677
97429
433
232189
50069
99109
3697
1447
2221
239
2371
816169
822161
622943
1289
31151
22037
1297
47
1709
179
476279
21737
37313
89
2659
5099
4793
36209
275549
61
112111
2081
8243
53
32537
87221
823
61
18521
67477
68279
24533
159407
32789
811
80513
11897
101
306533
113
3217
773
3467
269
199
1597
421
59473
121447
6823
337
43403
106823
191
21673
991
4019
83
283
137
7417
593
334403
433813
194371
180371
100469
167
997273
1531
17191
304067
139291
31
67
11447
2297
701
59
4549
37
277
117643
47
931967
1723
983
2711
54539
1447
1621
89
1559
71
244841
324301
61
1213
5881
1019
347
35423
307
10009
659
189517
3691
136319
1193
265313
22571
10889
104243
17167
664687
43331
15443
1229
16567
281
5351
821
87151
189061
990797
2543
8741
739
15107
71
10463
19813
883
42743
43
3461
3329
138451
22381
97
30313
373
296273
12553
6793
17
5407
7561
3767
307
2221
157
47
543187
463
107
1559
1297
59497
33493
10501
97213
127
11549
48479
473923
5801
2609
1877
395873
10531
1279
433
137597
857
4673
431
4603
233
7129
1399
487709
41
4621
751
2399
43
30661
431869
331
353
162517
389
63059
36761
8467
7193
348011
4289
1019
1013
18959
1663
1553
163481
163
23671
28297
131
593
182233
24239
2131
927323
797
2803
5231
1759
863
10453
113837
167
78259
199
4987
193
185051
4679
4099
11087
19
5023
2999
89
503
307
967
1361
631
541
127
1493
5381
415759
449
293
263
2777
449
307
4363
419
1091
1597
1579
57709
80669
286301
431659
35339
487
77521
107
393311
534553
35923
2137
31
191447
71
691
10883
5501
29453
179
67
10667
595927
8233
317
239
263
811
5231
907
2777
1013
167
3929
107
290047
21523
5693
4517
35509
503
487
18451
774127
1409
22073
129121
739
1493
3911
521
2087
1249
6323
4139
14669
829
829
8867
661
2161
6163
891223
36191
743
47
2293
11783
9857
547
5849
55681
137
24611
1597
397
1543
307
8419
1693
2083
290011
16699
15937
676391
10007
12437
16993
1093
149
283
250253
67477
449
2467
2687
18443
521
331
9181
523
929
12703
4993
3547
58207
10399
194479
107
1867
1451
1439
23977
70207
64997
367
233
1171
733
5281
1499
1151
499
1699
12601
73
997879
1303
15329
439
241
7951
3739
2441
5857
115237
16937
53917
494933
11789
28447
44357
1627
16481
808771
467627
2371
2143
157
173
907
1453
14713
53569
163
1657
757
43
56701
4261
368059
118799
37
927431
30949
541
15959
76333
454711
1429
677
1307
17
19
659
397
167
3469
270229
3373
101
151
1907
487
117571
167
1117
2161
1697
79
353
9209
6043
18289
233
9473
2089
24029
217169
318679
1231
1447
9151
33647
3413
31219
60923
226823
929209
393413
83
1033
9587
310223
389
929
325807
1907
823
100189
43
1051
13109
7937
47
83
6793
797
418027
5813
599
139
4523
6451
48049
75641
6367
32191
8219
30707
743
647
35863
2137
631
267649
613
89
1327
659
1549
2137
3557
78989
3511
547
2333
279203
35521
5261
643
647
22549
193
149
1621
647
53
484927
173
9749
691
123593
797
28069
5783
79
309079
1069
3697
270797
129901
13711
23687
1759
59369
53
941
1181
51151
46273
10729
2539
25031
43427
953
28901
83
401
137
1889
14813
1013
282409
19913
23167
337
4817
313
547753
1873
35597
5501
35597
639937
347
769
52379
2557
109
23531
521
347
214517
7057
296041
53
1061
941
231463
6737
267601
101
587
67
27031
854957
89
26183
417479
19
743
367
18329
5023
233
5591
67
193
17749
587
297359
45403
1669
2857
3889
707321
438001
59
94781
496313
347
9803
727
2113
305483
202841
379649
367
113
271
11273
4621
4201
978617
1021
101
20947
97
113
14461
199
208673
641
149
7529
293
21617
43
157
281
1709
3673
156011
241337
79
2099
143053
6199
274847
1039
139
2683
769
109
1663
1481
125791
5641
86689
761
4679
333769
313
6007
24749
733
91577
20393
59
16067
557
907
1823
34847
10271
328891
284269
283
61
1759
1049
607
37
86561
1567
2083
6269
17377
12919
1229
758441
350657
1709
42509
31
3347
7159
1427
954641
179
599
43
21563
163
313
101
78341
83
547
40709
8297
4789
229
4889
23741
59
462947
31
3511
3251
319993
882067
719
18523
28547
373
100459
442837
271
1193
1051
193943
163
6481
3739
739
8501
47
13121
61
337
601
15607
573901
2593
29423
71
19661
199
1069
132817
36109
5197
1549
1049
12301
26729
1231
482227
4637
761
40939
4003
36697
311
108799
21863
47
967
3911
67247
159979
607
555293
102913
89
214051
156577
1439
257311
5657
228577
109
367
1913
317
373693
1051
2861
70207
2791
1523
547361
62473
1489
89
313
1019
4159
15277
819911
237301
1481
10211
127
367
31277
1451
173
176933
163151
477821
40771
3947
2897
15569
239
15973
1087
449
967
71329
859
4523
691
733
4673
997
96323
401
457
2659
3761
983
907163
80407
1867
2221
29947
1181
439
10627
290027
467
829
1487
29
6389
2113
80147
8101
14741
9949
293
419
82267
968731
131
499
43
657091
34919
263
541
41
87629
6203
283
67
337
34703
12979
5
1873
271
1103
373
81077
36389
377827
22613
941
4079
193
2477
5581
605233
389
59951
151
42499
14293
193
227
1201
241
12553
179
2851
73
122929
5023
25667
16673
1399
71327
2767
5
769
51341
299329
179
2609
4729
251
263
283
35993
229
307
4093
103099
2273
683
7027
13093
421517
9059
22291
293
10141
397
79
52639
919
83
3347
6301
3767
89
74419
4649
1861
12791
276629
1997
467
61
960019
641
817721
143239
277261
3187
2647
5107
108799
2467
2731
107
12497
271
1553
607
293
727
2473
34589
6163
1237
50441
6143
107
279143
5939
79657
928267
619
14081
227
56783
177811
101
137
487
797743
113903
43789
229
3463
1567
419
211
60601
2897
79
13241
2309
14321
131
67
89767
313
5011
610289
1091
173741
31
329321
3671
60337
8731
605921
782087
1997
1229
4091
38197
972229
857
133169
20143
103
242911
11833
14303
451331
290531
67
52817
4547
643
1697
1531
947
1061
83
98101
378179
6599
389
89
131
6029
439
20333
349
15217
12619
269
409
110017
29333
383
2081
56437
661
445937
64153
59
2341
425377
1877
12049
910307
3803
154267
619
11261
683
733
2207
347
20147
3257
269
122399
21617
499
165589
3433
241
137
45971
27551
192341
1459
2017
331
587
152441
5693
53
312211
47
1259
337
96221
120047
5867
15053
191
1607
311
57587
10067
653209
827
1373
3779
149153
241249
919
193
337
15647
181
547
4783
64969
3593
79601
223
529117
137
6959
1319
29
2287
1097
41
220391
23039
400837
4931
38431
60397
3583
17389
661
709
211
59
72019
421
601
163
1291
67
1579
17
10513
218447
241
196831
466517
394969
3931
509
127
709
52609
319973
167
6451
563
990559
383611
47317
143483
169789
1123
277
19031
3559
60607
8297
4493
104659
66821
39233
3347
53593
33029
2659
3923
138917
907
5179
1259
16301
2909
937
283
57191
823
37
62131
17
222293
307
590141
409
131783
36791
3761
70841
889907
427591
375083
17713
139
5807
12713
131
257
56101
3347
56209
587
5407
47963
142837
14747
391519
7307
3389
341059
12373
269
733157
1063
4933
9629
957773
422897
2833
1061
90197
16447
56731
787
547
463
17333
677
14489
157
109
38971
1543
2039
52553
337
231841
166457
127
13
1663
30113
87251
601
51473
419
10781
6967
211
787
863959
30323
659
751
4817
15797
47
2017
191
97
53617
709
29
859
157
144307
103
7331
1423
347
467
317
311
389
277
81937
277
15797
251
3083
93169
34883
797
83
199
607
17321
173
995081
878039
733
64187
173
12539
251
151
4547
217793
191
80329
733
3719
691637
135929
18199
2333
449
50123
1399
187711
89
42797
2677
293
547
849047
1439
449
400331
4793
1877
331
587
75323
248861
84407
757
3637
144073
13399
19801
39901
601
1487
28657
449
3329
1619
15361
46091
55291
163
103
107
59333
31
64327
1709
3229
149
5657
410257
127
17
4001
66751
675347
463
389
149
1753
2311
26723
26029
177409
2917
101
61129
11
661
64373
223
6131
44371
709
271
10501
53
28621
4391
109
3617
709
51713
3673
239
23
617
57991
3733
6491
1721
289021
20341
48619
593
1549
23011
151
176227
3659
10613
461
54277
277
659
189757
151
14281
228559
137
49157
32377
402221
9439
23
503
377543
397
1907
277
1721
15767
2281
32257
541
15971
21839
12671
184993
15299
199081
1697
656749
409
231611
141731
2693
324901
170641
1237
364499
857
653
97
307
97
920107
37
506663
34519
7247
106753
28499
71
149
1489
193
167
89
6473
190181
2707
182593
727
16903
449
1787
3049
64489
307
144479
2689
157
877
125669
1087
37039
29363
179
359
877
15761
47
25577
2473
123479
1021
293129
1321
137
10657
43403
3463
142271
49711
1471
4999
255149
12799
1489
2657
2347
564709
463
2251
21017
5641
1279
557
1423
11981
262069
18457
5
1753
479
4007
9661
313
6091
59
10271
173
214639
2203
41
1399
37747
460267
47
2141
2593
353
149
47
2113
93251
11719
72647
84349
229
157
2039
5689
401
107671
17
3079
5209
4231
5477
853
877237
191
59
571
3853
19
67
709
77863
6337
2293
9791
458357
967
472051
33073
223
67
52363
1741
877
6899
3023
22051
67
68113
619537
22549
27073
2239
257
313
17299
211
208319
2143
79817
179
5
254489
349
409
3313
281
156887
577
167
18097
1553
1087
347
317
31
173
277
97
883
1571
17921
8263
431
10559
193
79
39971
239
1487
1327
3769
793301
458567
5851
349
805471
131
1709
41
1021
6263
1109
1031
76919
519803
277
19237
881
967
185987
1193
1381
20407
26849
263
12497
229
3709
1097
733
432067
317
359
617
3851
509
71
15199
5119
1229
3407
457
5387
401
79
27631
929
1867
109
641
86753
11923
28201
53
499
359
11239
73
401053
1787
74071
181
2383
1301
457979
11731
66173
109
163
2287
613
1493
15601
22613
23
3593
35317
21313
119087
908603
479
1181
2803
233
112571
1789
130199
8893
97859
307843
2657
5741
1693
2131
44381
257
893681
1553
7673
51347
149
55487
97
1523
2441
60793
229
241903
80447
154747
76343
26203
331
263
7193
323767
23537
3557
1061
14153
1583
358277
5431
443203
66047
8527
109
4297
172259
703121
633803
6883
4229
4951
146249
2549
127123
146767
5
569
1277
426773
53
14321
2953
197
19
463
61
68927
457
8179
304067
195913
6451
58543
188311
80713
929
92461
6131
677
107
29101
70981
463
73
1483
18311
5303
1039
58543
70019
311
139
2243
4451
1129
3083
103913
83641
1409
85103
1451
24281
2281
1979
607
43
551099
61483
563
19507
467
4517
2749
247519
10973
829
167
853
1087
1777
47933
5009
397
34403
37097
809
919
322501
14081
57163
8677
1049
1759
773
96493
3659
2371
33811
1259
6151
87383
117413
47
127859
10687
19031
647
496297
103
2441
43
4759
97369
347
113
68903
239
229
397
10163
487
1931
2383
997
3361
281
223
52919
593
937
7331
13789
7331
302851
31
137
7927
347
71483
103
41
2843
4159
1549
11519
293
41
1319
177949
829
487
167
228257
51577
1223
239
397
467
127
163
68227
58271
929
47251
399389
2083
108959
63113
63629
10301
1051
37021
2797
18353
1801
1223
1373
101
248063
797
281
893549
3637
353
2129
26891
251417
409
151171
37
6079
941
12421
2477
75407
521447
25171
4201
366347
43
7
24121
3719
331
7253
392143
109
295879
1033
22247
787
145451
13241
1171
121421
107
20759
311
165469
357739
13921
349483
440471
167
619
62119
3209
691
37021
2099
8081
293
1699
1951
7727
10039
587
20939
181
251
157
2131
1229
5261
2857
2131
202187
857669
109
1733
154769
37
2111
2957
306259
14869
1231
24499
123323
106537
67339
67
71119
3203
556403
305497
812129
461
15401
281
2713
108739
47
3541
3853
31247
2819
726941
733
53
941
37
43411
6133
429731
1049
242681
1933
118931
202777
2753
107
43
13901
1447
23
9199
9221
199
1823
115327
691
1277
25741
33577
48121
372277
16901
2207
1217
70141
84523
1259
281
691
422789
167
73
6373
541
794239
1621
877
22229
1613
2347
59
677
2287
13757
683911
617
29327
881
487
17489
71
117763
34631
332471
281
4229
247393
486683
19
67
47093
167
66383
719
379751
103
487
1117
4013
929
19403
199
2801
73
3593
17077
1291
59
7621
10079
13
5507
10369
13487
97
2687
13241
9421
83
120871
881
659
28591
23
17627
768641
13457
14821
4931
680213
211
6133
653
267739
661
8233
263
8293
5471
5147
41
142759
1259
19819
57689
9473
68771
8537
55933
353
6719
1481
164477
97
39769
126733
2473
227
1481
3299
3847
142609
2389
151
4339
84239
997
20873
919
410203
56543
949687
113
10103
21821
397
431
1279
2153
197
373
331
60013
452363
2903
199603
30809
4177
449
82571
593
28289
17903
13397
269
11
52529
4373
167
461
733
193
419
9539
2531
248317
3469
47
110119
2749
33767
34273
641
1237
23057
3767
18749
20231
1399
1321
607
61681
113
277
79
661
864439
1523
21277
157
421
233
103
14321
130201
661
335341
397
3671
2939
43457
223
19001
1979
5399
228311
29
31
2957
538457
62653
53
6637
773
97
2393
10243
6823
429917
739
10949
1039
331
13127
31
107
2053
173
877
11959
419
727211
479
6299
27031
13709
1031
258031
50333
163
103
34439
1667
203023
1381
6637
20431
4253
122719
509
113
26431
3371
140773
971
11677
137
736787
6949
821
52517
4099
1451
89
967
907
59
461
298777
214033
827
715867
22093
8011
4099
409
461
37
1427
73
20173
13687
308537
271
61
2083
1297
151
601
149
16673
1051
613289
1429
641
4027
104593
1307
5623
269
7
16927
59
173713
54083
16253
575551
3313
107
677
10243
6269
9059
173
491
147709
38261
503
241
1949
733
992263
53353
24943
193
4289
71
97
1913
859633
90067
1429
2017
1487
41
1289
71
904511
73
1033
349
7829
122131
358607
47
859
43
906187
2143
337
7927
136373
7649
47431
167
241
307
49019
67
5167
1439
37
199
881
3929
419
2053
1823
7853
47
63907
11
73
31
4243
18451
1303
1619
4283
43
80239
419
2243
821
97
587
623281
14879
20563
431
241
19603
1361
6473
65587
23
248167
1871
239
67
59
32869
36083
8719
62507
277
3761
67
107
160751
4177
5827
659
191497
457
881
74231
1579
983
182387
53593
204007
206807
1303
3319
826171
15733
84179
859
1259
1031
2399
443
5953
283
5653
10433
269
127
16477
701
1693
10453
15187
37993
248891
235369
1723
41
577
21569
2647
491
81047
278233
486667
1061
64811
1297
7919
57373
353
254179
225523
1439
719
2113
137
56569
53
1187
227
1091
39157
521
161137
28979
733
398287
947
3041
547
14143
67
683759
263
105449
9349
1667
98057
101
6073
199
4813
2161
397
8563
1867
75193
409
787
367121
54151
4801
239
283
4507
541
2003
683
1523
16943
1973
94427
145703
997
83459
326479
302959
181
14639
883
805451
261431
2273
659
389
347
22651
26083
19
2753
601
130639
293
19
617
71081
1321
239
2659
1439
2903
1063
147263
610417
569
73
126211
60337
16103
53
313
229
61
1193
68437
1427
113
1217
329177
47
151
587
1669
853
16691
1619
67523
4463
59
20399
2789
523
487
1033
1373
1151
307
27067
1747
213611
53549
541
467
16001
4261
711509
491
113
63397
37361
992521
239
3797
2423
1471
51341
25411
63901
9479
6229
4507
5987
13
379
100733
53
733
39749
73727
1303
8893
823
2221
3623
31
6073
6163
109
71
181
15199
1877
2851
139
137
727
4021
166027
79
7243
328271
246497
20113
1051
6329
55603
631
2243
3361
43
139939
4943
990239
419
2207
16547
863393
997021
10937
613
131
4391
5
57991
58403
4127
23167
31793
2437
101
151
157
46471
2711
244691
59
1789
2711
2503
60601
6221
107
301493
199
491
313997
1361
317
757
69011
163
472193
1217
23291
36749
44269
1741
9733
12161
107
379
821
8219
173
1553
673
6781
653
28393
73
22039
367
1193
2791
758179
3461
175543
2287
383
947
241537
127
3307
1093
1289
263
283
98801
875621
20233
239
631
9767
43
121157
73
14983
733
22571
3863
373
337
389
3593
3229
15541
78179
249967
2441
311
41
401
257
223
2441
2861
55631
152533
239
16253
617
208729
897709
15643
9337
811
34513
23741
21839
33023
68879
3631
1487
12323
443
7591
89
643
1549
25189
666203
1873
4967
619
13883
34159
1019
2179
1291
1087
790021
353
902521
4211
113
6619
7951
1861
358499
1613
181
211727
2551
15193
1049
229
65731
967
1663
107
101197
3271
35323
25981
32297
52387
2089
128767
233
97
1069
79
10531
461
13567
162727
6211
7499
73
10867
2267
151
41
2711
114217
82787
577
130003
464999
1619
97
2069
109
29
28031
239
5417
311
36749
56681
6311
25163
71
773831
263
443
3163
56267
359
467
191
67
109
219133
907
29389
3889
1669
36587
3217
1237
331
4111
4957
89
36017
347957
18143
29
804317
40759
113
19777
47
1523
281
33851
1597
5701
1667
433
4271
76519
4523
3011
515311
13633
4297
199
743
89
11813
5897
607
439
151273
31
29
257
1459
290959
8087
9349
1117
139
773
31
6823
71167
26711
4049
77641
479
479
3967
1741
60161
22381
199
223
11593
151
157
3853
4783
17981
83471
3181
281
632743
406037
3001
83
3833
241
523
1361
155731
691
461
1163
397
191
12301
83
347
4549
19
157
37
59
483499
3989
64969
4637
4337
379
1217
37
197
11261
251
2003
71711
251
13093
1493
379
379
197
1409
197
463
15377
227653
193
223
37
59
89
881
22871
463
2593
24851
97
1093
11069
691
823
11987
103
6607
91813
13
1051
619
8663
101
201653
41
173
60497
991
1669
673549
239
379
162713
44579
499
1013
877
313
7649
144611
26891
2521
317
144659
293
4547
199
681293
139
601
193
135623
72221
7853
733
137
199
18143
97283
15649
5521
90011
5441
3019
5939
26183
103333
821
14797
57347
8353
457
6343
117851
47
18919
2081
7027
1049
397
3571
1637
1949
25229
260717
139
7901
667987
23039
719773
32233
25237
6113
81307
2423
251
337537
7129
53
569
32941
2579
863
251
7457
1163
487
4339
56891
821
3947
53849
80761
7669
263
5783
59
709
163
1321
47
15121
812477
1481
461
653
101999
2131
376699
132283
31
59
691
29
792713
4001
607
1723
33427
3533
10141
719
134947
636353
12203
11059
9161
13577
223
138889
9829
149
191
1223
1621
6977
112559
7547
617
2129
65809
13789
617
1201
32003
373349
538711
257
44041
709
14767
358747
2297
335729
571
104527
29123
106303
877
14551
20177
307
1789
2161
6029
145633
1973
27631
569
419
462571
321199
223
683
10399
827
45053
6829
61991
167
167197
5323
73
3769
3803
397
5647
28921
463
16141
18461
324647
71471
2693
23
89381
283
193
147299
456523
401
123229
593
1097
77711
105449
151
89521
7621
383
102563
83987
5021
781673
42299
6067
1193
193
509
14669
70783
36007
337
149
138569
619
685093
53639
29231
41
25247
57709
519643
40483
887
547
691
20789
95429
1049
118343
3373
6229
109
24473
7883
263
483883
761
5821
47
873773
4933
859
317
4799
83
2237
643
96997
58309
967
68311
2129
293
853
174311
61
239
19979
881
638767
2887
4357
337081
137
937
393521
37
1483
6337
439
533167
13997
467
7559
7907
150091
585199
42451
14699
433
269
89563
10657
5059
4523
179
463
443
4561
577
331
2719
383
257
3191
29
11069
35111
227
197
7369
16097
312311
10007
6827
1249
3607
1117
141179
707131
113213
4871
39419
2381
485041
1031
1499
5639
111227
18713
129127
39581
2677
223757
683
2633
10139
26981
127
251
271
868613
233
317
148063
80407
19
2293
137723
607
4457
13
27967
55073
41
1451
4673
4373
5479
5413
43
227
17783
93497
114913
84629
1847
57097
59
31687
17981
265273
11783
34693
461
2539
5417
13723
661
541
7793
811
1031
190793
12251
197369
3221
149
18637
144593
106367
97
54413
983
3583
1019
157
10399
151
443
3583
20477
211
6091
2309
11257
1619
211
104593
186773
499
2347
163
9277
509
313
137
28513
227
1361
469717
20407
8009
2113
7723
1237
6277
39521
73
269
23
787
541
123517
152599
41
49681
190031
5869
198937
55631
797
13729
4783
619
744113
12251
4457
44357
44381
21467
833887
21661
1451
1429
149
9173
1847
534173
9257
4673
1009
149
1163
101
23
164503
38431
11927
155599
798481
409
503
34483
83089
431
859
139
1907
41
1627
79847
1093
1877
19037
8861
8693
6883
431857
853
87931
797
64601
947
12451
10753
757
163
23929
463
1163
33023
53089
5801
431
69593
909547
84017
317
7
3877
32371
24923
127
384907
13591
3371
403901
137
4337
83
57781
409
751
133711
349
372173
21701
229
53201
241
541133
7237
158009
160367
154799
11903
2543
78163
21523
12329
282769
103
3359
41647
39229
991
38917
23
173
367
487
16553
14009
379
3671
5639
31147
76597
80683
2083
61
728969
769
298621
27539
349829
64921
743
1657
163
196439
23
2351
479
173
55373
16063
43
659
259169
1327
457
104947
2687
27253
3251
1637
197
229
60251
547
2879
71363
1861
32203
6197
344693
1637
14831
6361
1021
509
6883
139
2069
4937
6029
85439
126827
401
4877
2749
2707
5387
8429
139
811
13729
132047
2399
1051
32303
159721
8699
469823
14423
98927
23371
2969
7349
599
401
17207
599
701
2141
92863
3727
15299
72497
2273
313
887
239
467
97
65957
26729
823
593
157
53861
5737
554707
144737
2153
27823
213799
25147
1297
2087
73
17
2087
883
1259
7187
53
37
39863
853
643021
149
109
4591
72953
107
40039
59149
1097
2803
89
787
131
1709
607
55051
199
1201
1847
358219
727
131
653
15269
677
109
68543
457
2909
277
641471
269
401
631
439
1627
897019
751
2017
41969
2081
53
1237
10007
139343
66863
11903
17707
911
59209
241
15383
26693
21121
137
728087
1307
229
353
277
135617
15307
488627
5881
53
18899
22637
114601
33151
160969
6229
557
996187
53353
3511
619
2447
87151
733
1489
311
79
27407
331
1667
719
5009
18493
10111
8669
101
2339
937
31
367
6037
5867
53171
3527
733
419
1499
719
103
61
557
139
19
67
4729
431603
61357
178333
3911
17351
2389
16127
67547
1093
947
7879
179
1213
1013
9551
62347
30593
224153
2063
492853
7499
2423
2719
18919
4271
12941
3037
267877
79
173
863
797
2861
233
233
14057
116927
3307
3533
67537
509
11519
89
34703
37013
41
50147
571
358747
337
58439
197
739
7741
164627
3389
37
3203
20477
10457
176597
1699
135913
148501
66179
15451
9137
1747
661
23627
1153
35059
269
397
859
1031
809
779899
9293
37
263
19333
4759
2383
293
3529
308827
17333
3181
967
1493
139
5417
19
3631
179
113
9421
677
41
853
283687
521
1493
540079
4877
397
7673
44519
661
571
464141
161729
3943
1217
293329
1291
12907
11779
2927
541
1873
1049
25121
571
392149
3769
53
1531
349
80173
67
631
199
23131
302903
45557
292069
186119
101
114827
9127
6211
2887
1381
2113
20731
2711
109
96667
453599
30467
43
184003
347
167
11503
129841
4463
73
23
218509
937
2309
6197
367
1553
2677
1091
21499
4157
56237
11549
103
3557
359
233
13721
81307
661
17
3347
94079
4139
89
41903
2287
6547
17657
5479
845879
78839
2963
307
1471
4091
1069
277
112927
1307
4177
16633
229
1571
18127
20101
881
529829
151
316423
79193
2309
127
3923
143113
421
1811
146173
3191
1801
867467
1877
306829
1327
587
3631
1447
1063
802913
90703
167
17
5333
3769
9887
33113
379
1697
5449
4549
70607
73
7789
229
8221
67
44519
20929
30631
173
4909
57719
18947
304279
423707
197419
4591
619
4937
3697
67723
21377
401
1301
61
397459
935819
137
40531
30253
5087
31511
5009
661
163
64891
465379
133121
3917
232103
2293
2557
22699
6229
419303
23869
647
79
147937
69073
1583
8447
4243
73
197
1091
133201
84223
167
89
5381
337
1559
1303
3137
101
151
79
499
4903
73
219847
763409
105467
1153
79621
118169
1249
16193
327277
769
683
481963
2939
6691
2381
153701
27043
743
71
37537
1721
20389
122387
198127
5281
283
733
101611
8219
124897
111611
199
1667
1697
3881
773
733
4093
34687
83459
521
1061
748339
6673
21313
7699
61
64439
491
5107
1097
48407
293
1291
3677
1063
7547
79
227
107
258487
14557
632591
151
23431
1237
30059
3413
1019
2833
847193
1933
398941
25873
23623
139
149
881
1373
743
2111
5303
215899
326143
1277
208291
3137
56123
496439
2137
76493
11173
6073
173
15391
470731
619
607
67
773
131
97
57107
14593
25307
46993
587
42223
228983
1153
6833
229
89
571
691
44101
7187
5113
163
221453
73
1889
295949
31
231367
967
15083
829
360223
107971
109453
67829
63031
1409
37
23
108929
12697
23887
206917
245941
613441
257
8353
28001
2161
39313
3067
95203
399031
661
83
38261
230003
953
1091
853
311407
313
4871
21601
6907
2447
122203
181
263
169919
719
317
59699
191
118739
193
73259
79
401
271
2917
521
197
13399
809
18229
1871
5581
281
42409
71
6599
58243
787
24359
29717
89449
113417
2819
373
947
19891
199
9173
36061
103
20663
384737
607
61001
617
3541
1447
811
4877
18131
31657
8009
1217
2521
97
773
1559
281
8363
16453
38977
2003
43
991
28219
326779
1613
1171
821
65497
44771
127
11909
816703
617
112787
457
29
281
431
1171
44059
5653
1013
46049
353
997
359
46663
10853
410717
149
929
1811
101
1231
9661
179
271
10799
41
7309
2777
12487
7703
307
733511
15299
27851
907
55631
1399
3943
97
37579
25579
29
87683
1051
643
30389
8117
929
353
15497
14293
2477
1907
32803
73
136069
26113
547
344497
2671
60617
30553
16883
31
990593
281
661
9649
151
94343
3209
233
197
1823
16729
881
92801
4057
4133
12097
83
107
204791
12941
171733
997
516811
53
126341
61
860143
189407
191
3637
5189
4597
2357
877
8629
5179
113
839
127
407917
41
827
24527
52541
73
311
677
155137
102233
37337
1151
199
40771
32621
39019
1091
3877
2411
46997
1087
2333
82613
443
617
3919
31181
19391
310823
79
331
3881
73091
8147
51767
2087
367
2791
1069
1889
2593
421
1171
9743
149
4729
2741
43
47
367
857
184351
52181
17881
528629
41413
191
189017
6143
541
35677
14737
88969
9059
46279
149
159223
43
409
431
2609
3767
3467
101
18223
29
12743
21089
13331
151
709
243931
247729
1789
241
347
1447
23977
331
383
3637
479
1063
401
5591
97
22751
8237
361649
25849
2383
925409
29
1889
797
1171
187897
2689
1699
6397
404429
395677
2129
3023
184609
32833
199
1249
15569
821
389
491
9613
5233
5657
473173
47
2879
3163
137
29803
609989
4801
89
563
5641
1697
419
2711
41887
337
6679
2297
23159
4049
377287
3109
2437
47
1153
82471
1283
613
6133
661
555823
107
397
8111
9721
16823
698483
214867
157
6599
1109
1373
211
8803
328007
19
31327
12541
769
41077
131
643
46817
1249
1949
193789
2971
631
107
1217
6689
257
1249
5153
405607
281
3167
181
263
379189
6907
83
210031
181
347
70381
223
23143
277
53171
13463
1123
886271
173
1423
409943
41
810571
4783
971
13109
240349
7589
571
250169
2389
1049
4937
427957
6451
252641
93529
22291
349
407573
19
4723
4679
1249
74149
673
499
7369
509
89
1327
5227
2963
47
1187
491
2099
251
419
191
1427
3769
769
563
724939
229
17431
25111
7
12401
1523
281
607
2027
383
13831
1579
193
34913
43487
110281
811
563
67
15887
359
7019
499039
3593
137
23741
557639
24071
947
97
66601
863
661
28859
50123
251
606581
10663
315223
49177
439
68501
8537
53
1451
41
1153
5641
62987
37
1213
14057
1319
4783
3461
40609
1193
369637
293
719
12799
599
59
170557
701
727
272029
1109
421
42859
37
233
3877
411679
311
2087
691
1399
2129
61
659
3529
33091
20879
1213
317
5309
1667
285667
191
101
807607
13171
139
19507
7877
2137
56081
3527
282239
9859
41341
6911
311
509
197
952681
1609
79
168913
359
15299
20929
155269
14887
41023
89
556627
15803
769
151
4999
18013
333049
2633
1987
210739
5741
23561
823
83
20269
1091
367
1447
38669
317
993823
3761
19753
7039
7127
79
337
439
39373
29297
3271
467
2423
149
715867
2251
569
18289
503
1861
3457
1033
162527
86969
66883
199
43
149689
2383
905197
2179
631
1783
1733
683
136247
193
1109
45319
235441
49499
349
54403
1999
269
929
2243
61057
1499
541
1409
199
58757
85667
163
171889
163
487
88463
4999
967
101
983
95267
163
613
11027
19801
10333
4639
21347
1657
401
40751
4289
2621
1103
4951
7459
11243
4723
6899
467
67
42487
683
337
114997
24499
661
2393
307
10039
2069
51749
239
1427
1171
166169
98779
2381
613
653
105397
967
31357
6907
347
215921
9209
2621
13
12503
7043
3517
2297
49877
487
686339
409
1301
9007
253763
823
137303
646259
8753
202757
8429
28901
41
149
447641
557
59
401
73
7573
85829
659
126541
1187
227
20089
241
12097
131
10531
354047
857
54361
828379
2719
816019
7159
109
109597
83
2939
45893
5419
1109
59
5939
1009
263
3391
597419
3253
1487
6337
111623
163
78487
3359
8237
2549
43
32441
6317
102673
36739
74857
43801
832129
213181
677
563
1129
257
5023
311
295591
167
439
7789
419
1553
32783
20389
10223
103
89
712531
1879
51047
54917
787
118967
113
43
2341
49339
36541
32143
283
541
1483
395543
6949
2609
19457
101723
709
59
530851
139
8641
2179
2053
2089
191
426931
179819
59
17737
107
349
17
67679
94219
211
131
16811
503
83
4733
67
42683
6121
647987
89599
1471
93889
7151
2467
73847
1709
2477
2357
13421
5743
661
33769
162749
971
43397
1321
43
337
577
14891
427969
769
15461
89113
239
379
62099
168533
1549
34147
831731
20873
327331
6857
890993
61
163
727
331
806297
693851
1193
18787
191
107
1087
1889
449
134683
95783
3407
719
1759
823
3617
2131
2437
15289
85087
384533
691
1039
2213
43
58391
10939
22013
1163
199
439
20477
16267
3461
863
83
283
1297
797
57773
1579
4201
2971
188941
4153
3803
2297
1871
23977
79
1069
46507
114743
821833
9473
18313
142007
54799
60289
2161
40433
991
179
919
376529
83
13627
419
1153
5441
1367
7177
22123
69019
59
337
499
4409
57457
409
89189
284591
431
10607
103
3109
2267
45659
6163
139
3251
7583
34319
12281
12689
5711
214481
2239
1109
863851
71947
113
21863
47701
14551
71
86423
1787
307
2017
317
241177
13759
277
293
193703
257
56731
2617
19
10039
348991
5281
489337
227
11909
149
281
289967
105761
557
154079
62323
2927
7351
915737
421
796847
15937
1201
61
13883
12107
363557
277
733
997
709
1019
401
113173
11261
75781
13249
113
887
2081
5557
203279
71
467657
1151
1559
37189
797
53
433
23689
1879
147703
811
16001
1861
32687
211
17123
6329
6007
23131
199429
11497
881
1289
14627
823
1979
10691
2297
31123
17921
2999
729271
109
2549
795983
11171
223
32173
379
44621
18911
167
163403
384961
654233
417721
877
7547
131
397
743
5689
5657
2593
1061
124309
107227
4211
4877
180799
173
13679
15443
14033
99571
719
599
37
103087
56081
149
2749
223999
6337
3229
37277
4547
47
4007
1129
6469
284429
6361
6791
40529
15641
44249
1009
191
10979
1999
1153
79
371981
2111
443
673
317
281
503
6791
379
139
35447
823
12049
52313
4751
2203
251
823
121061
336109
1171
49711
8287
619
122399
21937
109519
4673
5179
1723
487
34301
87691
478861
18253
374291
631
9067
2381
452213
3301
509
20681
113
2963
151
38449
3181
281
4363
27541
163
227
4271
674987
52747
2689
8377
2503
443
580183
383
523
1657
55871
7823
587
5147
659
487
541
847993
45119
59
93479
47
337
7927
131
773
38791
180211
2657
653
149
1901
1439
392467
22807
1789
7703
3323
823
2087
127
761
124693
95597
87509
1523
1187
3847
885791
1129
43867
61
59
134731
8951
4099
15349
201673
20233
337
53
25127
5737
1973
6761
523
1117
34297
2383
283
103
203039
389
7673
17509
381071
25301
677
79
397
43607
5711
27673
3163
97
97
531203
14731
14737
569
998779
31
271
23869
1453
18787
9181
12497
1103
344171
6701
283
258241
97
197
269
338431
11689
389
352111
1181
1871
20143
5273
19861
623059
9743
181
41
2767
1187
409
146389
3167
147779
1291
709
107183
15031
1637
593
6907
12239
11437
2971
2593
2819
467
733
3989
59
449
1217
4787
983
487
3631
110849
397
743
563
13063
1117
11783
317
1201
983
977
97
271
9533
3797
601
3467
43
1637
449
277
12541
160789
1019
491
20407
12433
51407
2819
12647
599
587143
66431
23
61
21601
569
17
578311
20149
653057
317
433
5197
12757
12911
817777
2957
404699
347
3083
31
33997
1289
47
29443
11597
4931
1051
1109
1009
2473
83449
1087
3691
911
50411
103
181553
57793
199
222067
281
78509
142993
2969
193
1621
409
1543
1049
2281
29
967
56473
181
263
2399
461
107
113
61
157
47963
457
29
9103
881
3533
1723
1907
5869
269
103
2423
59
433
2909
202061
1621
216641
12979
156727
31387
2609
9011
142159
223
1873
29129
31873
22669
29819
1013
397
233
1619
401
193
62131
691
1613
457
997
8269
544813
1901
859
127
731957
181
73483
7237
6691
8623
1451
790651
83
26959
13
39239
5737
859
6067
443
44909
461
35311
10853
937
877
34141
269
43
22037
85049
825047
83
100483
5393
913013
641
337
34039
3221
2029
4703
6359
241
83
108041
19333
17029
239
331
911
907
53
64451
1907
487
157
271
557
306377
2617
433
1087
593
643
389797
4657
3533
110819
4057
193
10859
56167
8053
33961
211
1217
131
109
174659
45119
33769
4931
421
587
1439
12487
1321
23327
193
3067
977
2549
1637
6211
1721
1289
311
13381
34231
2663
11093
105323
33179
239
547
9203
5107
219491
11113
11047
991
10589
113
496051
4397
78307
141439
307
499
181
26893
457
29611
14153
1543
72019
1489
1553
1597
27847
593
23627
149
16699
103
7459
815431
74381
79
227233
2207
51787
157
484763
1861
37951
101
20173
11987
457
960983
457
441079
131
79087
109919
69401
347
9209
4463
73
421
463
131
184831
23629
172883
61
421
103
683
1049
95819
18493
1091
911
59
197
156691
1093
71
10739
241463
269
823
2963
1039
379
823
281
3413
8011
257
1789
593
113233
13873
528247
1787
13729
1181
193
113
9677
947
12491
71
433
907
137
15217
197
38873
103
13
3089
6829
59
7187
809
163
523
16649
4241
47591
64621
3061
1021
2659
1237
92363
2903
24043
99607
479
47123
157
87179
11
1193
424223
223
2549
1627
227
681731
124171
937
72671
3547
239
181
563
311
67
4099
1459
31657
137
113
7027
41911
55373
59
7229
10691
431
120641
6079
1831
2969
186037
3301
631
677
14867
461
3469
1453
6701
563
181
587
15991
58129
5641
4133
49499
26701
179
47623
2143
983
539687
6073
197963
57073
401
604243
44753
33749
9851
2503
181
107
17231
11503
77023
19937
1451
136951
421
7927
5897
409
72227
2699
2971
19447
211
521
48407
257
6311
86069
113
7349
373
239
150533
379
61099
26801
181
24097
4591
147481
1811
5689
6301
4721
521
6197
47
31193
457
389
4201
773
1543
358747
12527
229
421
257
1423
71
12037
311
387187
625007
701609
349
1061
104207
93827
3229
55897
53051
227
839
68633
5717
863
180211
461
199
1913
145759
71
97
1301
15731
244721
7187
769
1153
11
643
2039
73
1361
727
239
7873
34283
10837
1831
281
61
641
1783
389461
337
22549
71
499
727
16369
137
1091
15991
393863
317
74923
428809
59
235241
7649
337
863
399719
31237
1733
971
20161
6473
71
349
3853
418763
3457
2137
109
499
81919
1847
5659
63709
617
479
18439
821
173
27061
239
619
139
2617
5821
159763
2617
193
421
233
973439
85159
397
20327
7333
297889
816157
1741
9547
211
1151
1609
1423
3253
2179
5113
479
17623
322097
183971
733
1847
23677
131
29
271
5393
909637
97
1621
183023
983
10529
278111
2731
2843
2963
4987
19219
5393
97771
2039
523
1283
673
84857
787
809
461
3391
397
234331
83
3181
2003
226571
331
43
7883
8831
127
541
11551
5
39209
9973
204331
690449
6823
13649
36913
12037
653
197
1609
167
2851
7853
5
419
331
52639
16607
211
6037
703039
3917
1789
25423
317
77237
179
193
28837
94999
1429
7963
964423
31
8039
1619
5879
202661
209299
14869
2281
56629
292801
493021
595339
8089
121607
6011
443
31193
541
653
47
646073
1283
641
113
199
9323
35969
42193
441101
33331
73
284657
44491
1213
157
401
353
1229
2081
10531
3697
317
41
631
488347
71699
13037
773
73459
465977
631
295591
257
12401
205603
93923
2411
5693
3719
10723
97859
58321
467
109663
167119
36473
2179
1249
2389
99251
13487
61
2381
122599
59
744641
607
13723
162059
811
5501
197
809273
50053
61031
1733
240943
157
383
8521
194263
509
346013
89
30491
155783
599
102881
1901
420361
243701
131
60257
883
3923
3671
505139
103
2039
2293
467
353
25409
179
109
1399
761
24709
911
443629
40213
98563
2393
494621
1181
1429
257
149
69593
196873
74869
211
1373
2857
56369
478963
379
307
283
401
4937
359
701
2243
14939
104761
2243
27539
967
47
79777
40499
69151
1697
97117
821
457
29917
334721
431
289361
356561
50441
8863
77137
4951
11059
2837
38039
369409
443
22397
263
632089
733
29
4363
481363
29
30169
211
64871
167
277157
991867
5521
2161
311
80897
2083
11783
7309
55009
1601
57347
8069
890531
156229
277
599
11117
443
79
7937
278017
3607
317
1753
73
37747
241
953
173
503
7639
233
138797
977
6869
37
1409
7457
6133
155399
877
19
494519
99707
1151
121039
431
3851
929
151
118931
191
307
41651
89237
8609
1439
163
3251
463
463
67
131
271
230059
283
3847
324529
751
337
2237
1847
457
13751
953
40277
3863
353
152753
177223
479441
1783
643
4019
316717
313
569
23497
73
1031
353
13337
137
10993
5483
691
523
47
103
927629
19
491
925307
1187
1051
15493
443
3187
3911
71
193
1063
10037
673961
41351
1093
7129
2267
2693
239
195697
23
5
307
929
228139
5591
25367
157
2957
3167
22091
109
307
683
98929
271
241
4831
73063
33377
479
1741
193
179
83
1091
71
42437
327473
49069
7789
131
141551
881
2333
79
71
431
3881
251
167221
231919
6203
983
23369
43
276173
31
1439
199
122051
50417
887
3593
807797
1933
841241
22721
13159
1117
211
4481
1429
127
76099
67429
541
89
431
978071
5087
3797
1327
133919
911
659
223999
683
359
51043
29311
37
16649
953
2609
239
911
178397
89021
227
11579
113
32789
977
87473
359
3467
309851
19
929
1237
631
319639
53
239
503
491
1361
86117
1231
6911
442027
303497
1231
653
563
365303
613181
167
571
97
981587
308827
2287
97
587
22271
1979
127
827
1607
150797
966209
5623
23747
44129
85021
26417
2927
134581
9011
98179
113
653
547
153343
559243
233
1129
544277
32233
13159
51853
199
1697
1733
47
14243
408461
4051
1993
53
199
22381
5701
8663
91493
8161
105023
28687
4937
47
37
33997
72767
631
3593
23227
229
3593
9887
1579
7549
179
67
137
1487
2803
137
1493
1153
723893
119159
59
60811
173
4127
2213
119419
503
437947
52189
2659
42649
21817
118967
2557
30109
6661
2789
577
8231
14143
33911
9377
1999
67
70241
109397
15091
12911
20983
1019
1579
683
29231
53
1187
71
64279
7603
68023
37363
167
77621
341947
103
461
103
53
3637
311
383
257069
271
149
367789
277063
4091
5693
11497
547
63761
21023
2003
13397
127
271
53
647
421
42101
103837
857
489977
57737
1613
114679
4261
143797
122263
25153
6101
3359
5953
17189
2341
823
54833
209623
1777
59
3181
70327
284509
1063
139
373
1069
2957
3517
4409
643
187091
463
691
359
21601
40867
29
868783
6389
2273
257687
4751
173
1667
141991
283
2663
23531
5557
1399
245741
4517
8783
12113
971
127
42863
126241
775669
6991
19
953
107123
59183
3011
617
4027
66739
19009
593
47
79
787
6047
698491
162901
9539
1471
2969
61001
23321
83
13711
23671
1549
17
67
2473
1063
45767
29683
77797
1621
43
925109
1031
89153
5261
3137
128683
73
1999
76207
157907
344963
631
133543
52733
59
2677
1549
1423
1217
7027
319223
439
61
631
31793
288527
11681
59729
116437
12451
647
163
150919
21683
11719
133669
1153
20717
258113
587
1301
613
14437
3253
188021
7583
2137
2161
164431
122453
1103
463
53
709
171719
3623
256163
3011
14723
8447
59
3719
5507
16529
16831
1033
239
1721
1511
1291
353
181
74587
89
20411
769
821
773
8893
1319
719
467
293
3
324983
8849
1549
503
464603
138283
96581
305449
13679
58679
1091
349
2347
131
3259
130259
14107
769
23609
3727
23
1667
617
38953
271
459337
73727
59
4481
53
23
74323
12203
6211
4099
2837
1327
32251
383
463
27253
641
900149
3691
1999
82021
991
2017
63629
3089
497551
421
14737
271
2789
2357
163
137957
1163
3499
9923
598729
113
2543
167
521
49003
43
127
4517
3191
27479
1987
1879
8167
199
1279
8431
229
3797
228049
167
2273
231433
931199
8581
30757
33377
398539
26479
3319
5827
2767
107
16231
709663
67061
677
148303
65881
3761
138449
89
1451
13687
3541
7369
51899
233
461333
983
36299
2063
5449
359
709
2953
277247
17047
17291
137
1213
534971
43
270583
509
422137
39139
521533
1049
39709
211
619
163
4373
42793
659
16693
10949
128399
347
13469
3371
1151
2011
23
641
2269
25301
73849
2239
102433
2221
9137
433
691
113
9511
94153
59
857
63587
17321
1229
1129
103
641
167
75347
432559
1997
89
831659
73
307
64489
30757
669863
1733
643073
587
40351
90887
1049
457
383
21031
3457
1429
64927
5701
68213
67
5813
127
43
109
277
15121
100361
163
167
123419
37567
241
709
749401
7151
1319
991
263
139
2381
6337
9397
109
101
9161
521
313
105691
6959
1327
8929
1951
13633
154291
151
19457
3163
19
46021
199
593
2039
101
3121
972319
7393
73037
4441
1811
4157
733
1061
467
38977
13
37049
5717
1511
947
709
280927
701
26407
479
9533
859
7681
7853
31397
47
397
3083
11677
5021
233
5647
379
2237
1511
1031
74609
991
755081
405091
408479
2411
11329
193
13457
997
131
33569
509
16937
17383
177167
83
2143
6203
213407
73
5821
4327
503
12577
1093
4057
311
113
97
1021
697373
370009
12689
109
277
8741
27611
113
17351
107
71
977
29
379
64717
19
689383
139
509
821
1571
680611
107
55117
902299
22031
4861
2819
397
204331
283
2161
173
4093
8293
138727
5557
83
8089
104479
1187
329663
21467
197
74449
6317
16759
10069
347
1439
431
73
421
647
23623
11173
733
73
773
4943
40343
5179
134677
487111
632353
1181
283
97
541
139
31
122321
28817
119953
91733
429683
1163
1999
307
9689
83
1753
83
16741
112349
2347
463613
67
859
520549
67
38671
8233
769
383
727
1427
131
263
721333
179
454211
229
8629
24421
1163
821
479
132749
29033
367
118873
277
401
11131
587
173669
619
25121
43577
14891
6947
359
131
47
68879
467543
5351
9601
3583
737687
212683
3347
423791
115021
113027
59
8707
1069
1087
7207
1213
137
1193
4999
211
38329
10853
302123
104239
179
673
222553
59
1303
86857
315559
10459
149
3251
283771
16189
967
17783
31517
17231
829
142427
283
19867
617
809
179743
67783
223
23627
1481
137
37
467
46051
2963
119813
97
1289
31
5101
193
179
257
13487
17599
1279
108013
30047
1039
29131
223
41227
443
10099
25307
22817
1279
3947
3943
59
373
6197
16963
22133
24859
209563
61561
419563
23929
6791
11777
4493
8887
1951
1031
2267
33721
443
89
563
173
1787
8377
547
267167
167
12919
3607
2557
577
181399
337
439753
1997
1669
7757
1489
234539
1187
111821
310481
200351
599
89561
2467
61
13217
368689
616387
11981
6163
541
19
499
59333
89
253063
18251
317
131
1109
1381
97
2699
4003
4931
239
461
54371
54419
449003
163
95009
324073
661201
94723
274177
21211
257
6959
3583
2143
919811
3089
1601
6791
12647
10151
516611
10559
18059
585853
75997
103
176807
6091
2087
911
83
3803
4153
153953
26399
241
123457
8647
25163
935423
186379
149
1223
5479
12569
12697
104693
355969
919
79
673
857
61
1091
76259
31567
821
4007
197
275059
50767
785129
415819
3433
127583
919
25237
29033
163
599
242491
29881
439
151
199
219071
14461
907
20287
223
401
109
263
107
96457
409
379
3319
79
1129
270583
40037
3943
5743
733
67
3121
5309
3037
201599
211
461
48973
5477
13
86171
181
2437
911
820223
617
1289
24979
1237
1907
20921
55673
37307
617
19
10939
109
202967
1213
239
409
463
73517
168533
4603
2333
433
1489
79
204781
61
353
839
159193
163
2153
58367
1889
487
443
35117
2243
287503
22541
2837
2593
12043
1471
293
103
331
107
1553
2797
5413
347
31
2027
45341
196523
4139
149899
1409
2311
421
827
1867
1289
2749
3251
9767
154423
397
853
2039
23311
311
72497
2267
1427
328061
96581
144289
4127
998917
111269
1019
353
83
4729
211
8059
14281
6971
68891
263
886271
1447
9029
2179
2593
467
131
67
271
2393
787
1063
157
673207
65213
467
7489
443
1613
59561
199
337
241
53
3701
283
67
487
10007
457
19333
491
66431
5839
442861
21193
380657
866689
14969
1429
3527
6529
3571
449
797
935423
5479
19843
25561
317
41177
59567
127
439
2251
277
211
4259
1627
101341
17471
44041
1637
90481
475793
6247
281
83
161881
2801
2039
461
269
103
103
919
101
6029
974581
467
149
439
3463
50231
751
188389
383101
316499
3049
893413
2789
51941
59
571
7589
759433
283
116279
193
379
7
151
4397
857
16937
425521
48883
659
761
137
2243
1201
227377
269
103
859
151
15083
149
641
696503
1097
7237
3613
811
28541
121067
2689
449
547
73
23
1163
50551
14321
123169
4679
172279
853
1747
39719
727
1429
40177
3049
294551
24373
209173
2393
36433
298307
73
2683
107941
5189
6857
3581
761
24799
26171
433
59077
263
98467
197
30757
2963
653
1801
5653
83
1733
2477
37
1493
24247
1063
44273
163
162739
67
280639
37
324293
53
14543
1889
259751
421
61
46399
26513
2089
7307
431
2731
1097
76829
11827
1213
2039
327619
21841
199
449
191339
69313
19237
19
313
17351
107
805873
653
4871
23
1223
631
1439
62191
19417
3583
6977
263
239
149749
672803
41947
11587
23087
3001
751
61729
4217
131
560477
16319
2347
277
71411
61
211
139
12451
839
433
709
6547
967
113
401
283
991
877
40111
587
2903
59
20521
329089
753689
154643
311
281
3677
963097
1319
16963
3373
342197
19037
1427
173543
653
3011
4861
1447
503
76537
349
2027
1747
31
6353
31
34781
15013
263
151
31513
373
174407
433
53
1721
352421
8741
191033
52253
1181
463
487
7523
1187
967
787
823
4639
353
37
2287
151
14107
423503
6911
1319
4159
197
3271
229
223
1069
424829
1307
499
907
546353
271
89057
7433
93377
14033
23099
19997
135593
127
773
4259
360187
123307
341821
19139
443
173
139
389
1009
4363
28621
4931
5743
4547
12211
2971
43
3257
1321
59
4153
317
10939
353
79907
1009
10529
3697
829
449
191
1523
2531
84137
503
4603
242083
1213
3499
569
85627
4391
821
39089
3041
3527
1213
7873
79
14177
23081
13759
6569
21169
227
35401
163
174737
181
16451
22741
952957
4799
462607
59
6599
193
1907
956353
19927
101771
63803
41813
218549
2719
101341
53
3433
1163
101
9511
1307
3853
316681
208907
102653
389
2153
54401
143831
407291
229
1811
547
15559
262007
1487
2851
1627
2137
8999
13367
9719
24109
1151
9103
2039
43
739
283
71473
193
45589
373
123401
1741
157
547
443
6733
4297
193
131
79
241
189337
181
1319
151
79609
172307
14461
397
2549
17623
11953
434683
349
1619
139
30643
68113
313
1787
191
1051
1459
269
59
7151
1721
73
55819
137
14887
239
40801
6991
5657
449
39779
379
313
59
17
9391
199
783407
29501
783533
71359
271
393161
60859
2797
36637
4273
261509
3221
8353
2551
19139
9007
1279
359
486817
16747
661109
19
256187
13229
677
37
305411
79
1429
13171
137
3853
66103
395407
807689
83
19687
101
83
8513
3253
6791
101
971
101
4799
1217
1487
922303
977
2843
2999
226907
4219
463
860929
2927
191
84163
191
3109
701
11971
482773
43
11867
131
148157
126131
437293
173
73
73
482393
47
479
881
32789
13723
769
124777
7247
233
23
6287
9791
2963
12713
7877
36457
97
277
7309
1033
419
165901
524933
149
71
16883
5657
2251
431
729403
221581
1193
173
2579
9413
17137
44179
1009
151
235787
126683
2713
425801
4409
11863
149
14843
12041
66751
397
349
27487
739
8353
571
127849
607
34949
8807
2441
17827
4931
179969
14389
215249
171167
109
317
28771
1303
139
1931
911
2237
11909
37
3253
2239
48619
82231
139291
293
347
1373
104399
307
367
15737
71
8581
71359
89317
192323
138731
739
199
173
241
174091
49463
22469
2131
3271
2143
463
720791
3833
281683
773
97
83
2089
555589
2273
1901
948019
516689
41177
1627
1471
3499
439
2153
801007
251
6301
787
20341
137
12251
19
21383
163
313
691
3461
1061
983
22159
6317
1097
493139
1907
548393
307
6353
2671
1283
10007
66359
1061
827
517381
139
61
2017
433
17
17729
270833
131
18617
380461
29
128603
419
434611
744371
2503
631
147227
6367
167
113383
181757
283
38713
191
46619
14011
319133
281
1283
1709
17
163
82981
211
16103
449
1567
53
53
1451
53717
401
46147
23869
39209
281
6577
71363
449
2099
3511
151
358499
118717
109159
4211
157
997
2351
677
121687
33377
571
3163
1151
43721
90931
5417
233
157
19
15991
3853
283
38321
10009
1913
11527
219787
6827
362147
10847
4007
313
89
6121
283
433
1217
853
1571
48611
571
146117
461
130369
202471
907
131
71
23189
97
3833
433
29
13
173
56167
2797
641
229699
12763
1733
521
13781
2621
555043
1447
257
1667
1367
1913
3733
39857
317
281
89
19
158419
787
293
307
37423
283
43
167
178403
11867
4217
916771
263369
29
172427
449
877
593171
307
409
97157
914513
7369
1597
7487
1291
43103
11941
115099
33767
26591
14389
2239
309091
821
23357
58661
11789
20963
755663
433
24967
3121
701
4813
26083
337
2699
47143
503
664067
89
199
24109
20333
257
31627
613
1451
60589
1033
6823
70619
3779
67
230939
1811
6907
337
38561
263
6863
60821
1117
35111
130483
28573
687109
97
29
74573
13
14827
14461
6373
70709
131
9421
467
1949
24103
19
107
6343
1697
5003
9833
1549
4283
32341
6007
2687
167
20479
1091
563
70979
129001
15787
587
926983
89
443987
412589
1249
26497
2647
79
4231
199
1999
38219
43661
2963
59
15227
40801
89
331
8423
1409
137
9859
491
226357
17189
1787
169259
211
269
365669
199
163
2339
163
2459
344621
1031
491
4363
224131
26261
44101
28001
48907
19
919
27791
487
77591
4027
14153
1259
34231
13627
684799
8317
3943
347
89
1427
167
141829
3407
3221
10973
61507
193
32803
331
412201
917353
11701
6469
175493
7
509
14561
73
2719
5197
23
67339
73
24169
42509
30671
127
4253
37799
1663
432031
85991
13457
6883
149
434873
3607
95239
7019
7039
601
25253
467
5021
61
2729
2843
2789
181
35671
90353
239
13411
1999
138763
79
8941
313
25933
131441
36097
298777
937
1013
3229
53
194977
83
107
59999
3109
56417
277
68791
434989
1409
1459
43661
337
43777
271279
429887
569
19163
990643
179743
11789
107
47
38039
929
97607
2689
48353
126037
113
6481
104471
569
25171
17011
133253
47
145109
4159
599149
7127
631229
412739
110237
310169
11467
251
43597
463
596251
137
223
1451
2879
673
27197
479
64919
997
132631
6863
59
491
149603
8731
54361
409
79
4349
649567
717151
66763
720359
367
89867
660181
631
30859
28603
14327
39461
43117
431
573371
301319
9157
75707
150497
515293
157
36709
868603
38069
97
281
701257
127207
359
1931
451109
41
135367
1231
795103
709
23857
971
11549
177943
9689
94483
7369
107
66403
47491
12281
8317
18773
173
1733
13159
59
84913
135497
23
347
709
2699
97
2647
1249
2351
367
881
3109
13
4003
277
1847
97
18289
517343
13537
3797
1049
7079
113
503
761
2203
9461
59
547
202309
367
269327
977
8747
487
8101
23977
43
827
15137
15461
16567
50527
397
244403
45119
139
32713
242813
3067
153817
12373
13997
270239
744547
89
1613
587
113
109
120167
127
1607
79
87811
4091
3593
311803
59567
353
7057
22091
1949
83407
113383
227
1933
444641
132283
146063
829
181
47057
2707
72959
547
331
139
2383
103
1709
487
887923
181
163
489691
853
277
139339
7669
120431
84977
12809
26573
29881
88643
8963
10369
17939
12041
1831
829
3709
6329
97
41
283
1129
57203
61
3389
79589
1531
433
71741
2797
277
8273
86017
11621
21503
487
1871
536467
3733
3221
139
137
9001
359
33521
18671
25423
1153
17839
97561
2683
883667
687007
2011
41801
433
263
199873
823
47
70351
188459
607
23
643681
4513
1289
43
587
103
443
1531
23
1021
109
379
11471
23
670051
233
311
8431
1103
9817
43
4349
19157
30539
202549
37
47
198811
241
2557
3089
3371
9439
151
863
4259
677
34211
59
17657
89567
22481
59
269
463
20899
1697
107
179
102407
59
373
749347
15373
139
367
63029
73
238229
4831
631
12227
41
317
263
814213
191
565559
4091
23917
16759
509
989341
659
11
257
13121
227
389
78989
313
305873
613
15461
154211
23623
1031
4729
313
3331
9067
3191
653
60889
84713
1181
9349
4003
421
193
388823
181
103
24841
2063
859
257
863
111509
313
12161
6607
689761
83341
100237
567751
127
1277
22129
113
1259
42863
97
38611
139
13751
5783
227
19
677
463
544273
2671
673
163
64709
1583
977
296279
1019
109
1409
419
958921
429589
5399
1289
5903
194149
3137
3001
1367
90017
49009
676937
11113
7639
1409
1103
101
307033
80039
47
131
5693
601
1249
9473
1427
74413
883
49613
10313
120833
197
14929
2357
557
5347
2039
97
183307
29669
71
2129
36997
599
61
21061
27179
617
11437
9769
1117
1229
521
4919
1823
73
29641
269
97
9371
1021
157
1987
67
7499
163
421
381991
431
21683
7649
6043
8737
735979
61
499
5231
335057
3203
122081
367
262853
16529
397
61861
9511
391393
390307
157
371141
103
9337
1447
296587
919
137393
1259
241
487
8009
673
769
550279
411119
25763
313
607
42403
2689
4817
37
105899
190301
2011
4931
4099
79
313
8081
6991
440087
52501
149
51511
12491
661
51479
23297
11
17033
733
32917
1493
3343
177223
459031
3221
8539
2213
3037
97
607
13397
7687
344243
751
44357
61
937
413719
123737
137
1129
751
2719
67
27737
284083
163
179161
79
224929
2003
10589
8111
90697
18013
271
13
53
19387
16369
929
151
751
4793
331
97
683
127
4373
109451
31963
1787
6833
239
70241
13187
659
29399
127
18757
74311
15797
74381
12227
69431
385249
15377
25717
10039
35983
43781
328667
2113
151
911
72767
9007
29
28111
1619
14669
61
83
269
337
100693
20747
83
519229
23
23059
6551
229
619117
12113
256301
4733
1097
3491
109
15271
317
107
1013
56167
21383
2063
6089
693967
42643
3541
3203
908489
1193
4289
59
107717
14923
79
719
29
8059
509
13441
227
1913
4261
167873
79
425279
8627
75239
4919
57037
187921
2267
307
137
516883
787
421
397
431
229
2309
977
276919
107
15443
1109
163
12157
971
113
31
1381
2459
8599
398821
641
503
109103
1367
292849
39979
28979
7349
233
937
617
911
14449
401
751
456023
1657
26309
326999
565723
6311
29179
461
97
2143
767527
135617
2371
26641
19403
1801
217739
101
5861
52051
151
16931
67
62047
389
34033
2851
167861
5653
73
157
149
392957
71023
599
61
144667
353
63439
2447
271
30029
196993
457
387269
15569
2153
1439
47353
1061
467
29
1123
1669
7919
388691
153277
277
302483
3467
10079
443
131
428509
199
58613
3407
67
7507
17519
4373
65927
70423
19289
3559
1459
643
17837
12251
31
5437
7541
63331
11117
24767
4517
10771
503
73019
313
63647
3767
557
941683
2339
29
1289
87383
31
432287
150197
521
39233
664789
9203
81373
73
359
223
56053
337
1667
1741
89
73
383
55967
149
173
443
4483
1907
142183
2887
719
19609
1877
59
151667
2909
184087
3847
839
239
929
937
283
203809
863
563
30047
563
195053
231809
2339
29017
61471
359479
2609
599
2477
460157
45613
97
10589
2503
719
5483
8969
33317
8689
24379
67499
7727
18371
1327
307
113
14489
8117
2437
293
20903
293179
649273
89413
1559
1949
3119
8443
340811
6619
3389
351097
544031
8291
144589
181
22741
86389
101
53
509
122611
8681
38461
54401
127399
197
151
13411
3313
941
32377
181
26153
1163
277
3109
20357
4159
74933
8641
20323
3347
50159
223
14419
257
2269
11497
48131
56807
1009
449783
719
220589
111301
255313
13487
191
2377
67
31
138401
21841
977
291359
167
613
151
199
389
457
40169
29221
127
2339
102299
139
354001
10891
2069
385223
50383
31
1409
492431
16223
1721
74381
43
41719
4721
131
24977
89
67
119227
1153
389
317
6857
937
54521
1361
4903
1789
79
114197
79
6673
328639
36637
1297
1061
571
4327
389
557
107201
51239
139
25603
1607
14149
28789
7507
418343
13553
118973
9739
3253
1153
26701
15289
263
13
4649
157
617257
673
6907
79
1129
271
28627
25121
6679
1697
193
219953
9769
37
557
97
23053
89
39887
308923
18587
2039
533051
123377
1283
11551
172603
673
2221
623417
4729
193
4349
1787
101
1217
969533
47
13691
426997
853
37
5081
1109
563
216373
313321
42751
2011
1259
2011
1811
227
3359
907
233
361351
101
414361
47
311
7759
52489
1019
7237
593
6673
661
249593
425387
16787
859
140191
11423
366001
4987
99929
97
10771
22123
181193
288481
671681
197
1663
15263
76481
222773
10211
143401
23339
22543
619
13859
1231
178169
6571
499
756869
3533
547
3121
3967
2243
11113
487709
146683
18427
12689
193
313
43
72043
593
5147
4889
76883
575053
179
12421
13177
1459
883
2633
1109
31
37
31751
1021
1979
3079
457
375563
24107
1999
20641
32563
89
19
102769
541
353
68501
97
419
302221
26111
631
2293
241
997
43
163
23131
6833
37397
221827
36767
8719
20269
32887
479
14543
47
523
40829
1087
2417
10141
17987
77801
229
489133
163
17047
310501
48491
5
1993
1259
13
199753
487
14533
67
4463
2027
110119
19
151
43
231611
1103
1583
709
631
33871
8537
227153
439
6101
2927
5101
41
349
76031
2687
294341
19267
33071
17467
25939
137
3359
3323
807083
1097
383
613
6217
9413
258677
2137
29
71
303013
349717
3463
347
7603
148853
587
332561
2749
104417
1549
1693
6679
157
991
227
719
106433
773
1039
35491
19219
733
191
25849
1049
37501
161611
37307
79
39107
1951
3229
5153
419
523
557
301247
6761
17189
6907
1721
149
406969
433
389023
24593
20947
101
38833
7309
325891
103
3389
3187
817303
163987
947
3011
53
877
89
21601
21013
47
643
105601
237691
4297
94397
30881
8117
449
127
391739
110927
24359
30911
1303
162593
435503
3907
137
638171
1153
743
5557
43
706133
56731
6203
40361
35509
221707
379
1151
8741
132971
569
1867
9137
7853
2203
11
4649
39209
479
21391
1279
2347
59
197
801371
11311
12101
138139
241
40351
2897
51637
1579
3049
65099
347
12487
43313
5903
101
1811
1879
929
17609
8011
957709
23833
47
1181
227
29
937
79
1871
3221
751
2657
25423
2141
367
83
1153
205063
138727
419
4447
827
6803
2269
5441
97849
45361
150373
129119
3137
27581
85133
5081
95857
631
827
62507
7517
13
5641
127
1783
1373
15439
4729
16693
446969
1213
441841
18593
163
3079
33503
22721
67
229
8999
1409
4517
144961
317
409
10687
331
94009
1601
2137
877
1279
5209
359
607
149
6323
181
367
76079
331
24527
251063
2237
193
2729
15121
113
769
28069
178613
571
103457
227
12281
16333
41
19681
2137
259783
677
4253
283
14669
2111
3727
539899
311
6833
109
6679
349
12653
11897
201449
353047
507641
3623
874459
523
5477
1283
37699
106013
2791
163
2221
105397
467
79813
439
97379
41
155453
859
63439
109
149
70951
4889
266081
21011
28541
443
1193
62939
1709
257
16889
109
301319
974107
89849
41
1213
691
1511
89
122299
73951
8263
704929
173
857
2371
21817
5209
14447
20399
479
5437
7057
232801
269
335273
2287
661
151
131
29947
193
63463
571
317
11197
7057
15413
97213
4729
2543
281
151
691
24967
139
1277
5879
3313
4519
2039
251
401
271
26863
3533
191
93239
41
1069
2693
421
2777
35201
19429
1163
191141
20393
1201
1327
137
57041
677
347
1481
47
1831
1889
333287
61
1049
569
3671
1657
811
67
23099
51157
3571
40927
383
2389
373
349
30817
24473
2677
523
173
739
246247
5237
5179
1009
15461
6553
277
42139
43
463
643
387197
13291
745051
211
176357
12781
798533
297481
103
29669
165041
87961
9623
39901
263
4447
9397
3181
439
4621
14033
1061
571
199
56779
366967
6037
10037
881
103
11171
283
359
2099
1579
977
349
176413
157
797003
6121
117497
2713
7213
90947
6841
793553
149
59
197959
239
23869
331
1019
286801
4561
9497
104347
23879
69661
569
103
9859
601
104917
31
103
2957
524857
71741
1033
821
27953
678253
227
659
239
34129
269
277
1289
17881
1031
882461
439
10597
3253
1787
139
353
62603
318907
853
10091
307
7559
571
367
109
43
282589
717593
1093
14813
1871
2251
961487
2243
30181
149
1321
20249
541
149
88337
118583
89
24251
16223
611557
2311
30271
60373
3343
121181
733
191
228733
3881
293483
167
3823
631
15791
677
263
11
2287
218437
167
877
151
10243
4397
632503
263
311
36263
331
2069
547
191
262351
11833
25469
139
20147
429241
10861
77647
2707
3739
751
151
9209
1433
97553
787
1531
7229
37057
103067
761
461
216317
15031
173
184607
503
2551
9619
49853
2207
607
89
443
7109
43
1291
787
2129
229
151
1949
63197
2003
18787
449
5167
903919
179
351931
303463
254447
101
14561
97387
33997
571
389
107
2383
209269
419
383
61363
22907
21383
17
409
782783
26927
1877
254987
280751
251
379
47363
4349
5581
97
433
1783
1619
5693
409
335449
47
157273
14783
1931
41
1459
97607
1153
6869
6607
178627
653
6133
14593
657893
2707
5399
353
263
375667
7741
56417
30893
1303
13037
11579
587
173
389
848461
137
2351
2477
127
1481
7151
4357
401
17491
163
23
53309
319511
769
269
64153
5449
22091
1117
577
257099
2551
1789
1013
1063
5527
6451
1013
2927
53
709
292363
4391
101627
1439
257639
6091
941
4957
661
6977
2081
1951
313561
73
1913
15497
5741
298709
916337
21023
673
14341
643
8669
393857
237857
71287
121229
521
109
53
4327
285539
5209
97
11863
635389
190301
3251
2237
137
234187
8563
283
229
1423
41
1657
677
1619
139
8297
3467
269
2113
1223
1439
277
1163
881
437243
34721
1109
617
2503
2713
173
4517
3449
241
863
6959
139
881
61949
104473
89
80309
4241
343237
4129
30911
8527
5779
2693
452213
311
83
293
21319
229
2797
5413
9137
449689
1733
47
967
889081
1913
18121
25147
3943
260629
28817
3677
103
35999
7577
130127
37
6907
47
948331
1823
6217
80207
569
359
605413
47591
28493
16273
281
1471
200861
90787
619
12553
31
8297
55381
191747
252223
557
313
5519
31663
1049
47
57163
364451
8933
37379
2143
52457
11909
483071
269
673
251
775889
7309
5081
1283
179
16193
65551
10061
77689
5813
853
283
24077
6379
144589
23689
22129
1693
20693
61
72167
6037
97
2447
6823
409
2063
32083
17
2969
2081
103
139
431
757
6793
34061
5303
10463
47459
11087
110269
27773
660547
5323
500167
465587
9221
842473
8779
42359
347
8669
4441
79481
359
353
2803
22511
92221
10177
359
149
827
84499
431881
37057
823
1609
179
44917
15791
88327
191
102769
181
208147
966241
26183
311
377687
919
181
167
21851
16651
751
139
6551
45757
523
331
227
11471
35831
15901
10867
3301
32497
10891
183451
148469
331
263
11113
30509
4679
173
71
130279
7649
59
965291
421
6779
863
823
74293
1747
991
1427
1213
953
419
41
108533
167
10069
13781
853
16103
103
105367
97
43403
107
353
9677
2237
3061
2293
4283
6719
991
307
673
37813
1451
127763
151
43481
321469
40771
1163
61357
17401
3361
237781
30971
78241
457
2777
11299
1481
531331
983
822889
115931
571
229
269
2237
193
105541
428147
1277
4007
17239
151
617
6373
3121
1013
75967
11953
103
3919
14293
631
28517
897349
2083
97
311
54181
373
857
1283
8963
495787
1129
167
115883
3323
739943
1087
191627
216113
9343
22619
1709
98269
60961
16573
2633
71
983
3119
127
1021
491
10831
1051
18521
1163
2161
1489
919
10103
367
409
29
103
288851
3499
2309
43991
49211
613
7307
149
967
2857
10711
170047
149
29
74021
411617
877
2399
299723
2897
47
39667
323707
829
751
5443
521
485893
169369
43
6779
445279
11887
161453
5387
29153
47
128629
53
2111
18523
11071
21487
116969
75557
9923
4211
179
71
316343
233
2803
19069
67261
479581
281
190063
65963
472477
8011
3023
238939
2579
1091
941
17341
28163
10459
12373
80527
397
149
41
111127
325153
384301
557
9769
33013
229
937
107699
41
227
647
782641
367
58631
61001
17419
4049
109
12647
157483
2141
29587
287191
97
257
811
599
17333
11
607
10559
6761
751
33413
2411
190181
10831
795253
149
521
5641
21179
17
6007
38321
615907
751
17
92503
683
300007
12277
983
653
160507
796801
22511
224221
1613
3137
11351
34781
61043
1109
1873
1559
1483
1319
373
5531
45343
661
211
6473
235519
97
277
1699
21059
1031
521
19289
727
679807
23057
383
163
1879
719
4129
2029
149
59
5407
19
5009
16937
878869
61
2311
11821
3631
8867
3863
82129
211
151883
5081
293
37
18127
95021
199
263
1993
8969
22783
179
26161
3461
266587
8623
401
4561
569
263
343543
94541
1699
431
2099
118757
29
191
2953
6337
51439
1307
311
311
446933
149
61
263
523
9743
353
5879
117917
323767
8597
113
4673
269573
3581
6421
85601
2267
2237
1459
393257
457739
443761
644933
3517
1283
5413
1103
9283
30187
1087
1997
147773
49853
822743
121189
11329
94649
1753
353
10723
563
1907
13859
4787
769
367
463
421
2549
61
82483
709
994393
77017
118801
15199
167
355027
773
2347
151673
991
19
13
157
13901
21143
8681
2179
41399
5783
81943
197
193
139343
23251
132283
8221
241
8713
1291
30139
6221
111119
547
599
233
939749
7823
44531
127681
13313
105263
157
57737
389
10711
153929
656977
722479
2819
3877
937
22109
2777
44893
251
11083
21193
373
22741
313
857
227
1811
97
61
173
31
8627
8831
839
115613
20983
229981
221197
401
153457
4243
2381
942763
1879
3187
79
1163
977
28057
139
2731
5527
42793
674449
971
2689
1433
1447
1237
12251
2707
1873
126611
53
18919
199
17
139901
11633
785779
503
97
163
8467
137
1061
36637
887
157
21871
311537
12829
330287
2699
21019
11251
797
607
2221
90149
1049
761
269
379
1231
3
1811
256687
5521
37253
2129
659
23
16811
683
1361
133733
73
3847
10253
374537
233
313
1697
491
241
1601
1543
99971
100391
20393
184693
199831
294167
797
1187
331
1091
19219
521
450841
41641
13037
31
953
239
2593
450817
2593
29021
2843
11863
40879
821
57179
1453
809
2741
10903
301619
13807
487
1759
11317
2237
983
4493
72383
26959
9349
619
27527
1181
3877
373
2179
1747
10739
71327
499
1229
953
78079
997
182653
1213
347
733
677
277
27611
1427
3499
27997
1291
1117
120811
190207
971
22063
10501
30161
26881
26489
2011
269
151
641
499
3677
479
20749
4357
680861
595097
12011
577
9209
1831
2029
17
1549
44497
1601
71
35227
109
5441
42359
17021
151
107
47
251
5273
5437
22091
41479
357197
47123
193
401
1069
397
1801
32993
34313
13513
1429
23561
313
191
274361
187129
182813
23599
263
1549
2609
821
1069
311
186451
889481
389189
313
1871
50461
22501
3889
1663
44579
13
640457
2221
673
23159
265781
193
45827
79
271
373
823
13781
3547
2087
19
13187
215249
157
154789
716033
114419
368717
27457
688657
541
541
35977
21817
73
564617
109
75983
120817
3929
70951
691
83
58153
137
95801
1097
22961
3677
1063
97169
470389
11519
319057
51473
113623
19717
28019
494761
1259
967
3037
82699
1289
3343
382331
3967
34439
1423
277
1723
433
2579
173
8821
7109
4447
74653
100391
256903
30469
46093
97
1301
11833
461
14741
1553
907
2087
8101
48409
743
122599
101
1061
163
4657
37
132469
487
733
5867
66919
113719
199
6577
39581
43291
573847
607
587
367
947
353
83
577
2677
2531
127
37573
607819
1667
28429
7817
193
575551
63419
127691
379
390703
175633
28789
101
2437
109
167
1123
151
1549
191
7129
1361
1033
5701
239
1373
94439
43
88327
9013
2153
443
166189
37561
283
25033
174703
9433
2381
389
1283
9941
72647
263
76213
122957
43613
596839
229
5717
139
90149
89
257
121909
61
257
83
24697
15233
751
141959
21647
231461
239
86501
269
481513
971
497509
1319
2011
242147
47857
138191
4241
29
7253
739
38231
413597
9181
5009
89209
937
127
1973
953
5399
2693
1667
827
563
79
251
1013
199889
454799
355127
907
13037
293
24551
13103
103
2531
62213
210709
107
2447
3467
5
167
9011
211
12983
853
23
24317
348053
35089
271021
73
2111
112403
215143
20549
821
2447
1021
509
677
589997
4339
79
367
225133
9533
35201
16189
46499
3119
11923
127
383
945881
79
40927
383549
70321
5279
137
3089
191
8039
83
11953
271
23
47
17191
79
109
2539
4111
17393
4673
7507
467
938393
9227
751
1423
149
12601
13297
179
4513
43
23873
5233
88817
34603
32261
457393
89387
252893
37
2837
548567
93971
7577
160079
593
1033
383
61
479
6967
375149
139
101
42571
1319
13127
6089
10627
197
881
103
227
59
249133
653
10567
2797
29129
7489
31
27031
1193
2711
599
63131
78401
67
457
5869
109
189997
3221
823
75869
85133
79
20113
2393
985483
37589
2237
230047
117319
71
223
110863
503
510451
59
367
2447
144061
6733
331
55339
1453
625057
79
822079
4327
1697
12377
10889
1481
14939
63709
281
27847
881
577
241
2927
461
883
59
274847
1847
751
70991
71
1471
116969
5791
1103
691
1319
881
229
431
101
15733
137
571
14759
857
167
503
145451
364187
521
4721
479
937
1231
19
14431
210943
11
59
7867
230213
947
77899
53881
17
1163
519107
43
941
1303
294919
947
87511
293729
953
37537
257
67453
151
113
4733
769
23
2017
545291
7691
50459
31
2467
2467
42293
1289
2297
1823
7193
149257
154277
199
211
499
838657
2957
991
1721
1091
59
3449
373
71
2467
15817
2707
74317
10099
277
233
77797
827
233
67
44179
152267
18919
947
304081
14369
176201
387953
239
373
1201
167
1019
23977
311
63823
4153
9391
631
438419
85429
70321
888443
311
2267
431
38447
271
397
293
3581
261431
433
93199
8963
223277
2999
21023
2477
10459
151
55997
15787
77263
112153
449
465541
157
22817
242479
769
619
225023
39217
7079
305119
38053
2957
487
101
101
142609
1033
467
28439
1747
653
1597
5483
82799
1187
308809
109
2099
7211
193
431
14221
787757
30029
4751
823
6317
1987
257
25117
5683
34807
613
21937
677
59929
383
79139
24509
3539
97007
182779
1499
349
1069
947
5879
6133
19937
363569
71
7789
151
117127
523
4679
6577
4019
487
286019
359
71
49669
163
349
653
228587
31891
991
643
253423
613
977
557
12329
20707
1103
9901
53
371321
1049
2417
62171
2281
4831
157
283831
229
127
4349
1511
31
4703
2111
5153
59333
23131
2113
151
8171
1039
6217
59929
26183
181927
16619
151
120713
241
283
355513
16607
401
412637
16703
196709
211
2767
89
8219
18119
1511
1061
541
3187
1657
2767
1187
197
1559
246247
11593
643
2393
2083
53927
139
285557
726953
77551
95789
37
41
827
14087
200689
277
494959
427883
86573
3049
4159
114613
1201
1613
234683
283
173
463
225037
83
977
21839
7253
211
173909
311
307
163
47
5261
857
22501
199
19001
191
7853
137633
9473
239
2399
1213
227
61
41
77977
15971
593
1567
67
1181
5653
1889
311
9421
8419
499
31
9833
1303
1193
437287
1741
439
101719
4271
5851
37
4021
13417
56093
137
327979
13537
347
3061
21613
23227
3307
7229
509
97
166259
101
6871
1021
509
8923
6917
181
911
619
971
239
6947
71
523
172759
185177
24659
107
187433
972197
263
1733
2953
1201
271
2297
186023
7883
19727
173
233
1861
82559
49597
743
487
1753
3251
101
577
283
131
5843
60859
4507
182713
108107
691
503
523
11351
204059
13
83389
11483
34729
52163
173
599
449
41
74587
17581
23773
229
577
47
2503
83
2003
2939
34583
229
21803
13691
11443
13001
467
21863
139747
5783
2887
769
797
13331
641
2179
83
148471
1033
47
181387
1699
408479
367
14029
1063
228131
863
3677
1213
16067
239
47129
193
103843
163
7547
14347
90199
307
88259
79627
71
73
25457
89
5737
8527
72901
329059
38923
66449
61
18301
1907
769
1291
434689
14401
457
53
139
37
1039
643
11681
1009
45439
1741
47
1879
317741
2689
461
1327
331
1823
137359
31769
409693
941
13381
421
691
967
701
7907
4889
15773
3643
31799
111863
1033
107
337457
4817
2053
673
5987
2287
173
184211
1237
1063
2683
1297
41269
4957
1993
41
1201
1741
60331
2797
397
6521
2383
117883
3301
4909
1931
131
23279
739
197
853
71663
72889
262723
463
107
79
30593
337
620911
1697
138883
25733
2957
1873
283
10739
19009
4327
653
1489
971
2287
8581
4253
3739
105619
8663
401
26041
4513
57131
541
10891
5483
499
5867
607
139
451103
14713
22039
479
70271
3217
53
2273
383549
652033
6833
12163
606673
1571
3709
61
53
50951
593
461
157
290663
93407
2887
103
51151
34519
347
2411
6481
114113
27617
8147
431
487
73
79
16619
17
173
983
397
126233
88681
61
2381
997
16561
179951
569
223
341303
324503
2381
4951
101
194717
55217
183809
30841
822221
47
181
540187
97
733
70157
10273
11383
59
4993
41719
2549
313679
270437
8669
14827
897137
15731
4943
541
5689
593
56963
50047
3593
1033
257
509
3593
19
2999
367771
29453
631
179
683
313
709
103867
139457
100511
7559
983
4649
53
827303
71
2063
5
136573
3191
2887
1459
547
83717
3391
7
73823
61
14431
39841
123077
587
738469
7
6073
569
7583
446231
15473
379
146437
197699
641
131
684713
11743
19
21139
5441
50741
21727
223
85093
12119
101
439
6353
260171
263
49367
625883
283
132859
829
4493
809
73181
257
887
1951
61
17807
4703
1733
12809
2269
2293
1307
59
389
1889
937
431
129443
4283
29599
769
1381
33053
85213
1951
52501
1951
337
823
1733
13099
2777
82307
919
30139
4253
166417
3767
73
1087
89
405667
46309
1229
733
1033
11987
14683
17627
18913
691
369079
4871
2251
82261
1619
733
71941
653
829
1933
100591
197
277
61
3061
26777
37
73
8719
739
375553
149
32051
359
62683
2441
31
47969
335123
814943
25771
28619
167
331
786739
193
65167
69061
379
9461
857
4057
11681
32801
9293
1889
84719
436157
45007
359
43
547
167
331
271
700241
568303
195913
229
6263
11909
61
7691
739
743
17
59
241
223
326941
31
144481
89
11059
1033
1823
199
181
757
445363
323137
98297
81689
11257
269
1697
757
191227
673
1171
137
541
107
49369
53
21559
167221
29641
44131
6317
50147
101
487
79
15073
163
663239
44417
17929
2027
206911
13043
67079
11903
1063
503
49807
211
161009
39887
1847
27917
15823
32321
503
1049
15761
991
593
3391
33751
39769
293
503
6311
2579
73
28297
2203
251
19237
4723
178897
7499
23
4973
10657
148123
2243
2549
151
853
17
23311
64919
1613
787
1753
29531
16127
1993
449
32563
2617
337
313
2753
4967
79657
1021
13907
43
2663
139
10457
1951
75367
3833
1123
12923
270659
7411
113
44699
28081
6689
163
69019
16871
137
1571
907691
107
359
6653
9043
7297
17257
2753
4457
827
80557
19
12911
197243
499
1289
18061
499
29201
49081
13451
127
1733
116201
181
223
34589
489479
73
61
1109
2591
47681
59
61
53
487
10069
71
352049
3361
37
613
3203
4421
293
291299
260011
28663
37
443
191
60631
22193
2243
13931
317
5011
62731
167
1303
1747
23
331
271
947
2129
3967
2963
29
257
347
631
202693
173
757
109
516517
236881
389
2003
347
1103
2089
86353
487
31
16561
80273
37
2953
2311
256831
28351
8849
1063
23063
683
287269
3533
1283
21517
421
4001
146681
1321
9811
359101
95549
2411
643
787
113
4703
443
101
243517
43
9817
19477
163981
353
40927
275921
6359
43
773
3187
910207
1217
2221
12601
4093
751
356893
20359
8117
597599
103
19441
527819
62311
103
31
3847
1873
52379
724769
139439
46351
17107
1549
326189
11
4127
821
433
6197
7237
5869
827
28319
3181
630101
14831
9403
241
647
853
499
251
98459
101
139
89
106921
2843
307
383
56039
79687
2213
139991
3019
11887
809
54941
32503
3931
643
93491
239
7499
3803
265739
4703
61
3911
109829
81869
2657
733
2027
109
103
1741
113
182009
181
12907
59
18047
29231
1933
543427
241
23011
4519
239
7079
85853
71
61
97
26833
31541
41843
1907
3299
434909
6871
727
2467
6221
82847
379
1217
2503
5179
55457
1129
3989
72817
4451
41
12377
3911
17
53849
809
20773
431
727
131
27809
52177
317
251
7507
4967
13873
379
73637
3557
1619
51797
137117
223
149
199853
17443
5
1039
8287
22973
21683
90023
1621
126037
83
6949
328303
281
147401
151121
328109
4241
1787
967
7177
106531
1319
8111
3967
44501
309271
158647
3019
1811
251
2389
881
23143
4027
74449
157
9349
7577
146477
2251
8597
601
6199
337
187237
5273
181
1913
102059
71503
440303
647
769
779189
5077
37
191
479
137
343559
42821
10607
4001
33359
73
159389
243673
6337
54013
157
9497
833933
332947
3209
60149
5081
47
49123
96821
389
26801
997
3511
53
1993
11059
83537
4357
353
425609
184711
109847
1213
571861
150091
8849
421639
16319
183451
494521
2851
4201
379
19081
22109
1621
82393
8539
683
1747
379
4111
191
21247
179
358031
34807
268607
11863
669479
379
852139
7349
3331
862943
30773
113
1091
2417
26437
1499
5479
225583
44963
3541
237361
25111
42307
61417
103
183691
743
179
44273
242747
2467
56923
131
8419
2663
233
20011
373
1193
4729
131
347
1723
199
151
3499
857
3793
173819
26731
248291
113
607
131
71
218459
834487
41081
13339
25657
107
61
419
191
1069
439
65497
11159
739
3719
113017
229
1789
439
877
7829
14387
120739
228203
3967
1069
12343
251
3181
59
9973
8423
376003
4091
1789
165437
1723
193
3253
4363
538939
794179
5849
5449
281
761
1949
322249
383
139
5437
79
9041
643
1399
80567
25339
1039
107
283
852827
353621
7753
4729
102797
2011
433
3511
249521
1721
53
8167
5437
47
479
31081
2729
83
4663
727
28843
10211
14431
277
5623
151
593
317
7937
67
41
5827
30011
23719
811
6143
109
4663
919759
19583
96337
2129
239
379
1511
13499
523
315047
3433
492641
487
9109
1951
774181
157
161053
151
13499
193
2273
53
251
317
5237
19
4597
173
463
223
811
229
853
139
109829
4339
203657
80849
191
75731
849061
325043
2711
757
274829
109
41333
297623
58967
11657
44383
709
983
22567
119617
4423
5563
59
1223
168977
379
139
395749
103
518983
31727
191
277
247913
34313
151
4723
599
31
5531
577
1451
541
719
155473
593
3613
161591
199
160319
4549
4339
2617
51481
113909
14323
2113
389
6719
2963
45439
137
48193
47
1753
163
163
263
233
12479
41
35731
20347
137
211
35839
101
29917
1019
2377
6991
269
997
587
504377
9733
257
23
104183
99689
29
241
28429
1427
1321
2693
51413
443
419
1049
2131
191537
6079
567719
32833
409
2591
1997
14419
167
9851
111919
439
8737
191
55339
839
313
24043
43037
79
2549
13841
5171
45181
173
9883
58441
9001
2879
359
1019
347
2791
2531
4391
863
123269
859
167
313
1213
38711
977
53
491
1229
182201
564667
431
2243
1381
11239
406339
643
233
3911
233
25679
1153
449
182803
503
1087
7451
1063
19813
79
53
8933
53
379
673
4177
163
34261
311
7103
6689
1297
3407
241
2131
383281
1823
52817
13
130367
2111
1889
1279
509
1559
13633
340601
66949
2689
15823
311
103
59
521
1583
643
149
181
5623
1567
70141
6359
3931
3637
1607
3659
348587
2707
17159
461
67
607
71
773
371951
59
601
2221
1231
89
85909
36739
1831
515323
97
3049
443
12697
41
6719
1583
349
73
244759
233
1973
71
69247
2339
1483
21107
34897
6421
10559
263
281
409
709
653
886591
379
347
5147
2789
673
2383
218719
503
8317
23159
283
51043
113969
2777
243263
151
405487
2939
457553
78571
283837
2411
37
73561
5051
17509
341179
1117
23549
4787
739
497279
202567
353
90841
1153
179
47
10243
7687
677
1061
61
2267
457
1061
1033
3067
971
9467
433
443
347
167
105023
8581
907813
3331
857
199
773
475681
36229
804443
569
211
44071
2351
62137
17483
4091
21023
6379
109
1483
1949
109
3001
1091
673
627541
11587
113
9767
3559
114661
60889
30677
444179
1783
227
1493
107
23
349
1153
207287
977
3119
118691
3169
31
31319
81223
915113
2797
2861
1627
199
458327
463
682037
2273
93187
1951
17011
13691
73
379573
8627
2441
222707
38069
10357
240011
577
769
46727
5023
59627
15739
200029
3697
109621
25903
6133
211297
1489
26647
691
34273
23911
38971
79829
24971
7949
88903
8231
16519
258803
538397
95801
1879
72577
82757
211
40637
149411
163
127
941
6329
9817
449
59
1601
51607
2903
29
463
3347
49523
823
17923
958183
473471
1009
99347
6043
670511
1621
1217
23059
4751
478321
3571
20627
367
2129
811
431
71
401
1867
919
67589
113
15683
25999
18521
1949
15233
834671
36523
4057
157
426421
698827
13187
43019
86111
277
109
733
6427
213253
107
155171
6581
2753
430949
89
34127
26209
7159
523
22699
277
131
13859
863
457
14321
373
449
263
8963
557
83207
947
487
467
13873
8221
5741
15773
334651
263
2963
929
1381
177511
367
107
157
5501
1667
4003
251
134161
463
487
857
149
1301
5527
2381
25411
9787
491
691
8111
66713
827473
1811
683
15269
1699
421
79
117361
267373
313
2161
144383
347
139739
217157
599939
911
179
73
769
2957
131
251
864049
933703
2801
51659
349
463
101
397
1913
97711
1201
23509
10957
593
193
2371
113
337
313
1021
19
4153
241
29
3119
83
12379
379
744893
1019
67073
2819
173
161983
11987
9479
127609
155209
5011
233549
20809
727
503
820427
17443
991
4967
123701
8747
4493
57917
149
8369
4127
32381
151
136099
3389
245719
151
11311
800669
1543
4349
17
9601
179
312383
72073
1321
6373
230653
254083
547
1433
6299
39569
67819
1097
15149
6691
21481
133319
523
647
1733
89
14549
1789
263
251
1499
229
160981
1033
5827
3301
1103
97
1283
739
90001
811
37579
2411
1033
102811
7487
3557
638467
445339
1801
691
1019
89
3167
487
4523
3943
971
113381
5441
2437
54601
824233
52783
26209
619
37
317021
1229
191
3191
463
281
827
1693
877
7297
28661
135701
227
2293
35099
131
1049
31183
907
396523
1291
1999
2087
131
9281
4481
467
1511
587
457
307
359
1627
97
5573
12671
4673
2741
9181
1613
2609
859
1433
1321
3187
127
79
2591
1223
107
98953
137933
2593
3257
761
4049
21767
5081
4703
11329
276247
4517
14843
3259
503
220709
37
263
34513
106109
3109
1097
656707
407047
73
18211
71
2383
179
313
367
219031
5323
153343
120503
13229
751
1693
367
11173
47237
61933
56569
3593
4679
42943
4231
2099
149
859
313
20399
31337
55339
127
823
823
707429
167
761
71
257
1181
13613
869059
293
659
1381
27967
2339
57751
2521
881
21149
330997
521
293
199447
149
131171
583409
55127
109
176599
1187
430723
13597
48673
293
433
1019
569711
56041
2081
149
11743
733
15493
5851
15101
6791
607
21521
37
11971
10709
251
769
11471
97
6659
331
433
42281
4297
156041
4013
452857
347
1601
172751
37
11
57251
294067
12043
149257
56591
167
1823
643
113903
103
219829
5347
960131
2677
6521
335539
79
44041
1201
743
6389
510101
6379
29
83
55711
208877
1319
148573
1543
541
1399
4723
167
33769
44017
15241
15737
33427
47
19
587
2017
48311
128831
1811
191
10099
677
6449
21139
18211
1297
1279
29
447749
263023
1033
380203
31
86573
193
47
47809
443
2357
14923
48823
151
1459
283
313
367
9907
43
258403
40283
349
643
149
277547
2851
13
1297
593
239
1621
1031
13451
163
13049
443
27793
19
54011
359
3727
24691
59
953
5227
73673
91229
211
167
1549
101
1039
4201
1609
617
1151
139
9437
84163
1753
31541
3691
902611
116989
503
29129
36187
331
219293
1021
73417
47
397
3851
945457
31657
13883
4027
233
9629
293
313
1063
701
7039
59359
1039
4463
298339
25639
2609
323053
6947
1733
409
121181
19
449
71
379649
9907
499
37
1439
359417
6701
28871
1171
359
709
73
36529
373
677
255329
1721
659
179
23269
587
971
133669
515923
983
613
1217
76099
1759
593
1657
359
79
947627
17929
19507
2659
64763
314927
443
397
797
217003
6323
547
6961
7823
521
21851
872477
13331
3229
503
19531
124139
312083
18181
223
10799
142699
139
42863
41
358079
1321
25127
3767
1181
547
683
100699
6553
907
10663
347
72031
867743
78167
132299
1361
71
5399
1181
107
191
659
107
40961
151433
1019
59509
887
52541
209477
199
267451
3359
13999
9281
829
466603
601
601
2441
487
21491
383
3593
34757
4993
17383
8663
83
99103
3907
527381
7937
3889
797
337
22637
11491
51307
1087
163859
883
5867
44497
37
106781
1069
90631
1709
151
349841
293
257
9421
501271
401
52883
449
7
24371
1409
85781
7603
809
131
682439
11617
43
2393
688621
2309
317
18371
577
432743
248161
95957
1103
34687
863
1459
18793
631
4969
67709
9011
61609
3947
35831
2719
37
20921
919
710207
1187
167
941
977
490951
1657
37
59999
431
4127
33749
7193
281
53
311
5
11813
71
113
1409
128483
15377
1279
5573
89
337
2137
1429
57727
1997
131
25237
1049
1601
3461
61129
243953
127
9001
101
1997
2657
51637
35081
43
577
4937
18539
1481
10289
71663
21407
1009
311
73
6197
545711
265403
8741
12953
6421
334297
10103
6143
3331
12517
11003
1087
769729
863
24281
4733
37619
56401
113
383
17519
59
1249
158231
4789
418343
521
27617
6977
1087
181
147409
45707
172331
5813
526297
2287
41
35141
809
415141
7907
7753
733
113
443
29761
8467
3539
1231
89
138319
1231
298303
68777
140419
587
131
107
75323
523
8741
57301
89527
4073
547
181
107377
1039
1009
143401
3547
35801
10607
70783
1553
1549
397
107
23
337
12097
3163
24109
19709
1637
108959
69661
281
382871
521
8053
919
100189
235243
383
49393
43499
5749
117731
827
22303
1907
149
2383
2399
7243
193
787
1069
23993
503
30241
62851
61559
11171
13729
24683
15817
97
580133
27983
97
2423
8803
4111
51749
6619
173
281
587
409
307
467
113
311
503
283
43
21601
229937
2699
5077
485729
29339
19157
379
653
21313
108959
257
269
223
16987
213281
3209
40361
20897
239
919
11239
10253
163
3041
3911
73
19441
863
19
4447
29027
9587
157
2659
373
1319
6397
719
22303
71317
3631
2551
41
1447
197
460013
722333
137
108203
108347
22543
431
919
113
61543
271
227189
139
20921
146891
328891
199
12821
2129
359
107
4603
42397
467
5779
579763
897497
2131
147137
201919
63577
37
967
98869
9187
5743
161971
67
4441
33289
139
80077
59
224261
599
308101
9397
8837
808837
13649
7877
461
1789
494713
1933
5237
997
70957
479
1913
300749
163
275549
1061
2633
7283
7547
16703
251
587
10399
53
353
166967
7607
1741
16273
398729
4423
104033
6173
2713
796337
367
23917
98297
863
1723
40693
4079
443
42457
17573
2029
41
37
140009
397
15137
641
27689
421
41
1129
769
52177
1489
138371
9907
1277
111997
2729
203579
83
17257
2843
1013
1627
809
389
12517
1493
179579
411529
479
359323
541
751
953
34679
499
24889
2677
25747
643
39869
7507
25657
271
4637
1213
2017
655489
967
101
1019
199
7927
113
1097
362707
2791
132929
823
347
3203
72869
263
347
317
109
1811
12163
9587
1493
16187
13757
70879
414521
7307
4127
1069
107
11
574907
619
3593
94727
100853
546109
106693
4219
773
127
181
2417
20509
54419
6257
31
439
2083
1019
34781
6737
3929
1019
433
4583
1723
9497
1531
127
457
43
205453
113
3331
34283
1091
8377
31
229
81649
81853
338893
523
82903
13
1433
181
60331
355909
43
1103
122099
40609
1069
95819
673
3461
643
479
229139
152389
4007
3319
19753
617
283
809
3181
3803
172597
1747
373
432661
3359
223
4591
4327
15889
883
1693
89
2551
79
20849
631
547
110269
490571
2129
2089
61
828977
61099
3187
7
20983
12919
503
463
43
1123
223
491
39703
1087
47681
6547
269117
157
1741
4943
193
10831
277
467
59879
937
3307
373
15287
1567
3373
1181
281
197
241
313151
199
4639
195677
503
10303
977
1153
2459
8369
103
863
1759
349
140617
12517
617
288803
1213
5569
117499
4919
74257
2311
4931
353
1619
14783
489551
3229
211
73
789101
12907
1117
109
6673
409
2459
3271
11329
94597
385391
350423
19457
509
101
641
4159
79
31063
827
139
6733
325189
81157
2423
257
641
593
43787
827143
44017
173
23789
167443
33223
215179
193
18379
1447
163543
409
7951
1291
20747
787
661
439
311
5087
449
953
75167
299389
36767
2797
36307
4639
114043
3803
709
1091
1327
2693
709
34213
8969
279949
2953
52541
42397
877
569
74507
185519
149
2063
741127
2909
41549
359
553981
30763
1051
12227
31147
751
3797
631
746981
509
7649
277
6197
499183
157013
720283
2699
25391
809
241261
10091
37
2887
148079
16567
880727
5011
4507
42181
4027
4787
4049
4447
50867
79393
8287
104711
727
263
25621
15299
55681
283
577
49927
79
8527
53
117499
410741
12613
2543
4093
31
863
92941
41
65789
641
4993
205187
661
859
2707
4673
9629
16447
863
6299
820343
54277
9103
1279
2551
23189
353
2579
21799
450343
556891
4001
13763
107
257
829
2671
484417
9883
26861
907651
22651
442229
27697
337
269
230929
4463
7901
149
107
23
397
227
1723
2659
1621
15749
23663
21529
101627
75937
2221
1163
1129
59747
443
183761
66083
21563
512101
32831
251
98927
39019
113
29147
20261
547
1583
62401
3607
983
191533
263
307
77417
1051
2917
1061
1657
281317
1787
179
8933
4019
236519
7561
99103
2239
134077
457213
6199
283
191
1301
196993
167039
179
263761
1637
4327
12253
397
9613
283
751
102337
173
7211
44111
557
1993
183809
739513
277
93419
59
573343
313207
416473
12497
10099
3613
5227
4519
647
394619
283
733
593
193
5843
196499
293
41
8101
692389
1481
523
643
3257
2221
40429
145543
491
21559
131611
21499
7219
181
59
15887
31
167
39041
11681
1429
14243
13
1193
281
1879
1493
4517
37
282253
293
641
1097
32009
8081
13297
3203
751343
3833
1931
744313
7459
389
27253
1931
246781
1033
7577
71
106699
245419
1753
83
31
32939
67
49523
937
194899
443
7213
233
5563
4079
67
4783
2213
35447
263
971
380251
34123
1019
7213
2399
107
33329
54713
727
1439
197
24517
1709
419
8849
709211
6803
83
24029
67
521
61
34061
17909
283
304781
229
4421
13523
9439
806051
38447
393451
653
31511
5171
233
167
40933
8311
3221
22817
23003
13883
257
179
109
5693
8609
599
6829
96797
5881
670963
43
94343
34253
10039
953
83
2221
6673
7331
1223
1289
607
1609
419
163
24809
2111
17137
139
409
36877
491
41
673
34217
4691
97241
398467
223
823
157
21701
397
9697
263
131
20981
877
199
20879
2687
225061
8311
11953
5897
551113
855271
127
38903
569
587
2251
3517
293
1733
263
5821
14437
248407
183587
257407
7151
71
7127
173729
3677
163
52267
569
31
103
67
11399
304033
8291
1013
7043
2243
5351
19993
19843
1249
33349
107
6947
257539
479
121571
8837
491
5003
16411
61703
144887
6521
3209
32063
163403
12161
601
5233
17027
241
22291
419
263
396293
24097
12739
169399
269
108421
64609
1129
304259
318589
26161
6857
1747
467
197
222619
2557
71129
32029
2389
131
1361
4253
173
29
3307
223019
4441
381739
822611
1021
105389
42407
339103
1447
1151
71
17791
8297
61
8273
353
1031
887
26813
18143
32611
112223
1789
2749
460913
571
193
251
409
6997
12289
509
1447
769
54133
182711
193201
8431
2791
17573
283
541
386051
46889
43
947
73589
694513
1103
41
16921
4817
58013
1439
1259
3593
20981
41
1949
58243
331
906751
2383
220663
27617
881
683843
131
102497
2239
20183
7681
811
17837
392201
16657
86083
1607
10687
123307
96233
14897
59
347
27011
107
229
14957
15649
5441
127
109169
971
84673
499
98057
21881
23
239329
4241
1181
18493
2549
557
744503
30497
25867
43
389
8923
882587
37
4099
81047
924041
4649
131
53
358159
23831
1873
53
911
1321
3373
239
24877
53897
49877
2089
191657
607
5483
22907
167
389
443
743
5387
239423
2459
136309
808097
587
1327
3583
1249
708989
25633
257
317
5171
821
57829
8689
9419
144481
4561
2557
12239
401
373
70327
1039
41201
20107
4703
7193
2339
5581
82727
44633
2179
523
1093
41
966527
2351
443
461
3659
23741
3631
36541
13451
946919
18211
6043
1327
71
425959
397
9817
1321
2129
1741
1549
1409
33359
1523
419201
834367
1249
1801
34961
6607
4817
929
673
1061
180077
485671
113
1297
1373
451723
4027
953
67
1009
16607
4373
277
76507
23971
133919
27061
127
521
826607
117269
461693
1091
10973
4253
421
450949
541
341587
397
349
7001
997
7
296551
661
463
12269
33893
541
1117
2593
383
2719
163
8317
5987
1901
383
16189
5623
11621
860891
487
4567
2939
33941
22303
20177
22283
540061
41
308081
797
1019
163
82237
1571
911
176041
5779
24793
129641
6673
2053
30493
851537
163003
179
25583
31
1499
277
168451
1193
1123
10847
1303
509
326939
53149
2633
161459
71
61879
31
1223
63311
15083
19841
427997
3011
5107
19037
29641
342319
109
111127
5689
16433
961063
67
911
6619
18787
163
9029
20327
263
173
37
19979
17599
4099
39971
353
47
84809
619
17911
1249
16061
1063
4253
23293
158771
12409
14699
38281
251
1831
320041
349
52609
1823
193
95791
54679
19763
1511
881
103
531997
439
4801
171889
271
5939
997
178117
2549
233
3391
979037
14897
88463
97
8093
4931
227
167
103
163
269
991
283
953
79
2339
1597
887
3767
79
181
874891
2113
937
239
797
443629
6473
1069
1297
27127
3929
389
853
3769
44543
3469
1063
3823
113837
109469
947
35311
887
19913
257
61
8527
2477
389
151
3083
4153
317
151
374399
283
43
295363
2087
3691
16699
83
439
3319
43
503
860599
269
2203
14627
3793
36109
5333
967
33589
277
23021
536621
937
3203
37561
257
14221
181
4517
869339
483827
3347
983
173
17839
236143
409
79
11273
106963
173
18223
10313
971
12113
151553
199
87509
37
769
50683
191
59659
83
977
148411
9241
4483
251
691
550939
631
162143
1907
8311
1223
103
331
9133
2557
811
22751
59
8447
73
10957
358219
680759
1493
46619
2593
1601
630607
21943
10867
380563
209567
362381
307
51347
767399
157823
1109
73
349
857
37253
3889
373
384611
1879
1721
307
3491
1753
507431
1483
73
23203
42967
199
277
11443
88513
65027
127
86627
509
43
192583
103
79481
269
1973
269
2339
130057
227
157
43223
769
71
37
1471
33827
167
479
53
10243
349
1289
4657
34253
7151
709
9649
7561
22573
191
229
1423
162727
947
1811
8779
131
856903
41
739
541
87427
2521
73
12227
35023
358289
271
653
78437
62081
317
229
6673
191
295879
643
3919
167
241
66047
148873
27073
280859
571
3947
1049
290183
2819
1103
216061
14243
550757
1429
2371
17839
31793
311
49193
41
4229
3001
8807
9677
739
1123
439
5381
9929
1279
1787
709
43
127
71
39107
177409
897137
751
89
89
1583
647
929
4139
1663
1237
73
299683
61
227
409
311
944687
787
44273
271
5087
35201
20029
98323
16619
157
14327
2029
11467
17203
181
4877
1511
15467
151
3917
241
370217
618941
18289
4861
6257
8147
57679
76537
397
521
2579
102881
1117
13963
2503
2777
709
41
353
257
43
293
1217
125959
397
299683
2129
23
359
265807
7193
449
509
571
151
14449
1759
1327
17293
22621
4397
192553
198553
23557
2963
70039
28837
109
53197
97
127
30559
109
629701
56333
2281
2351
3607
5987
2143
167
181
173
1597
1061
78803
7
3329
43
102359
11987
1657
301319
2111
16007
379
16487
1013
18947
1291
4861
6991
457
997
35593
1151
719
144671
509
173
260527
173
196111
29
15923
2213
223
282253
2011
53
1693
13451
92789
4831
313
23
157
2003
1327
29
751
73589
883
2503
503
2039
80317
1153
2381
12211
433
5653
119677
153269
631
13627
4357
105263
2221
236807
766021
1667
37
15473
7283
392807
1289
479
37253
293
6547
223
486043
425939
1999
1873
319849
281
4253
1787
19213
571
443
3727
20123
151
281
124739
13037
229
2069
409
28631
55229
649661
5347
135431
188323
2939
54419
919
517571
23
1151
10613
2521
275969
5503
350237
6701
179
293
8053
2551
5501
116681
4967
31643
1061
18719
10337
47543
496439
86951
149
28753
38707
44351
22051
114749
23957
101
31
244393
947
281
811
2579
89017
293
15761
105491
193201
6047
491
8443
983
201493
179
25771
36691
5507
44797
43037
1013
358703
367
3719
12413
79
103
71
972481
42589
157
313
6053
997
26953
67
127
25033
26701
6469
15121
144407
523
1567
193
739
919
173
12373
12911
101
16189
49459
53
2843
1291
677
2789
354001
1093
21143
208367
2473
277
16651
863
950671
1613
199
4877
17807
78157
4373
5711
4127
4483
83449
192121
12959
38567
23549
748963
498403
509
101
163
15641
133253
461
3967
114311
546197
131
163
1187
1579
89
32533
23
13619
107
17027
912467
2543
907
263
471353
1543
8623
1217
46441
13567
2003
29153
11
67
1223
691
179659
739
523
49747
2143
2939
1597
797
44771
1231
137
495707
98011
337
101
2843
13487
191519
181
5279
87083
347
509
191
2081
17489
5351
30697
277
353
73477
1601
1237
135469
103
16231
103291
757
18119
478571
127
6659
89
3313
823
641077
691
20021
558731
907
223
593
47591
406969
39113
182701
6301
313
10937
271261
4663
307
85193
1973
337
2239
980899
461
977
2467
68777
139
3023
2377
727
2467
113
3083
237911
340117
39373
167
1723
8689
521
157
1987
173429
2729
4021
439
419
19577
23
353
613
4951
226231
15859
273367
742913
6323
491
241
7451
159539
59
101209
13219
109
317
641
887
15889
89
1973
178231
4987
14557
28097
14303
773
827
281419
2789
7487
9133
83
337
303187
757753
283
613
251221
593
44533
577
59
163
6959
107
112181
191
1217
100559
796673
114167
69019
271
4363
23
17359
11447
677
641
173
2377
3061
739
1297
24877
1693
271
966109
7703
761
7723
61643
2027
977
18671
2347
109
89
101
7187
751
149
991
2137
41
1601
144539
26647
44633
13463
467
37
59581
191
569
139
73
179
881
79
499
448697
1607
573263
4969
480773
2467
769
22133
7127
1619
911
15511
3463
1193
263
22567
45319
277
6869
103
11633
293599
151
1627
163
631
3989
1759
9311
89
129733
3083
3083
2549
281
5059
47
1319
2267
139547
1579
3833
43051
19
9161
353
104579
173
181
119851
33149
9533
1063
163
1087
336961
2657
5669
55897
5051
347
18859
569
769
283097
3301
47777
73
167
18041
644489
90239
4297
1193
11
252667
601
140269
31
1279
523
46451
69739
187073
467
3187
887
451207
3779
127
2791
719
149417
1579
383
543967
1373
588229
11027
4057
4259
5669
2711
3187
59
1877
541
199
97
1993
281
839
389
523
2347
937
389
2861
593
587
571
50741
1931
89449
10457
796693
4957
599
499
106543
347993
193
12791
11491
7529
11593
58271
8573
2381
1093
19429
503
271
277
1301
59
2399
7331
8887
317609
211
9433
1187
41981
672181
1097
1439
911
1327
197
65027
46349
821
54829
131
126151
15791
2617
940301
213727
313
397
863
271
95279
389
8233
77509
118253
2593
3329
1087
8803
21491
4831
40973
35311
542539
8521
4093
5717
797
60497
1301
3037
20051
887059
137
2767
124343
162209
8573
991
8167
2663
1319
97
37
107777
248447
1733
6491
197
1613
241
590407
54001
971
35933
794659
555361
103
7867
89
243167
45953
883
113
127
353
1129
673
593
1259
57917
104369
37117
5807
293
499
151
1741
401
857
76081
59419
6359
97
53
324743
446441
6379
458317
307
349
41597
4703
859
163
571
73
450691
181
193
1193
15937
13
20089
20771
1373
1831
53
390433
109
12539
557
148457
4363
1009
28753
257
47
4969
29
73
5851
809
79
566201
41
317
1193
24593
1823
150503
16603
691
3767
53
1777
161683
6863
1103
79
9007
331
28297
33287
127807
1657
523
616589
307759
1747
109
25097
15679
2659
2767
226871
431
102677
1439
397
3701
330997
113
15919
14869
2237
509
647
163
511859
14519
17321
1381
152093
89
113
182209
358219
65203
499
12829
5477
139
1543
138647
116009
2371
401
231613
826349
55843
14563
389
271
239957
31
8069
2521
2111
6857
104711
22871
191
110567
124363
862177
26647
25673
31687
5153
49057
259163
457
131
2081
3301
119389
353
79
7649
102587
29
4637
1297
352073
839
3929
253789
33769
422311
9239
182297
4013
42083
431
269
197
67
159431
241883
173
281933
883
1693
313
770993
718897
34217
4337
12539
15427
22159
452171
15149
282661
223
127
947
3019
3257
31
739
2411
457117
59
5659
17033
23
148381
90907
18049
4831
387631
431021
181
3299
115361
317
809
109
62141
21247
83
2699
5351
70379
3823
137911
2441
409
31
121921
12821
23197
23
4957
571
981769
1021
18691
1493
1877
263
1549
419
320759
1559
296753
15619
1399
1559
431
13457
373
251
14369
66809
2089
565519
55621
31
463
19457
1787
4253
13291
16619
433
1193
47
727
19937
199
10289
823
2953
1093
1097
557
151
365471
127
34019
5737
607
277
1783
50129
8699
74051
10247
61
974837
4283
290317
42131
21383
1223
643
1259
853
561713
67
937
83
7873
1993
15907
182473
269579
733
23563
43
1181
523
27073
399439
29
451699
1451
2011
16993
1721
2269
25447
3347
12917
79201
58427
100511
58193
6863
479
8363
195527
941
69539
187111
416821
4217
1223
41897
983
599
277
2251
137
284591
53681
7229
4583
347
3739
2377
277
4463
131
227797
1553
4049
1031
19
26699
6361
381253
1823
557303
8297
9311
4297
227
197
193
619
97
659
383
1669
425987
4567
20939
132893
619
1109
881
599
315907
107
83417
479
122753
436147
491
93971
164999
68489
15737
105071
347
23201
197641
525923
5711
881
67
557
1951
197
27647
631
212791
110161
706973
5347
18329
37
510553
31
8971
29531
563
7411
1231
229
8893
5081
4157
311
43391
6091
503
22409
3907
1733
941683
166247
1871
307
499
379
125243
34883
95471
6301
349
52783
12379
67619
109
179
2281
10289
46301
477341
19
256121
241
9781
5807
39631
10457
73
271
170473
613
58943
173
71
269
1061
431
127
27701
1129
1783
15373
877
21163
113051
1657
101
857
503
167
171317
39163
122263
5231
1459
1453
162671
661
337
59
11579
4861
44027
31771
659
883
439
487
681647
1063
7247
14561
2777
61
751
307
163337
661
3823
1117
31
30773
173
12689
61
29789
76873
360827
179
5197
503
397
20747
8779
38219
800477
769
31
2851
192053
4297
151009
281
757
2423
1409
9293
448697
707627
547
84631
1409
9157
16979
541
367
4957
787
251
13127
7687
4447
709
939551
15271
4337
179
457
4691
22273
73
14281
439
842407
15121
722791
181997
97
1249
1301
3221
5521
49429
18211
182887
8581
491
179
216859
26839
2731
173
3767
1171
13309
1297
2549
673
61
191861
101
103
413159
491
43
113
29297
467
14779
270539
245269
82699
619
1489
95233
97
3623
673
647
5701
827
2579
7529
113
56633
50839
6089
191
112759
937
53611
397
19423
10607
59
1229
1549
172411
167
131
697481
1237
158849
1303
64399
79
131
662897
283
37
1129
6911
631
79
389
557
21589
439
2389
61409
577531
11
239
10177
1291
38611
1373
138937
14561
25439
113
563
49043
1181
1481
439
49031
433703
1783
9973
1433
126037
1297
167
59
477461
11279
12569
103
70571
3137
500257
22157
1997
7607
443
5
47
4549
248323
2473
2531
86929
113
71387
37
31
149
965233
915259
631
45767
43201
101611
70121
277
167
101
163
2039
20327
11437
47
73
1019
29
1039
58129
362051
269
1123
1811
1523
900481
169199
3209
677
39041
340103
1559
241
61909
1163
42709
163
241
25253
857
113
269
83
1129
641
93307
311
2741
106123
4231
1871
907
23
397
89
779747
2591
4441
3457
607
82571
1103
3041
129221
384277
557
70297
126967
33757
523987
6869
11317
950933
21839
93083
47
1151
409
9421
3631
248461
3581
1609
23
967
37561
673
4201
47809
47
389
33479
55201
143239
72727
1481
997
223
173
2179
1229
39139
701
73643
29
1217
349
2237
1549
668687
98453
8737
2437
9109
71
21143
7489
693103
2663
2939
1201
9181
149
79
46199
23669
24623
10883
5851
1523
4493
3229
1193
2713
49667
694781
225601
137
646573
257
951967
45341
2411
419
339517
38711
7159
131
21937
45707
16193
617
2579
22567
156071
67957
6599
641
821
101
947
1907
21187
141257
38299
4057
610639
10037
294439
2357
73727
9227
127
8089
11159
137491
185051
1553
7853
677
2593
251
614563
163
23371
3253
12011
2447
9479
24071
83
5059
272981
167
443
311
12907
13147
5519
89
24799
37997
2371
3169
23201
5647
67
75979
325813
677
1979
3319
2273
683
7229
327059
201787
3943
1667
8147
1223
424093
739
21503
207709
29573
2539
281
784831
431
9341
41
2647
1619
193
521
999433
763967
174959
1697
193
2267
449
119689
163
283
191
1259
3617
1543
1217
79
2593
213641
7937
5737
701
18691
263
5879
33347
427913
67
103
4241
613
59981
452701
1951
491171
142039
929
25673
3307
373
337
17041
2239
421
1249
33703
197
6823
349
947
6563
193
39439
8741
193
107
461411
67
223
9803
49177
103
79
3701
31
41
63377
17033
268063
832639
547
251
597131
37
81283
103
4339
227
839
2399
73
16139
13417
547
40471
9949
140989
30389
17657
143197
558241
487
85243
194911
9277
560597
9103
167
31729
10837
31973
907
73
487
2521
101
853
84751
347
797
1033
24379
691
14369
9431
213407
59
18523
42689
4951
67531
443
23
229
2309
405347
31219
463
36571
487
461
2591
6011
157
3943
97
8741
12553
17669
978917
211
789851
88903
443
353
113
51631
179
31573
202661
313
45293
4657
9227
1361
17351
137
2441
16649
4919
59
55079
73
863
1409
773
7577
344291
659
647
2381
13
971
2339
281
1627
436979
127
211
8761
246371
163927
82003
1447
36343
631
1117
4357
840197
467
929
10303
52667
475637
401
9067
9871
6607
1291
5527
571
102071
5483
881
883
324161
59
5783
45281
8971
73303
191
431
1531
883
25747
1381
1223
6967
98711
1979
69491
6473
102763
223
65927
5011
79
4219
541
42703
25243
42391
139
43781
421
857
2243
5591
79
768319
409
199
95873
77377
2287
2621
2371
39509
97
214519
4259
45377
599
877
18013
304897
8219
173
503
974837
3733
59351
677
47
41
467
179
4057
312617
19
577
599
410281
389
53
1459
55061
283
883
3181
14321
654397
5657
337
12511
811
8521
31547
79
348989
691
1483
5987
2939
59
568367
601
167
113
188311
274667
24391
1303
22397
421
1481
271
14657
7253
966727
97
2141
293
11329
251
1087
59
739463
1627
22111
7963
139
18719
229
659
2633
3701
4229
239
5659
170141
62549
331
683
149
101
1103
111637
1873
409
929
1039
1609
3209
19681
7129
4943
503
193
7457
14591
19417
981979
490663
349939
487
13799
53
461569
727
131
273569
521
182423
853
1847
58549
863
1039
67
569
3491
1181
751
21019
257
25469
626393
12211
24329
34283
11863
1049
80777
393997
643
61
1667
463
127
879961
48787
271
159293
123733
2437
37633
632647
269
463
757
17729
2267
859
709
271
937
224603
340127
237821
317771
75539
379
1733
160669
167
44029
809
69991
313
43
10663
27803
43
197
1987
28559
263
78737
22277
20431
5231
142421
373
227
769
3533
211
463
89
242659
5669
509
797
653
268693
431
199
13633
15373
79
3673
229
931757
733
751
5051
390367
36899
3673
15541
421
439
29663
9931
158699
619
10099
1109
379
109
653
127
110587
1031
682597
20353
863
17
8093
1931
737083
107
4483
1291
523
83
271
3331
191
71
56519
331
761
157
757
3119
479
157
157907
2699
461
8461
479
89
233
925649
25873
107
168449
13
810989
124067
337
2791
569
7789
48563
9613
236449
103
1217
677057
235091
59
5413
50957
193
79
5279
431
443
391693
17837
6569
97
1091
26801
89
311
1553
421
3673
16673
15493
317
15227
44587
487
8167
479
845203
163
101
6229
4051
281
135427
41333
28289
148873
23911
38047
83933
145601
563
105733
3037
991
151607
971
1229
241
34583
13477
59
61
1117
313
3461
2377
1283
232357
231529
881
11621
613
427169
14461
1381
73
2927
9857
83
128983
6857
15643
8111
907
877
2903
199
359
65497
113
411013
587
613661
797
1277
55691
168023
101603
109789
19213
6863
4111
47657
337
79193
113
38317
2819
194827
41
877
68261
866519
439
233
116849
53
5233
3931
4951
163
2393
6053
1013
313
5413
311
491
3319
449
73
34703
101
41
9949
11257
149
117809
97
890317
229
71
631
918139
1801
765353
523
199
825991
8377
12763
6211
2801
8779
207197
721597
10891
425003
606829
127
419803
13421
461
149
550127
4493
401
13457
13049
2437
7229
809
2069
4517
7109
2663
118171
13931
57223
1039
149
240841
739
27487
421
401
102967
1021
104009
2437
283
19
453199
1301
107
109
593
598681
129953
427517
389
347
10567
696427
53
23
257
2027
113
6653
403703
7537
797
373
64187
1451
103
6793
431
14387
593
32717
467
2161
272563
14741
2999
349
883661
173
97
3347
27109
14779
280897
1493
839
458879
1087
5641
2311
439
4567
251
39983
701
103
2141
5483
233
9929
3877
283
601
13
167
277
1823
5573
132229
311
2441
3911
7451
653
157321
1291
1259
2081
239
101
317
1913
122069
733
104773
21911
111121
10861
1741
283
38201
997
164387
124919
11657
13417
47
137
203339
6653
32713
3433
809
1019
2287
67
29
21997
12451
827
249383
983
14831
16811
97
2141
661
149
271
13
44927
136511
497557
2857
290041
8831
6089
21997
859
199583
21557
5657
1069
521
29297
137927
2557
8117
162493
78553
12071
741967
1759
7
10151
123433
421
5113
146807
2131
69163
7451
151
2383
216787
733
1549
322871
2281
269
3581
752177
859
1021
15629
75641
1459
149
229903
191
8867
568541
3209
769
5641
181
9787
450929
23209
33629
151
347
41737
39371
1901
1307
6763
40423
182773
1997
7727
15083
739
168457
16193
557
6397
3989
3547
937
839
16567
929
7817
523
37747
45853
9859
5099
8861
18401
331
1297
127859
15373
661
18341
829
1279
653
470531
11273
29629
229
409
141689
2531
1459
31
13417
619669
557
719
173309
593
722633
993103
288427
55399
60899
103
25601
647
139
6779
107
6637
79693
123527
719
20441
359
3313
1151
607
943763
20509
24623
3907
181
937
47149
452453
173617
1283
887
41
7649
67
17417
5851
607
113
841859
977
6473
16889
113
3253
6343
90947
599
5
417881
7247
619
53
22409
1031
38953
16229
29389
1021
271
30449
745343
947
97
10333
37
9629
1987
18127
1709
421
677
104683
2693
1223
175909
171637
229
28933
47
22901
191
209701
205913
181
1493
72167
89
883
3823
668963
170473
538151
269
1777
32323
199
677
62327
809
9601
114157
322349
420743
241
47
2371
6113
198337
31
3851
1163
81097
444287
9649
1153
8629
709
103
17027
3313
210803
70583
659
103
563
137
233
2593
499
1171
405091
269
37
90019
311
106747
599
1051
43
346051
953
119089
389
359
449
1759
1009
1213
4013
41
1493
29
3217
12203
269
1787
1399
884159
71
8363
316937
69827
1367
11677
22433
1409
14149
107
1381
119099
73
6679
3407
164239
157
1721
53
13553
13147
101287
449
41
271
7027
3121
20201
33587
2687
1019
104537
164743
607
461
38639
602093
75017
162971
113
1429
1171
673
193
761
6791
80287
33113
44189
8933
619
359
461
16561
757
161471
757
71537
304651
22109
52783
422749
661
43
449
79631
499
140681
1867
2753
227519
939997
311
157
18481
1237
4493
67
27067
109
4157
9199
9463
2099
7607
10457
3011
937
141319
47
3169
431
509
1063
797897
422137
63533
157
421
1759
14591
107
1801
331
3251
3491
631
7541
661
887
9547
11863
13997
251
40387
2293
587
937
3041
3539
1277
5419
252181
4423
197
3163
463
491
126079
8231
991
941
10067
1019
1483
31
269
56417
263521
193
4799
227
3719
19973
53
619
5147
63467
90997
2377
743
397
1069
2731
47543
139
241867
1373
38767
38833
168193
71
317
311
2543
8713
22741
6091
79531
32213
241
112621
1093
29
322261
8641
123427
452689
929
64123
1123
337
46567
695297
149
3221
17
307339
16661
34159
3761
22963
9311
113
132299
160309
3259
1429
461
1621
617
5119
34589
283
7393
10093
55511
5647
52081
952753
919
75709
31159
157
73
168901
32579
1091
13457
126967
14591
1201
28807
197
97
5869
1291
1237
12437
19
55663
129643
234673
251
2129
10141
281
313273
974137
313
43
82051
17827
787639
149
5039
209977
2287
93089
359
421
276229
62549
109
197
127
493463
162947
82261
11779
196739
1877
25343
37159
3169
164089
16519
1279
45337
4723
47
283
2027
35617
11971
10343
827
379
1951
910523
379
2927
2287
11351
2381
1447
4153
1109
144931
359
313
575677
4999
167269
375467
8221
25703
3067
399677
1013
3691
21269
148949
21871
11027
351287
241
233
140237
53
89
41039
3187
57329
282053
594961
2111
197
41
439
41299
69067
3539
271
102059
46271
127597
1129
15511
23741
109
443
223
273083
61
2293
29683
4259
6337
127
35527
142319
56267
7321
5851
283601
251
4339
6287
329347
863
386299
2887
102437
46451
317
307
15161
204173
17863
12097
3803
91381
1231
181
41
89
79
553153
571
224317
2027
233
397
1721
4547
599
37549
19597
647
441827
51563
30323
55343
139
449
1453
271
2551
242923
10193
1447
13931
1171
613
2243
931859
101
241
30113
751
1259
3697
3083
3517
848531
6173
677
117163
257
9371
6311
287873
1439
181
1481
3823
263
139
179
17921
386219
1789
3203
5791
46559
92753
499183
1907
7127
12899
123491
1453
79999
86323
59
509
242329
727
131
14461
821
5449
137
768301
199489
1249
220859
3779
104947
58711
836509
409
1699
1069
401
22093
9631
270551
81199
137
1979
71
3733
2267
7
13967
163
4813
371663
998819
2903
29
137
1699
383
73
401
59
953
107033
2377
48619
61
2341
1237
6197
2713
487
105467
89
329473
2063
85229
7
88463
33811
1399
99191
64157
61
357349
30389
7639
1999
569
13171
619
2803
47297
277
135731
691
1489
111049
59
2503
269
449
433
108439
3631
67993
4481
13309
977
4603
1621
773
25577
347
72727
10391
263
5557
13
727
661
28751
193
36389
464999
369851
9277
55673
147047
127
99089
307187
4297
6073
661
56501
761
114659
128761
94307
59
65141
3001
181
406027
79481
231349
446909
20717
151
35731
43403
162829
739
754421
61
907
4723
15373
29
283
192799
94573
1213
228097
563
2179
59
137
7351
1579
2689
133153
821
12409
383
54347
263
61
666427
179
21611
337
1439
149
6089
571
1051
1973
27179
1217
31687
1291
313
33329
3323
241
8513
293
101
33533
139
137
7
73
109
33119
37
17359
1153
199
4139
7789
1433
2011
36469
80537
8269
83
16547
37
10709
15161
148471
28627
14551
61
11393
97
121631
21401
191
34913
151
6337
12379
3347
337
967
29
167
122849
53
833179
6551
62417
8629
9929
17623
131
31
457
348851
256609
1601
367
107
10979
263
47
4831
25621
43597
283
144169
331
56911
233
212561
61
251
11489
1987
379
110597
19
30637
5261
557
71
509
7489
35149
8147
2243
183761
1049
12433
25657
56923
6577
176797
8191
559849
251
2521
337
152623
1013
37
9497
2297
4507
59
7237
643
2909
521
14557
242447
48017
112253
4007
1153
1033
181
1559
25237
29
1129
2239
337
8837
79
401
3709
28927
4421
101
389
2837
97
97
51853
180337
211
320923
5479
948089
16091
59
2213
1511
1543
53939
2311
499159
4027
45181
307
197
190159
6673
263
2917
107
25447
27653
521
947917
53
37
31
101
309271
158749
852661
4003
204301
9473
1283
22501
7673
1429
23887
4877
967
719
743
742393
601
1487
393847
12113
385291
2411
77359
17881
881
3733
10399
1061
183637
233
499
197
631
638233
37
230849
5563
431
617
30029
17
14221
223
37997
487
691
6287
507421
71
61
313619
151
317
31
1259
29
29411
1987
12721
5527
113131
188369
1151
101
90187
32213
3361
4451
575243
57881
8237
13457
191
601
307
3889
3989
719753
3529
41453
37517
5953
21713
331
2791
1901
625789
283
78277
331
57179
317
157
229
11
736447
24077
149
47
80447
101
379133
266711
6563
1601
4159
109139
2467
4937
4801
173
203969
1531
211
2141
45121
1549
97
379
2927
107
329269
243121
2143
10091
1051
20887
563
419
211
97
4649
322501
4751
5381
4651
21491
1277
386569
17167
3391
2621
83
14783
37
97
3449
239
439
97
79873
496211
127
383
101
1283
19477
191
137
67
181
413417
489553
6079
752459
151
751027
3433
331801
344417
41953
15061
211
157
105341
3461
789343
8699
1061
76421
487
991
97
17167
77237
123821
673
119267
457
88843
10079
135391
89261
3257
59
607
419
17
9923
331
1061
248839
1667
7001
1987
3583
619
929
134081
57389
11251
6073
593
2713
233
339121
42923
233
1063
17
197
263
2297
61
1627
4243
332317
8641
10091
683
6719
2341
73
496763
659
1151
45191
353
1811
710839
139
1093
1663
12241
7879
30197
81547
4159
6217
71
11821
499
487
109
107
106649
7121
661
1597
167
12791
5591
151
280603
641
9001
103
2861
108751
15227
659
421
958807
6529
15641
43
110459
89101
457
227
283
853
6133
2963
5419
41179
5927
14639
209401
83
443
859
216107
223
46933
130981
2269
1627
241
1237
613
12263
181
599
373
73
631
809
434699
65063
1487
962543
1481
13829
1399
281
379
51503
997
1217
393797
11437
35869
20411
1291
2293
241
1201
26449
877
757
30497
311
8009
40127
41023
471539
71
39409
181
7793
104003
129461
2287
739
51581
383
421
11471
787
20051
2447
1523
829
18451
4813
815933
2029
449
23029
3449
19571
13337
457
1229
5237
36313
3877
3769
157
1439
1993
79031
809
5209
229
89371
1033
42019
596623
28297
57809
607
13451
577
2441
5009
62753
367
1453
1289
341303
401
1777
103723
397
887
5737
4523
100361
6211
641
1103
149
529229
83
47
1931
307
109
1049
499
103
797
143873
449
321961
283
331
293
47
1931
636877
1579
16651
18593
131
738029
251
131
21977
1031
541
47
61409
170231
86461
183247
7013
619
857
137
1433
263
47
571
1031
129631
16661
101611
35393
569
16963
942101
10103
1451
1049
907
4339
2
257
131
239
6551
7507
33811
68863
47
5869
3593
3631
677
8167
823
2383
198047
993287
367
534601
61
3137
3259
7
1889
433
197
179
18257
171889
1571
146683
4561
467
2999
144983
289937
148891
401
11677
6701
2351
952921
101117
14293
4093
5897
191
4057
12889
470749
27091
1693
149
6067
277
1259
617
499
9923
69403
196291
32413
131
2203
2053
328331
8501
270553
85597
53
311
258491
853
239
22003
4789
307
4241
389
863
40151
3251
109
509
1721
271
61613
857
9623
10391
2819
10391
2671
1171
47
31
21317
843553
2699
13291
307
193247
1061
661
251
877169
49277
6967
347297
281887
101891
587
3517
199
11093
139303
47
294859
7591
1861
17939
773
131
359
12763
8819
4397
2729
183959
286789
193
186569
523
4871
1801
4003
6299
21377
43
12539
4657
2833
503
49537
14479
6827
751
443
401
37547
1481
130783
17
367
631
898897
71809
368689
867457
34213
113
353
17923
2063
4783
739
53791
29077
8597
1597
51133
2647
136373
19
53419
8237
3163
16033
479327
466009
941
431
947
3593
269891
227
425911
563
1321
968017
17449
211
1109
11131
1259
283
1423
26693
2339
23609
1759
109
47
179
239
12097
601
1721
196907
112507
883
2333
1733
709
1487
16421
298261
322229
367
1163
422549
587
41
162007
349331
271
1601
821
859
331
2819
468499
403829
441953
787
2003
1747
353
6151
293
907
71
2683
100297
409
151
489847
50111
73
75557
14011
34913
349
139
1069
41
17
479
307
1259
4273
127249
79
11177
157
479
8803
3461
911
804113
389
733
263
2161
142529
139
7
15649
56821
6353
5153
69239
3089
119759
17
337
491
331
35381
7001
804893
1259
331
78649
12821
72727
8713
967583
92849
241
101
277
122887
4651
139
89
21397
1823
70589
349
65587
167
5791
383
201623
24877
80141
1021
2153
2447
84859
699733
9817
2953
26261
17659
2957
5881
699151
757
907
2423
409
29411
9209
3119
449
163
647
2851
1123
211
727
4643
163
761
1787
18257
195581
89659
11743
53
37691
3181
1433
12143
22441
2113
135017
550111
2801
769
151517
2477
2129
132383
131
17077
7523
7121
3659
48193
8779
105613
42331
2029
167
1129
1723
26321
193
184111
138679
727
109
449
229
97
11981
401
2579
6421
10079
367
23
127
14437
29
223463
4441
8179
5351
971
33961
7793
4957
39181
77239
1423
367
61409
1297
140453
261791
191
90271
7963
4943
38177
3547
19087
461
152821
3761
433
17417
1061
29
293
593
113903
71
67
1753
30949
33503
587
173
35281
499
69809
67
326189
4801
305471
80251
7949
311
809
347
135929
642853
851209
2879
2281
47
233
3187
163061
2711
47
359
53773
131
1423
947
2143
101
1453
2591
1889
701
50333
523
24571
137
6829
10639
1451
281
11863
31
23041
409
409379
1129
4001
19
41
19597
9403
125963
139
2467
4561
919
1091
509
179
1489
1453
23977
61
48311
36353
154229
7121
10529
9829
150083
151
827
89
171469
330427
2621
3011
1861
3037
2129
173
191
2399
78367
86287
109
6143
353
27581
823
3221
113
18077
61483
547763
72883
13331
1051
379097
431
47
419
8311
4603
2557
359
401407
1327
173
27397
4639
2473
1951
227
113
30347
127
10867
77513
36011
353
647
1889
2069
991
587
2039
11173
1693
2069
906931
283403
383
67
50101
1399
1097
585073
179689
12437
211
78401
131251
2141
239
47
1093
147881
5881
1237
102043
1873
887
71
1399
757
9887
1709
43441
22469
12713
59441
4261
811
15797
6863
203321
37871
23873
30253
10463
139
292631
433
1301
65101
491
14543
257
89
55049
670639
6823
83563
746773
819251
6263
9239
126233
244379
613
3907
179
229469
17047
53861
1423
257
31
18671
53
1103
548227
2017
193
1709
6089
307
24809
30313
6833
18269
2243
125371
11299
317
3761
163337
42961
1453
1153
10067
613
1327
317783
16229
8009
21433
7013
2729
3613
227
17
40343
806087
73127
8447
3559
2341
853
108293
100313
661
588167
23
421
12589
17881
883
6007
281
6581
122173
1567
1093
1153
557
659
289031
431
1583
223
898369
153469
9941
6571
263
23
3727
1693
2351
3697
179527
163
79
97
691
5237
293
29927
2707
5827
449
14869
12101
47
1153
67
191
3889
241
383
1297
1181
1741
14249
2411
3739
330229
24229
113
197
63313
17203
94651
9497
18049
2647
2689
23
623839
73
593
286001
4327
58153
2549
89
241
39181
251
197
71
227
631
29
389
125659
380707
419
57713
46457
1367
130873
3823
100937
1021
2659
1933
379
48479
1949
199
179483
5939
13807
97
2753
101
127
883
139
37
29983
72379
59
367
37
443
19
317
41
8689
155387
74377
971
3037
21613
2377
22381
163
906809
2087
3581
719153
21503
199
1619
10723
727
462677
1621
17957
199
2383
3187
11467
53
643
183041
1279
60161
863
43
11069
151
257
647
859
10343
211
202001
9397
227
11
4327
1619
6581
5197
58403
569
2711
59
4339
4877
491
142559
50969
130517
24919
13933
50411
241
102197
10399
127
299179
383347
61
14411
701
4621
227
20731
199
119981
751
614093
449
887
307
8089
149
223
751
443
571
2713
131371
5
163
9623
101
184181
3851
70003
228181
647
1381
181721
491
193
1229
277
569
1087
88241
47
67
683
127
6373
733
107
73
131
23603
3271
55829
9721
3137
6491
172427
97
479
2843
99833
167
74719
4967
1367
86179
91199
293
1039
179
43
241
157
126733
127
241
1289
109
83701
457
442501
15923
2251
5531
797
1901
5087
14827
5261
27367
269
1951
21977
2311
509
8101
173
1063
123737
17189
1523
16097
1697
15737
118493
103
1733
173
23081
499
76213
440939
907
856939
2267
60013
58171
911
8597
887
509
1409
1747
12713
907
2693
22279
1193
433
113
79
73
239
349637
4283
101
163
67
6133
46439
43
16903
313
13523
37
557
3527
2239
153887
1291
173
25463
24091
863
7103
36293
19
77023
3659
163
13037
15667
5923
7
18803
11113
6761
163
40253
383
3881
983
47
4483
34847
44633
4051
41
31237
37223
853
11587
3221
13553
919
317
137983
135403
6151
804523
56239
19
6343
821
593
2833
270689
3019
701
2083
99823
794881
293
8837
45131
461
881
241253
257
20369
44357
8641
16519
9277
103
491
41
32603
4549
10639
7211
1741
503
2753
38747
2297
20599
149239
87281
9173
49669
373
2591
22769
20143
136327
131
2617
109103
13033
20347
1301
109471
97369
263
791563
128033
7873
10723
10007
2293
373
2029
149
158363
10289
20353
6841
6481
23
73
79
4019
6793
11839
190811
2857
41
2221
63313
101383
6197
59
23603
811
263951
2393
20543
20887
15373
150151
2267
109
2689
6977
81119
15877
389
1583
134227
131
281
275783
433
113489
4357
6131
2797
421
6737
347
2239
283
26293
1307
360289
29
739
876307
503
1069
109
37
457
6317
559877
294157
173
60527
859
2371
26021
103
839
1151
1109
1949
66457
6841
44279
383393
9721
211501
2393
96907
12511
631
127
101
2213
757
11923
35573
67
5843
16231
6047
4787
1997
387397
977
73
1483
79
2917
311
97
310117
457
405607
9241
175909
653
531337
7489
3217
418793
9839
317
71
43
5399
283
277
5741
563
202289
12253
59273
349
1151
895319
397
325631
12527
347
1741
313
23
617401
6577
43
773
673
660547
1951
53
129971
673
2543
71
659423
22643
179
191
16561
599
10607
329431
36229
2437
907
514873
139
9929
104911
33533
683
42751
78509
67
503
2677
241567
38303
426893
467
4931
563
113
809
41113
173
1481
907
6317
6827
89393
481157
12569
20149
163
433
16267
2239
2617
4517
4157
36563
1499
33053
487
509
241781
37
37253
175709
257
137
3989
170327
280351
222947
643
2459
644569
11393
983777
89
6679
40063
39499
338543
601
71
7027
75641
43
51241
347
1949
29
29759
59
1097
727
1597
403267
2683
2417
13883
107
223
10039
571
139
63601
3923
991
13687
1069
52963
181
88411
797
467
69857
11621
1187
7589
20021
2791
1613
7753
248461
6991
14479
149
1217
2543
27509
291287
73547
2521
2833
31139
4241
13331
929
17
260861
491
3121
1583
165181
99527
92333
23269
139747
41953
52153
1619
97
223843
1291
6827
818821
31
389
609607
2833
709
1069
661
2593
1597
1663
8609
4799
1579
443
173
54413
643
83
101
158747
41269
496511
79
787
199
317
2111
120283
367
2293
7853
22541
191
131
179
19427
13
6451
113
1823
324983
7951
397
28109
359
61
968377
3797
1439
17
137
223
1433
9533
73
3023
117373
1973
509
131837
4973
127
991
6551
53
3911
31
25801
7537
15473
4817
51473
912167
1697
15731
53
13997
211
2399
2039
431
145753
353
619
182711
1361
37
169913
839879
353
251
5783
108161
613
643
1487
596317
243931
23
1109
101
79
34963
211
179
57803
775939
547
18443
56453
3461
103
2341
40151
266549
227
47
337
6659
571
2399
59443
8353
479
389
2791
2141
971
241
24197
863
6703
5639
647
439
3919
153649
43
43
2081
113
227
101
4817
11
67
587
67
32839
491
9587
384841
61967
509
212353
1153
5981
223247
1093
28087
751
113
881
170701
232081
521
19421
67
13
157
197
249397
5827
1213
1747
1301
12433
223
3863
1549
602983
3767
466819
409
269
67489
85691
21713
193
65309
379
26737
4327
1283
5081
8803
10789
117899
137
136373
643729
419
52889
12983
2789
1231
79
4241
122081
1087
2089
38791
503
311
122231
211
1229
859
137
283
40127
8819
1723
399151
1453
235307
9587
206939
2011
127
61
894811
23
109
179
163
47
709
55933
41719
61169
65839
278347
643
29
37
2657
311
367
109
373
20549
66491
733
577471
131063
36943
10487
54673
449951
2711
9391
128437
19937
347959
2671
4363
318173
139
227
563
641
197
887
1231
1423
528289
367
2663
47
62351
77813
245621
7283
143779
23671
1453
123821
1087
229
467
417751
16927
1217
113
151391
179
315059
953
17077
73
5297
809
2971
6397
2753
10301
351691
319237
619
45767
105649
2081
2953
49789
475831
1597
1867
14747
937
527381
32801
207013
1303
701
13841
457
79939
1031
1483
3821
15731
285781
166561
65371
887
911
16087
2293
801349
223439
4493
41
631
61
281
24821
373
9949
1019
19
15377
2089
179
137
107
241981
2663
577
311
536849
967607
449
1549
227
349
241
4933
3433
313
53591
216157
523
142841
48397
8287
59
44029
1481
977
83
39341
87869
2113
353
8231
229
1061
1367
23977
37
253993
199
69019
8971
277
255071
73
9013
1777
2273
929
2281
40939
617
7019
444253
1283
20143
40813
5179
181
226813
857
821
591301
359
157771
1319
149
1753
321397
223
1567
2953
1237
2399
2423
438521
1069
89627
421
142157
10667
72431
997
52583
57269
521
619
113
137
397
3691
110503
7243
6823
863
607
699719
157
1933
1051
2239
2887
939061
463
792413
32839
509
907
940727
5483
4651
241
907
1621
379
61
1657
2383
12301
3607
157
23203
911663
2633
311
440339
263
509
175069
3331
952937
71
471893
138661
787
1283
4787
1877
97003
17989
193
15161
308051
83
3797
4783
26647
151279
121439
7691
15227
93739
143501
27673
4919
37993
2371
1321
743269
277
85429
853
137
197
5419
31
9811
56597
22067
1489
1877
303053
11
139
283
7727
16573
1181
47
107
47
4259
3947
223
157
29
12619
487
10853
22453
4523
149
6073
90529
16633
12113
21487
101
830363
343261
805213
71
683
10453
1091
2083
367
173
9931
4231
6323
419
171023
37607
79
2287
3049
21529
471847
251
22877
4021
172283
1409
5651
139
3109
5279
307
10181
9421
1579
86257
14461
363017
10771
7297
587
767279
1427
349
124541
47
952487
65437
21059
36293
2143
3779
160997
45233
257
1637
13
142183
2111
15803
38783
11801
3049
167
5843
359
17183
173
500177
823
787
39779
289859
109
5449
21503
4001
88463
16937
1613
137
97
1231
3571
1811
967
1373
101
4349
2017
591113
1327
18553
29
33751
26879
593
778643
2663
3433
3331
457
35437
8573
1433
341477
3037
1009
101
39043
727
40639
423541
3137
127
152599
1201
27961
241
491297
1669
7477
601
85091
251
104231
257407
3343
89
26153
7013
60139
30367
1879
431
643
29
239
121967
36541
11279
9199
571
53
4567
1913
461
253633
331
23869
347773
193
488639
115547
11059
397
139
2969
389
600623
702113
968663
6917
19289
107
599
773
224947
4349
2383
46447
285871
659
3307
859
857
260201
571
5693
101089
479
115571
45953
471301
313
349
409
85453
11087
5531
463
5563
15671
5003
140363
4261
1567
227
233
42071
431
317
131
419141
2011
190591
3391
71
98807
619
997
3967
2963
12373
523553
493133
9011
2903
179
7459
13339
179
6857
149
1039
731509
56983
59671
41771
3491
659
401
699539
18341
397
677
9829
53
89231
37339
19919
41
179
67843
110729
26267
8971
2917
1637
97
1483
11489
4483
6653
1663
2027
1091
21067
773
2729
191
3823
101963
383
87977
277
11953
47
43
1427
6449
789331
613
1583
577
397
47
41
499
11279
1373
419
2447
175859
166867
864407
17077
5879
237233
58901
3181
653
10601
28181
787
1279
1753
173699
179383
3389
263
2417
47743
4969
613
1451
481939
751
41213
9871
2141
18353
116089
20717
2551
25841
331
6271
89
537787
179
79
1283
347
1627
24889
290383
5351
1123
2903
43
131
37
464857
59
613169
1117
163
1423
2141
1231
2141
3221
1609
275459
15083
157
19273
131
839
34847
3677
349
563
246941
6379
9871
74203
65717
1993
6551
29
155167
563
358703
6473
4049
1103
14431
174907
43
417511
36313
157
441877
153271
296693
353
2017
4993
27107
1453
137
337
353
10181
211
179
13463
1543
127
2711
31489
241
3461
59
3119
41879
1021
599
239
457
156823
865217
22067
443
16987
6949
773777
198997
13
10837
32983
71597
1447
752821
10691
440339
965773
8501
1993
54421
7853
457
1283
521
5087
14419
751
273641
197
29
4297
139
79
106243
218213
8669
164531
985679
61211
8581
863
331283
39241
13
171541
2741
153763
201581
2087
7507
33053
1093
1453
17
397
439
1049
757
6679
641
283
577
107
931417
47303
50539
61
34949
1871
322169
211
773
1777
1619
79
683
30931
503
367
685057
1423
233
5
331
821753
489479
107
136327
34759
991
4637
2141
4363
281
163
1481
25643
41
3701
31307
1051
677
963719
23
661
823
8009
8123
61
587
131
22277
258707
1697
727
19531
811
229
97
51343
44959
1361
409
1877
1229
5653
7079
2477
547
70667
151
467371
317
2857
7211
2143
947411
587
6299
3613
71741
61
9103
155801
4007
2659
179
5741
1879
157
24517
1163
19
601
23279
158771
1297
8423
50707
1123
23371
1709
601
8761
54709
1493
11923
43
3119
887267
5741
101021
433
10061
19
263
4549
109
641
1613
12433
494609
138053
3019
467
523
36583
103
6211
240113
80231
1783
58393
10853
782707
67411
13
113
41
1607
17359
2543
5279
272411
3697
409
1291
66923
307
819001
1663
266477
4793
509
79
71
269
2113
7129
1039
1601
19961
5531
218417
17321
997
233
186259
1321
126517
101833
1013
2111
8693
5503
44269
62189
229
241
5437
419
4507
67289
401
5387
636917
1231
1117
23
2069
2909
8837
272417
131
727
1229
22159
73
281
599
192677
65921
1039
456559
107
163
61
42641
13463
599
251
8573
5483
1117
199
7121
571
149521
468697
229
3169
9257
8819
463
2371
7253
577
107
677
53
4957
18661
10789
1553
4421
727
4337
778979
218737
101
131
107
25301
2213
881
71
419417
151
18461
35591
3917
413167
2273
146933
661
526459
3407
16871
9343
111829
83
8731
761
227
673
148073
65089
309391
25609
4547
440159
683
7681
313
23
13339
5189
761
131
3517
72883
283
11593
360167
1129
41
39097
123031
11329
9397
857
89
14051
3821
443
29347
5927
337
5297
67
353
6961
50591
13711
3877
27061
331
22651
587
14887
1093
212999
235553
1013
283
139
16747
89
3359
729413
25121
125093
2131
87251
92657
208049
349
353
2161
16273
9103
5347
6983
439
113
2161
78779
2663
105971
953
5501
373
389
709
761
34171
5531
259157
279121
3361
197
92801
1753
3119
21859
379
84509
11131
631
631
10949
1637
163327
2689
61001
19259
11
303547
163
18539
102301
1979
281
438439
37813
439
932923
2239
12119
239
99469
72719
10427
2393
2591
3163
198461
97
436027
6397
10313
136013
267037
563
281
1163
36137
349
1103
238921
137
17881
4967
4051
101173
130657
106963
214069
41
479
88997
30047
37
20201
991
1361
88463
5113
47741
4507
4993
479
467
167429
3533
293261
3797
2207
1009
769
499
1409
919
7349
281
3511
367
103
1553
131371
3253
189389
99667
829
13219
28307
1217
1213
103
8221
191
26891
967
991
5861
6173
1709
103
12953
461
63761
81931
1217
11
347
1747
67
84011
373
367
226799
55763
409
5087
2089
101
11399
57487
22031
49669
7
56179
10273
27077
3919
907
19927
1061
409
65089
463
31397
233
137
563
2459
1063
3593
413243
181
1613
991
4201
11927
2621
877
604249
284573
437977
1109
15017
52009
503
2389
349
643
187909
24097
19
1667
117241
5861
5573
311
9133
39217
191
7331
83431
11
2857
61
407713
453181
61961
83873
2909
124577
396541
149113
89
311177
167633
784409
193
1429
1571
165703
443
438313
3643
1117
419
27107
2467
137
32467
104347
127997
5323
2713
374729
894643
1637
83
937
83
167
1531
46511
267863
829
997
421
491651
26111
751
53
3733
373
1753
2131
2273
2477
3187
419
4973
52937
22501
4057
457
284341
103
353053
7477
457
17341
27211
14221
6277
4787
28621
136691
17
401
6317
71
8753
13
317
197
2393
1499
109
8053
18181
107
7523
331
8933
176753
59809
14827
22343
953
6991
53
281
694381
409
238573
208073
45259
248701
13043
101
42169
35923
6521
41879
666031
189547
9433
3697
4153
369829
2971
9929
641
8353
14389
577
310273
59
97
439
337
985639
7187
599
27901
359
30983
3469
41
64013
4217
89
137
1049
3407
151
60539
877
754703
401
42793
239
709
12809
179
31
193441
2437
56041
9007
9859
18461
201139
373
1087
71
8741
151
4673
113
4201
1901
743
789377
1831
25771
1597
8069
57859
3329
13417
72337
983
153913
15809
369143
1429
1051
19
13577
823
3877
34591
1777
48479
2293
89
1109
677
4703
23
661
1361
167213
26489
379013
307
2617
8597
107
65537
1283
131
84751
2741
1217
42787
71
306739
702131
49199
193
9697
1033
131
409
967201
8179
431
2609
17359
338431
174299
193
248813
1327
25247
44773
7229
227
467
523
4657
320699
73
211
43
257
937
5107
14431
1163
11717
2473
302189
151
6871
17443
173981
160553
151
36857
683
1217
9521
110947
11987
149
443
463
34469
8779
1663
1499
64373
422393
1051
31333
8893
43
59
1361
311
613
31
74869
43793
599
277
3361
41
521
1733
269
64817
1129
1487
8581
631
106123
487
3083
167
51599
6569
263
5471
2819
353
107
53773
186653
53
619
24113
31973
234653
1583
131
11933
30347
2521
89
4999
311
61379
372461
1667
2659
103
3571
43
15679
269
503
74203
77929
1459
173
2963
46351
26501
90917
1123
2789
482117
67
1249
474757
152029
1607
73
8807
151
1549
50077
4271
1693
24439
313
140237
74713
141653
109
137
1097
253157
173
32237
943013
24007
2287
224737
1447
443
5323
12329
2143
226381
24413
63281
739103
643
2671
5647
2371
5209
5849
10739
35023
76159
101
457
269
3697
223
418883
619
19433
509
1297
23857
757
1181
9221
19423
6961
7459
509
421
2729
41
1489
228841
4909
1013
7013
239
91757
139
1097
150379
1291
743
12073
468499
157
1619
310949
1231
643
89
116371
1289
1559
293
359
2347
238081
617
1283
97
1223
89897
6053
377219
797
2081
137
643
15299
26029
87049
1031
31081
11257
4673
1453
599
135719
331
747223
709
419
797
9103
10589
10639
3593
5591
181813
157
61637
229
107
853049
242797
325411
449
293701
419
290959
4483
63809
1093
421
56401
31387
2719
229
569
401
145487
118669
151
263869
53
12541
213713
53231
5231
59077
1613
286289
70621
2039
127
167
229
531823
541523
84631
787
107
23
37781
241
33023
11083
547
23369
96931
111271
1423
877
46471
2711
90089
172883
25153
191
937
809
1549
11117
14783
2251
4127
53
211
95873
10531
197
32443
293
389
937
719
114013
1301
306367
45293
479
186481
6703
111871
428489
83
491
53
1789
7793
24239
243421
61
5849
2593
47653
130199
919031
4019
899681
2087
461
355009
5281
1427
251
607
151
8669
896719
24223
367
29959
101
120563
277
199
677
101
13591
11071
20431
62989
4909
2837
263209
1783
359
1427
353
84467
373
2579
4561
907
419
42929
29879
3911
43
104327
199
7793
229
5009
683
137
3001
8563
7459
13001
77041
7237
691583
142217
4253
61609
113
3701
853
1597
179437
6073
4919
191
1811
9631
9173
422069
109
5897
4153
613
719
567467
607
227719
17293
195443
457
101
4993
120427
1993
821
97
86929
36833
121843
1579
14083
691
10267
270191
2141
26561
35993
384533
32203
463
6871
74771
419
2671
69761
181
281
12329
587
86929
41
3313
1021
67
56401
683
29251
1657
420367
829
6829
1597
593
239
1549
4649
73
359
2309
24953
4673
5
2437
415189
185819
463189
95873
257519
23
26203
2741
30253
20353
40429
997201
151651
1801
139
39719
211
327133
4013
579287
409
74509
52027
46819
1439
251
962497
36571
822259
373463
311
6199
47
211
1559
52021
24077
151
1061
57131
3191
4493
16493
327629
68819
3307
30803
2917
35899
1117
19013
37
887377
139
347
103
18869
271879
181
223
2137
141671
2953
2503
24337
116797
1861
77167
25541
337
61987
101
89
6277
197
552493
19553
683
22193
239
331
1973
2777
1291
4007
41
9029
1429
977
557
1123
6871
12263
98221
8677
1423
74363
83
41603
7759
29
15193
107
1297
861823
251
11743
1831
349
283
193
83
2411
267389
2857
3373
613
109
227267
2381
119797
2447
359
52757
2377
547
2659
26347
8783
757
1721
559421
260791
4643
743
206191
152837
193
17971
4513
41
307
239
113
57119
283
479
2341
7351
83
997
84299
2767
439
271
61
5107
523
53
28657
113
5471
324089
157
47137
4481
44221
32251
450859
45893
1009
757
27827
18493
103
2267
535319
275489
167
38083
1409
16651
23857
431
1571
1879
2113
313
41
73
9323
4373
9437
161303
438989
607
563
127
311
233669
467
5231
17959
225061
1229
7841
25237
1607
461
97
35311
71
2707
49019
139
89
307
761
167
41
463
6043
19751
14029
1663
769
2069
15451
11789
4919
941
32303
15227
2297
463
1627
409
27277
3671
8837
1993
457
8501
96221
455099
34061
9277
107
1117
56131
1163
59
607
28657
251
5399
4951
149
2357
87613
2237
449
557
21977
7481
13757
307
6599
431
53
21061
22651
4567
1061
79
127
46327
1879
867343
7001
24421
283
112067
313
1069
18787
4813
36523
773
13109
1033
509
13337
92789
4507
191
427723
63589
251
1123
499
431
10771
2351
102761
1787
3359
116273
23071
7561
397
197369
2903
33151
1759
10667
5581
197
38699
1499
233
42227
196277
3803
392809
190657
5087
241
11
436027
1531
131
311
3907
1301
2731
11953
151
643
357587
61
3767
7757
9059
53
457
1019
46511
1319
12841
211
409999
157
101
3833
1511
2797
251
2309
541
403889
123377
733
69497
1811
971
1289
1129
214967
5443
159799
601
2609
677
701
8191
217229
353
339761
15619
10559
733
143093
114073
61
74219
13841
71
79
61487
157
2099
2621
59
34649
1277
336223
224501
207371
7669
937
151241
7591
389
5323
1489
1153
2029
1511
1427
918103
59
709
103
7127
32983
1231
24251
277259
601
104399
127
131
907
547
239
673
353
12781
28949
389
233
36541
6619
519647
359
127
23269
721663
722243
460349
57947
457
83
91423
3833
337
617
281
28879
3
79
647
2579
10733
2903
163
92467
16699
35311
73
347
2969
1223
1669
683
233
1237
281
107
13933
16223
73547
54367
33223
647
4643
1307
257
3821
1901
4259
343087
83
1447
257
744409
11887
1931
57493
389
15679
919979
9203
12263
317857
53923
540283
966347
289049
9479
1657
1009
1741
331
571
1049
977
773533
431
2719
587
37483
59
1297
2687
1367
188653
53639
547
17
120163
383
307
75511
53
345431
97927
211
96823
587
10181
34781
313
2251
313
6131
353
127
49823
53
33071
39983
56957
601
20219
977
126781
22807
3109
101
7823
643
1237
617
109
271
2017
2593
5867
34439
689357
223
39799
23887
6131
5153
179
239
21647
254663
22147
1489
1741
599
1913
137
72623
863
69163
5471
6547
41023
131
384821
171329
2887
1609
1999
19373
5273
331
19813
470083
4091
16823
2137
24473
117727
307
4463
563
719
3491
137
2099
4643
1523
11831
8669
306421
85381
15667
73
4391
12781
190763
983
61991
541
4049
602983
37
43
10303
9323
1093
59077
47059
825689
191
101111
733
181
876107
461
11171
4111
1433
6271
311
112237
1093
5867
23
1669
6679
1327
5813
1181
32717
2719
11587
5923
431363
179
9161
166987
179
491
868327
426871
509
733
429397
354401
917689
163
139
571
2459
58243
224711
631
163
10709
36473
31267
167
659
29803
419
223
277
383
1823
73
129341
163
7759
7759
17839
661
58391
757
1061
577
829
887
32077
2467
3851
683
727
240283
976909
1013
1031
49547
59
367
127
31
11351
1061
11351
3943
941
107
613
37
728129
139
89
492227
179381
2593
15767
1499
73
524873
320657
14891
1301
103
127
3541
937
65123
940607
195193
17509
4973
241
12791
643
28001
1669
37
21871
113
2063
167
14051
2741
135049
827443
547
3947
263
241
71
139
59
3371
4957
631
773
52813
12379
1619
13001
1277
912647
167
8623
117883
13751
32203
911
72173
3517
4349
3613
717047
331
32189
8467
12161
267431
167891
203807
142837
379
229
169063
293
229
41
109
2221
743
227
619
36857
13669
12697
863
56873
793337
2287
3623
149
101
12703
1117
13879
523
809
47017
1583
719
577
719
224443
5669
167
195907
14411
11131
2683
47
853
375773
112501
8563
28591
911
37
593
1303
201203
92899
5171
789673
677
96643
2267
311
60913
162277
472301
499
9619
139297
466423
19501
5573
17377
479
738977
233
449
34367
5231
271729
223
83
15287
1997
1301
267299
200231
21599
937
653
10601
109
9043
149251
607
27947
151
821
7577
136223
569
709
2351
331
751
137
92227
101
53
7717
45343
46219
33023
12071
1231
71191
67651
617
263
19
26951
790733
839
19211
309523
8663
1231
751
849481
16573
164419
281
107
10691
1973
337
7121
313
311
1321
682063
100693
293
623893
18097
1889
953
58171
571
293
87631
13757
464843
3547
337
137
128591
1193
37
29803
14713
2843
109
219677
967
35281
3617
51593
12457
283
2719
29873
147863
71
56311
50231
379
780323
563
17
152389
271
1993
20693
4261
5903
263
5113
599
379
14983
2293
22397
167
41
14731
601
79
2731
541
647
911
12941
7457
10949
1231
7717
71
207329
1553
823
41491
2659
19
132469
139
71719
1013
6199
373
17
2287
507719
219491
845041
293
137
4021
397
2341
383
797
67289
4787
1667
214741
471683
168893
8089
142867
6701
446561
3049
1453
1031
151
761
293
6959
743
1151
7069
28879
101
383
18427
60089
22123
350809
409
269
419
19427
859
185897
218459
3257
48413
281033
257
199
181
739
74923
1951
252541
11971
107
46399
10687
503
222059
13633
1487
823
18077
113
257
379
181
631
3079
53
2381
197
1039
140401
1399
4483
42451
1087
3769
28703
971
479
945481
449
119429
6659
1493
745817
307
96703
353
410203
136027
240101
6709
83
101
326561
34303
199
53719
797
1187
4051
3361
131
1879
50497
131
15803
307
2543
33353
167
2341
70639
37831
10303
7901
152753
1069
2069
1327
769
237581
239
601
28351
13721
181
359
179
45259
9719
1249
53
293651
1063
5231
74597
743
1697
647
73
455219
131
2309
11923
17209
1447
36209
137
1061
199
101
929
2663
21059
1709
738677
67
3701
503
953
38237
136447
1193
877573
173
563
1889
3593
389
43997
70901
84389
659
659
126013
7621
17623
40123
85513
1117
617
12973
685849
157
2393
73379
21893
396079
37
17623
887
2039
2239
8627
7649
867001
13789
57773
1637
4789
31849
65203
271
26153
109253
383
431
179
66797
443
3181
653
1063
1567
421
1699
101
761261
6311
187217
79031
1223
1811
29
27733
1637
755317
251
401
211
763753
1217
313
201947
547
201629
2371
21649
97373
1117
577
1979
457
17
3407
13441
46727
67141
661
24889
409
64921
765409
4099
10177
223
135017
323243
10141
420397
73
349
79
301409
151
1021
251
811
229
28621
128291
9739
60289
37
292157
113
131
3863
1009
173
46271
95869
3023
240599
4969
3659
83233
4703
93059
856169
241
762901
17317
2099
311
433
4903
8053
3347
10867
2719
4931
7883
13933
11717
269
309289
199
587
401
14969
9001
179
9587
10111
101
104639
439
2003
66137
6389
3701
5849
33599
6691
2351
2113
1009
439
6577
14639
67
103
421
51449
8867
83
70297
227233
14741
3041
190577
29
85717
947
382541
426973
49223
229
197
2239
3217
1979
307
13873
491
7069
653
10597
4129
1663
10303
6079
79
457
323123
35107
5107
4421
55897
571
436627
49037
67607
55733
222877
2617
84559
39097
19543
14537
168281
146681
936119
89819
23
3533
3119
2017
17
4751
40577
1117
179
1657
1811
148573
1787
293
1373
34057
138451
2657
83497
53
2203
521
4073
833467
191
43499
17117
661
157307
4079
263
9679
563
5039
251
19
2347
1861
73
4297
43649
296591
5557
1009
6079
13757
27809
1637
75967
3163
73
191
447331
1579
521
10799
29
3257
35747
283
456047
12659
233
1181
173
2791
1297
1663
23039
23
397
1171
397
13229
921013
2017
886421
5099
1549
439903
307
47
9901
104479
60727
821
29837
4967
131
4651
53
227
10069
5897
367
997
10853
4943
297019
331
43
31151
638431
6571
307
83341
102293
649283
3011
83869
3119
13
179
3037
2791
743
332993
6949
463
2161
181
25439
21961
28663
70769
647
11867
23159
2459
131
563
293
17351
57457
571
83869
479
63541
263
1033
3221
1453
587
137
1787
3889
35593
1163
42841
347
110989
5233
10853
197927
541
3929
2273
149
1471
15913
1051
5261
239
181
733459
373
251
509
60661
503
967
21121
103
1093
453133
601
439
55697
617
457
15467
16139
1307
307
17
119099
47
89
53639
3167
2309
2113
7283
9397
47
937
58309
683
654169
23293
255007
193
211
87719
4759
68749
337
55697
19387
3307
877
942763
661
175573
1019
37607
149
409
1213
521
49993
229
1163
160637
5153
331
9833
7607
79
547
855359
997
74509
67
367
3001
37
67169
1279
134513
60869
179
9067
113
5783
1019
1459
1831
555671
135329
13883
2803
5557
92821
52903
2633
1759
18131
1511
114419
1367
2593
10889
71
11551
1831
136979
289759
67
14759
25301
521
373
11113
4049
4783
3203
9497
2437
2141
181
31033
21179
787
349
7333
89
1171
65407
4987
11897
163981
2543
139
61
1193
31
9221
12073
8111
991
51647
115309
173
12721
164653
227
541
336799
419
31
1489
1499
389
967
1451
1123
419873
7867
7589
1129
401
97
702671
57107
419
1301
5147
337873
77137
1523
2803
4817
5101
647
19309
211
1181
401
73
257
233
157
239
49727
3709
2659
1877
1747
131
1249
75967
2609
292477
1327
271
1201
137
4073
67
4139
283
509
1367
353
22453
726899
367
397907
7159
12497
4349
269
30491
227
266863
373
53
32573
167
231533
584713
30491
1193
1451
571
2239
1091
838379
28069
277
3533
3137
22147
63607
23
103
6367
1429
7
55609
569
2957
139
1597
1051
17099
23
347
2293
26053
487
29179
1669
24977
397
31391
185641
18119
9059
21617
290707
134437
30881
768953
19
547
3767
15439
364537
101
224501
1049
2273
283
22817
877
10663
2521
29
283
4943
1423
40801
37
4507
1231
99823
145219
149
7451
3253
1109
27827
971051
71
105899
34403
2731
8087
163
15809
419
227
5501
2803
6173
153191
264599
257
1597
139309
461
181
112831
8263
1307
347
15451
7673
127
67
94433
11393
1409
3797
819673
2351
124291
4153
2393
852179
45833
73
54679
439
25471
23773
9769
197
91961
23
42323
97127
53
125207
54563
139
331
223
36793
887
2593
42169
239429
379
113
193
397
9539
72973
4217
4969
774463
431
68687
2293
63317
8329
211
327193
2903
794089
191
27743
971
193
35461
146099
631
641
548201
42839
439
8941
107
167
470993
143477
401
6151
19531
1201
1663
107
821
10007
15139
137
227
41641
1399
12853
11071
3457
1229
239
3617
10099
3607
863749
10891
967
1567
1213
18947
33773
199
135277
229
431
65719
229081
87433
23017
131
105527
1163
79
2003
6173
541
103
1277
928699
617131
11087
236573
6571
422459
13
71
127
41221
809
51631
223
3547
307
107
119747
167
219281
34439
52361
103
192043
746117
40879
479
397
97
251
9743
694789
76157
137
211
3467
18517
317
607
9067
22783
45337
706733
17839
4421
537743
6131
139
167
101
271
433357
443
30469
34591
2347
2293
14197
8069
4013
34651
773
3643
967
106219
2579
254959
1471
125821
21143
56711
3457
149371
709
347
63131
263
18143
3529
109
51613
47911
947
26141
270343
887
376969
26417
61
29173
202129
80819
499
29669
5059
376709
1439
8747
421
569
241
547
3041
659
911
3203
1499
71
22549
5653
5857
205487
30241
379
1279
181
4483
193
227
509
421
1861
3041
1069
389
75401
137
449
138937
71287
227
280979
636619
1427
12703
409
1087
45481
1091
307
4447
137387
113
20753
397
37
491
479881
29
11
1559
8543
131221
131507
435577
359
122929
113417
2113
41549
58693
15581
1601
14249
4651
701
2699
4783
16231
977
709
1433
30323
6317
330469
117041
137
853
89
1117
31601
9199
92791
173
3733
292631
233
937
859
53
10867
293
3761
4759
81457
127399
859
59369
22481
673
103
787
107923
354037
227
1523
373
277
193
7517
149
234431
461
4861
10949
659
7433
13327
191
107
263267
7
4889
797
1373
42859
7883
7481
2857
499
68687
113
460979
13913
3607
231367
1783
315313
421
163169
6133
31393
1049
79769
773
6581
1663
11953
106693
1597
11827
1249
101
727
373
1907
5237
641
843823
389
23059
76463
34337
1361
3209
199
35111
2143
87221
678371
313
18517
2819
1069
490661
285667
52951
1021
372979
147671
60659
4229
5881
509
168893
1867
59011
29
342371
242519
65827
181
84191
1627
29327
1697
543911
167777
157483
191
683
38711
998237
56809
51169
560017
701
239
229
137
421
2221
3541
11497
991343
7177
9851
42451
164113
1361
163
10337
863
278561
19841
191
21001
55793
233
2129
23677
2963
115553
81703
683
98467
15619
17321
263
31
151
880951
7639
1289
89
6763
174241
1249
25601
7043
4057
71
83
37
662957
467
366701
45763
181
1789
631
17
1801
35983
1709
18211
4397
337
355819
563
1667
79
210359
121633
419
3049
1783
1487
263227
379103
4463
95707
953
942301
211
123503
4817
27449
122599
16871
2389
977
853
29
1117
461
149
330877
27509
2689
73091
11833
79
47
12281
283
67
547
15473
1087
17
5407
59
5503
317
2731
33151
6221
10499
181
110479
163
1777
984119
23
3623
69997
1613
197
26953
1597
27701
313
5839
181
3671
3917
1901
28751
769
2423
521
109
673
233353
3319
223
63439
337
719
79
3593
25343
109721
32507
37
82217
16561
647
3079
3697
37
10861
4001
373
120863
31
887
401
797
1187
5623
1487
120079
593
857
439
43613
108139
71363
4561
1667
39607
57751
293
103
1871
117973
431
11863
2647
4139
50023
2083
419
4643
264889
9619
290317
347
600451
170707
4583
157
1429
976501
691
8287
202639
1427
1459
1423
227
79
559747
66161
101
101
8461
1933
52069
337
3499
16369
89
10687
653
4657
225343
23753
317
251
4129
9343
58943
277
127643
1787
263
5869
149153
367
3253
743
18503
6553
1163
4999
251
3823
24023
1559
286673
329789
127819
16943
28111
221173
563
111109
20129
15887
5483
1069
2591
405817
769
117413
1153
1459
9157
281
1223
71
503
147011
541
5591
1321
47389
8521
2659
173
229
5303
29983
49783
227
1249
3559
1039
31181
74609
1319
79
174929
4003
257
83
1259
1303
21617
29
10037
4363
6761
115981
673
163
30839
389
116911
211943
30389
277
331141
377339
104147
257
3253
354091
32003
50441
101
113
37171
1579
89
457
461
691
17321
67
49069
34429
1193
479
727
3251
829
307
251
2311
1459
659
96527
467
51593
86689
61339
427039
31601
269
55949
263611
3163
71059
834857
463
9739
1987
47
260999
7321
22811
157
37003
419
1361
107
4621
198179
571
6863
23767
347
4339
163
709
7681
1301
829
863
103651
995431
51539
8369
19
61
283
173
811
19001
1193
587
79
22541
719
70937
23131
67427
67
643
6911
83
257
179
1951
1061
1567
9949
59167
60889
139
17863
64877
2141
163
139313
1033
4051
2939
431
4943
488791
71
36761
587
1493
3037
617
283
79
2971
10753
1787
20287
1171
3407
673787
853
24547
240641
1279
823
152563
328121
22079
11813
421
13613
203549
11587
9377
277
199
1579
15083
599
1361
29021
21019
97
21601
481177
4943
19051
479623
547
896927
337343
1181
37397
18637
7001
677
821
6689
12241
18979
367
27617
569
9661
90533
675929
2111
22469
185369
8707
1873
8713
1153
5531
131
263
108023
53
1249
111149
50527
797
152531
346397
16631
5333
373
95597
1949
47389
2203
739
1049
131
641
22453
149911
131
389
7159
71
143483
43
1613
8861
256877
607
9739
32693
599
10739
739
86813
59
1979
821897
1721
719
1163
45439
296729
4273
2803
89231
113
5923
347
773
79
16073
937
223
44533
837451
193
3371
123121
24197
479
6983
3539
431
79
619
157
569
277
309019
67021
643
1063
37
234121
166597
738961
1097
991
613967
239
347
773
12011
5779
4813
937
79
3719
2797
5107
97
3767
21283
6121
218047
61
1151
82997
102181
2089
6829
101939
33073
27739
4013
103
547
541
29
3373
218819
3697
450677
35083
2887
3851
20113
367
1109
107
8221
101
34651
54001
5557
223
29611
3643
130201
127
13
871883
601
89797
1759
15643
3361
10091
829
121181
337
3319
233
2689
281
13537
242449
47
521
167
489851
108791
2719
929
34843
264871
34351
14891
2267
5737
827
33413
1163
97859
1447
19309
907
15683
139
1873
163
4229
14923
20369
1621
3581
5449
131
16937
691
32117
97
41
97583
271
63131
1543
579611
463
929
11719
4057
6959
37
1753
431
647
509
467
782393
159191
31
223
1097
373
37
432437
382727
2851
1973
829
133481
251
79
10313
73883
97
14387
719
534607
491
764629
18223
20509
499
1109
870853
1279
379
81737
1721
733
1867
4723
38119
214451
4789
2927
359
4621
208529
3019
659
1117
83
5021
151
61
821
101
479
16249
6287
10859
211
41
139
13313
261169
89
47
128273
73
487
98377
677
5519
2791
236701
367
650927
87557
443
10631
9697
61
595627
10831
1543
1069
20477
16301
276439
127
55339
1427
769
2203
7727
1543
7993
970561
442861
35951
487
71
160669
157
331
23
33469
554167
191
17489
8779
12329
9839
149
659
38501
1321
1019
187129
626317
186551
9787
149
142039
379
45337
423779
353
8831
17107
101
67
823
8243
23197
229
6689
77359
9721
18743
114161
81509
843173
5009
97
19
313
7321
8861
21803
3557
2939
491
331
1427
33247
101573
1873
228337
127103
13921
11491
2269
17387
23977
457
4241
302297
29983
306821
12899
438287
58067
433
313
151
167
1693
19207
947369
42899
739
631
226621
107
99289
20959
73043
1381
727
317
321319
41957
881
333989
59
751
542467
1187
55787
17659
18583
5333
226549
193
2417
83
11657
41983
4363
983
911
8111
707431
7699
62299
1283
7573
548243
4127
947
7669
643
13649
877
143569
174149
3011
76099
319577
3259
196271
229
571
269
1861
1259
3863
353
157679
137
102499
173
14657
13109
19121
307
3067
3643
70321
1283
25031
3461
9601
2879
463
5521
547
1459
1231
25609
163
6701
2341
26407
2161
534367
1907
2243
24989
11969
521
10079
53623
158909
262651
29
173
11551
211
21991
3167
13
600109
919
290701
1753
31
523
144541
2459
12653
53359
785549
2707
79
1607
467
11593
8839
134507
329191
184633
38461
353
227
53
6421
929639
709
60413
192817
479371
4931
19
128857
232753
25033
13709
4007
46997
313
17707
164447
13267
191
139
11
4391
599
774467
857
54787
4139
181
10889
6521
31
14639
4243
487
1693
3169
19
127
4759
1019
1153
9349
26209
4523
127
41143
149111
13751
11779
9127
2687
4673
132679
563
94273
521
2473
1063
163
44249
157
379
35051
216289
1759
279511
58313
1013
400823
599
448997
811
2203
739
66931
397
317
30029
82463
129037
841333
8501
21937
347989
53
15767
21559
347
177677
499
1439
348757
103
11161
73
373
877
347
9157
121661
13
1033
431
227
79
60811
43789
47
385193
57793
109
191
9239
613
349
2293
1321
977
109
967
108439
112621
21757
5939
2557
25147
53831
1123
3461
223
421
5393
9419
186191
43
3257
277
17341
25523
300593
599
59
233
9719
3329
3037
217733
2141
405679
765041
389
399353
22541
69259
541
44189
1381
53
409
140773
28541
1499
6983
821
34603
325607
81847
109
18773
1451
881
8737
77137
15233
272407
123401
733
419
36479
2221
433
653
17737
39419
1531
757
827
1619
1187
701
82261
39619
1999
149
271
433729
239
23831
71
499
142067
17
1601
3701
850457
643
211
6421
121853
6079
60149
179351
227
191
43261
240551
39229
74419
97
71
374149
856487
3623
19
971
984881
25867
22741
21419
47
5233
5531
883
367
467
31151
314827
392957
7393
20389
2351
313
401
21107
577
659
359
757
1723
661
28537
2207
787
5197
1423
661
821
55829
81083
6037
2741
67
170123
98543
2791
177173
73
839
18797
6373
41
2347
6217
162907
1949
226337
3253
551717
1609
27827
1423
146921
81527
401
2657
2351
1009
757
12911
43271
299843
433
337
877
48593
241
457
145933
74419
9839
107
7951
5821
85933
36073
38557
5503
101
409
457
1193
7079
12671
449
39761
283
2213
9733
73
62617
97
392647
27737
70913
109
550679
199807
23977
982981
17
31
1117
73
48023
1553
953
79
1063
3407
241
37
1723
1831
307
503
71
593
11057
479
2957
37
88129
47
14449
7237
229
944233
148429
773
751
659
9419
13
41771
85751
141269
283
5171
197
25919
159589
3049
809
2393
29
421
1327
773
3989
32377
1699
599
3359
11117
479
43
337
1367
179
12157
78653
262877
853
12653
2687
1787
503
1381
197
6089
45293
233
22063
72269
17293
1433
12697
1021
1741
620909
11491
831587
1409
505877
4327
1117
1279
349
2179
73237
353
227147
109
877
761
14633
157
404399
215393
2351
1319
2281
23131
79
1093
1483
47
83
29327
103
751
5077
76421
124087
3463
4079
17
51287
2833
157
2269
1163
2357
2857
5897
97
20543
8693
929
15761
217747
164093
5281
195733
2137
3361
962177
4327
103561
8363
7951
42461
13
787
30241
921407
2389
751
2243
1901
50023
653
32119
77687
52631
1061
59
127
211
659
709
20551
1321
26107
28499
193
373
226451
39569
7853
170537
2711
349
26449
79
239
1009
317
10079
293
8839
674249
24329
277
8713
9421
405763
473497
1039
42307
941
2609
353
4133
624319
1259
1423
27767
492731
409
342107
124673
89
347
1123
62297
313
139201
227
5531
4099
467
127
49117
191
1277
503
211
297403
79
2281
15373
248477
1523
16381
1583
304709
9433
29
3001
1093
3673
67
2131
257
31
103
149173
5573
103
67807
383
1051
2371
41399
191
547093
907
137
33827
414109
5477
39551
389
794179
42709
251
101197
4481
4217
146417
53003
727
1453
79
17093
173347
146057
79111
8623
38447
220687
4093
18223
5683
12373
12503
5009
3907
2141
2797
9719
11597
1601
11719
683
5651
1619
1523
1201
269
10331
7321
229
62213
619
4007
70841
271
251789
4153
1627
191
5003
29429
1931
307
115883
1427
48953
83
764849
1103
87313
54623
317
294341
43
601
389303
8447
112247
761
1051
25339
4153
197
13697
3089
13
11699
41
81203
5443
20929
387007
139
271
13009
194113
1187
691
2851
895157
137
89303
102061
29
5003
773
707563
41141
1009
1129
747679
491
11807
89
176303
193603
154789
4673
2957
199
199
85061
593
48481
587
13799
677
52951
827
1987
911
9661
887
233
5839
607
1087
1973
379
194899
57287
11
56687
2267
2017
941
42373
209861
131
125149
6389
179
101
763141
2207
41617
5867
53
809
93283
360091
38153
397
1567
91081
641
853
32321
41
73
42451
47791
743
91969
72959
39877
16823
103
7879
68711
43
113
293213
103
1601
31327
5081
10181
59
266521
67
14741
2801
1223
137
131
439
2459
907
439
6229
10331
12211
307
2663
1201
883
271
421
5333
388051
918737
739
509
39451
27749
4259
2347
1327
977
647
4481
139
997
480967
153521
9293
266081
97
113
607
74771
163
2017
31
673
179
3671
251
18199
1553
79579
269
18793
71
359
2417
197
741803
1303
433
21031
67421
7537
921871
112687
113
187477
15473
41117
7079
1213
43
22741
6263
47041
1033
251
4679
135347
156589
83
823
13291
38447
1249
59887
8389
1583
3251
619
467
421
6007
13331
311
73
71987
163
1049
13913
883331
29
59707
317
887
25579
251
1409
9661
263
245033
11
773
2411
101
757
953
5179
1151
26633
11551
753959
26561
428369
1051
8887
229
23
197
3967
577
103421
6101
1291
1511
2311
3631
42677
751
1061
8821
277
421
25667
1117
120779
613
389
7351
2143
16477
3803
50329
1429
53
2437
13903
367
1523
7573
163
937
265129
8629
947
271
1123
24407
241
58391
4999
599
45613
3967
3541
248071
16421
477163
271
177811
2311
141851
7927
463
1783
213751
357103
4211
8807
53
277
26881
493709
1423
5333
13619
50849
1187
131
63113
41887
353
457
52489
73699
17189
67511
652237
1091
433
71
983923
137
601
1163
1579
1249
409
593573
4937
104711
1051
880247
701
401
3217
1049
1217
3581
1709
149
821
598841
887
20147
260527
226189
4027
839
9067
241
13757
43457
4217
225829
3079
7607
401
4289
587
7703
2687
379
11549
3659
16057
719
2837
349
946163
111347
439
349
52583
63659
151897
19
983513
293213
18269
25913
1283
421
165001
5431
1811
412849
1217
577
6359
32579
115547
677
421
419
2473
15199
879259
383917
7349
2531
211
487
2309
653
54469
997
743
71
23993
3319
67433
605573
4483
191
1567
1277
49669
961099
647
37217
523
126229
236287
163
139591
557
162739
1181
6067
49297
8219
30941
8387
2531
399689
463
14753
19379
541
22171
89
15139
751
4099
3719
41
236707
73
11549
6659
769
131
227
13879
641
229
48523
1021
191
17401
796009
181
1213
33629
563
193
188483
1823
96527
317123
3881
499
179
2531
26017
51059
3331
3167
373
10867
2819
89891
83
13553
486037
212243
935303
1061
359
5557
60589
99623
6823
19
4999
347
1307
4297
61
1429
2531
866101
4513
184753
10529
508019
7103
3251
751
347621
103
103
156071
233557
859
3491
991
149
36929
80909
229
71
61
100493
101
4201
103
199
6761
13
151
1607
1213
61
66853
251
2111
182593
107
2797
97577
53
443
101
266159
1039
193
653
60961
13
293
1877
8017
296441
71
167309
118669
1931
883691
89
322169
104183
227
6689
18973
349
3181
1531
65837
1693
2579
1039
2801
769
61
367
131
216329
7109
277
1523
211931
40933
26723
30109
619
691
57653
2243
79
1291
31489
2239
43
887
2069
181
83
1009
4793
35869
1693
401
661
225373
157
1951
7001
1973
149969
168803
2887
197
50087
312551
4259
47
421
1889
61463
35257
1823
3863
156127
21269
63929
167
1051
71
23143
122051
222163
107
6263
3413
2789
233
11171
787
457
521
1583
647
395231
521
43
1493
10289
5407
62401
1559
51287
859
1933
4973
727
157
243461
59
56039
10211
408637
233777
1999
19
3727
101
7901
69061
198599
337
6841
21503
2539
203657
226903
617971
59
947
170363
58889
1019
677
1021
482021
76333
8969
3527
510049
163
229
6229
3407
103
913483
41017
727
251
25373
907
1811
47857
761
2029
6883
1193
11177
1187
20707
3923
35933
82571
9391
431
2621
560621
47309
169501
251
3023
8167
179
252911
1117
924109
59
197
19
61471
367
991
211
7549
2819
547
239
127
24121
7043
145759
427993
14347
953
105167
3533
1627
11597
157
9533
97
223
73477
619
32377
283
401
241
3119
4523
90523
2111
757
17
2011
43
7517
88223
367
32213
11399
101
157
3049
373
26347
1511
47
84977
116177
39971
2113
347
1439
116747
857
1321
6761
185959
166409
83
47
8737
349
13
202519
14741
2129
2383
121553
397
235181
5443
349
1171
191
461
709
761
47
337
4621
25309
17449
33529
13693
1091
181763
125933
1499
17443
331
41
46853
10453
4211
599
6151
277
27107
2789
149
13457
97
191
85711
617
115001
353
6323
3347
29131
3943
108869
293
132967
8867
257
31
3659
349
281
239
19079
7193
1523
27241
993367
1451
62039
281
8861
383
430709
83
3089
1259
87793
733
2741
1733
4861
439
5449
787
4139
134789
3701
16223
4987
957529
31259
4549
802163
858589
383
79151
48947
149
7901
89
20393
78479
59
21587
283
9041
7
317
54059
701
523
89
479
617
991
71
3701
691
1933
213029
14389
739
739
271
18617
307
163
24091
54013
101
23719
9467
672131
503
4759
1823
7369
149
31873
6983
787
4441
21163
1129
13633
305719
743
11411
1051
397
264811
288247
83
2069
3881
179
160091
13903
173
455419
67883
266671
4229
33091
257
971
617
102761
1097
170503
1289
121313
156901
6133
13597
1409
2609
919
613
881
8629
17891
160967
17981
401
330569
103
503
1451
455419
599
165001
541
191
16033
461
22067
1237
50923
41
2503
31121
147331
531901
957731
569
113
563
61
5807
281
307
241
941
3557
257
3877
5867
107
4259
131
1301
30103
15139
383
1901
2689
523
6983
64231
359
6301
2141
103
13921
709
467
1747
229979
25657
487589
80173
37747
481769
4057
673
223
4457
82487
7237
479
8867
59747
191
21613
1741
11003
509
217573
743
61
3673
116491
4507
958609
31
383
30677
92033
63599
56443
3943
953
59
2521
55823
499
557
157
538073
3673
8081
46091
89
1847
37
124301
1823
580631
4013
69379
1553
1061
137
9203
6007
46279
5647
877
389
667987
73013
294821
25147
15077
9103
929
22481
463
9323
40213
6977
503
21347
151
83
251
907
1117
5413
137597
633799
239
73
112951
381761
373
40123
5653
613
1259
281
539303
5023
29387
5807
18149
124301
123059
409
879917
3323
487
359
16421
1321
38611
39419
3343
11383
1997
647
47
164113
155423
347
983
709
27751
229
119929
132361
751
89
49739
23131
383
5107
14387
101
6217
509
24781
9851
5827
613741
5639
4013
71
3989
1021
347983
4787
85369
19759
877
89
761
773
601
8887
38629
178601
11489
709
1823
182473
15601
17203
75289
491
373
1999
3413
111721
54559
3407
1051
17491
631
2753
223
2389
137
3547
59
28219
14143
619
447137
307
1361
6131
1733
769387
653
3307
2221
2399
1327
19531
47
3919
101
843137
349
7937
883
3917
286613
334643
28697
4001
228737
2269
163
122401
647
3847
2467
3571
40151
7433
487507
181
223
486391
4703
271
757
14629
2459
8161
1609
158981
152897
35339
149
103
6607
73
135607
373
53
16673
3109
307
49697
941
251
61
827
6379
457
677177
41
109507
3371
9413
647
569
961459
743
1783
869039
85093
53
430427
844757
2287
198599
107
43
8747
229
19759
18593
25321
20879
20897
569
3371
541
33349
311
149
32029
7753
131
82393
67
657659
577069
22943
8999
6121
43717
93077
510569
360803
359
11299
92179
1657
59509
787
293
127487
1049
12379
5869
309877
2399
887
1447
553193
89
61603
29
433
1181
11299
50417
197
241
201973
3001
317
461
457
401
1427
647
101611
521
56417
1721
8243
6827
161009
16871
41
54121
20873
137
6841
133967
10271
281
506173
378949
337
137
1301
70163
283
487
136393
467
670211
66161
423961
64189
16763
677
9431
1759
149
173
443
313
18979
31379
199
157
149
911
99761
449
1867
683
2153
941
367
2689
119689
82237
173
41
47
107
659
499
433
239
2281
109
123551
149
6269
53
993269
263
3613
313
75997
35923
12967
389
18329
61609
359
149
2087
1373
409
8233
29611
92317
181
8731
2287
829
47
33479
9157
2417
419
325201
809
171811
433117
2267
3733
499
349
9103
709417
420919
10273
271729
373
866969
563
227
84533
5387
388009
219143
5807
31231
151
467671
2521
47
331
155371
31
3221
839
73
22567
283
7603
163
6221
6833
30841
761
53
1103
3469
24169
93139
14621
10889
14831
2879
1607
1087
4903
3643
2657
208141
22453
439
1879
16267
70229
210403
6709
2711
317
14593
131
53411
3643
29
20947
139
741007
419
5051
239
113143
1063
214811
73
30817
41
1663
12143
181
421
967
14327
251
311
32213
653
236563
991
31
563
13457
137
4603
971
17
193
16139
3167
43
22651
780371
750019
431
97
1867
69473
6841
3989
15881
588509
285283
1303
5347
613
863
3539
563
57529
76519
24113
86969
393667
89
443
661
277
2417
991
82763
72379
45263
15091
2099
283447
677
316847
34127
67139
229699
163633
829
7039
199
1091
131
138559
877
1039
67883
166823
503
69623
1259
22613
29
9839
67
947
661
223
19319
193741
89
31079
3727
587
104243
1447
36493
587
127
2579
102359
296557
23
709
487
257
4933
1847
7507
56543
347
150847
127
27077
523
2441
174443
141511
2333
12113
809
47713
107
617
311
18301
12113
6911
2371
101
5903
1031
1549
379
461
521
569
2699
1063
31091
547
227
23081
397
647
311
792241
431
18131
11197
601
1319
9157
4919
6863
317
5099
16103
17293
349
38767
113
397
709
41953
601
227
149
3517
269617
1889
22691
388099
503
6101
283
4547
81163
21031
359
3391
18959
388057
601
1607
59771
6359
157271
1097
142799
389
1033
461
15739
557
1621
281
709
36067
673
3539
51913
1297
5879
857
33349
1693
967
379
229
42727
199
46589
2333
16561
4561
233
1723
363313
71963
387137
1483
367
83
15031
9437
797
90011
4519
101
29009
89
243809
233
9623
83
3469
50929
97
985529
752083
298307
30911
248461
26393
991079
6607
41
7043
7417
1637
12497
131641
281
541
2609
159563
74471
1117
1451
56659
421
937
13327
41341
2063
149
2767
47569
2833
59369
881
745103
44519
19403
782123
16189
1277
347671
302189
277
29207
337
137
521
739
251
1381
25253
2591
211
2591
144223
12821
266401
5693
211427
131
18583
9677
5987
5683
1543
120017
1997
1031
433
5101
5273
149
34303
10037
1249
1451
23
59011
3581
427939
467
1033
947
24107
458797
61657
1109
3001
1201
166967
13597
11549
3461
3803
3823
28921
251
2803
29669
223
73727
72269
239
18199
25121
2267
743
110807
6211
4657
581797
489457
293
313
4967
571
68821
37
8317
191
4421
277
7489
67433
503
13
21757
601
2711
2791
17123
43051
21179
8779
383
1549
57859
3527
3727
1069
433
191
797
9067
172001
73
976253
21193
38603
678047
101
479
191
827
439
66883
5231
592639
10853
149
332873
1049
6569
821
1187
75821
2741
2927
2141
11261
18911
743
449
1489
4261
139
2293
829
175061
26113
1087
5081
487
85133
751
1657
47711
70501
53
545329
659
1087
89809
4703
2011
2549
6053
839
593
417227
3083
2143
829
5441
311
4451
3643
445619
42839
739
30341
409
823
4007
432097
78139
37
374317
5483
3877
2441
27487
1667
6197
1607
83
563
101051
24611
9473
364747
242713
947
1097
199499
8273
7757
191
32429
2089
1151
6947
29
23909
66509
1223
350033
9311
10831
18191
2069
499
13339
11351
571
8597
46183
6977
1933
761
31
695509
6029
79
131
919
122891
123269
42451
2417
31271
97
719
8233
173
211
223
313
245339
3001
947
1249
5003
631
46507
2131
3461
93497
19661
176887
7211
1543
26107
599741
21391
433
691
809
14071
2371
269
7349
4441
16421
263
1823
263
1999
137
1493
233
173
167
129361
17471
503
184879
2357
193
114419
1997
24691
351859
39509
587
557
37573
20353
6011
3041
20023
50087
54541
7883
8017
19603
5483
829
499
59
487
2549
331
6299
79
79
37049
619
113
61
733
5653
1039
240283
48563
125407
2417
92993
953
11119
4201
883
557
7703
929
353
173
1013
179
7127
157823
55171
73
216103
433
377711
437137
743
10333
1283
61781
17383
5023
433369
929
1259
334331
2347
89
401
223
11909
907
113177
27809
1181
908183
7867
73
3559
389
127
4943
79451
113
4283
751
4793
15907
11329
243521
6323
389
15187
179
17551
250867
113381
27527
41801
139
134683
127189
97553
43
16067
28867
337
112967
4337
43991
2437
33629
3257
163
113
52369
8501
272917
971
113731
107
376231
421
157933
114311
182107
353
864679
157
313
80611
76757
4703
86923
263
2099
65287
38851
977
139
229
1289
149
307
173
26107
227
746939
48619
24593
31771
29483
191
5791
127
73
149
10193
859
1193
4001
158371
42797
839
829
863
307
5581
197
127
2683
641813
17
5237
53
12547
2243
563
96823
586667
9539
104869
65587
5821
6997
61979
16453
89
79103
1153
2579
881
281
53
16871
61471
36857
194707
191
2383
179
229
2699
2039
31
1373
4129
110641
9463
753373
5477
20359
233
1193
176081
1657
6229
22343
367
42683
167
127
997
324799
459037
137
476249
1753
8681
29
6211
38119
26417
255197
9419
377353
12821
509
2347
4127
5077
3359
109
4969
193
643
1063
607
211
1699
16193
2677
23
2179
3331
563
3001
4177
337
277
118247
420271
509
2339
300301
233
17317
503
290879
13
79
197
18269
3527
757039
707437
47
6763
269
23099
15493
179827
19259
26293
6263
659
773
641
230291
19139
3947
1423
1297
1093
137
1483
557
147503
757
74887
19
75541
167
28099
751
41
433
99041
131
167
10301
18617
107
90203
348553
20249
4457
3539
89
216947
71
5011
151
325723
22291
1487
1061
9013
2707
563
2179
5099
9787
589409
12853
35069
647
3823
4153
1297
59083
31543
9221
65033
8713
2791
71
359
373
953
2833
827
94613
29
552403
27397
113
6151
59
40087
129083
283
353
8933
10289
2129
199
310733
113
13921
233
397
12227
69403
101
20549
141803
74623
191
68171
9209
32257
12911
252887
186161
11
149771
39371
503
9343
22027
4861
53
4957
673
61
157427
40153
1213
509
5861
34147
2273
122503
347
1307
236507
167
35023
743
239851
887
199
4567
4643
1093
1597
683
7
1303
2579
3061
743
593
310423
6329
19
227
1129
163
11171
877871
2713
24083
4073
16139
3049
2441
33811
73
432449
12413
446197
850879
241
178481
173
81023
9733
877
4441
392339
236723
3323
247591
3019
299993
109
33941
241643
433
83
255173
191
7717
15101
17093
7687
487
667243
16319
37781
787
1483
9973
867511
246707
160621
8537
547
1303
439
113
796853
27917
8009
64013
2791
209371
2347
4637
743
2063
281
9619
769
6367
15629
8389
11743
516361
109
317
13093
20233
131
1979
30839
4253
613
2411
29
13
1459
691
28289
809569
12919
233
2903
66713
331
8081
39371
24107
443
10253
3461
3547
63103
41
73
9011
106033
297893
8761
257
1129
487
239
331
72307
79
107
27397
547
953
284831
431
2539
148199
115001
24179
3433
3413
79
223
997
2689
417037
144737
277
17903
251
160697
265613
2053
1931
4177
4259
30271
587
257
290971
587579
13241
17747
1483
2927
128473
98731
47
1201
3673
37853
136217
13339
907
653
131
458197
20879
3919
1747
967753
34693
3853
386641
643
67
1609
251063
2141
389687
1279
103
29587
32869
108587
311
6701
3023
67
60539
719
3907
111227
914519
433
307277
22973
173
9479
77081
1847
122251
29137
12713
75211
36551
937
163
7793
24517
479
11171
2729
5449
11047
541
50291
330287
257
181
32089
123653
113
759929
155599
26497
2591
10487
823
85607
7687
51869
67
12919
11093
3361
251
121447
65053
146719
396881
937
3643
373
126241
163
496511
239
69247
446773
1579
9649
6551
59
271
30211
3527
607
307
167
383
102337
6761
601
842279
12161
8017
1597
2663
193757
8167
156157
402263
5303
163
21319
20627
823
109
17327
179
661103
107
701
9157
359
19813
1489
3407
7
9349
631
6269
2903
9127
23
6661
43
37339
27073
347
12377
137
1187
138323
35089
1459
249079
13
15137
70619
163
149257
2131
1229
12527
719
90529
12277
2203
1741
197
1163
45179
317
133013
2027
18959
310169
1069
11681
153733
373
1663
80233
89983
1013
2333
8807
438569
47
79
305219
1453
70019
33577
484493
947
18583
728969
73
419
209821
2683
11131
443
613
49123
181
12227
433
31
967
9091
109
53819
127
2711
17539
1543
349
7793
334561
1381
1373
62939
12703
103
1033
6967
9743
1289
71719
24943
49363
503911
199559
14423
47
79
169399
4813
477863
1667
270031
1747
13577
170383
6983
232103
448871
641
3359
233
599
4099
5483
1847
17137
1553
419
577981
27983
619
6949
4111
167801
8747
179
2011
8093
6449
641
181
109379
631361
577219
19763
58943
47
1327
1061
1549
13
4721
13007
137
7
2293
541
6577
521
1801
215143
66697
107
10733
52249
673
148667
157
11839
28909
941
743
7583
1103
8923
229
67
35053
1949
75389
1663
2803
397
10429
224299
23279
647
70783
6997
79
29
281
893441
156799
709
2659
7
304259
467
769
919
2621
438833
1019
304643
117319
29
4129
285139
67189
2153
4337
80429
563
131
26513
367
401
307471
373
3697
317
2557
13121
1787
257
2311
2269
23687
773
8287
1439
270587
311
13681
103
95317
53
4243
38923
5869
24473
43
1481
3413
23
292693
92899
15413
113
426859
609209
7
337
337871
774001
9521
79
21673
877
21493
313
113
451109
1831
139
43597
7853
9833
839
250853
7753
1811
10781
107
2861
98213
790417
379
1327
12377
67
4271
1217
4397
967
103
468737
31543
89767
47
719
251
523
5521
377653
73
9431
997
965101
7
12497
6563
23
21997
5783
1861
101
101
3797
61657
137
59
421
13933
6827
912083
36833
1291
257
541
342379
68113
373
337
47
433
59
2579
7919
839
1543
21611
1439
347
3187
29059
29741
141131
65167
2131
373
15331
23459
90073
127
89
499
61
2293
74441
394411
4999
186283
35153
8447
41
18367
16649
6079
281
601
227
461
3049
509
1171
5881
257
256771
493123
131
839
127
947
42433
127
25763
163
197
149
2917
179143
162557
24971
82997
32719
1229
2833
683
23857
26297
89
265037
82561
7079
4673
1597
45707
151
659
1487
139
89
373
156131
6547
191
24499
26099
142601
1531
19801
34549
1511
3001
9109
569
105199
24197
5113
5843
3727
210901
35527
271
8243
7243
551113
599
191
19249
38219
2887
241
331
67
16487
855373
993053
9403
1451
421
419
317
613
12973
1427
199
1327
353
16553
290233
131
1021
1213
203843
43
58909
167
5407
367
38783
1019
696359
1531
17939
163
4177
16633
109
986903
4931
169709
698339
37889
347
3257
1559
757
58151
25073
21101
9349
283
969347
1697
2663
2447
1721
2221
7109
281
106537
4463
2311
58027
199
6701
2153
775163
5323
9091
577
349
3557
3947
467
9377
2459
521
137
37021
659
140741
5569
33757
499
11443
58757
517481
273617
113
907
31
17029
1051
135431
2381
2531
49429
3347
563
3251
263
527161
167
9931
109
1697
7727
2719
547
9091
197641
195311
23
3863
37309
963241
11311
1787
1201
3727
4327
464201
6427
131
226483
18059
2017
5039
71
22171
907
197
43
264167
233
15773
37
491
113
659
204319
10853
177763
67829
1151
17981
1009
10687
2137
967
313
152461
2803
1217
191
293
3229
1301
32299
3511
317
3769
219223
5443
976447
271
2441
601
557
4159
1013
36209
50383
2897
56081
118057
109111
174773
860399
4073
1031
1783
593
54251
15217
43517
43
1021
439
7487
673
3347
67
139
167
2099
149
1499
353
3121
1637
13691
118751
43
325957
367
79
43
3881
43117
8263
307
240587
29
47
1321
1051
2017
94723
1931
613
271
277
1279
99371
151
783077
127
2393
12497
14207
769
5309
905843
647
1801
8821
2719
271
65167
4337
4013
503
797077
59
1171
14323
313
315883
3593
151273
89237
7559
53
3929
43151
75731
797
2099
129497
83
1213
1847
1279
648377
206783
769
44773
5
103423
78031
809
487
773
110129
467
181
953
3217
7499
954287
1409
421
31
620671
651853
743
691
6959
2011
7207
9739
1973
59
499
757
47093
647
74933
191
509
257
335743
199
131
1543
192497
23017
113
659
2459
103
2749
60821
15551
11519
4973
907
262853
4987
107
12907
480803
31
829
31
4243
1087
1607
14303
131
1013
59113
227
303691
197
53
31
197
257
2777
117223
44963
34721
27431
10883
11213
55343
7229
47
2803
157
10453
154769
25639
345533
191
89839
149
41
829
822713
31
36943
6043
14323
241
9419
7499
347
605641
11399
293
561229
163
17807
173
5
4597
26017
220877
11353
1123
439
367027
26693
17783
682411
239
607
1427
433
105367
541
8167
71693
53503
2521
3851
2221
196993
317431
5
199687
219169
178327
29
30509
8849
350783
5839
1259
641
26573
7331
2381
447233
113
25439
181
419561
181
878443
52321
433
35993
69911
23459
65029
1549
599
211
609199
5231
1693
30839
227
809
997
6229
3271
7589
86351
14177
106187
378569
79907
67
1109
1453
199049
139
37
16217
107
41
857
1439
48731
15373
7369
98009
119657
911
166237
4091
839471
1753
547
122053
9137
751
25031
75169
9643
821
1097
19819
4597
743
1303
17981
304013
125453
6257
191693
30983
58991
42181
2843
5701
225697
21149
59
16811
103
1249
35831
867253
1783
44483
676597
353
991
306329
17791
41863
229
3307
21341
11777
237203
229
3181
74131
1723
1709
1051
569
757
3469
71
53381
126013
66593
985903
241
847687
1361
94781
139
157
59
83
241
1511
424771
59141
5783
809
677
161123
31
587
577
48383
29
110581
389
41057
1447
662617
87313
237971
2251
24967
12671
271
739
3079
137
5503
91961
4519
53597
239
3079
210713
1103
185831
128461
1291
88469
379
57203
29629
79601
31
1933
39047
479
11003
1009
8677
193
15901
1511
1879
30119
11743
227
1733
1531
941
141761
59
59
421
36691
509
953
103
24989
93337
107
659
3547
14143
146323
419
43
175757
470059
1973
8117
61
3011
2137
1319
1259
45077
8161
241
4799
5867
103
937
866819
7
107
277
4637
571
8011
127
1033
63809
83
59
70717
1069
107323
764539
146449
367
169933
349
2753
32561
433
159707
307
431
174337
659
1093
59
266521
641
1559
1151
1117
11597
40037
347
137
10321
162251
40933
50741
5351
271
46327
1213
8101
12457
1481
359
2017
107
397
8147
30871
226601
13001
2677
40493
457
19
1427
9857
1597
137
4051
22189
223
372067
1889
55681
71
703039
142841
1283
709
6143
2293
330359
71
20143
3917
571
757
174331
998813
809
8753
149
613
144061
547
487637
765383
479
1297
6883
773
229267
47
346469
13763
8287
25609
1811
8923
317
72467
51419
23143
281
2243
178781
741667
937
107641
56591
2837
23
811
59539
7309
163
1487
31
3079
601
10163
617
64627
4447
1637
9377
34897
258569
126989
228989
353
1409
4759
443
45631
9811
18353
49409
97
4099
455321
3389
1279
74653
793519
2143
467
9049
1123
1181
31741
43
125197
458849
1553
25229
89
71
26387
9109
131413
51383
1181
151
2957
59557
179
104243
5
2689
1979
37
149
342389
7411
44131
8117
1583
53
3511
67
523
373
73771
6947
181
955541
2347
3593
2971
5381
3347
1847
59
1489
3793
389
1621
1913
131
2957
248401
938921
682673
43013
198257
29
389
4679
103867
31121
30113
3079
3511
1129
555671
1741
10037
27031
523
199
13
233
3457
53813
11
71
733
1753
401
977243
157933
83203
211
351121
166289
2237
16567
90821
20789
79
17137
383
1721
2377
25073
281
13
103591
19211
932887
389
641
1619
809
4621
832631
1979
84179
43
5233
67
1613
1489
4621
7877
461507
101
3947
41281
277
345479
101
5347
97
173
557
14149
1481
20161
186799
12941
5783
4391
509
829
131941
2063
227743
71
23677
92761
171617
461
31
413417
431
397
427913
509
961313
16301
79579
28927
1129
347
83
1523
1873
17419
155413
222613
21227
1399
14627
4789
103
229
223
1327
233
8563
2143
109
47
1427
661
433
2011
541
239
233
2767
18121
357211
751
269
35149
1907
151
2333
241
113
449921
557
1831
347
47389
274213
349
233
13679
1459
659
6829
370871
40519
607
1609
321289
233941
21863
4799
761
43
35801
139
661
11071
1483
1697
631
71
103963
97
17923
333299
151
277
63671
9421
167
15887
232891
8147
1259
463
109
6563
919
2753
47
25601
43
20939
67043
18517
5101
1993
1823
11
9781
461
318211
4049
17
1933
151
809
32911
673
79
644753
10711
23099
6871
461
534049
6037
28163
103
9337
5333
229
347
31
14783
733
4021
283
1181
101
32077
7219
13859
116471
5689
23
5101
331
53917
5051
87553
1459
271
44497
20149
3643
40591
587
3329
1187
461
211241
251
15737
971
1117
227
379
53
9013
997
26459
570461
1381
41
160981
12973
21617
587
471259
16361
106867
201359
4483
911
7
12703
3407
1151
3187
626539
509
10169
587
12763
357611
267413
400093
1613
245083
1091
5261
1987
14461
201307
41
23
514949
16903
181
96671
50789
107
509
98269
541
8287
4451
978209
17713
2459
15923
2927
3659
269
61
259517
101
24659
5711
563
199
455683
643
40151
524669
101027
4397
487
3121
74419
165617
2473
73
71341
35251
52223
87589
103
11423
279311
8353
17599
571
1823
2027
123983
1373
2399
40277
13417
101837
433
46441
15073
62137
367777
601
8263
2551
131
67
293
727
4451
269
24077
67
2609
122693
53857
41
719
151
22153
137
34757
617
140227
96931
41
499
251
40591
1879
89977
12227
109
101641
953
353
43963
3323
3593
493093
997933
3931
48193
868783
1993
300761
25097
40253
13
8221
23167
388897
733
467
151
659
17
241
14561
367
7789
4663
1867
977
104999
701711
26497
78713
643
4357
347
1601
4513
1559
621821
3547
39043
67
809
81439
3919
7993
10337
4663
1223
557
1049
571
1901
92051
947
761
16361
541
48821
281
233
29867
37
274943
5399
46889
8669
15797
111721
5233
61
69941
1609
569
131
6869
73009
61
1283
1249
743
8627
2719
56893
241
16811
753001
107
77471
2239
6551
10771
3089
189799
83
47843
863
547
1721
307
101
491
317
1889
433513
21493
191
4177
281
3011
1013
9341
719
2267
11863
136709
2441
1433
631
617
599
1399
47
233
2377
17167
3433
191
961861
10259
409
631
9293
29
10949
7919
114659
383
883
7333
2617
13
5717
757
48953
25981
383
69833
1747
707723
23
23209
5783
228887
157
509
41
914189
347
4349
1277
3229
24943
659
241
24169
16381
35879
283
463
277
863
79
1549
683
900139
618971
6197
130423
151
5507
677
95917
1723
68993
3089
151
19051
1621
9431
33767
126949
1493
17189
347
727
3541
90281
32173
113
853
14747
113
257
7109
22483
33317
113
31051
151
3967
2161
73
1153
2081
521
127
311
59
14341
2503
2221
34123
294103
511583
223
16363
631
188491
47
419513
2287
243391
7451
9157
14159
10313
61
13219
379
1607
3167
1249
19891
73
211
47
17
337
277
16111
6217
5443
3467
8123
136373
1667
1093
1979
1321
463
307
84871
1181
2137
683
3847
6037
1637
9649
55673
269
607
711709
225307
174467
31159
116447
22717
7759
1933
193
173
814213
5711
11161
11731
2213
5021
569
44953
613
345731
10723
4657
46181
353
101
7481
103
303029
5273
26107
18061
69317
15817
22481
122489
3527
73
439
567377
10193
19609
11593
1033
11003
6217
683
412487
157271
861163
1061
948331
89
49853
1291
20807
4691
125887
163
181759
10177
14033
61
131
32371
2297
911
252391
16703
733
353869
6581
31
41
1741
62057
6343
241013
228923
53
336079
21011
8849
10627
1693
296243
429677
2239
5387
34721
737353
729791
245527
797
11243
5119
4483
101
59779
59
449
13669
1913
100937
5749
59
4919
1237
251
601
286469
49261
14717
113
13
701
857
4969
787
5237
4621
2089
457
103
14897
24077
467
14753
632297
107
155087
8039
12161
1303
139
355669
137
1549
6397
18731
29
281
1051
829
727
193
4517
137
369007
383
1867
78121
241
86257
7669
467
15923
137383
9293
251
32363
257
3347
233
8521
179
817637
488399
29243
109
571
379
4751
11903
71147
3697
69073
897049
257
395909
14951
260651
821
587
829
92941
13
434821
619
13043
95393
17189
180511
2999
71
113623
73859
17
139
131
3457
131
587603
1499
233
811
337
139369
113
131
303473
1237
2029
53
4517
2707
593
180463
19403
223
3697
20483
628783
5303
10211
163
79
741787
293
577
495799
2617
1153
63863
856301
649877
53
1069
7963
677
1451
29
263071
109
169709
233
11273
59
73
270223
19699
24281
577
184271
29401
113
13159
179
149
1949
383
484769
269
23563
251359
683
229
2237
9769
11717
7883
59051
65719
229
1567
970457
5903
2371
271
613
383
1319
197
73583
1951
331
145459
17791
251
1723
757
37
137
137
331
991
67
991
218077
571
97
1721
89
2741
73
73
1483
4751
116881
356927
19843
247529
5231
37589
5309
6269
9323
685759
70549
120397
3001
59
163
1873
85193
89
13859
659
25903
907
2081
59
97
7687
5171
4967
4217
133283
1093
6917
167
79481
53551
31321
42443
7487
4297
10151
9377
309577
1549
1063
2383
237733
107
12457
842399
621059
9829
29
229751
15359
733
467
101
167191
123989
103
307
19441
127
39181
32173
401
31219
497411
337
3121
131
1103
336571
1499
47
2417
151
2801
243709
130841
31531
31511
33589
107
37
641
87049
743
4421
13259
20773
1447
461
61
13
139
1009
2383
191
3461
38873
821
607
33161
5483
59
811
383
787
641
11839
317
1583
383
311
6599
1439
415823
367
42349
13
3319
15391
811
1873
449
270563
263
283
15787
128693
10513
5657
4259
152839
311
7687
2803
83
399409
577
107
13
4337
943837
62773
3371
9109
647
19463
643
70423
71
521
131441
157351
1049
831799
139801
1423
1777
243031
2111
47659
22247
5059
751
661
811231
773
2027
1021
107
42337
157
7
12853
6079
3877
1447
251
6733
271
103
2311
2503
20807
5527
349
383
10831
601
691
181
1213
883
3911
676009
4013
179383
1871
2003
103
887
461
5113
4597
743
7411
5801
457
2011
521
90407
719671
691343
701
107
85109
62219
494383
8731
487
1579
54167
8737
14939
1559
7369
967
4793
29
29297
13249
8699
1973
1459
1093
1181
349
18661
809
192161
227
328291
1531
1009
64189
5701
55843
179
38833
193
191
8747
178439
66173
3049
7283
686173
22501
6199
3533
21157
3833
521
8521
100853
236377
929
13217
463
523
859
67
637321
11383
4289
601
136889
61331
220811
277
2917
7159
571
29789
893093
887
22543
3557
110603
4783
2551
257
101
227
308501
21107
197
465739
647
467
457
3457
107
6551
797
409
190793
59
557
568367
163
5869
71
1471
37799
6133
109
7229
35291
16057
547
701
93703
41
191
3467
953
897607
194167
7817
69193
12197
12113
11239
49411
37
719
60271
443
36277
4363
1861
149
223
254663
953
233
599
447641
8647
225067
111497
14821
32507
653
2557
10099
349483
2927
421
2797
211291
281797
31
3169
5099
907
7583
229499
179
204521
149
197
12967
563
367
5431
181
139
402751
11579
113
73
245741
21647
265807
60427
595873
3181
24151
1123
44281
2729
6311
3803
38861
617
2801
8887
751
21023
4049
823
5923
26783
158597
313
1327
49663
599
32429
409
197
9871
197
1999
6661
227
751
238967
6079
1031
88919
12253
241
373
683
461
530507
577
186317
709
137
1249
161059
14867
421
311
113
7541
74209
28393
512443
8269
46273
159631
829
8209
109
60901
61
22907
12577
421
37
311
182123
20129
1091
1931
269701
280769
4337
373
391379
283
691
6373
68059
1033
197
13337
331
3217
277
3221
977
821
5857
329293
743
2297
73637
2953
8819
2003
1597
947
673
3943
35279
743
629383
2663
10313
96487
22859
3557
2281
200971
541
353
1777
137
64237
661
34253
188827
89
63527
311
1783
2767
349
10729
79
773
10177
81047
337
101
131
50333
23
10753
244157
252323
342799
877
5623
581639
263
281
239
192037
82723
71
15137
1987
74257
66883
6841
79
373
4987
257561
84859
1601
307
103
59009
5519
27953
89
131
151787
104701
64553
2333
503
71
178793
754057
153929
243227
70381
7019
397
174959
6473
2473
89
97
26177
31
101
375707
131
5807
41333
468107
787
6803
40531
631751
610733
877
4013
1223
59957
769627
14851
467899
307
15149
543131
2963
157
1433
113
71711
323471
179
442979
226001
1823
28031
103
283
673
6079
12241
115279
1669
157
307
46757
263867
3407
617
31253
536069
43481
163
12109
496051
34963
23689
89
1217
1489
24421
9769
1543
53
251
429211
216259
41
439
4441
223
2239
1553
6659
131
5651
1471
647693
709
78541
446461
3847
128551
3469
136879
569201
137
233
2339
38993
46829
53
937
677
2729
41897
389
757
1511
839
103
2339
1087
353
59
272567
317
905381
337
4483
44129
3491
263
2713
827
245789
937
2053
587
55217
2273
1039
7
33469
43
771073
577
2843
1427
14143
13679
967
181
137
46589
52919
68581
21377
25439
15241
557
29
2239
1279
17707
2081
223
1327
131
31
176503
1087
4703
11743
6841
71
257
307
1051
303049
353
2351
151
53
97
47093
286763
850807
180749
31
4201
431
23
1607
66697
13121
12377
450019
14321
601
4241
148331
48491
11
318809
313
401
1201
219463
2557
499
40429
191
383
937
829
5779
5801
461
13577
541
163
426563
89
3041
49811
101009
13591
59
2797
431
1361
2341
10099
20959
677
6211
11047
758561
181
67
701
259837
311
467
89
3323
738791
20183
1481
79
7841
3673
571
230597
2111
599
19
277
193
1033
25673
19421
839
661
223
2467
47
15467
13697
151
1973
4729
97
6793
4651
73
641
263
13
5009
199
3607
43
139
359
916441
10399
1423
2803
1163
2803
167
5903
14533
41513
14753
38177
457
151
14639
401
59
2473
178441
89653
10973
811
2081
613
2237
281
475669
773
21067
20393
2687
5483
103723
373
3187
29
20143
373
389
6701
287179
36643
109
92627
1123
137
209471
647
5843
157
53087
33359
431
173
566417
2131
557
787
47
560639
197
127921
587
431
53161
31
11321
3301
397
4397
3823
97
34211
1123
887
665213
607
1487
21269
1297
239
207377
3461
971
912859
1091
401
274843
181
124183
1697
487
83
821
366923
163
31307
4877
3217
13
159179
21569
379
69779
91009
817913
107071
2789
366521
255181
719
1063
18289
386851
41
10979
196073
151
4673
47
521
733
955841
34301
38921
24023
1811
72077
444967
2081
277
443
4219
404827
5647
129901
1301
1693
349
59
463
16223
9811
45707
3301
87671
41
48589
101
433
3449
643
3167
21601
58427
23
22123
20107
370679
379
373
179
3697
29
161807
1231
6737
617
29599
635087
1223
235439
197573
233
38113
476587
14831
3079
57427
7669
18253
81749
11471
790459
946327
80747
7699
370679
617
607
127
281
2683
4567
53
11069
22229
1867
175493
6917
386689
36007
59611
1153
1597
311
6907
3347
47659
27919
1367
62171
80809
5521
12967
911
139
3793
21589
977
6781
27449
1097
1097
79
74293
4441
1979
270407
4423
55073
2417
1237
113
71
1549
97
3089
61
48313
9137
797
10111
20347
125207
40507
4091
1951
1489
31
83
196171
13487
82889
7669
317
5821
313
38461
123077
272981
31883
58661
320143
709963
4657
433
6703
946943
797
533887
150847
53
2663
6329
130399
157
1097
313
26591
1543
4271
152189
21193
12781
54277
1039
1307
863
223529
31
811231
1493
193
75709
125497
5107
3463
227
717191
9323
557
137
27773
1999
389
811
105653
138727
20719
4049
199
769
37693
58309
9239
2591
45307
2039
7591
487
9859
1129
149
311
3257
19267
2311
167
2179
769
3659
21023
26083
634727
148949
15761
24809
64451
130253
74897
32051
662999
115399
373
1697
2797
2579
151
2003
503
32353
1231
59
971
72337
13147
1753
4663
419
11083
4591
3517
181
98807
6151
532333
33493
289957
165047
2657
287099
10559
717139
3323
761
149
13177
5821
90997
698077
421
563
15391
1033
1217
31
769
49069
3461
751
131
20641
4159
3637
17389
497977
275449
392599
4483
227
70429
263
67
3947
96017
977
17837
67
443
941
32353
928051
15329
103
147221
624577
1013
3083
785503
3511
907
1297
263
29269
142169
35573
283
35591
964697
248903
212669
337
6607
28901
12473
9109
136111
3673
1613
26171
229
38861
28019
199
2617
8753
337
113
25127
634603
130579
45697
353
1901
69427
4457
1867
4561
521
1459
13163
65929
409
989629
173
337277
101
3469
6581
1601
3407
119881
55849
550471
15083
139
241
271
134207
7297
151
743
10099
9679
3911
1301
509
1237
1493
787
26687
14771
1871
3299
11779
389
419
42797
491167
313
119633
935447
1223
991
1753
307
2039
57493
7103
82469
29389
149
5651
9103
419
198833
16843
744811
115067
3623
359
1741
911
300929
2309
1217
613
2141
1889
6299
107
5749
42331
3967
1181
27961
61
567367
47
31
3701
17021
15361
16987
8069
859
2017
3343
60899
5923
1993
947
341543
5827
1523
18869
431
3929
4157
97
47807
1237
881
1637
83
3203
30529
593
859
6997
463
181
5851
82031
4349
42677
26893
1051
2081
4679
281
31
59
19121
5851
71
439
907
2207
233
1951
251
293
114577
3347
389
3797
151
997
2593
2297
971
5039
203627
107
1277
139
103
193
1409
131
36913
443
3257
13
1583
218887
59629
3881
43037
57781
9929
239
12277
25799
4007
103
22159
405089
193
31
2003
251
10711
1697
1117
3323
1061
149
2609
101
1307
35851
1511
946093
10903
4327
5791
8167
1117
824443
409
405341
2851
24971
78797
5807
602111
49919
8329
2969
5227
73
171401
470227
120977
24091
607
7
1973
71821
47497
2251
719
48259
155671
508091
59
37
18427
109987
43223
821
1453
18583
88813
463
941
983
651913
83
633067
72649
269
181
211
15919
2153
6073
109
5867
9343
41113
10271
70163
12829
123433
347
3671
2309
16229
71
1283
45557
1549
743
1109
18661
4129
1231
68161
919
2347
20129
431
57709
761357
79319
9473
19751
22093
12853
389
478417
1033
16141
151
317
14327
8629
937
100379
241
1151
1669
47491
12899
613
1033
132403
1621
5417
3491
80713
225163
12889
74597
131
3187
1451
54437
261959
166603
188779
1699
617
4231
1319
59
173
78919
97
1289
3767
653
173
14753
100391
2239
37
790703
11827
67
455701
1511
247601
274909
401
359
52067
115793
25339
347
859
2083
373
40429
1789
41
163
461
7121
793769
709
991
193
77723
313
8017
983
137
613
8219
131
136849
2447
3361
97241
151693
283
97
3607
1187
349
11113
560503
26731
1549
18149
1451
23
1229
9203
211
613
8219
4073
8609
331
199
2687
20161
4679
83437
717697
1259
887
5807
6991
83
83
449
331
338267
7039
1297
155863
1901
131449
479
324439
3709
197
2137
317
1181
283
117329
157
599
157
34019
10079
1031
144847
2143
1901
82793
29173
1231
1087
2879
1087
1217
2287
73
139
223
454501
179
991
218923
1549
278879
873569
619181
4099
19
257
92041
2207
699521
279731
14281
45083
298601
2207
57839
31393
278029
8147
103
139
953
1439
89113
379
227
59
110261
223
152777
90191
24971
107
503
419
281867
457001
5861
29
8233
7207
443
23899
10301
240043
197
2441
17729
1063
577
521
20231
4177
815533
46309
87631
116089
109
28309
197
1217
8363
829
1109
6551
973409
57977
234659
23
67073
9839
4217
1511
213881
13
39343
36097
112807
277
1531
4159
82349
43
317
1601
765091
4229
827
139
177511
23743
22769
3931
57331
439
10079
2087
2129
179
857
20261
2719
449
15287
77743
1151
21061
151
229
151
4993
3797
4463
689321
1559
13259
2851
293357
1877
673
43
857
349
6007
137
311
52579
12497
21013
107717
8221
11
109
263
757
140191
8089
223
11717
86243
13841
23929
9547
6581
67
113
816703
127
311
93257
4783
359
653
68477
77893
360949
6451
19429
29339
4441
31
27479
449
1153
25633
149
10321
2557
24593
2477
797
157
5647
21893
773
126199
443
809
159457
187081
11117
677
4297
5227
1973
65867
1373
151
49993
572179
547
769
89
1733
8069
153443
263
55009
8849
947
26227
571
2617
164587
44963
4889
1033
1409
5531
83
1931
493583
1297
6451
26297
739
5227
5023
45751
381223
2897
8009
1523
163
941
5647
2909
6871
5741
29
1091
1613
2549
4789
5437
1471
683
359869
19
15761
337
257863
652081
433
137
4013
2801
727
823
267199
787
157
547
73
1063
829
16747
136463
25763
663557
35251
28109
1031
151
937477
1747
2671
1831
67
13313
1801
12941
769
182981
53
73
59
139
97
16703
139333
47
1423
641
1579
12143
997
53
66959
13339
509
547
3259
641
1489
53017
60689
59
1423
1217
857
21727
455711
658261
191
7333
59
199
263
5701
29
439
167
241
7393
673
947
39079
100459
455849
4057
113
727
3301
2393
3343
577
61
313
37
397
587
1579
379723
1093
974747
17863
50767
53
1459
71
1723
98561
127
765949
2287
439
83407
97919
67
29
41281
613
761
113
408427
191339
6043
90071
953
677423
1033
67
691
1399
809
32299
7187
313
1867
739
3571
401
1039
149287
199
4349
1097
20393
632267
1493
1451
8969
31271
72701
617
101
797
71081
112031
73
40709
449
397
659063
77621
41
3851
887
88471
643
6343
41
100847
719
2729
179
2351
167
47653
4079
439
1619
4021
1931
859
33119
236231
23
17191
271
3209
277007
89
661
967
10181
179
181
26669
1019
3851
42979
1553
115127
14639
199
9049
487
82891
521
1123
132367
6379
2879
3109
149
223
3209
173
587
101561
2339
773
2213
37
191
15937
20743
103
956051
264899
83
173
19069
281
1019
2801
257
888781
8969
114827
587
107
7907
152083
15259
13841
31
1433
6983
599
2063
809
619
25189
1153
927743
5861
229
1361
1381
1283
131701
475879
20507
193
907
10789
2473
347
48799
564989
643
383417
57139
683
179
49451
4993
840023
229
1439
57373
2551
11131
46187
259163
86353
823
13687
587
9091
26449
4481
465721
909833
8269
99289
27617
1097
2083
233
23371
88919
2521
2909
352201
68111
191
443
919
2927
967
137
245501
1129
7541
79
919
4663
31
233
148997
107
6577
83
439
21341
318781
30817
797
1619
1373
701
1399
2003
2113
40949
272477
1181
13249
569
53
317
15373
154807
89989
10247
1993
593
21859
20639
1741
607
127663
11887
7723
1061
17047
2677
521
2389
65701
19699
163
97
12889
6427
313
71
3557
54877
27947
1291
419
881509
7283
431369
115279
297289
128033
10429
3917
8147
4463
3023
523
17
47
832493
179
359
811
14207
55457
379
557
349
496813
4657
61
373
114221
162473
17911
9403
619
113
3761
2663
119047
1123
5441
439
1871
229
44519
107099
179951
2897
5507
96353
317
557
334549
509
313
388697
6569
983
109
29
7349
937501
12821
12899
549229
96263
167
160861
996187
581099
15791
223
997
167
11699
64849
646913
1621
292477
569
6037
401
138581
449
252233
4007
3793
9521
229
2027
26459
140729
35963
3343
37
3719
2437
234799
113
337
227219
1999
67
11369
9551
17749
1663
61
19267
83933
14867
571
157747
67
3877
173
79
8089
379
463
250091
379
13
208213
61961
45127
45971
47
6131
1637
367
889279
39607
3251
569659
157
47
97
113537
288313
647
4889
2803
179
63463
521
271
103
2789
89
320687
36083
179
433
212501
251
97
115873
367
4201
37
294337
547
2531
349
242633
229
1013
677
683
379
435817
331
2879
1069
156217
1949
3637
389
311
457
227
12491
267419
1447
1801
79087
383
77617
83
12829
241
107
1153
479
1229
451177
1013
10781
197711
19
70327
2999
29
1499
181
490571
67579
307
1361
659
2417
367
11423
89
2017
2213
15227
50891
14437
2851
8623
89
739
12253
26021
571
151
523
13
109
373
673
5923
1901
4091
197
2953
6863
2141
1031
44281
1583
523
23
811
53
613
2887
354047
7393
291833
1667
89
5101
4021
31
1567
4283
12401
97
963601
947
1319
1801
617
293
93251
149
124249
6917
329867
41
6133
7541
13033
301933
1481
328633
282679
14009
4241
47
29
176317
1123
1879
42853
3947
1621
1061
77017
569
853
461
61
709
463
97
2141
50221
16087
47363
279179
139
4013
7877
177679
239
221941
337
144773
181
997
6089
397
577
347
4933
2293
659
1153
367
1427
137
421
166237
241
1091
257
57427
2539
32687
6977
607
541
113
87119
269
86467
433
4283
139
197
337
20177
4801
7451
3061
1567
61
577
11047
48091
49783
868841
29
127877
2111
138799
919
102103
136319
6977
121291
90247
331
4153
71
545731
19759
219053
149
167
2069
271
811
2633
18433
5639
607
97
317
4129
761
2381
109
4457
461
3331
263
42797
1109
293
20627
97
467
42209
38177
983327
82171
2129
10883
595843
31751
80273
50023
1123
191
331
10499
233
465041
2081
43
491
910661
5519
31883
239
3001
5651
482687
4801
79559
103
7817
229
3571
26683
4919
439
1663
15791
58043
229
37
563
251
1499
113
204587
233
8779
331
1163
1741
206179
11
1061
227
103981
97
13421
2957
2411
17959
37357
1399
97
2857
14249
73
86783
131
233
149521
6029
2927
1637
1187
223
70867
9281
1873
5237
463
500473
131
3697
869807
2311
25127
1543
1361
631
881
423259
109
806483
1097
2113
162577
179
5689
22481
277897
165667
218531
4129
19
113
563
4523
6703
308137
117043
480713
367
189257
661
83617
41
653
342847
42221
67
491
3529
210599
4637
158881
829
167
331
3559
44549
2011
37
457
244889
458879
1187
797
1531
2593
733
51461
773
1279
354169
22409
3529
359
145661
3181
852289
680569
1787
53783
2689
207341
11251
4241
1201
1279
3461
191
89
113
5807
3467
70969
71
11
557
11411
85717
617
1471
14843
577
113
6047
47
401
5351
151
167
503
264829
545089
2333
6047
5591
227
14249
17
71
435277
41
1531
47407
9749
4663
439
16883
4973
1607
6379
9733
16661
449
79
7507
7703
4967
367
466997
45659
10883
67
3821
45523
61
111091
79
503
132607
151
27239
59
70351
53611
277
7079
6199
701
229
15329
73
263
61
8609
911
18917
31
601
313
220537
587
14639
152123
567277
67
47653
1471
461
479
47581
359
197
1279
1523
66347
43943
2411
1877
834571
241
43
1543
1439
79
559183
67
47869
3343
733
191
1277
12983
76079
179
4483
44131
3191
199
2837
119513
167071
16139
7681
235493
347
23
9181
2207
4993
439
41
457
211
613
2609
107
463
633133
42209
38821
3877
1787
271
163
97523
21863
61
27647
653
17167
31
35117
389
739337
312203
103
509
487
56747
3727
461
487
820927
661
757291
467
293
389
37529
1181
811
137
337
113899
26561
9013
227
3163
137321
971
2111
349
43
1049
191
455573
40423
452161
12487
2699
409
619
7193
5711
359
661
6451
2473
2521
50153
10501
8521
59
97
67
990383
130699
6917
7753
847393
6091
263
26209
53189
233557
127
239
1091
651809
110821
76507
733
773
88609
207563
653
483229
157
6947
97463
4327
3257
12239
599
47441
240623
14051
2671
2729
2657
969713
37861
187367
2707
13037
3907
7027
44867
32051
4153
2287
39631
90469
278909
461
21061
419
1889
20411
173
1151
701
429677
272581
227
479041
467
1013
193
29
840823
449
491
9833
467
53717
267887
27997
1291
361793
2819
193
97117
7759
34337
683
49393
1801
2671
89293
41513
73
27827
1663
4339
2693
148633
66109
27031
2131
2351
2161
61
55313
6899
293
73783
263
2887
15649
71
3257
3347
1223
75223
283
33581
90271
64513
2333
313
14083
67139
89
105239
821
18719
61463
101
232171
2917
1009
127
51217
1279
199103
4217
59
883
6967
91921
82463
673
7607
79
41
96959
4481
51071
82307
509
6053
211
50311
2089
482071
1039
199
48823
31
2357
787439
83
3821
149623
2269
389
2953
481171
8893
8597
49991
47
646873
379
26737
260717
24029
1451
14653
150697
241561
11257
1657
26821
604259
367
277
3499
253159
20441
10651
479
3209
108923
475889
9631
7433
7673
97861
227
859
62423
3347
487
487
179233
2017
8623
26539
1291
179
66169
11
1279
499
75011
3271
2131
1747
91309
79657
117811
24113
5443
461861
223
463
7079
349
21031
67601
18289
3761
467
58661
1237
105607
62597
257
571
181
14029
62869
23773
3527
2053
20627
389
26371
2633
2621
503
1433
461119
1093
47
283583
284777
235601
1069
2099
8443
281
56123
3181
467
197
661
1051
389
911
1307
26141
309251
1291
67
2467
463717
223
1093
2083
479
76649
1013
277
419
113
90971
673
10627
1361
2543
3691
241093
2179
1669
47093
159193
1087
15269
3823
167
2939
1021
409
883
383
3313
23
170299
17921
683
48761
307733
4421
2633
7127
163
277
997
21317
2837
11113
29527
35531
173
30841
10597
47
991
139729
23753
179
82651
31
6029
145349
7561
39779
578029
349
1297
71
89
2371
24971
569
74471
3217
149839
11
113
27397
577
189797
251
13463
43
313
1987
33703
61
81421
311
4519
7823
792871
8861
199
563
467
789077
839
557
569
769
761
1627
2467
263
12799
294067
12157
89
577
87589
541
17
40597
28921
17909
5443
11273
20747
8111
1151
165383
108187
2269
653
104417
1453
1153
971
59
2903
409
1061
724403
23
773
16561
2969
53
8627
39551
52967
6373
219797
151
71861
811
157
2339
18149
467
1471
491
877
27457
21401
459047
1187
113083
313
22453
4787
79
660887
358591
2099
429361
1201
1031
16673
7759
34457
12409
4051
61
7069
104513
5323
287059
108571
13499
9011
21247
5023
26927
7393
47309
761
668141
16871
79
9433
4373
5303
31
6043
977
2957
4219
89
157
509
228677
403547
743
401
500029
915191
130399
599
37897
1867
446261
307
3167
639703
59
123449
12899
223
1889
24239
12919
313
167
127
353
10861
3019
353
431
433
709
74869
6203
4547
96167
433
907
4283
419
226189
151
8761
419
1871
89501
50527
1933
3571
193
2083
67
383
79357
101
20549
8111
52517
127
12253
5323
283
7121
9103
66067
2347
829
6229
47419
165103
457
313
434717
1021
8501
167
313
729329
13597
1123
12641
61961
2029
49669
181777
1753
2137
3989
331
2003
14879
25391
6043
445091
887
33769
47
131
83
2341
7159
389
84629
733
853
1697
52583
17509
1091
5417
389
167
41
3019
9181
110807
678659
401
4391
120293
1979
10613
69827
583511
1949
46679
163
34759
24889
293
74077
7639
1021
80789
49003
223
423991
677
183497
25867
2621
3559
30803
55259
6761
783869
8269
7727
59611
5281
877
10463
19037
5743
401
127
22637
509
199853
261959
69257
5233
173
494749
3217
350249
1229
11731
44111
1777
1487
283
152843
45641
918899
18089
1123
263
364127
71551
229
697397
383
404009
499
131
3319
421
884111
419
1049
12697
569
107
198197
613
751
8233
1429
61
191173
239
88261
2029
58451
121039
251
22133
271
1223
260581
241
97
145267
23
181
41851
9859
13
11587
3413
676589
267901
59107
1021
691
235483
7297
439
240551
3539
97
1303
59407
337
10867
1567
6653
193
271
271
3083
30643
1093
5717
4583
53597
577
1279
321577
59447
21577
7669
13577
439
14423
5279
607
3359
307
859
129169
409
2837
9311
1499
2777
857
14281
5851
947
337
661
579569
1733
11
2503
15077
367
37243
57679
24091
321427
547
433
281
27239
19477
389
7621
74719
181903
811
18169
7
409
701
1019
29
1171
228301
11923
503
3461
3329
1871
2473
1279
2971
10133
443
4813
11909
12689
1931
16603
16477
5419
937681
2341
125197
41957
22727
197
521657
45523
1663
71
367
137
2137
97
179
241
1699
43
173
918641
19373
6689
12659
89
218857
373
76991
2819
5347
1619
904727
515293
743
89561
1237
1487
31253
9203
103
1667
191803
2719
36131
2699
191
149
2731
320627
587
435247
277
15791
463
7937
1301
113
281
607
181
1009
2917
1879
384383
281
70991
241
271
3181
19
319327
69257
193
101
181
2999
8353
306169
739
67733
22277
1789
503
251417
313207
2593
4049
23
263
7817
9431
1601
1307
883
947
8101
73
705937
239
191
97171
30047
32303
51511
5119
631
3701
1663
16229
7069
337
389
53197
829
991091
1087
49681
1103
8737
111373
80051
18439
26893
63067
4283
1667
503
379
1129
1307
6271
17491
10709
269
103723
29723
449
317
19
56957
580913
619
601541
251
5659
461
3271
6793
1103
4919
10891
20177
631
19
673
4283
146527
15107
101
5039
1021
96737
787
154927
2543
30089
71
856927
448561
72937
546691
2917
271
287237
787
86783
557
374981
53
28097
641
823
587
237143
51431
5189
3467
100291
1049
9643
2837
59
967
10253
1087
4129
380777
2089
91151
322571
1381
179
829
1181
9859
1097
17623
8039
929
59671
6361
179801
86843
106087
491
101977
2621
125093
40627
691
4423
1163
59
61417
71
486757
163
162389
263
131
420313
503
594281
20269
389
1489
263
119687
61
6277
2693
331
269
24071
239
64781
744019
29
8741
373
1039
106751
2729
127
9539
353
278627
387437
53
32939
677
181
129097
2503
8243
96703
9767
503453
6551
197
643
42821
48593
103
106907
53
167159
600949
944929
223403
2683
400331
1597
25343
47
55619
1697
22877
911
894613
277
241771
859
103
787
24533
331
56951
163
142067
13103
44507
811
151
193
601
579721
909133
107
1289
251
3301
13033
151
409
4549
167
38189
32579
10337
179
613
13619
593
16693
490201
751
809
307
35617
930841
28627
3803
1187
82591
38351
353
6619
227
163901
878863
293
12979
95009
967429
26513
70687
1021
968519
16249
52181
421
123727
661
52387
8863
8353
130267
38149
3767
601
5861
4931
3253
1663
269
9497
6329
389
389
696503
137
311
2221
1747
293
37
89
859
3701
431
281
1823
61
3853
1069
3847
853
4133
5431
2417
29
257
113
25097
16979
23117
107
97
135077
40111
27733
83
823
331
97523
353
801569
103
7691
127
326687
878597
47507
33179
2309
191
5059
72043
50047
601
9887
2347
1471
64877
2719
251
432559
1609
229
6337
139
89
199
1871
1571
11827
144223
2423
223423
23
379
5897
3457
10651
59887
163
4013
104033
4673
647
215927
839539
239699
53699
10301
24677
887
1597
6473
49937
5051
438589
1459
21433
421
5237
373
706679
2579
29527
20789
18757
47
11
503
15149
60029
5879
33191
769
373
17
22291
2111
162229
3061
12547
11257
1087
1181
4349
6173
433
347
3319
7681
431
617
193
347
11779
191
4129
2251
83
1117
2801
101363
33343
988829
83
383
1087
27407
5779
211
518893
1229
167
246689
71411
163
607
1601
6803
683
739
67
487
317
1889
29
4423
463
100069
59
163
71147
1237
61
197
138629
717397
337
97
131
11
3389
2833
844093
19319
12967
1087
76403
120691
481021
643
687109
34513
3001
487
15187
3557
149
2371
43019
42403
3457
43
2251
2269
457
439
389
29
190829
118171
240017
929
71
82183
1291
921629
2633
229
1861
2711
80761
9941
134213
353
31543
167
72379
181
4001
149
113
4919
7591
1949
737981
10253
191
28051
389
569
151
233
619
3931
5783
1487
67
56773
974959
1733
617
223
36527
9697
181
13007
404081
225611
1301
59
12073
1277
593
111143
157
173
467
13831
1039
883
13
25633
2011
1063
21893
76771
1129
13
8287
330329
20353
1097
26479
223
15149
827
1163
10103
2621
5857
58481
367
404189
570901
109
26927
37003
5021
238691
787
71
1609
30307
696403
3547
808693
192431
17359
27367
5741
427733
47
271
3259
887
9839
19
21323
44087
373
45119
977
9467
251
673
13
28559
4363
593
2053
757
623041
277
47
164599
23371
101
1933
140797
855923
397
119551
114077
4463
2423
881
2713
223
541
10453
13151
327667
12829
1787
157
3637
19
953
1217
29
73
569
313
353
823
89
1493
179
17807
1871
53
181
23
4691
18523
307
41737
5531
1277
448309
140639
1427
293
168253
43093
2957
1493
461
1747
157
73277
397
3851
205549
9479
216649
26681
19031
179
12379
227
181
59611
11113
28751
502141
2833
580919
80803
42083
3299
53
29753
97
4481
53
317
127
2113
35803
2531
31
72497
53927
73
839
5573
14951
59
13687
5519
103
480341
43
427069
953
1699
631
4019
11657
139
419
5741
28789
1021
11471
2621
383
113
53
23
149
127
11261
2687
2837
197
607
40433
1367
387587
4127
373
2939
337
12211
281
142811
173
1753
389
26801
30649
191
463
551539
977
281
73
1187
280613
58453
32069
1879
1483
65657
5669
643
17
349
13241
137
1279
1511
281
106963
103
109
1259
467
503
163
691
2351
293
547
47459
113591
12263
113
2273
2351
2927
1721
3613
3677
451541
1289
50789
101279
647
63659
383
9421
14249
17807
647
47
269177
54167
2447
3539
397
2027
739
94781
3583
1373
16763
3917
2689
389
354047
1231
12413
1279
9041
33487
347
269
223
344611
4513
11719
641
191
269981
859
52571
96043
7
3623
13
229
97847
1279
61
293
13883
587303
199
426091
41
419
3109
401
43
7717
120623
89
8803
194141
131
233
51817
881
2011
89
859
1783
281
62417
79
331213
47
29389
21881
557
641
221989
68053
717463
139
75931
263
6029
33827
593
2389
1753
641
23
373
5647
199
28697
1523
50551
353
1019
3529
167
3613
44417
47819
491
163
14387
103
1103
1543
92459
101
41
79
3229
42061
499
2381
673
226531
237851
300821
12101
5227
102667
561307
2549
383
12853
823
37
225611
19163
11057
73039
1429
26153
317
338773
181
5171
293
56773
2657
677
500459
339307
11149
3187
7247
107
211
7333
887
36067
32569
101
37339
30937
881
68947
677
101
625819
2851
179
127
229
12697
40867
5531
257
14983
353
751
1259
208003
449
6991
293
175463
29
2027
1531
263
61
5039
101
401
17921
17
20201
1033
126757
16091
2383
15749
33317
107
857
2711
339187
52081
370091
197
2539
890459
4013
238681
29167
49333
5903
487
82613
3217
73243
47
1493
1163
10069
971
61
9949
6113
1429
3709
197
125933
607
378493
15439
607
4973
197711
23
1039
398303
220141
291007
92551
1489
421
3001
4079
5641
1933
449693
599
74077
37
60913
1049
677
1999
3301
67
11
8191
364187
882313
755273
47339
71
1069
263
1987
24691
733
83
5
9907
8423
241
70877
499
757
123049
804007
998813
2729
22037
41
11173
3943
1013
238919
491
1487
173
191
389
251
7741
1487
857
331
1447
83
6911
600221
181
286199
941
26437
375253
15581
383
6947
36493
557533
461
443
1327
17713
1123
461
6691
167
929
131
233
1277
44383
43
3391
9767
367
151
197
586627
2381
613
401
418843
126641
375899
659
3433
2713
1213
977
2087
521
43
9467
696653
21859
13
491
5449
7211
53
1021
978349
8317
40237
7001
20117
783791
14753
61
359
29873
521
233
624139
102191
2237
1091
257717
6619
48049
1051
47
373
17
1019
547
43
446293
614113
401
153889
41
154877
769
1999
3557
16693
587
5827
167
65717
251
79973
6037
149
569
55787
2081
61
30529
5441
373
8081
23053
227
661
8171
36209
6763
263
13789
28979
4159
11279
883
223
68329
61
43
97
113
6869
6271
173
13241
3089
1187
269
4931
2879
6079
97
83
21991
347
113
5167
1777
20327
118717
133811
13711
383
1531
457
2017
11887
1399
9319
1049
983
101483
71
487
9791
66343
661
4799
139
7703
1499
12043
5039
10861
4603
877
120661
170927
839
43
748817
829
8191
63391
337
811199
514399
105359
383
953
503
13723
184309
4357
337
4547
13723
1451
4651
3433
61
9029
6367
510553
709
229
213067
307
167
2153
359
3511
211
313603
797
2557
89
101
371471
453553
26783
75787
8623
216289
1361
41
997
21937
1319
22777
1321
159499
152039
743
2539
2161
97
4987
859
197
1193
103067
883
929
1399
470887
67
10303
28463
20183
43
257171
17377
127
230827
52259
1087
919
3169
673
702809
137
9931
2957
947
7529
197
283
1879
24419
43
293
1559
5821
2393
179
184651
36973
58189
2269
101
239
61261
277
853
79
389
1123
73
1303
1697
152429
241
7
4861
136621
5897
367
4079
71
211
911
61
853913
3917
883
12323
35419
11971
881
127
26407
479
2521
281423
237271
739
15187
134443
541
32371
100393
632473
382883
6211
148207
32117
563
107
76781
317
23
4637
349
317
449
31489
1627
65101
137
59663
179
644617
114769
89
359
7219
13159
22111
17477
87011
132527
62213
44953
167
1429
11243
3253
130073
2617
797
722819
605261
5387
1373
5521
1523
150011
2467
2287
54011
167
1061
83
160169
409
23
239
53
787
77699
211867
131
319937
59
30467
198689
1213
983
42461
2551
51059
2153
118621
17807
82759
151
3467
22003
3677
7621
83
33811
569
1019
1747
239
179
100189
307
3037
1319
1217
2719
877
324497
79
12413
25679
997
6037
404323
6271
113
3943
28909
345907
71
26317
2243
2113
1049
1609
593
3433
52163
10831
25583
243161
78889
3557
11087
21323
8713
453317
811
349
349
175081
349
8053
32309
75937
989423
3167
3463
9199
419
31019
383
71263
178889
246509
176573
1997
323699
701
392503
317
1069
821
16141
293
231719
257
3833
517901
181
727
158567
1117
41947
449
83
123311
359
1019
1367
199289
117977
4421
71789
490991
3863
57389
751613
107971
24671
39181
389
64223
86357
187751
6047
1217
248867
211
157
254369
2939
7411
9091
19
15427
231611
612751
439
79
31
200987
491
907
279649
719
617
27107
11617
157
4129
2251
61
29
349
107
4139
364223
254407
167677
5431
1117
60617
20707
8161
251
209519
653
239
653
809
389
7669
22709
773117
122069
1283
6053
4001
131
379
373
179
286421
585119
229
2677
1097
17417
130127
1013
49667
144139
281647
1493
26183
509
21817
691
449
31
137
991
4621
401
443
3049
49549
13469
33479
3673
25469
4987
27277
257
51419
173981
5179
26813
5303
562753
1993
2203
139
337
27127
19963
227
494849
83
389
2543
172883
37991
467
436831
1291
162971
8111
17987
277
12757
1697
1279
6571
199
3083
1607
68207
307
217781
179
337
10499
213449
107
100237
9491
613
227
19759
127
677
569
89
227
144169
311
222857
2677
8461
61
641
3461
139
641
439
672949
3739
102233
167
421
773
461
421
23459
108413
4447
71
36373
6481
36833
103963
289987
587
84067
22699
1427
85313
199
37
229
383099
444403
443551
16573
269
109
1531
8431
353
461
1361
932003
751
587
243401
315013
141637
7573
37019
1321
99401
14557
286249
11617
374761
90089
19543
163
233
8867
2273
9923
389
27431
733
1303
127
1499
587
31231
2083
5741
29
229
41
930847
607
68437
641
11941
4973
1237
2963
643
601
83
389
277603
137
113
11197
4397
797
1049
103
337
79
1123
4621
10607
251
1667
5657
166603
26297
1061
906211
4129
2557
28027
361763
11777
4229
281
38317
2239
13933
19937
45589
28181
92387
1021
587
227
113683
8069
461381
271367
1019
389
1117
293
18149
13
503
22741
263
217351
21319
2417
94321
926027
101161
1061
23
179603
691
261823
2731
235099
97
16811
727247
367
11
868531
421
8287
401
439
887
47
233
14737
103
2833
110863
83
3041
130079
13
23981
567871
134591
25243
4517
3373
1867
61
457
16067
53
431983
6011
990463
131
719
1453
151
53
349
2287
2377
14251
127
156683
353
15919
127
937
2531
43063
456119
971
162389
218783
101
113
11927
47819
309677
167
3001
97429
1217
1033
22091
1567
857
18523
149
29129
283
9173
829
67
4441
1093
827
4517
12967
15241
211
53
4903
1279
179
1483
1031
1321
136223
13649
89
1279
151
11783
239243
2663
937
1531
89387
11
7673
9883
727
3919
190297
159631
511261
919
162907
983
601
13
167
91309
11
997
535319
2957
4021
311
1471
1949
4723
2161
283
59
233917
257
79
347
6761
73597
6689
3461
167
61
7919
181927
1259
6337
3511
329977
1223
34763
34367
2731
169919
941
188483
45613
2729
1433
461569
43
83
61
14029
230213
79259
17359
211061
3797
3511
71
22283
9679
161999
7333
101963
337
63901
110543
849143
21317
861691
97
421
6007
563
571
28859
15443
197
271
307
1019
2801
1361
15569
576493
421
1733
1553
1439
11261
1049
319057
86509
211
1987
1303
483289
29
173
257
263
349
2557
647789
956303
9887
765991
4261
8369
443
175687
43787
24671
5503
2477
9431
811147
5581
4003
631
307
65657
293
131
22483
277
24001
409
52183
116483
1061
6353
2087
179
8681
113
113
43777
277
47309
97
509
223
211
3323
41887
401
98627
151
29
6287
937
4327
83
86993
457711
38449
281
157
59
1283
3329
89113
61487
96179
3691
601
3637
139
542123
32569
11353
569
208933
102769
23
89
1619
2069
2087
5981
1051
9733
3469
293483
104789
28181
45377
320063
1283
2089
1307
13757
10111
5167
641
2411
70783
14561
73433
29
3023
421303
17623
11717
88289
601
10753
4457
282869
3037
498583
569431
137
13049
113
317
1097
691
21563
101
25799
101771
557
4111
271879
83257
9241
607
22567
313
101501
683
114229
163
513047
58603
131
29
2939
572333
631931
101
71
116531
4877
227
257
7753
36187
16487
47339
14153
238181
3023
283
212057
439
35107
967
41389
40351
79
41
1753
1453
5431
919
17669
2381
2141
13
1013
8171
2957
31
2113
6947
979541
2137
29
23
57251
3181
239
97
2269
307
167
419
1907
17
221729
1381
22157
48157
253343
659
44563
5569
331
599
1229
10499
466171
114143
78517
5879
2087
983
181
344237
29129
97
20023
733741
491
318701
1213
13613
157
1759
23017
139
23893
24359
1987
3011
2003
8839
1009
29921
619
233
28069
41
257
376793
6823
4073
26237
503
3463
1811
6577
14629
227
193
2069
20441
80191
229
499
499
641
1013
77557
631
1307
863
8111
971
199
44959
317
546661
20921
1879
26699
1129
599
49663
281
499
294043
101
641
32531
2579
41
29
154333
4751
21911
197
166561
2411
6131
2777
53
995801
60509
31477
7541
3079
61
263
1013
9803
227
971
11689
773
5779
14929
587
73
137
2729
391031
13763
251
4219
277
591127
277
19381
6317
6121
541
251
1297
701
383
11423
110569
1249
53
937229
32533
239
191
167
3361
311
2557
173
2659
127
197
424709
44867
79
79
7877
378523
29
28573
2341
1193
907
1531
2087
13121
1583
6553
4211
131
615799
4093
4903
2699
54013
3109
6997
453823
8933
1229
421
307
907
3547
139
226001
769
9677
32573
19
229157
17939
3643
89983
101
126317
3761
3163
701
2767
41
3229
89
454297
1901
3229
19
6197
17027
276209
18797
3449
7121
79
149
4519
44909
353
709
123377
270667
40879
4903
227873
523
619
67273
599
139267
37
116471
5861
147299
673
2441
7573
22291
61417
219587
4091
1433
617
3109
4027
2663
166679
480919
569197
443
18253
2341
5843
18523
71777
40129
13
176087
138727
13241
322271
137699
73
157
2131
34267
37
967
251
1217
311
11923
1129
787
44519
460297
2953
317
487819
439
2927
411251
1013
1549
2273
115783
168991
1481
721883
2441
625699
9491
6917
13163
443431
54877
37
47
821
2347
11887
13933
904117
828587
89
22993
5827
2207
73681
135197
277
51767
271
89
227
607
212293
491
1427
317
661
89
15671
446909
991
1439
443
97
327917
21377
159431
288731
1249
197
232681
8389
593
60521
49669
2063
8641
623617
787
582317
6983
8971
859
113
887
359
557
313
47
1409
2341
2801
239
4283
3877
13009
63809
11
829
32297
233477
1171
11
306829
322951
67
101627
304537
36017
643
11071
1619
359
15887
54799
28429
463
129419
2437
359
7459
71
13567
269
1321
17
6659
479
456683
3931
83
46049
3559
8117
317
9511
14593
653
30637
2789
775363
683
920807
3529
1481
46769
49523
1279
509
5711
15061
601
421
23
926153
29723
263573
67759
498271
167
18191
35969
250949
887
3527
1193
113
35897
1879
376897
1597
19289
16561
85517
828133
1531
5527
317227
9007
75731
26813
337
449797
4993
1319
37
5437
811
30553
4603
17209
1087
43
49121
102367
463
139
97303
6719
19597
49279
61357
61091
1889
83
499391
439
6287
233
2903
241
2143
157243
461
919
11939
11027
633337
1181
9203
51427
89
148139
8329
71
73
1087
443
211
11527
7283
5483
22129
30661
29221
64937
398219
53
269
12821
43
1439
97
158567
184777
31
29137
20939
107
127
26497
2459
31181
7069
1499
359
367
96263
25703
3163
10303
233
739
675187
53
161033
3889
74719
82903
198277
3119
5641
98627
1061
109
177167
479
4363
10313
90697
21143
1663
6761
12893
211741
1151
113371
269
283
479
165511
37
659
619
76631
967
632459
937
71153
353
1567
3877
17597
1549
3019
152623
1811
61
641
983
123449
29333
5987
449
50651
113
281
127643
549281
991
269
461
11633
1033
468421
853
197779
29947
229
8629
11393
4357
60589
22259
257
14621
37
10607
5113
797
613
277
10639
929
3533
271
3557
101
195203
118661
97
20929
181
70573
321193
29017
1523
6421
1741
673
47
13
941
5347
13523
1187
3373
3373
1229
27539
727
919
401
53
53
83663
18041
233
6337
2251
31
937
653
7603
211
2351
2791
11933
31469
57737
4423
277
49727
463
16607
569
3299
376399
7919
251
89087
3181
5153
1741
409
787
19001
997
673
1033
4903
2459
621617
11593
797
31541
367
317563
218287
2819
59119
7
383969
7591
13151
894613
60811
163
853
131
14083
647
15901
2297
522079
203767
131
18169
219613
8707
919
7621
492731
3709
167
1297
185707
577
67493
7477
175493
1847
1093
190793
1627
1811
67
821
3203
15877
29
19867
113
5023
19961
607
1277
53657
372059
593
1301
251
1427
193
1217
181
2861
211
7993
3911
3449
7481
31
41
571
34631
727
257
9161
29
617
193
18553
163
99559
541
269
1601
397
733
31151
1493
389
402379
569
225601
40771
259309
34283
163
27793
269
99289
719149
317
2213
653
3229
199
181199
2971
6427
367
3727
1087
6791
331
208993
491
37
79181
43
13633
3433
424103
3581
1777
1871
519863
11
601981
841277
4493
6287
349
176191
71551
347
1129
27653
137
557
10457
10337
619
563
479
2749
13799
1613
153623
373
13
12157
73
3643
47
101653
173219
223
4259
12163
163
4457
27809
503
3613
653
251
35729
4283
8087
25633
2273
244177
1367
1019
1327
130807
6689
103
10949
509
31
1787
958361
229
2333
4951
227
2671
279689
212029
149
277
48623
11863
233
106273
35999
856759
32377
777541
56857
20773
653
83777
15091
17737
3461
127
24943
321961
7829
19759
509
205657
18839
277
911
11423
163
769
29
347
229
39023
1061
139
73259
12149
821
17
5581
97
73
197
2383
701
245593
19
251
39371
379
5021
69899
1129
192239
1597
7499
313
10111
127291
1301
619
881
691
2609
11177
23167
2591
347
281
359
1051
126967
809
101
2473
269
431
107
6199
83
113
13997
299063
24317
255859
624643
2087
21317
109
314623
1597
14669
18757
7103
72161
20963
8221
229373
50957
5171
74843
811
151
15473
4391
1901
197311
37
313
107
340933
251
207491
159787
261713
1583
193
14741
436529
1009
787
14143
380423
751
2111
47
14087
1499
198097
3907
137
347
3863
71
863
5557
1187
863
1877
1237
3613
397
286751
3571
359
565553
3769
593
71341
682333
57973
157
8543
61
491
1163
636877
56519
43853
67
131251
109
1811
63541
59219
2719
131
1951
101533
999611
89
9677
397
24923
78049
638587
449
39163
23
6673
863
18617
1373
42743
8783
443
113
23
3061
379
67
39779
719
23
1523
30773
397
37463
22613
827
12923
16183
883
883
811
11273
15629
107209
929
67
567761
31
523
196111
65831
1741
83
63913
3271
15383
11699
547
1621
325697
8539
44971
49177
331
30559
3041
513761
487
11027
191
53
2543
99817
181
1291
21517
17
61
73
983
4159
157
31
50627
173
54517
9419
3083
563
23011
1223
593
41
1153
1481
20297
10313
1229
127
31
230063
1613
4273
97
263
311
457
109
1019
7237
7351
13381
64921
40847
811
5119
127
15299
163
8641
103511
557
977
9901
851677
277
7
2441
19
14591
6763
37489
30817
83
79
9871
134677
571
225479
464089
37
941
73939
6899
3919
1201
553897
53623
17
1439
3371
56597
58043
4493
780613
4051
675029
3307
12763
30649
2143
92831
66863
907
197
8597
673
54037
1553
449
83
7817
313
22549
8933
1747
12583
1123
5323
38977
61
2423
2239
34501
15511
34949
59669
89
331
433
10639
5113
11
26459
2447
197
261643
1453
3931
3137
99871
90821
1523
2087
14321
14887
3643
3701
78713
181
23
103651
159629
80077
173
12101
797
1289
111623
1993
18617
487
17
3779
367
24443
475991
30817
727
2347
102241
3989
107
32303
3271
107
7247
3217
14779
641
37579
769
409
109
97373
1327
177481
63709
29
300661
145633
569
50459
211
911161
37
3019
80167
115807
31
151
1861
3631
11519
1033
139
919
151
959831
17041
11069
167
4211
1117
87151
233
26693
911
66491
24001
43
19441
1193
932003
2341
845863
3169
953
34403
647
22067
6353
37217
421
7219
37
6827
173
719
12329
383
18061
10657
17047
155017
35083
459523
281
33629
47387
6329
3187
50789
1033
233
681689
757
79
15809
39343
1933
461
135887
281
6151
3607
4099
312589
835909
9157
153757
211
467
127
67
233
743
53
8297
1217
1429
186743
313
49669
811
1499
47459
761
599
367
15149
123083
414971
67
131
1051
613
1229
8761
46021
6863
3433
859
3851
47
1033
1217
1879
947
30071
244291
53
47
541
44017
2689
115061
14731
1723
11399
5101
72103
940949
811
53
28097
1453
2089
2161
269
199
47459
677
239
1163
133439
70313
233
188443
56897
2621
89
122201
7013
34583
743
503
83911
488641
2131
983
167
5527
919769
751
9803
5647
324101
12763
103
577
191
12671
180949
1607
83
134053
359
2053
269
4073
36809
131
1093
67
1213
26633
13007
761
3067
3541
97
1171
653
10631
613
30839
131
1889
4349
79
45083
5867
51539
509
216761
2131
78541
474839
331943
937
71
53927
4093
388109
4591
37
127
43591
101
877
3181
13729
65011
23
2111
459607
3967
1361
42131
117619
47569
257
379
113
2659
22769
3847
151
19181
115309
15541
1289
151
9479
92111
2003
2357
223633
1907
1291
5923
1009
70321
9907
179
112687
769
3191
2789
17981
2339
51787
1069
193
26699
1213
37
58477
3491
2081
28069
137573
409
773
5119
569
103
11159
7393
107
126001
1699
484703
269
53777
16741
359
1951
331937
8039
67
23059
71089
433
5011
365479
224291
53
59
31
241
2081
119699
68743
560837
179
421
1373
4363
24359
20011
823
503
1571
137
6091
176041
4463
1901
57373
30727
421
1021
2693
2393
2579
100907
59
719
127
94777
8581
3037
9613
29
233
887
6287
31
347
557
3011
31
467
3253
67057
36563
11719
373
971
37781
347
16369
109
647
1447
45433
149
304303
103
241
211
67
1361
29671
73
367
89
5351
419
139709
8513
1871
37
2113
419
197
367
809
347
1459
8839
311
331
24517
52237
60943
1607
33013
1489
443
328787
3187
16763
17509
4099
2543
21859
283
12203
4201
101
619
73
146819
571
15667
1439
11287
4973
162859
271
46183
19379
67219
223
23
277
149
421
2029
8803
139
4637
23339
947
389
157
333107
269
215921
316699
31
945521
32497
419491
337
409
659
2213
842267
571
61949
2447
96797
9341
93329
2917
109
263
137
911
751
563
229
751
73
24109
569
30347
241
73727
1667
315109
257993
2609
4229
373
34147
311
809
30671
8171
2267
139
83
601
296581
311
157109
1693
62423
643
853
893381
1481
73
2749
5101
457
70381
13
1777
6701
1019
33679
367
331
49663
5477
458407
269
37
401
67
67
311
349
22291
684443
719
1571
30029
5813
1861
30493
6967
241
823
180949
251
563
1031
49043
239237
1597
2099
113
757
641
743
499
953
283
503
5531
1747
167449
87811
445871
380441
631
137
23971
11
71
7013
223
10459
569
621619
78031
229
227
109321
194119
1231
15289
4127
188249
19553
2459
16141
5657
2579
2371
22279
5557
3631
3217
85009
4013
101
31
439
359
151
307
67349
43177
547
7829
71237
227
3697
83
191
23251
56543
347
11
19919
15901
79
4001
285161
1657
2731
491
2293
295417
209021
227
397
46153
7873
1301
1013
1607
151057
1993
2063
23719
4789
1093
1531
137
106727
467261
5399
811
3881
55823
199
83
5021
16427
7331
613
379
4057
509
8753
381737
124783
1429
1129
31
247223
470959
365839
137369
1439
37
503
757
203039
491
222461
613
4153
1193
90619
181
59887
3361
1571
220613
1619
67
433
407257
2221
881663
33937
229
26893
560233
1153
108923
47
250361
79
23
858043
122557
2837
484301
2381
281
137
17137
160781
173
2953
1307
3137
248447
14771
2731
827
76511
15287
6949
49823
67
263
9679
457
5153
599
827
883
35267
1433
839
774593
53089
139
587
1447
1409
8209
8629
499
13577
130183
286733
712409
1163
263
4861
811
211
15937
338027
15559
1109
13619
381991
3457
455159
673
1619
19
751
26249
854141
21563
157
1487
503
3947
35923
2687
814067
106103
7159
620743
8971
20789
6679
72883
809
12197
19661
284803
812699
6337
35491
3793
463247
151
259681
150221
19
311
67271
5861
967
3257
12547
5849
1901
1487
239423
2027
521
607
29401
1753
6053
737629
241
271
4243
4153
1069
535207
86711
103391
7253
179
167
373
67
1031
10639
12763
5471
131
79
419261
26783
157
25127
690491
224069
121067
40433
953
131
107
349
1009
115631
32051
1543
16603
787
947
35323
77573
8311
499
263
173
516877
65437
241
719
527273
241
43
4547
60661
1973
909241
64927
733
20359
1217
9721
571
1427
215659
3779
109
877
59
347
577
1123
571
821
389
33311
43
175493
70489
283
238529
1151
32003
257
6163
1697
2557
3449
521
55903
91811
859
307
202291
240599
443
759433
857
1459
1129
971
197
421
6967
1627
54617
485923
109
911
8933
6481
227
49921
10009
141107
109
673
2749
116257
3391
571
190579
1171
13999
125707
389
859
181
137443
227
271657
176927
9631
89
130787
3301
189493
28789
101
2309
37
12073
11
1901
3469
73
41
29
983
11411
120941
11383
631
94379
103
149
12821
3677
10459
1097
479
401
353
18731
48259
3119
201577
397
1051
613
45077
353
163
709589
10103
257399
8273
79817
12239
25609
31
6793
137
227
2953
128761
701
4877
636217
90149
65629
173
4027
929
123737
2029
190297
937
181303
41117
229
6997
307
2593
373
59351
163
6733
2029
24007
673
46681
29669
26839
182851
1657
373
53
43
222347
1747
9239
105683
131
17599
623059
136991
28619
359
275783
9587
3821
15271
967
31333
867631
6659
54959
40819
229
484243
782381
22787
2699
141499
1063
470609
649507
6791
2693
432503
17891
359
22307
4483
839
9049
6571
8513
411617
103769
43189
89657
1223
9343
31
18917
233
13043
191
1429
7
159563
227
15607
1531
109303
137
83
46051
192629
307
751
11743
2111
523
127733
367
253751
829
827
997
19867
1291
2137
79
38299
317
139591
2683
154543
809
290623
151
17
17
2777
18743
9817
10667
179
857
223
653
5987
2729
37
563
229
433
4357
13147
881
859
719
1523
110749
857357
3137
2381
41183
23801
167
29
247249
271
608953
289033
277429
20219
16843
72341
11587
41491
2143
36671
1259
161411
3433
2131
3767
4583
9733
1279
13903
487
229
193
46021
179
16057
186013
10457
179
25391
151
139
236713
563
99707
233
29
171673
1423
61
15233
3307
599087
86069
36161
11027
677
10627
223
3659
9511
225889
397
6917
1597
40129
107
1013
239
41
3331
109
1597
940871
557
3181
101
8287
191
239
35593
233
269
3673
906601
1847
2179
146023
958319
19759
673
11519
601
43237
467
186877
45427
7247
147743
167711
85639
15427
863
799873
25819
7451
2593
49409
3209
14741
8171
223
47147
53
743
241
719
1607
239
1997
563837
41
883777
853
2593
375481
45587
4261
277
114553
9511
431
16363
431
641
9209
35839
484019
659
349
49417
22973
593
2087
3221
563
29671
1471
107
2777
5813
62731
1877
2141
601
71
5881
1801
29581
221707
9257
13121
99041
1787
739
48119
704441
98573
89
3499
2161
50093
61099
29
787
59629
137
75527
523
8269
20681
102203
97
26189
154001
27967
83
53
1487
991
110261
191
661
40499
986749
7487
827
10789
929
947
167
3571
1201
29179
661
247711
4937
1151
13
1019
4447
2969
641
457
1153
8231
401
211
341597
193
2309
659
55439
6521
47
2609
5003
41
619
2467
108139
131
12413
1163
336599
229
2903
787
146347
42101
167
20899
89
113
3083
21737
40583
3803
991
1933
449
57251
823
31
3001
149
487
1031
967
2663
457
109
44371
44687
1249
226427
6971
3331
13
11681
47947
5897
2341
79103
976411
37
1531
1997
1049
79259
75683
337
51307
547
2239
2467
39383
290897
149
17191
2083
823
401
737617
47407
283
146603
862231
3533
10867
158771
93151
157
590813
20563
4297
10091
719
79
4091
2963
61
839
823
393157
1031
547
6551
12109
26099
14939
4951
449
997
827
927323
43
2383
311
727
9781
2549
617
219767
7643
331
4219
355417
9323
1723
18251
73
2137
25087
239
151
89
1123
253789
101
47
383
1091
8641
47
74323
11497
393997
1601
25033
4093
94693
25169
593
151
307
397
367
1931
281
1789
1487
701
117503
593
2803
487
342341
283
97
24533
42841
59
1987
183577
34603
447221
193
491
240763
214849
5059
3499
12919
11831
13003
887
897473
1973
227
109
790189
591089
958439
9649
577
149
522553
176597
41
934537
8647
22039
8677
82799
2903
40471
501089
1061
11867
33113
401
4127
4931
208699
6761
1109
599
83
7823
92333
14221
13597
1657
1009
75541
270961
29753
2887
182107
523729
367
2137
719
43717
12953
32497
363257
62207
2579
283
647
2053
2333
743
101611
373
887
1567
4673
3793
15937
91283
31
193
83
1367
701
2741
2281
6469
31
202021
30773
102523
987523
411833
1511
1831
389629
34157
79
150413
89
211
41
2239
4253
43
42829
503
149
115211
63617
28277
6961
269
11839
36559
999049
1451
4513
28961
8641
22643
57601
52237
37871
83
1319
419
59
13183
506983
751
666769
389
95633
103
17327
59
2251
307
503
164377
241
117361
1033
1039
137
27737
78919
541
1831
769
64489
5869
1429
79
8971
7591
3343
37
233
18041
174049
929
431
210739
9029
356693
3137
1621
179
3881
239933
383
184651
14243
6337
2473
409
3643
457
181
13
7603
1697
619
4339
107
3541
326147
3739
1667
22013
7589
1747
4759
2677
467
1327
223
827
16091
214559
30517
883
29201
13691
809
5527
479
42953
4801
705119
17827
449
147571
14249
79411
1399
487
712819
491
409711
1021
1321
22003
5639
23321
173
907
113
211
4013
947119
7487
677
270299
5059
3461
1657
110813
2383
21341
29
7229
13913
683
4561
32189
32789
73
199
239
633991
349
180547
16519
811
118603
293
13877
22531
8191
4091
877
59863
351691
30139
149
27211
2887
8627
366077
661
319159
193133
139939
188323
9133
643
919
1303
1373
210709
88037
272989
144173
12763
227
288653
653
353
909107
149
1301
761
100363
11437
3461
97
401
1429
1223
1009
65029
13339
181
10169
11497
43
276359
73727
7213
151517
353
17047
133103
47221
211
16033
3359
18691
113041
59
1301
1307
6173
197
406207
11969
223303
157
41957
11
661
227
600949
1429
8647
684547
31
659
4583
127
7393
705181
23203
2707
32803
1601
15259
263
219683
73
139
21863
828409
1583
3583
3929
503
10957
3539
2963
1873
99667
1307
1321
47507
2791
347
1031
12107
601
53899
390821
71
10459
2503
29
89
43
23
907
110477
56963
111467
5107
691
7499
311
13499
2377
4691
1913
3259
5417
53597
443
2447
223
1093
709
757
271
2207
37483
1279
12553
73
59
64747
1657
37
7699
13597
35597
209687
47
596569
563723
1621
659
122399
1303
463537
499
347
1511
191
3919
643
566179
467
337
263
6011
415603
122761
4049
433
53
1229
2393
379333
887
14591
6701
157
109
331
31139
327823
61
607
2713
323233
199
17609
4493
97829
6211
170689
457
419
67
35059
97
50273
28697
106661
1489
118897
2683
33289
1693
991
8803
123491
283
547
897557
45439
66923
131
59263
84947
497117
829
181141
839
4759
353
278701
39383
9001
733
127241
16931
449
20749
52181
109133
353021
6967
1423
1409
107
15661
13009
401
2617
1151
33461
15817
6659
526511
9883
739
6661
101
757
571
449
173
29
131959
14401
18503
131231
3989
61
191
691
653
521
2689
1259
47501
769
2677
101
661
61987
80471
972833
11
19
3209
185327
487
286477
97771
2281
3271
547
4943
60217
3313
168083
214943
23789
360229
989251
5087
281
8731
250787
35747
62477
42643
349
197
757
2801
47
59
4001
3671
2689
1637
2909
181
149
947
1669
239
193
467
14389
99881
7753
413129
19759
419
421
6653
457099
4733
129737
97
360187
173
2239
349
9067
16699
853
257
95021
479
281
257
11621
5843
328849
68881
227
722899
3499
1511
56591
1249
83
4751
3391
949607
73141
13709
3917
60607
32327
23
2797
207743
90007
317
19
464467
7867
317
3301
1031
2273
8273
46447
197
4919
919
5743
6781
17
1493
223
421273
81197
613
61291
499
13781
427421
32609
320561
40751
17443
102871
26573
6761
2833
17207
607
359
157
1741
43
23
281
10987
317
263
111467
10711
1889
23761
1439
743
37
108463
3637
7253
254747
57097
131249
68501
149
431
1747
43969
461
37
35437
151
11
43591
23027
163367
103
37357
2767
23993
12721
263
4229
36451
139501
11903
2207
174067
287179
40241
1621
53269
7177
76231
59
367
131
823
7
102563
5641
1973
259213
89
2239
769
57193
6829
2011
1723
91249
35869
24989
194713
521
4951
1279
1069
4327
161569
239
1741
71
2237
1511
810941
2063
509
709
29
809
61
5563
2909
16823
2477
14717
3637
166909
26029
2357
109
125423
541
823
270421
479
547
104623
2683
3299
10037
753587
113
276581
2833
63737
947137
281
859
4447
2399
352021
550337
2753
598727
727
211
216217
138731
61
269
79
3593
5393
4091
24419
1019
5407
1663
43711
1153
15439
4231
104683
6781
2621
6703
83
80231
619
79063
13
162119
2087
163
1237
141397
7823
227
9551
20887
5521
364103
232597
337
380203
296987
113
1471
22303
61
9157
1511
4129
457
2129
311
131
523
29363
10687
311
41
3001
193
769
347
439
27487
719
330823
409
303119
379
27653
125899
73
191
114479
606083
543379
250963
109
7159
97
1571
181
1237
311
1697
151
181
7529
113381
1747
1021
313
821
1613
29153
112031
557
288877
3361
89521
101
119921
47
383
151
4663
313
169531
2711
359
1217
41
743
1663
116933
229
3733
761
2687
59119
42937
68329
829
1531
641
57559
5051
329603
8179
25349
5861
18301
193
109
11
353527
11119
2477
16381
92503
167
241
191
449
571
23039
34739
22441
429943
43133
491
349
17
397
6163
298087
33773
227
2707
1523
235997
16063
290473
1021
3583
51551
719
9811
233
173
223
67783
10247
4421
3011
8263
683
136651
310987
787
14533
21379
1327
69313
727
18583
1613
82141
101
437321
161531
9497
569
443
1301
1933
17749
37813
191
2837
599
18133
18869
6079
641
971
59629
276919
1447
85717
157
165083
1753
2287
127
104849
6473
21493
587
28283
577
6737
2677
5783
11159
937
4327
444307
1559
709
1571
97
5011
86719
31543
643
2777
48751
43
281
361651
61
4561
281
137
61
131
3253
18301
359
54959
4211
62903
19861
103
36497
1489
101
419
33349
5791
1993
827
443353
10007
263
211
101537
4519
1319
13147
33623
57751
107
164309
151
227
677
9679
1459
269
613
13313
7877
13187
3917
77849
14411
18503
3823
103423
103723
967
389
199
12263
503
97
137
2789
14827
40231
71
13
883
959267
3727
165449
439
8087
73363
63559
27847
167
59
161521
655883
3761
229
643
78317
26423
179
25013
15803
251
301159
58427
11311
7741
67
1163
81769
1663
26717
1607
653
197
105653
36479
13729
8501
3613
1117
89
621241
176221
751
53653
59
122929
25367
86027
353
827
163
1399
473953
373
43
257
19
359
8719
97
557
176497
359
40487
523519
2729
66931
19457
223
30631
2027
433079
104677
25579
89513
601
251
3919
619
443
12919
31337
1153
197
12391
61
3701
787
769
149
60901
40127
162493
125693
521
6961
7159
71593
160409
1741
7481
31
173
168433
3673
977
9437
276373
10267
751
189041
345733
15803
62687
220513
947
1277
499
1031
107
10223
367
151
14243
26041
239
59443
1223
997
73
2081
167
15413
39317
142049
8093
613
32099
61
317
2341
2879
73
107
19
1579
433
191
613
353
509
1009
53
449
521
5591
181
541
5407
181
557
751
911
251
1031
57041
6709
557
10891
18757
1163
157061
53093
43
489989
631
18803
617
6337
2399
141529
79943
151
73823
139
48407
1319
1019
47653
7187
383
798403
1669
127207
71483
5897
365479
2087
4021
1873
719
79
149
953
33329
932221
237763
619
709
28447
5531
971
67
173
17
79
227
673
97
191
943543
32503
42283
3373
147449
95273
28921
3581
305999
659
50231
991
86131
5881
4909
17483
457697
2017
12763
433
127
557
46307
13
1427
389
6427
12073
1607
409
1039
983
6491
151049
15667
1861
619
132229
16217
103483
15443
43403
98573
107
1427
101
1931
1499
43
6823
113
37
47
62801
80803
263
6043
258673
2039
902053
98347
13693
55547
811799
1693
4127
911
793129
647
317
997
317
10159
113
18443
1201
71
43271
769
216523
417097
6571
419827
277
1201
57349
239
383
6217
1741
499
10037
601
21649
1571
32003
79
3793
4451
1619
5717
83
2087
25447
751
601
359
115783
8293
9319
6299
2693
193
181
584377
35447
10831
353
2521
11467
102397
292133
211
11719
33521
3343
26237
33179
691
6301
44207
409
261353
237563
23
267721
107
101399
137
197
43
83
863
22481
9643
449
149
23
12163
4253
13441
28723
6551
96233
79
17669
14621
137
159311
35447
173683
26891
2887
26669
4349
3761
25847
15227
12373
13577
4211
359
607
823
373
4969
3257
277
20731
311
53197
83
116177
25679
197
6761
336649
331
133039
1097
8707
1163
107
79
563
4729
1907
208807
757
14407
53
94399
1223
4583
1259
13
367
2339
563
131
309289
1741
5669
1979
128621
109
1949
307
1367
27539
83
1213
3253
967
2017
1811
859
383
74231
149
71059
2687
53
91459
1559
1601
4663
364433
709
12421
99119
3527
925697
401
79
20599
2377
54779
1987
23
62011
487
21433
16063
18583
237011
1759
461
30161
761
191
941
1621
10513
2239
40163
3023
238591
64489
331
751
653
3001
5851
2017
653
196439
41
3331
834571
1283
281
79
317591
139
269887
797
102079
3889
967
775681
12143
113
467
293
947
3203
648041
4987
3089
98669
77689
3259
5023
73
11959
757
3911
347
630733
127649
2297
2687
227
79
563
185123
83
1823
7129
247519
107
149
145987
885791
277
113
910031
39461
2729
349387
130409
15877
283
79
43
1949
5531
4241
487
1231
269
7537
1039
2267
7
65557
727
11149
417553
1069
183437
1543
421
138323
3457
1999
956177
773
367
295037
935303
33487
7591
29921
1409
8263
349
887
33997
23
60289
619
967
941
1409
36607
22697
2999
34259
20123
421
14543
283
24419
412793
2243
643
617
1123
808627
151
64381
635279
643
10487
47269
283489
12329
47303
112481
1193
1171
81901
887
3361
12373
179
2383
1009
2351
12197
967049
11
27271
163307
266293
590171
16651
23671
1303
13
2281
15349
651503
601
1753
296797
6763
17431
131
673817
701
38611
429511
277
43591
17573
543659
57689
1249
3229
5711
156259
1987
53
433
8707
48809
11897
41
475273
46853
59
16063
881
3221
11083
828953
24533
99961
4817
137
2477
571
2011
37
200807
13859
68669
101377
63839
30391
283553
1637
719
142357
307
491
17657
9677
746957
48889
487
264637
409967
29167
421
61
532093
71
137
2239
1471
1163
26083
199
6089
37
61283
22093
3191
75983
433
950071
71
2143
3463
64609
103217
179
5309
71
308521
229
719659
10357
601
276461
2953
1637
7559
100291
497719
643
8017
2777
19
47791
5309
8221
2069
7
156671
647
4783
713233
2333
421
479131
14831
247451
259547
769
392807
120199
89
24979
67
345707
3709
439
167
5051
107
30113
5179
47147
3659
479
9397
113
383
787
643
607
867173
433
277
3583
25621
31337
721223
503
800741
445649
41
25541
7321
73
3461
57901
150097
8677
4567
4657
1483
2467
199
9643
60737
10429
659
421
112163
3461
28309
2797
146921
163
210853
31
113983
291007
31
401
397
86929
752093
75193
89
233
114113
97
156899
353
467
227
216481
167
5449
102433
8419
9433
102811
4729
2531
5449
733
6971
479
8443
1013
43
59
881
19697
6323
411211
229
122579
1993
6203
1093
23053
42611
72421
79801
617
685973
127289
311
3121
887
138679
197
3121
359
13151
599
72089
97007
479
1187
607
1399
4547
9187
3449
3943
167039
71341
37039
1811
458947
12541
3779
15581
853
1597
2749
109
281
3623
99017
89
80273
2237
2137
23
1693
70297
23677
6221
883
33529
173
439273
270821
110063
13901
9043
7043
3469
1609
331
200989
80173
263
24841
32563
53
38891
137
1187
4349
27143
19913
1307
977
15467
739
155083
991
7669
16901
9467
1327
839
16673
10463
7607
409
92333
52579
761
191
467
5581
73
937
71
137507
761
1033
47129
1009
11443
431
131507
324997
719
4831
1291
701
722159
96401
157
653
112601
96269
617
15313
83
179
35401
36251
141301
389
2879
40751
2903
5399
16349
43
3251
31
379
202201
719
37217
811
3413
19441
2243
22937
109
2267
433
3803
323371
241
1163
84389
5077
286381
5849
751
18521
569
719227
667561
983
1237
5309
7577
173
193
52517
2411
163
3613
277
1021
167
1289
12401
1223
24509
45673
4153
6947
198761
46477
107
457183
112303
125243
811
43
23
609607
587
571
3329
55511
47
8053
13339
47869
61
113
149
959719
209449
509
318559
13729
15991
104239
64151
3137
71
347
68633
4349
787
9829
719
186377
421
179
683
1019
7349
1933
40123
307
1297
5651
32189
547
5431
3389
1381
67807
56873
89
119101
71719
26683
19
4177
1697
1489
1753
55127
967
577
983
4261
1091
67
631
981077
8167
2003
3413
74021
1097
103409
61
983
10267
7681
3389
1427
839
509
227
283
31
295727
2837
139
353963
586711
101
139
659
349
246889
19219
107
5813
3931
450067
101287
336157
203353
1097
3079
2039
137
285317
2467
317
4547
68669
18341
3919
521
16787
43
1291
2357
6113
31699
140111
254329
43
460907
5303
3511
121867
349
163
984707
2591
48787
641
2221
4909
4243
33037
977
157253
643
79
15131
14549
349
1973
1171
71
827
12583
4943
5987
433
3803
20903
48163
2657
13331
135347
283
22283
617
5441
269
1019
250703
5659
83
73
900593
863
19531
409
239
7349
102001
83443
11483
139459
1483
15937
61091
157
35507
101
59
1237
1787
73
2099
389
94847
487
563
9311
331
788267
108037
1229
53693
193
26669
8693
509
199429
1013
14891
823
67
521
1459
165703
2459
11173
1619
166919
533693
73
359
379
219683
1423
1721
241
7321
33757
231677
25867
5323
691
17021
317
80177
922067
62047
83
302273
5347
38791
1439
107
271
59
521789
1367
1327
6073
397
77713
2357
2381
59
2503
186379
2707
43
953
373
50593
73
586051
71
328249
197713
83
733
181
1381
14293
367
14737
35797
1499
311
50261
883
30577
3877
8581
4241
103307
1601
331
70529
2011
509653
19
37483
61
24443
139
2579
353
13499
47
57301
11551
17
433
503
173
15277
1399
163
59377
481181
661
2477
1409
3797
401
19477
223
129469
1931
157
3001
47
997
73
251
269
5
209459
10253
19379
151
983
607
1283
107981
59209
49639
8539
6871
3299
100853
127
139
262651
43
79
619
379
1223
919
93139
83
1291
13099
241
446273
181
487
181
229
947
181
33827
251347
47
275159
3709
733
797
67
53
29501
317
126097
443
14557
15217
583229
349
907969
502543
325571
88789
4919
271
647
157
1187
113
191
2137
1609
2203
821
69997
905329
283687
347821
50077
743
1667
211
625169
3541
7211
27367
3823
196907
180871
211
49297
205589
425329
559259
1123
5801
899779
1171
1229
2647
7517
877
79873
2551
1381
37
1979
1697
839
1951
5807
25321
2309
55117
7523
245771
79
23557
10333
613
323377
8893
349
2411
376793
523
268253
108233
6547
1987
302143
8563
2203
75511
353
57073
47
2003
13421
601
157
1289
67
883
316189
62057
19
4877
680003
1621
4493
22963
229
15349
997
173
36847
28081
4733
19381
2027
127
7151
193
2251
97
70709
3037
142591
65809
283
33113
293
313
583249
1723
40829
16567
569
383
4561
367
1049
1319
103
20201
32771
17
173
277279
6287
11251
10529
26839
605609
241
251
16349
2113
2393
2017
257
167
491
2753
144593
13
4253
1753
1523
229
7331
162739
7639
17209
947129
2551
419
40709
109201
947851
527179
9067
547
1471
39019
30059
131
317
49109
839
5023
4177
127649
100379
757
2393
7759
1759
915041
1997
1237
201049
467
428759
455681
1997
66301
865069
913139
389911
39439
2333
69431
137
41
23039
70393
199
1223
79
44357
2963
251
431
643
859
167
65983
941251
977
107
134609
239
807487
37813
48413
59791
415187
797
1999
71671
192391
571
486179
151
53
1531
2309
521
12539
44111
613
367
7079
64621
7561
103
367
797
4639
37
105533
16747
919
4327
230221
293
14621
1889
27253
112577
223
58921
212467
331
19163
249737
1789
757
5569
653
9787
73
70627
727
101
181
13567
1933
149
63073
1087
563
5231
19813
419753
499
59
2687
15101
105701
787
41
11909
3779
37
73063
122053
10139
16067
947
349
547
239
14221
109
173
68879
401
149
1153
81001
327923
39371
31237
109
482243
21803
253063
3253
1289
3583
8609
1091
509
523
133633
2621
307
673
653
127
103
8317
953
725161
750803
311747
263597
24877
13907
683
149
16787
1129
415273
10313
3323
5351
3449
647
46567
25693
71
61
2287
21139
167033
112787
1811
557
118457
88817
563747
189817
556607
983
32717
204019
45613
491
1381
13999
33547
2473
186229
61
191
2161
14851
5231
389
16381
479
475351
2161
61
1847
13007
36713
3881
2957
503
147179
137
130523
47
857
1087
16319
151
577
366097
47
653
31
202693
32237
7937
983
227
607
16369
188143
2243
948557
41
3181
39709
337
601
367
3821
31219
3637
97879
59
8123
59
10709
390101
4583
233
319057
4451
3677
2719
1801
1483
19
7333
71
139
912391
229
300733
5237
2333
971353
811
367
211
1279
149
523
61
79
4013
283
1693
43
733
521
9103
53437
661
4013
233
421
36767
101483
139
5281
307
839
203843
571
206749
89
15541
647
743
569
380141
17
99431
433
2099
13291
5407
239
3613
31
661
5281
947
23039
257
719
6947
68539
31
1063
23
4723
3637
13381
857
49739
92893
2039
1693
3361
4231
487
2113
36313
71933
83
67
41897
1783
1171
397
179
1999
1409
7933
619
218419
191
43
3169
29717
49787
19541
43093
8501
73
6829
20483
797
1621
49463
17189
983
331
367
1627
309079
349831
124489
67
4127
571
3593
7
61
27673
67141
95731
2999
112349
1783
1373
836063
2671
73673
14341
218453
25951
509
2819
859
332561
182279
211
2753
37
4349
564617
37
61
101
1019
10163
107
271
19
547
21943
4007
3863
641
8893
881
48313
3307
1637
1861
246947
211
499
47
83
5711
7591
368743
1319
30307
67
3307
5003
1811
83
364291
4729
991453
891593
37699
17107
619
15091
10979
509
14851
59
22091
191
150223
983
769
420997
523
6067
149
1259
1721
389
2663
244721
262411
16811
1069
443
133979
97
4673
2251
41957
139
43
73
109
68371
883
30323
49031
71537
7043
734143
54833
4637
229
211
81649
37
9887
103
9323
131
281
4219
4657
1093
2287
79
29
73
249311
53171
11933
6337
223
115459
6257
647
101
919
110063
3067
33203
947
173
1109
109
107
1129
1997
4297
13
1093
244619
905719
4013
151
2539
3557
138937
94433
1993
6043
51341
1753
145771
55819
977
859
2477
113
151
1193
757
109
1223
311
454711
67
2053
607
677
541
857
9739
4783
197
28517
1361
317
1709
647
761731
1193
3049
20483
45233
263
4789
12923
1303
1549
593
23
870461
223
14221
101027
66137
349
67
47741
7529
3919
433049
541
281
84697
7907
5693
5437
349
56509
179
6863
41
2593
2657
560173
15581
151
283
1093
75227
4001
17
86491
241
173
33569
29399
2699
238181
173
37
17203
977
116437
66403
773
1223
2339
3769
1543
408923
9227
1301
24943
65599
1901
25037
227
521
1229
883
19069
439
389
47
18061
1093
57991
263521
347
5
144751
239
199
1721
521
677
127
919
1933
643
163
3329
255757
397
109
157
845347
5171
1093
1021
1949
52249
8117
79
282409
82013
313
1831
283
168211
499559
30113
113
401
617
11579
8861
223
61909
919
2269
29
911
6089
997
139
6977
683
383
3697
17989
46261
3061
12203
421
1571
451013
6653
383
1471
1999
90997
967
15017
83
6257
739
35317
9323
43151
8179
179
383
389
1801
3313
2917
109
2477
353
2377
313031
47609
706523
37361
5147
1381
521
477991
70373
8933
61031
121637
38329
24443
1187
102293
21499
149
337
431
86771
628097
36263
39511
43
769
3313
2593
347
593
33377
347
1423
1249
211
907
65617
419
769
127
827
32009
839
9067
76907
34261
49117
263
439
1117
97
3
197
59557
416693
103
79903
1933
111611
67
71261
6397
39869
73
601
89
97
155663
709
1249
71
20359
163
187163
26953
79
29
167
4211
47
1109
47
2393
279131
239
1489
41
89
557
241
673
27197
3191
61
3607
2011
317
19267
2069
683
653
3793
41233
571
449
383
73
2111
584011
1613
757
20393
300721
121579
174917
5527
101
313
2087
119101
676241
829
7309
127637
269461
1543
1993
347
34537
357281
488617
109
74509
57367
1249
277
173
24473
479
863
97
733
385027
2963
683
5827
155609
50647
55381
1303
43
1621
577
443041
23
5167
59957
122081
503
89
643
17789
911
423541
101599
131
47543
1571
2383
1117
263
1693
4019
29
2383
98909
970201
4271
5857
2957
401
6373
113819
333097
96799
45007
1289
216451
168043
30389
641
31181
136273
173
101
5791
371669
119233
3011
281
15361
397
12073
157
1567
211
10711
2843
311
1163
7759
24841
1487
41771
233
211
85429
14251
1063
892933
373
907
513103
3929
197
1669
5023
3499
1609
308519
23293
1601
401
89
32713
353389
90703
29
16787
37991
40433
83
103
641
37
611081
3929
739
76487
157
9857
673121
367
31
199
53401
7057
6673
7547
673
43
4703
69809
613
4721
359
10513
907
13
18539
47543
23327
121937
370793
51137
71
1627
19477
113
2711
929
571
127
231293
2591
4447
4801
199
6247
113083
15269
1217
35099
1823
635729
751
47
727
1987
307301
3299
151
17
79
13879
55787
457
346097
349
37
181
313
1567
133979
2927
6607
1009
19433
3637
2141
4993
773
101
8329
9533
229
283
67409
4099
97
101663
7481
6007
245527
1607
887749
227603
42863
109
1367
202823
13921
1061
37699
26729
12109
2897
543253
37
1879
773989
443
11681
17573
283
37591
757
64811
383
101
8221
3889
347
4157
751
1571
332039
997
284269
976483
3209
117833
10639
1777
59
2539
4523
283
107
42407
67
167899
373561
37573
50581
47
428843
347
130349
27283
34061
47819
29
79283
456427
215959
4079
63487
727
67
2267
1297
910031
12541
233117
2447
199
34361
653
104297
867413
227
51647
4127
7433
5393
907
9281
73
24317
5861
1427
36943
922457
451547
53323
317
46327
463
23017
536023
45589
13037
89189
150769
23
9787
6421
371453
202753
60889
59
73
1151
360421
907
233
12799
4657
1913
43789
101
433
80923
179
75079
107
223049
12113
78979
3251
8513
173
103651
89
3187
2221
181
31727
103
475973
263
40543
277
1123
311
239
773
3163
529657
5683
811771
10273
103
65203
149837
1459
709
2441
449
1087
4423
113
104849
379319
73
61
172351
571201
209861
471253
1129
821
37
395491
122789
16361
6997
13553
3469
200383
182341
27103
3331
1933
6037
643
1861
18749
209371
53
257221
149
1663
28429
8429
1579
1801
2357
2579
103
821
479
177979
131
163
1889
1229
119851
18311
587
6301
3217
653
31973
2819
2293
2423
13001
17491
289033
296299
59
44101
427433
571
109
4937
218459
2903
11213
29297
199873
52901
1871
7243
3539
1489
678901
16417
29947
61
28277
1721
1307
53
199
102677
26321
22013
47
47657
42709
907
1367
181
1307
107971
9319
171131
5413
78479
1597
263
569831
26227
37039
1999
42853
13627
6959
10513
510247
1249
127
877
2381
251
4259
328961
450257
4703
40013
90971
1619
3719
6653
73
33797
528041
163
42433
179161
43613
17491
861613
7877
9619
2971
31
810583
41
928979
151
563
349
3803
7673
167683
71
6263
97
6869
733
103
233
52517
36857
449
1571
27767
60103
733
130079
409
269
8221
1069
138967
199
257
103
67
46439
25541
3769
174487
10613
9241
5051
467
29921
418921
6221
911
389
3631
4177
137
23039
8363
173
107
7603
876191
983
149
4513
41
47
491
457
101
39023
197
4517
216133
227
883
73
233
10037
2797
229
3163
241
1117
181
229
20747
599
911
199181
53
3623
10667
1741
71
317
149033
139871
171043
10079
11447
4391
4013
79601
457
313
313
136573
1249
86369
167
8713
20161
3947
647
383
5
509
10781
25931
799523
631
67
1409
31
221891
26489
192047
23
8821
107699
4673
336793
6311
67537
701
11353
289181
31033
113
30103
167
1583
753821
773
251
33739
84871
449
179
31
1123
51551
13267
3499
2311
66071
243647
13009
7499
433
1373
23
344453
647
22699
6947
71
467
91193
45337
1877
211
4129
2591
6563
29
79
163
55219
71693
827
9323
49117
110647
1091
2659
13397
1201
227
1987
143287
10627
2897
67
198277
3769
331
109
229
317
3083
28463
127
653
107
443
59621
2473
13597
35227
82141
24137
142067
101
682751
47
191
1459
17729
461
5303
2003
100747
89
104759
79
6047
30211
433
1531
692851
839
593
2741
23537
73
373
84913
241883
2063
12277
830177
359587
12983
15121
928043
55949
347
3001
1471
1039
748637
1531
179
489557
27551
521
227611
2459
347
10133
1493
75149
283
8093
109
457
151
595733
89387
67
30181
313853
617
739337
8311
191
241
1523
20357
239
82171
308333
101681
392149
4217
2143
1597
941
337
6577
2503
159899
443
47
16607
46639
337
31699
2689
265231
5443
180241
2719
3331
787
67
433
40433
4999
236573
67
29
10103
191
613
11743
2269
2239
85853
196657
641
209233
65033
111029
103
467
512927
263759
3907
257
29
18593
379
151
3331
37
4877
89
2087
19
9461
199909
151
859
20809
568643
167
629171
184279
7349
36527
342989
1381
947
3203
26161
19541
30187
1607
137
373969
134161
523
2579
7027
9419
367
599
467
1559
5869
643
47
241
4441
37699
149
479
5867
12239
201979
5503
73
163
25447
1427
15733
197
73
305551
263597
4391
62801
474581
373
290531
145259
1217
1303
285199
2591
3301
9103
2063
2017
173
20599
2333
1303
3499
1051
113
12613
709
29881
743
613
461
61
881
14867
11827
101
331
1489
89833
1451
4289
2969
47
251
1283
3719
337
601
83357
293
143281
199
491527
1913
61
43
233
2411
1579
179
223
30319
683
1033
18149
10501
197677
503
293
10567
159437
4733
1831
487
47
8623
5
28649
277
16529
421
17207
229
6199
7219
1567
83
73613
52081
197
131
8623
313
151
12437
15731
1097
39359
99907
75767
6619
3371
499
2833
6053
173
173
6829
3701
307
193
1901
937
557731
8737
81031
2357
18199
73141
32141
839
1607
3739
71
983
3907
29741
1931
50051
577
37
83
210011
15361
157
11971
127
38783
229
79
251
41611
127
7283
181
1879
31
199
17
1061
2083
401
271
10457
887
2699
647
179
659
401
373
337
1783
203227
10273
24151
1181
8543
153887
4673
163
45293
1601
337903
587
191
347
8273
1471
8627
174347
593
127
587
911
2549
13567
653
52529
43649
1609
151
271
127819
16553
8389
1579
3631
233
2657
46769
149269
7307
19
263
452201
131
973279
2789
3137
659
163
5869
193
601
258527
293
233
44381
58831
192341
2593
1619
192191
641
608371
463
2719
696611
89521
11093
1063
22111
1583
8521
977
3547
94777
197
109
157
179
20929
239
21433
367
4973
937
32983
28949
2531
67
2897
33827
2339
11273
353
13127
599
10141
24793
277
613
485717
79
17
169913
211
421
29717
15601
11909
245471
17579
10453
28643
409
2243
9547
43319
16673
547
107
31
64217
599
863
27611
3469
571
577
2689
30103
23021
149
5557
6779
263
56629
4957
647
38447
37
521
701
2767
97609
271517
229
1367
2803
16319
1559
299743
12203
251
4337
73
11
12743
379
513943
53917
11093
35593
401
1093
1901
281
114913
48271
3581
20963
3061
32561
2741
23027
1907
107
2017
1061
89
8831
5413
1237
479
179
2131
7433
227
1979
73
563
23227
133813
487891
7
10457
15467
443
42013
61057
48121
90989
443
6599
21467
131
37
773
4969
503
77527
31
53
6449
86413
773
20507
1021
643
523
14717
79
235493
333439
1123
72689
300673
1429
2789
1741
3433
151
493877
41
3529
607
482773
2731
358279
857
797
67
577
1933
68611
46549
2777
19
79
270953
193
7487
107
4937
1753
277
613
167
953
101
62627
193
293
397
179
27091
11981
733
2417
9491
34351
631
264071
27583
509
1237
179
3863
127277
246119
525209
89
20359
199
46301
22543
907
3313
307129
94723
5813
31
52667
171659
139
5107
60251
547
1013
13967
1549
111467
1063
79
7621
4637
1889
91397
268841
181837
59
617
30103
941
1289
563
26573
5521
593
2179
30727
367
19
5399
545087
784313
2467
18287
75223
853
19477
421
107
191
36877
863
6199
911
145679
647
281
26251
17
270701
21773
2137
131357
131
31481
79
523
619
3463
431
1381
103
2297
5861
2081
443
14779
79
1021
272917
69389
1051
34327
3167
264659
719
5009
41761
86269
38567
25229
797
129313
727
251
444307
383
2311
20599
601
10301
227
139
4337
137
1601
281233
191621
43
27701
8929
1297
22283
154087
1373
503
15643
20959
33347
90659
13103
3943
918899
279121
523
56671
65309
2447
257221
132623
131
173
261577
2791
28081
25601
39199
3853
85439
397
17401
1709
1103
92111
38351
79
315409
160967
193
5107
1019
22279
124139
173
2309
3467
8999
161543
251
1997
318737
397
4079
883
19
821
142591
32831
15749
61
191
841741
3049
66587
601
4523
71
73
19
181
11777
39883
2467
359
37
81293
345547
103
43627
27527
479
3011
795667
4783
1163
241
733
9697
1867
51899
3433
24683
13337
3989
6619
1103
300331
47339
71
197
2131
44909
19
359
26683
1117
3209
61
1201
337
100801
4679
87833
33577
365507
2687
229
4253
172307
521
2693
281
983
134639
16759
376039
337
3677
31271
673
90533
18217
162391
4583
311
79
197
3701
359
4649
843781
10159
66973
50497
329267
15287
19
491
2687
2357
4339
101
739
107
12527
429277
51581
761
230653
33359
18637
150011
58417
919
569
135613
509
116803
29671
3301
103
11
383113
607
17491
660103
14281
41719
497491
264619
3527
61
822541
443
717109
39937
4729
1531
53
233617
233
2039
43397
673
10949
131
211501
73
170701
23557
34871
440903
263519
223
198193
8269
6703
7591
3547
271
331
2539
277
6563
1697
887
297833
479
54623
269
373
1033
57727
2861
113
2729
193
7411
39023
593
733
171161
277
20789
1283
617
71
131
4507
5689
77101
759089
474211
1181
191
8219
335281
7411
215179
537413
607
239
496459
449
104711
1327
38261
16927
1319
1933
14149
827
11783
41
37
571
97711
6911
233
67
27883
555251
7103
297911
55217
4231
47
1109
94543
81967
467
182339
683
617
137
1213
961663
938347
20249
331
35291
503
23
61
5647
283
769309
971093
41263
64063
6947
13537
5393
179
283
1321
190807
2269
4091
284429
4909
9419
397
1013
1483
1613
2503
29
10957
531871
446191
145253
361093
205223
97
9437
89
821
173
137
844289
131
139
349
19249
359
2179
17
47381
103
1259
5479
233
15329
17207
13883
877
67601
827
139
1487
59
359
16937
3319
118259
453877
45061
313
781369
20411
197
106291
457
1627
64333
17573
86083
193
11617
81371
3319
295319
20347
163
2087
2693
231443
12923
3331
68399
1277
1103
10039
930977
6163
523
293
1459
121763
43
4289
1439
1483
631
2153
2731
107
637691
23
727
167
389
1297
34259
367
823
995273
1993
3947
8737
79
1019
617
6329
3253
219059
213029
14939
6857
3673
115057
593
97
1097
57593
23
68899
179
6143
46261
787
10159
31259
3499
641
257
2657
1471
397
118603
27961
1361
211
89897
8971
263
4643
1279
6337
757
753611
29
37591
873331
6907
56779
137
63313
95239
8863
347
431
24749
929
360007
73
1103
1811
1429
63617
173
14843
659
103
109211
3449
4159
257
186871
93559
96739
947
139
42703
732713
3547
160081
125803
11069
2003
211
9007
5197
80683
10459
71789
677
2221
773
235307
47
193
63317
5209
222863
613469
1597
186727
667417
9479
18119
61
12197
1889
283
281
1663
1171
179
2969
523
15287
187699
4289
116927
71
587
5021
361807
5399
47857
53
27701
223823
1723
2909
19
93479
433
835451
73877
1823
276209
59723
839
107
653
53
563081
341927
1783
4657
38393
154321
88993
915301
1229
179951
4969
234259
519487
673
43
75617
24499
5557
1723
271
88397
737411
769
233
19381
21499
18713
1019
65519
359
78167
2803
617
53
1301
1481
2221
293
79
431
2549
143413
199
24977
1091
31511
28687
1471
1721
773
907
283
19763
1213
238681
6389
89
10091
1423
2591
53
122819
719
870367
29
593
3257
5261
257
3229
2113
96979
607
1193
5743
104933
9343
409
12487
43867
709
28753
260677
1559
287173
116047
817867
541
131
3571
1153
641
829
21341
1123
35963
3863
27689
29243
1259
1021
89
3491
67
109
183509
8171
101
38711
6679
421
46441
15013
587
1373
23291
389
142553
26699
2069
97
251
55117
103423
557
239
859
163
32503
131
73
2053
1151
1231
593
457
73867
1699
16661
619
1453
53959
1031
251
3469
15581
435583
52951
14731
7159
131759
766321
1657
25747
6661
1993
1303
9649
1549
32069
7841
10273
1879
79
317
1259
359
317
11393
7103
457
9377
102317
656561
293
3709
3359
4813
20389
11113
131477
3389
212969
7877
214021
7159
41
1733
3929
277
43
114067
10723
26723
821
32099
162641
20983
571
16661
169243
1237
193181
127
1031
179
35027
19031
757247
5297
38711
21187
35593
49823
439
107
152839
1609
6317
33569
19
367
673
7681
142871
229
617
811
67547
463
389
40289
257
71
9043
4013
18169
193261
16417
31189
269
26903
376171
1201
127
106319
395137
53
18181
44777
55219
367
661
64997
24877
137993
231019
227
42187
7951
977
53
103
161047
223
85847
150001
1109
5009
61
12329
26347
2731
614417
95617
107
271
28663
5591
233251
127
71
1381
281
79
2113
317
418637
709
17
2293
372137
111119
5261
239
11
5839
271
406507
32801
29753
3557
977
47
4993
53
647
31643
181
3593
3733
612319
109
63499
79
758579
92237
6037
82189
298621
29
1307
139
48821
4903
149
7699
61
3617
499
8467
233
419
675827
283
414899
201101
115861
3833
7481
4759
227
73
733
4919
4231
233
124693
10711
349
236519
101987
149
367
130369
2971
176857
173
579199
157639
659
347
151
239
283
5591
227
7459
66553
1579
4217
463
241
113
918103
499
14411
405767
487
41
911
23
1459
214667
113
9907
5483
7043
18461
3259
5009
389
2689
139
53
6451
37
269
1217
353
1549
557
502237
2659
461
137
211
547
361973
383
173
601
21341
11423
1277
24859
439
1427
263
18451
137
137
14207
577
197
1873
659
7573
157
384367
3449
148439
47701
396379
137
4057
79
213943
4451
71
11827
10331
228577
89657
11491
3853
10337
97
38273
11831
67
197
181
47743
217207
95717
71
2473
25127
251
1759
37189
49627
109
661
94811
199
1879
438001
857
1979
1511
401
116201
120103
76963
45677
180241
212777
4177
79
651293
178627
11369
1483
890969
19421
3011
571
103451
597137
239
714029
1153
4019
10093
25847
1123
97
136889
401
3119
2683
3517
727
2393
3881
877
601
105701
29959
463
4691
55589
32587
43
37517
137507
6151
317
17231
1459
160933
913421
2689
74779
997
43
24781
688087
2671
3631
6301
1103
101
953
113
829
659
103
97
4441
1289
509
16069
6397
15527
73037
463
1319
109
1031
101
160997
523
180001
97961
1031
283
2711
1627
607
887947
977
317
79
4861
738163
59
53591
267373
5581
311
113
10139
809
213589
2221
69697
15271
311
7639
42391
353
53
541
24097
22669
12329
73
2269
281
163643
100109
313
200909
5419
5503
49529
65141
186869
1669
557
199
33931
169627
83
41
150193
2953
223
31649
157
521
467
401
3923
125131
307
577
373
155047
601
1327
326549
2081
1297
149
4517
81299
83431
233
413681
15277
25261
16661
59
191
21577
82891
4091
2111
97373
2969
21737
27749
701
23899
3449
1319
62327
294799
313
3331
10691
530447
10139
179
563
89
107
232901
7507
303931
12511
59
2089
1301
1549
585677
2731
40039
333713
191
919
279407
29269
373
3583
90313
181
817951
1187
847663
51329
2137
680353
5981
23509
119689
499739
99439
2239
104773
15641
8431
953
183509
12791
9433
661
397
31
2741
3541
89
147793
8893
9311
43391
1217
2633
167
94823
219677
863
197
2927
2153
11923
2789
661
5431
347
311
509
1777
347
151
397673
421
347
21433
19889
6871
991
65287
811
431
4651
151
37
29
10211
311807
463
967451
427619
67
193
70297
112831
52639
60689
139267
388133
28051
274121
599
40973
373
3361
619
4759
2111
3167
331
2347
1201
1021
67
23
19
337
1117
157
36083
29
11927
806369
109751
8741
1231
281
115901
1163
27109
1021
157349
3061
5779
181
54133
113
71
67421
89
257
48397
36781
2017
457
64901
327827
342421
15761
15401
283
24671
767747
2711
1237
2081
503
607
3271
523
9907
953
179
97
617
13001
1901
56171
10631
103067
577879
839
312673
38299
643
10453
16487
330331
3793
5171
1061
10303
18539
503
113
1823
877
523
173
1459
225871
1777
857
461
569
335033
19973
1753
409
197
4091
146359
107791
109
467503
263
26813
811
1619
14669
1487
82189
113
89753
69691
202393
943097
433
1447
195743
40471
269
586387
2389
232409
23957
79
337
241
3607
3389
43
1181
353
3931
2621
4013
19141
229
7517
179
83
160751
284269
409
199
795727
919
103
3067
10529
4513
5849
997
3049
257
3119
76079
263
227
7499
128663
193
17203
671471
2053
4243
487
151
113
1307
267677
1481
186283
487
1117
928927
888451
1783
3389
768589
443
293
65171
1319
182387
30809
7411
17
1213
83
3733
571
163
389
769
773
707071
211
2377
727
56929
37811
557
61099
191
1873
152027
79
20477
511859
113
5417
43
4801
157
881
3989
491
1373
1153
176047
241
28219
229
44263
1433
101
131413
96079
44269
7193
103
116141
397
8293
41263
3851
15671
331
127
367
107
109
1069
271
6869
8647
709
242441
1489
1663
3797
795161
1511
56923
1097
1669
3019
3251
2857
1693
22621
337
1777
193
155627
163
379
6547
503233
13669
4637
29
563
761
703711
293
991
176243
4793
467
389
1471
60901
1009
1201
107
4001
95327
3527
4987
1429
401
1217
19259
178307
359
11821
271
7561
373
1039
443
419
17
78803
293
99431
331
19777
827
803587
31277
547
941
1297
3109
2333
2797
40577
67
36919
59
76603
269
3929
65707
23497
151471
8009
83
33911
197
1193
211
3779
643
479
24317
72221
9551
39119
151
58309
131
67
358973
12829
14281
67
2689
46751
761
22447
14867
231223
18251
66179
415343
241
103391
53
1901
613
47
1367
1327
1279
3469
41777
2887
6089
773
1217
467
890531
473009
7541
1823
311
102433
2609
67
13463
3217
67049
1231
580357
1801
12911
2647
70991
4157
117811
797
134227
3539
691
787
54727
12343
467
2141
8681
472411
5059
97387
191
22973
587
11467
874919
10463
621883
47057
3019
195991
251
839
213973
29
234467
106693
173
1973
18839
1873
29401
27961
90121
1277
41597
13
643
129793
17783
10463
11321
103
877
593
557
48817
16267
409
65777
3037
7901
40577
412571
313
557
179
2221
54037
193247
1693
79861
2927
82903
467
331
4733
47
20047
1571
67709
317
2377
2269
227
881
1103
78901
1213
83
883
61
1039
743
38639
907
453269
473477
264029
1091
33487
13
133979
431
157
107
547
101117
3037
181
27919
10067
3299
379
500831
511963
480461
179
73
16139
57727
7829
1319
27253
79
263
257
743
9767
8581
3947
810809
2753
161059
907
387397
29
9199
57559
9787
61
53
73
1759
163
709
139
882551
227
7589
733
56101
11083
709
42223
1637
59
972263
195457
199909
359
1627
4937
313
7727
479
2531
12253
6841
101173
856811
5861
28559
877
22811
47
7309
263
39979
242999
337
317
31649
22271
696077
839
191
852833
89
47
47
179
997
30013
20719
4261
23
34213
991
1801
683
5279
18787
100469
8501
34351
103
671831
523
457
11057
2029
8521
1733
67349
2113
624791
138889
929
37991
32797
4483
521
89
661
1129
9043
619
5711
47653
514057
54503
367
14759
260581
147517
601
107
17333
641
29
53
881
1187
2011
1009
433
4561
5849
157
22697
2857
109
55469
109
113489
827
10091
463
76771
613
251
226367
1093
109
317
179
11689
239
281
51203
1321
572423
10333
1429
3169
421
971
61
8093
1949
52051
1117
211
467
2789
61
59
56533
23
293
5867
587
3187
6269
14107
7603
4561
1867
2797
7459
102841
1511
1493
641
521
4297
101
27733
409217
719011
4111
61
10729
2011
194813
39359
2179
41
2161
124021
480019
479
12799
337
16417
74287
73
1307
4919
49523
3767
132541
8963
16183
397
1049
109
43
3851
197423
8707
1481
305663
401
93997
361877
7
36187
24121
6257
761
6841
991
102103
271
13901
21001
709
324073
12911
29
37123
37
659
440677
4951
2557
29
59341
383221
491
220471
4021
4001
83
79
113
1217
151
43
17467
38873
131
51329
3019
191
127
233
257
113
483727
139
71
20743
540079
6301
7879
829
70867
173
2011
2731
4073
151
191
8231
76777
211
257
3623
1237
124199
131
733
73
2143
373
168869
227153
208697
241
311
419
61
8573
137
23143
71
859
457
13913
33223
167
1049
56299
47
173
179
307397
78977
1483
943637
577
79
4051
1061
35747
311
379
139703
881
1861
647
40849
61
68543
3733
449
19577
53
3821
4327
18947
4057
2383
1627
227
268297
398557
41
17
5233
33623
4951
1021
15269
619
233
103
23189
227
2677
7723
479
491
4783
6737
9623
193
91033
337
206603
347
5783
3539
89
171467
241
28111
193
283
751
337
1279
13691
1759
577
253553
129083
20507
181
263
1093
73
1489
691
2857
61
1163
491
175621
444167
1997
109
829121
20071
17
704009
133201
619
146677
27011
68743
5227
367
83
761
107209
73
208931
26251
113
641
1481
1249
3673
122849
2269
37
3271
4567
57557
181
67759
27941
5449
7
150533
107
4673
151
13721
761
467
6781
2663
1907
5167
53279
311
71
20183
8423
601
431
66403
283
197647
157
129533
227267
269
60649
587441
160541
9133
1811
6217
40433
739
2767
73277
76541
10039
13007
773
73
2671
168769
391067
71
1181
247799
26189
1039
941461
751
50359
81671
40709
71809
17021
127
359
593
613
660157
8389
283
199
563
311
925073
197
7933
727
73
2437
1187
1009
536779
12289
262583
693733
114769
389
937
149
10163
379
79
12899
30103
661
22531
3169
4327
6619
89
1861
11171
1091
4201
541
61
599
20183
58997
53693
1907
37
5923
67
449
117259
122443
223
2087
1103
283
1747
71261
503
227
1877
2749
62591
4027
2473
29
199
87509
794831
523
1487
73
28087
310931
1229
30941
41381
271
457
59
70067
677
18427
173
29959
83557
1483
106721
15641
104551
983
499
7193
4241
379
1721
101
1601
10133
103
449
9967
577
477637
1511
1051
887
746903
71
102607
12401
454229
521
1601
7457
164363
123637
67
834311
9161
283
229
349
375163
1697
487
665299
859
521
4759
40973
1291
34213
15959
2467
101891
17
120823
18307
435571
4153
8263
19
449
1459
1063
229
131
478801
1693
14621
267749
601
3089
753859
41627
151
727
105983
85819
203591
81647
8447
223
1693
372689
53
433
197
1223
7559
3307
893183
879679
2113
367
563
197
2749
221327
461
6397
32141
35089
28109
673
47351
3449
17
13691
165457
67
73
757
25339
1069
676493
599
4391
71
547
1279
33857
19231
346649
24109
15919
70457
1907
409
223
997
331
197
101
97
1423
12899
787
1709
1009
21121
55579
1321
144511
9461
21061
151643
42221
4129
42491
1009
2437
100151
1669
107279
10973
367
20183
183973
113
122279
872227
844247
79
8329
474443
96199
2749
61
194149
773
4813
4271
3313
60779
661
5437
79201
337
89
5923
991
17021
101063
9619
630263
71
1447
659
10589
16759
313133
401
134489
1109
89917
17377
41141
6389
631
2243
221999
391847
9833
117281
1783
2029
1583
16547
433
102761
97
14851
47533
1109
54323
20231
89
1741
12641
178807
228061
307
251
936673
10037
31139
21757
117191
816847
103
23497
283
14009
63607
13411
43
2803
997
40829
269
353
357569
2593
1693
6959
317
151
109
1697
179
2297
1123
197
11087
1039
3797
3359
137
13249
423103
7927
2861
367699
181
139
431
2683
42043
2411
983
2063
241981
353
373
283
109
613
71
3323
509
4649
13931
3389
29
599
86197
134129
871789
1933
15259
263239
2659
669371
1303
23509
130693
1163
487
5479
290447
349
1609
1129
61
557
4327
137
27077
176161
10837
492013
1063
491
463
257
451897
6203
24077
56921
276827
257221
2357
106531
73
181
418601
149
11483
4799
2731
73243
29059
1367
883
1021
409
349
22303
431
23
4889
9931
43649
9157
153271
502631
9461
64499
21019
276629
151
3301
60647
4547
631
2713
863
231799
38707
981139
63659
81929
219407
119233
208309
613
1787
1171
863
941
17749
653
19483
5399
2851
38273
193
2143
135559
68903
23
5077
113
139
211
3529
1879
7417
15497
5443
313
12577
31051
62981
13063
494803
103
1201
277
13763
509
563
1303
241783
53507
4639
353
7043
401
281
228211
30427
137
12289
241
547
103991
19
9817
211571
349
65357
92671
13469
25117
167
6163
307
64879
311
330697
5303
1213
587
59
2707
135743
241
1399
389
7
173
254491
293
571
1063
431
739
229
59
640219
463
303679
3527
2557
433
157649
569797
2351
7841
743
37
257
89
587
4973
24919
25409
23899
495109
997
26633
22691
6967
229
672937
83
32611
78893
32119
46807
59
1459
3697
193
23
1487
2179
244463
41
31
3203
61
413089
4003
55547
7687
313
17
2251
317
26879
1231
7013
1571
967
313
24781
2693
155167
12821
1801
881
19
20399
55547
245291
1733
348253
499
811
967
10831
142193
3517
965249
72707
7603
257
823
116113
421
991
163
35279
587173
393637
26861
37
2797
13633
193
839
1613
1097
22543
6247
1051
223
3659
139
109
3251
727
198173
443
30089
126131
163927
233201
9199
34961
3559
573787
167
851831
95471
15187
1097
61
7717
647
23
44279
7487
1307
677
26083
1123
443603
271
257
94321
36713
829
421
67
11443
313
523
20983
78787
13751
84481
607
457
13043
24083
7537
193
1609
99347
101
59
1279
3089
1399
75239
138247
2903
86861
607
1447
3559
181
17047
3457
46499
71
2971
4261
34949
11159
7253
193
2099
13151
6389
51907
1487
881
16087
88951
1373
929
1153
733
3251
107077
509
263
917209
16187
4253
17099
103
61
8011
3391
373
353813
754751
811
283
769
172411
5039
120929
2113
401477
12149
569
25903
1889
238463
509
421
33029
70529
617
283
71807
4259
20393
1607
193189
211
892763
269
104233
2089
823
12539
937
301319
1553
27077
607423
937
167
421
234239
4019
2621
257
1091
107
359
7
800357
281
4729
277751
239
396983
631
159097
307
661
1249
263
1063
3257
716399
143159
123853
181
227
115259
79
227
65713
7333
14957
1523
1657
1129
19
114913
35617
1051
937
491
3251
9697
55819
316291
569
47
41
14321
653
34949
563
79
14723
9311
527993
379
167
853
4363
743
5039
16871
2459
229
241
38501
6581
1481
199
189361
223
521
32887
243311
137
1087
2027
1381
489157
115499
137
8011
394019
168913
13933
67
137
2143
122323
123479
47
14879
9227
21997
773
15907
660367
59693
103
953
631
33329
24133
971
17
41
2833
4663
617
1559
20743
54167
16427
439
24793
2843
3011
846359
409
2777
223
1429
6133
1187
2503
157637
99923
223
6257
4957
9467
61
3169
6473
3673
458069
6389
4967
1259
74201
773
853
70529
1091
4073
263867
121021
397
45181
701
8069
828523
27361
269
66271
463
9497
91249
5531
3
7129
8317
79
36269
71
991
3607
297623
463
68099
119311
1523
20849
647
15937
65557
407299
859
109
168743
1063
57689
19
353
18743
1721
31
90847
9049
67
113
21937
6779
65519
521
5237
1787
379
4603
31
1613
173
467
13127
1013
193619
55807
883
673
67
5867
4441
101
322607
5233
119417
41057
1553
21139
151
8353
59
673
976447
3271
78607
5051
743
299371
31
59407
13781
674099
5209
200371
93151
1433
745141
6529
51263
16453
64301
137
17041
373
87793
307
954571
6481
563
439
719
15907
223
15361
2137
2687
437149
71
2053
30029
73
863
1489
137
44417
241
8167
331
9161
37
2131
233083
1013
1549
227
107
20269
497491
596863
127
61
271
115223
30197
670031
53
463
46757
217001
199
27457
2179
167
719
6949
4799
169373
206203
241
177949
4999
2903
73
111697
5233
839
277
331
164279
109
5167
194017
109
809423
25903
31699
6073
2791
4139
467587
7757
61
98627
3137
967
337
631
22367
381019
877
227
479
3299
30313
449
176153
125887
971
14669
1039
16421
66463
7589
7187
199
908731
97
79
56239
1889
769
76471
709
70753
84559
3041
7369
8291
322139
12269
56983
127
263
9601
367
18973
127
3911
557
649849
4297
107
33871
51521
53
461
6947
9931
383
14549
14771
12161
16649
12491
1931
146603
330587
102043
2753
743
383
838583
197
823
562021
9109
1607
4643
49037
20107
431
10433
1171
419
593291
1667
1013
331451
342101
277
1553
686761
101
2521
3079
233
1181
2741
61
13499
269
479
7331
21001
1543
93089
139201
181
4003
5749
2411
137
202987
19697
53629
1231
60719
2687
257
5981
35053
613
619139
19997
89833
1181
569939
30773
173
541
22637
263737
19687
2801
10223
21613
661
566737
263
81071
205357
199
709
10037
162917
179437
151
83
260231
1549
547
88801
186889
101
373
2851
6691
29167
20479
104369
331
941
73
37049
74707
341863
2399
11519
116537
25609
13219
912559
126949
17011
5171
467
883
1367
1093
40961
379
3229
13477
2971
617
5279
757
251
3803
827
37649
28349
58579
7927
1429
1103
188189
953
131
3701
6983
64601
47
829
607
12143
23
79
33037
109
326617
181
8363
60497
74219
967
307633
211
68947
1609
39829
1031
168893
8089
10501
17341
48197
30977
233
149
47
137
241
678133
22129
266681
5399
3739
881
197647
631
241
296041
61
673
2027
19597
947
1597
44281
591847
3833
2903
9859
38177
1279
571
467
36929
853
3571
1783
4783
19
53897
59
103
25321
10079
223
5197
167
257
2659
36637
569
2347
619
18133
2221
83
4861
3529
159763
449
97
5813
397
89
138917
599
193
46807
6857
3041
7109
328333
69997
128969
733
2267
541
563
271
823
593
797
57427
565013
14657
10357
4337
127
384253
53
1699
776879
54629
173
4933
97
715171
43
45439
691
121229
37
18397
23
206221
653
168353
75703
244291
9227
277
6329
479
298201
11587
2381
281
6733
2851
13297
19853
2663
21611
136501
612869
43
85577
176369
109
17807
103
61
19
35963
4073
80789
58243
7253
953
1759
221311
937
67
113
613
3067
59
70867
1201
3529
106591
41263
197
73
4201
71
144427
20183
3659
359
199
200579
283
608851
21491
203057
8831
541
73
677
229
107
129581
139
67961
8467
347069
955967
1543
1381
277
17
547
109
43
9677
389
5807
2179
2833
20509
75083
383
786017
2141
3109
5503
57679
1499
28031
3433
293
877
189479
6619
193
137201
65327
271
20201
19423
199
1489
5531
23
3547
7681
19997
18521
68023
317
167
90191
197
31
36671
9697
157081
401173
335681
1459
235849
5653
4099
257
1297
481409
277
347
3323
2917
397
685231
1289
66977
42017
1153
118211
224569
109
32213
278063
2309
47737
223
607
258691
3137
607
113
196597
449
59029
1789
95429
22111
1427
451783
3329
3037
1619
3631
94261
6607
1019
198097
428809
72719
5099
20389
103
23
8147
181243
1031
421
51413
124459
205967
308929
15349
5351
73
1039
6427
277
1019
31799
5857
28879
4127
776183
463
104761
4513
17299
24859
677
61
1249
522167
631
1129
503
7307
569
1789
541
2777
3931
97
449
137
857
235513
16361
11437
2633
139
2081
379
251
191
28669
68813
2539
739
129113
107
643
11491
32057
3359
433
14783
439
3929
15959
171341
179
131
373
3301
947
12479
1153
331
269
2729
1747
232751
860701
359
455921
11491
25579
209299
11897
72907
281
6367
911
3797
50549
2113
5557
457
16657
991
1097
20173
89
251
1471
87119
7043
103
8011
117373
751
919
563
1163
409
14851
47
11047
71
5273
90529
1801
821
59
111871
47
41161
160883
569
101
11839
934253
61631
5209
2003
229
1217
12589
239
179
15233
3821
3359
28151
53
17807
2591
191
238321
3359
97
65479
10193
354469
72689
587971
967
2383
34843
6389
19889
23269
2467
1361
131927
971
951479
5683
337
72997
39703
223
487
106129
3691
23
14221
37
787
113
473519
94153
318407
8069
200183
249397
607
1607
569
821
1753
499
120193
941
573871
28949
4349
324743
5189
1471
359
593
257
881
558289
84697
151
2161
157
59659
6791
701
241
459619
83089
428147
134837
307
3041
33623
7417
89
41669
157217
122827
4759
885881
83
443
12409
383371
4283
1787
1697
229
349
293
61
1031
167
17
121559
27647
370793
5651
47
1361
1061
1697
70877
2357
101
3191
2437
1867
20947
1051
1151
36583
16253
331
2543
89
109
4877
983
13
1283
499
11287
23
21247
5581
179
5903
5081
15551
371627
142007
438223
599
53881
5297
101
733
1087
509
245339
135727
641
191
278119
1163
191
9181
2371
102241
1021
24749
27427
3361
34583
53
4231
18443
38803
103
31
461
90187
50599
19381
277
7951
94709
31601
151
423043
84127
2129
406067
13
227
811
1657
179
71
14947
857
332711
198641
249497
17839
233
5851
23
4441
457
51659
29
271
398369
12373
81101
1279
197207
887
106411
17333
1609
281557
47459
157
2539
126233
267193
497867
233
18049
313
1201
5197
79903
547
678871
3083
36779
503
4583
3613
8233
305479
461
2549
1489
5011
701
641
21577
35449
15761
52981
198257
1429
1499
5987
23
32719
3343
71
9029
6571
494497
2039
64483
139
616219
1103
727
8999
719
1289
655511
47
502517
113
465893
101
151381
6299
2447
491
13171
347
949033
173189
571
461
1423
141601
479
431
29021
727
2069
4643
309461
953
17497
2099
36097
953149
69481
349
401
27211
797
19559
22669
47591
409
2617
719
117389
79
11087
397
10607
5417
1873
133183
92699
12641
947
434873
109
179
761
24793
58963
41
193
541
1069
257
1231
56467
161999
5009
79939
157
601
9133
31051
29
121007
38609
937
1283
3529
2753
46183
679363
2347
389
1307
18719
150587
881
71
14437
4127
63799
109
1597
1567
1783
107
2707
4447
173
4657
2741
1801
5693
3217
45053
739
179
37
953
3049
811
2287
491
145589
187861
55819
59
179
1669
523
1831
1283
593
345487
5023
9091
293
41809
13121
2707
283
71209
12253
70969
1889
2239
17011
5519
461273
179
2251
1063
283
120937
9767
233
14957
23669
3529
1511
937
11351
1283
89
619
839
2851
354329
3191
6379
101
127
119797
643
503
3061
43
4703
163
65827
38543
4561
10531
7643
127
906757
51991
773
1063
67
27043
4549
197
179
353
26591
284477
2017
89
2677
526993
389
881
142787
1601
6427
239
2039
1559
8719
1637
5701
47
1733
947
373
1973
277
104789
8563
2347
211
3457
108793
1213
10039
313
20873
787
59
1907
46199
52223
6221
708251
8291
1021
21149
9533
15287
1063
60353
109
157831
3919
336599
15299
89597
170413
116201
151
67
653
1321
19
139
239857
1307
1429
2381
4289
91081
498781
313889
2039
42331
733
241
63277
15737
43403
35027
821
8837
1493
1657
83257
354337
2213
773
10771
86239
906809
11939
11489
211
752107
31
3457
4951
829
607081
365293
277
248117
438937
19853
137
6883
509
73
945631
1061
86477
103
21851
22619
200971
4547
313
55889
26687
658303
3529
383
401
137
617
509417
12277
10091
83717
1297
227
587731
163
1123
2473
397
2099
199
97
3527
28669
20627
14879
631
1039
457
311
901007
6067
277531
43
74311
223
76001
6709
404323
2087
26561
780343
59
7069
181
601
59197
995669
907
1993
31139
107
18913
907
9133
23609
797
2251
1277
70501
153353
292921
4139
591431
1483
7207
12979
151
1327
14831
4517
31
919
313
107
3323
523
331
1093
16033
1609
127
191
11447
193
4639
66137
18451
903649
46451
14447
914789
10369
919
73
1877
1637
331
284723
18049
37
557
7919
83
4079
337
971
307
137
631
4937
1741
679039
804107
1483
43
97
11311
1009
5227
21871
1621
887
448999
13
3803
53
967951
1163
787
441251
1297
10691
265091
14173
25301
1847
1549
1933
163
349
2857
521
489431
9719
883
5281
63391
26111
244291
7
36629
41
152567
2113
9803
79
2087
1459
5657
15559
229
4127
35759
400249
6379
9199
2179
15391
389
65419
61
3061
208499
61
349
1459
277
476737
18433
1571
233
6397
353
45589
54101
37
124793
1549
1091
509
46601
60103
151
823309
79867
107881
101
41647
1039
3373
23509
43
1567
577
13327
1381
1453
53437
4391
12757
1237
2699
421
37
16087
265261
10259
392363
469631
607
15073
5
5503
223
10111
72431
15679
263
10273
4273
5351
269
44647
1039
2957
383
857
1399
10181
4229
9787
65809
286487
2089
44711
99571
6779
107
907
9931
317
4447
109
12671
2917
2293
317
619
5051
997
4877
3373
2273
257
815621
257
193
313
99371
191189
41
5323
7417
151
503
2579
219301
3407
2551
12157
25309
27367
104789
2591
89
47189
608383
653
16691
193
443161
68659
205483
17881
38281
307
56101
2377
647
5527
2137
1951
408701
22481
3863
214691
2621
601
1013
2239
81677
33289
317
5897
47
5039
3637
5791
239
3929
109
36353
196907
728381
1117
58789
1381
397
173
86929
433
268501
157
28283
251
157
2549
27653
443
1181
14713
9887
62981
401
293
4129
11593
54563
67
4057
752183
3733
1039
653
89
3169
1277
2441
204733
859
1597
557
607
6007
1861
89
46559
80933
281
106367
2207
1153
35771
4001
349
73973
1609
59
97
6043
443
2477
557
2833
7789
977
647263
73
36523
3527
521
4177
2053
36997
23
2801
258703
293
923371
1697
191899
733
55229
1163
89
7393
919
14621
13411
4259
73
1163
3571
829
293
1583
1283
47
25253
47737
24767
9463
35447
147727
6079
83639
3457
29629
197
1601
137197
967
52067
3209
36671
23689
2389
653
75109
389
222913
321469
829
15277
707197
281207
54367
5503
43997
637607
457
2753
28547
71453
907
1123
4051
379
7933
773
11
3319
2111
163
847681
463
199
353
7927
457
72623
263843
397
16553
1669
7243
358073
32237
115459
221447
251
11839
281
31
234323
5591
827
6763
5939
233201
997
5927
431
26053
109
107581
32141
24317
947711
42853
202799
619
719
3049
497671
164587
77687
1153
32833
25321
131
162739
65497
1051
359
9769
114487
848227
223
102677
107
47
40253
518809
97
29
16361
151
982453
743
131
31489
378619
41057
1031
21467
5279
13183
743
983
331
397
2243
720133
11
49201
133337
827
147863
9127
8599
1487
1367
15761
1259
967567
1031
16547
3209
1811
7489
96377
4159
1367
1559
599
3181
109
173
236063
1237
137119
127123
139
433
62327
13
2903
31391
67213
3709
16759
989327
1499
81749
16759
2579
453107
440723
779561
3407
1031
126233
127679
4813
77587
199
4889
23
173
17
1021
10247
1061
59
22171
30911
133033
1093
320561
701
10501
3607
66179
79
97
2557
55201
1487
31511
157
173
631
1229
174659
751
1571
103
41863
4721
41
20249
2083
43
2053
6389
353179
92461
107
5881
324403
634651
358907
827
900293
12659
175277
199261
1237
2731
1277
227
181
5927
3989
523
6301
439
353
5009
40283
490697
1033
26833
71
33191
2467
707633
1117
3121
33493
53
2203
763549
4703
12329
5861
7253
588397
787
193
852581
109
977
751
2179
257
359
601
577
1523
6899
7039
118061
2411
5197
131
8461
2333
409
123217
127
53
11527
113143
59183
4861
293
59
23201
4889
857
32653
53
137
47743
137
173
6257
122033
28753
25453
967
3167
847493
44087
19289
29009
255149
49843
5827
24413
99721
7591
1187
6211
59
1777
727
53
619
1031
64663
5087
1559
569
40499
16253
16573
6037
617801
483233
180563
2063
499
4787
727
3929
593
3209
3001
133919
316201
101
4133
769
3209
52379
152441
87649
373
911
82189
3989
31627
525839
619
223
1553
1571
8069
263
676037
113
31
475879
26203
170633
1231
4261
41057
16661
5417
42101
9851
23879
179119
8389
167
191
4001
503
1291
1627
761
383
4327
3557
1601
2089
2089
1297
647
77699
1459
783829
829
593
853873
1327
53
15401
1291
89
2579
1117
428489
19577
881
29383
823
219119
467
541
653
96517
13
3943
89
103
486193
335807
5153
243473
5471
401
18583
435623
43753
719
600577
15493
20773
106979
2423
19
317
3637
13
5657
89
2729
1613
27479
457
73
1381
11131
631
5483
827
91807
521537
179
733
59
103
95233
229
46027
727
439
17
74257
887
877
173
23041
99053
73
87433
215087
84401
31
31321
435403
23
43
283
191
1613
569
239
2027
601
1381
89
56443
281
530527
761681
23909
12007
271
157
71563
559217
863
137
593
119851
577
30181
1471
83231
45751
246941
1009
13
127487
1009
3259
163
823
47
11579
13
125243
853
1153
39139
773579
93983
11467
4129
7867
2579
977
12511
58153
709157
1993
199
643
15443
72313
1487
3881
971371
2659
9173
821
14369
563
50077
176357
7699
1637
5857
155413
1381
701
816589
42643
239
773
139
953
1087
269
127
3019
1091
47
967
103
77587
2531
225629
128201
3943
1151
3727
235273
643
15551
17783
731257
10531
15859
369197
859
5743
431
149
3049
1019
1277
14723
211
137
1013
157
49927
84631
35759
677
2113
1381
4283
757
543769
2633
2237
443
109
3911
307
449
167
23561
233
151
23767
881
673
31357
2357
459593
43
4657
11311
487
149
6737
13099
167
20143
733
46639
755371
47
1759
229
3779
10957
105517
239
3313
197
2281
16229
192053
1229
2557
907
7207
61
285101
30971
997
557
1489
6121
691
163
1129
557
402757
4273
13159
22091
43
14051
311
311
30307
15877
33931
673
823
24509
541
323803
1361
243623
443
2539
97
37
11119
14779
4057
199
1697
602753
239
229
18413
18367
2731
127
233
463
409
2399
94513
16741
36749
547
89
100333
2087
53
66467
14081
28859
10903
383
449
132109
28541
14293
199
36011
149
4129
2609
230999
1061
107
929
17
601
1021
36563
14327
242243
48119
281
367
327529
449
217369
7639
437629
109367
521
60037
5189
181
523
39829
941
22871
139
191189
42703
1451
199
421
181
9689
2011
75533
257
12377
389
92227
83
443
1069
2729
51839
5081
157
859
221957
479
8693
1193
87887
3181
757
9491
37951
5807
2819
491
3769
167
10883
61
4733
1979
132329
6607
769
18773
733
13597
237701
97
137
1279
13121
5623
31541
120763
4903
1433
611071
863
2017
2843
346303
533317
50047
3851
739
229247
51827
2861
9391
363257
48761
197479
311
229
10007
1093
461
56377
269
1303
6971
19403
1021
1999
13907
33317
14591
877
53
587
461
1151
3257
674683
317
173
1481
41257
107
41651
139
3209
103
5981
13
3467
89
59263
433
5323
133979
58411
223
193
1669
17
1223
277
4679
7211
26513
727
30467
389
9479
619
1627
107
53
431
156139
13513
4153
181
14657
43049
223
396247
163
28573
131
2531
37799
1151
571
2129
47
47221
48481
799151
12329
193
23
719
305407
15787
401
43207
377339
587
73
23
1201
97
1831
71
2011
669049
299197
1279
2731
39779
8311
1213
1567
866389
7927
563
1747
218233
103
691
131
307
86689
34949
7219
1973
67
265781
919
1399
839
211
809827
281
139
49547
134591
223999
2693
359
207721
4793
11579
706313
1709
75883
541
56983
488143
3863
883
541
1699
3511
937
2083
113
148859
1973
491
120017
547957
9689
57791
189653
5843
167
1753
16267
557
214243
13
10211
1321
11
1031
2837
456109
162823
2287
3797
56527
109
18269
1487
196201
1091
521
11159
1579
150377
283
3511
347
1783
229373
60539
3607
845137
349
4261
13
2473
449
499
5741
48029
8311
47
1709
19
17443
449
36709
6563
377231
54443
263
1433
66047
563
15649
33791
84247
193393
47
37
1031
823
799147
73
233
1039
6203
311
1117
1249
491
84347
71
76481
1879
12641
643
101
397
773
2113
1301
683
239
659
6571
82883
28921
1009
1049
7487
51361
257
15559
19073
28843
91397
163
12743
11731
15731
103
113
7177
80897
1213
3391
74201
78341
147607
8803
18587
2719
13487
211
983
445069
111641
1013
41
233
1087
274213
59
150169
14087
21481
432007
113
87181
1951
32783
283
29
373
32609
563
17
214867
29
23
97
5419
10091
383
462073
40823
369553
3557
281
1279
281
673
491
2447
3733
71
28813
571
1187
311
277
563
10177
617
313
14303
2917
79
6361
307
113
1601
1123
1487
5171
7673
228061
4283
3083
186671
7717
1303
922367
65521
4733
1103
123547
14983
13
70351
478403
21157
4231
2441
8191
115331
1493
131
7723
4583
751
101197
19
57221
18371
859
2687
1223
163
181
29269
5147
2689
613
461
414209
1249
1459
443
4813
3547
11239
13879
90227
283
67
2833
542263
228457
97
204821
2111
31
61
593
157
29
9439
223
178609
523
122207
25579
33119
829
1361
227
11351
1873
2437
479
47609
2851
10781
223
229
362419
380197
43133
115679
26053
593
107563
422089
2593
653
16487
21191
1489
239
1453
14869
773
97
228883
47
199
9767
220357
1109
535489
419
1171
241
3847
458971
1069
3581
10463
1021
187877
109
6551
107
14717
163
219757
311
23879
7321
21221
466087
5843
547
59
857
1847
167
491
12539
20549
331
229
173
902611
773
661
761939
29173
461297
541
55163
325343
883
157
359
139
569
239
2423
359
5717
37
19727
6551
4903
809
10607
381319
39251
317
314299
113173
32353
667673
13421
112019
2531
443
3343
283
769
28229
113797
533671
71
8167
43201
10337
18947
47
39233
3259
1669
2341
1061
67
40433
373
79769
795233
1423
2399
4271
6569
51061
347
2381
2179
5101
172357
163661
179
74719
39043
769309
815453
823
6673
26203
11
238657
49279
54601
15803
5779
1733
22901
47
1193
4373
2243
34949
6221
25453
233
18899
1439
617
449
1033
2621
463807
3391
881
2591
10607
15959
967
4643
2467
521
41057
23557
665569
173
59
401
257
432869
17359
2251
151
151579
251
251
197
1163
683
1787
883397
983
7247
829
575791
617
317
2113
11119
5813
218627
6737
463
109
127
222361
15823
439
34591
241
145679
17
1801
2543
101
504521
224617
245257
1481
41
1153
25457
211
382583
859
443
41737
23
103
389
4049
5011
409
727
9293
150523
8069
3671
250753
2531
1301
17
76543
1153
3323
167
206033
38569
2903
1231
28031
1459
227
3779
110419
6991
105263
65521
307
97
4517
53
2687
829
2357
3023
309371
223
811933
141041
175937
16481
440773
1013
1669
3547
131
105541
245257
4327
375509
140477
463
461
9941
112919
132247
18523
149
32983
49613
2377
1619
100847
491
257
8293
1933
2311
163
6703
13873
5881
53
382939
59567
113
244261
5573
167
373
313
75407
3079
547
569
37123
4691
79349
276319
48407
855229
673
123017
827
31547
239
15901
821
277
12527
154723
1327
43969
241
154183
1499
1777
12601
653
76651
8377
16673
179
431
119773
228409
761
83
293701
179
404167
859
30757
287689
2969
127
617
839
47
502861
24373
2297
58549
947
19457
43781
1447
3229
601
59471
191
863
129361
829
73681
1997
1307
3659
9029
2267
433
23369
7039
54631
5507
67
39847
11093
80803
353
48487
181
23
861391
7937
27653
45161
1951
89
58549
5477
1217
3761
811
418493
113
10099
1013
116849
16741
223
661
829
2053
163
57641
67
216421
290707
5471
3089
727
150869
257
59
9749
157
131
919
20249
353
137597
347
817837
1019
829
5939
17
211
9587
457
3359
5527
107
13681
654529
1487
1949
47501
2287
743
331
10861
12277
986143
967
46327
8093
1381
5477
15467
1697
73
709
239
1013
260171
569423
256211
105541
307
14887
107
1097
11779
1153
75709
1753
129509
677
577
32917
14593
3359
10711
479
2551
148303
461
840943
151057
25763
59
1619
653
3907
417283
61469
363149
26627
809
641
462727
227
6359
24677
271
199
41
6163
72047
673
20749
6221
233917
5197
11807
4007
3673
35923
653579
126691
4547
212677
27749
3121
1459
4253
7517
283
157
2383
835937
751
244303
59
1117
239
4211
27551
17851
923249
5099
1087
467
233
2551
1453
14221
131
17
439
257
7001
199
164447
3491
31687
397
131
24979
727
13003
2411
3049
2557
2687
1013
2131
8681
677
433
13
331
22469
1289
49253
7001
180437
23447
379
523
31
2251
4691
32191
1019
1153
919
97
35969
677
11719
661
193
233851
4127
185917
11677
109
292933
4421
1699
24061
59167
19843
214007
1091
6257
431
2411
2699
1663
257
64919
285199
10093
52361
28859
571
1153
97
14341
659
8599
69493
15173
6899
512137
3769
31123
375931
2399
1031
11443
310567
142811
107791
18013
3251
579947
401
4357
2591
1543
197
601
811
457
577
3889
79
659
137
23197
101
64153
78479
743
43
509
1301
1453
72167
677
7057
257
20341
103801
5849
19013
761297
8093
5387
521
52967
1033
4517
21121
8761
876131
1471
27127
7207
4027
1427
52237
2591
29873
107
859
41131
239
65717
8707
206209
373
2423
1361
37657
24151
54269
5051
373
2857
6607
419
277
257
98369
2161
3391
1783
212467
6047
2447
31181
229
310663
1811
797
30259
237137
1667
11939
3793
147761
8807
443
6449
59
113
2917
4937
2843
223
106739
46153
6977
12517
6857
109
21503
1297
10687
59659
227
6833
1201
6971
803059
4861
5419
77611
617
7993
543019
223
1993
70999
461
229
394717
97
19
839
1427
241
36229
466121
8609
1877
479
3001
2207
190403
83
451601
607
409
117721
3533
193
1229
4159
41687
67
947
977
337
33179
347
67987
67577
29
5021
16619
251
260363
1361
59
1009
47903
153563
439
823
829
113
2011
2551
8087
3947
41
271
179
43
7853
20287
753583
5479
3251
113
28643
3541
307
13
389297
131
301979
257473
137
5011
6469
127
200903
753197
8893
523
8819
4217
1621
25759
344497
61
35153
7057
62039
577
199
8837
257
21517
739
3517
132763
29633
474169
479
79
137
750553
1609
15391
30539
4691
823
139
100501
397
8429
4441
56951
904627
483337
49669
457
11789
3257
7933
1031
1931
24251
661
895787
23831
602839
3517
152753
2383
16699
2017
1117
227
2579
104047
463
2297
27737
211
6791
3449
56533
3331
1193
6637
67
884353
5591
677
89231
36847
282241
12553
643
6449
409
29
2297
3659
96259
653
154351
769
59497
7937
743
257
397
646147
2297
239
797
47797
11119
683
2633
3529
449
251
7393
350783
489529
26951
203117
281
48221
61283
701
97
373
53
106397
829
349
13711
347
640121
81457
61
149867
13831
4663
4357
8291
202859
13883
24509
1301
593
2381
193
937
41
8431
277
257
29383
2297
2087
39901
5233
2287
331
911
47
1931
6737
785053
197
633877
6863
2017
313153
839899
379
101
1861
131
59
1483
1723
23173
9341
750769
17987
823421
20873
89
1483
431
167047
7001
1453
1759
119237
13721
14293
617
29
281737
13567
131
991
229
131
3463
30341
178601
109
71263
494621
13577
241
341141
5879
3001
2609
35801
1471
113
13259
184511
1259
7127
329393
25609
4561
1327
2663
12119
1597
1993
23087
26189
9649
6793
121631
89753
30449
613
596611
12043
177797
70849
14419
656479
11597
911
11779
2897
491
3217
2357
23801
257
241
1493
13967
15269
284783
367
1433
35521
105533
8849
8999
13127
113
87583
34019
79
331
321467
43541
2797
617
338341
3911
307
497279
293
26339
28921
380983
2633
293
17539
790793
38321
147299
599
41611
811
14173
983
229
211
16139
157
739
12239
53233
31271
499
15559
6563
757
313
881
197
58271
8737
109717
1193
431
3461
34327
32321
113
283
482731
11383
17911
1637
13597
27197
1583
199411
73
7013
19267
3251
1301
17683
26947
3359
197
761
56383
23
4463
467
5009
897241
21089
929
1291
89
1543
479
11393
93889
81967
487
5879
401
36473
21031
1373
29
56999
5059
743
399101
157
63199
311
80603
24137
1327
863
28933
3109
157
719
103
12983
337
163
181
52511
10687
1637
110917
6911
3779
562519
937
57923
733
241
12049
93493
5309
139021
39409
12671
6047
7727
89329
61651
1297
86783
2281
131
42751
18049
965399
4663
24691
2293
27539
205619
503771
3109
214309
11719
91249
9133
53
2027
101
2099
1327
706621
1933
1193
409
6521
10909
59207
179833
89057
227
5147
8819
103
44381
1381
2377
1129
12721
1009
5987
215279
4003
331
276251
3929
33311
255127
179
17041
1699
1297
1741
2143
24197
1667
3511
3221
1321
104683
191
36013
15731
22871
991
859
53
48479
1789
60859
1607
5737
8387
3469
443
2593
4657
283
67
53
457
75653
386149
6121
83639
36151
21937
3079
510121
1231
79
258373
406577
1667
495923
39181
809
193
677
2447
79
1237
383
912797
39397
1867
108037
154523
311
127
10567
617
1117
449
151091
986983
479
41
211
433
168631
263
3389
936227
41
839
3517
1277
1627
4357
619
1831
71
353797
349
233
3329
35759
433
433
807997
643
11969
8599
647
151
210317
39709
38459
5519
177943
64853
57559
37897
2521
49033
491
28669
277
1889
60331
3251
73
12539
317
337
4051
53
1597
151
247889
71473
101
15391
98057
113
229
59
163
1117
223667
199999
53
72019
127
389
3581
15601
3547
409
94621
57809
1823
73771
2543
20681
5119
6217
1889
343261
113
643
17419
8737
24281
81017
263023
37483
2879
2473
7297
231289
33967
219823
6263
148331
22441
419
26777
3209
3529
127
79
181
112927
853
15527
208927
3637
397
151429
353
156139
25087
248783
2287
199
5119
673
211213
359767
21101
97
227
2003
43669
13217
4397
1069
421
349
494387
3911
2579
51599
41
5807
2543
1381
29
7043
17509
17321
34129
5569
9907
2027
1867
11261
601
3319
1949
54503
863
1531
367
1367
313
7411
58679
65699
1493
811
6221
191281
379
139
8081
59
7559
219851
131171
207367
190793
12487
466649
285823
643
761
93047
20359
619
22777
238361
334127
4021
727
21061
111821
191
106319
41
49537
52579
7297
433
619
463949
1831
389651
173
607
1951
2767
293
4639
197
18047
101
17761
152531
94933
6397
647
44021
106591
8231
8597
6977
991
1459
1559
32479
1289
45343
362357
103
4217
27803
439
269
89
1873
8431
1031
1931
45959
149873
487
197
87119
20593
45191
169241
1217
756563
179461
367
47
2029
26203
3527
269
109
77447
1697
1153
709
73
3313
163
215123
9923
397
40627
229
1709
2207
1319
3863
189691
8641
509
61
280499
15749
839
13177
1861
227
3083
137
39397
3361
441043
3593
7933
467
601
421
306347
599
67
11117
811
97
19381
4051
231547
283
483829
859
8731
11411
55219
199
1021
37447
198673
30851
13331
1609
51487
8461
263
420263
89767
18253
1303
9343
317
1061
3037
223
10487
1021
277
683
12919
1777
2003
2677
32401
101
3863
55793
947
853
179
28211
1579
26591
26839
297989
71
900761
5683
41333
2113
1571
151
853
347
72269
25673
170123
2417
971
401
1049
1069
29
3527
1033
211
4583
8713
99661
314777
19913
757
6599
1669
12401
61
1013
107
385831
613
97
71
619
8839
675299
673
97
397
1097
10993
139
37501
18433
179
131
4663
269
88951
10427
150881
56299
487
79
523
59
101
12289
4339
16633
52253
103
53
80629
39451
158749
682439
181
193
854647
13
12713
204857
173
1009
5039
2917
2039
677
5003
653
1777
1171
279131
9601
71
443
37
97
6469
73
4703
30881
5581
8123
157907
2113
313
4441
764629
194119
7321
1103
5669
1399
29123
1319
1493
58601
4831
300799
29473
80677
89
376471
2311
380909
6353
996529
5449
106949
9041
2207
41413
313
5953
61
593171
581597
101
1069
19211
811703
307
3259
3701
2647
67
37
41039
35963
2237
2593
211
1249
219293
2161
229
1553
56843
262519
1327
273941
15881
196081
3767
175829
151
119657
108643
1193
77687
443
317
10987
10243
1877
521
3617
26017
262007
88793
727
51539
367
173
8647
71
428143
10891
663191
383
733
221317
290489
7
79627
1907
208099
2069
757
3863
701
2803
1583
1069
2017
181
67
11071
33581
23981
405157
1151
3229
149
131
631
929
1279
193
983
1031
1993
1091
223
65173
4177
6067
43
7457
971
2731
2311
1049
7079
26839
9013
151
150223
151
32621
971
145477
83443
136601
331
73
95873
179
28949
3607
13411
23041
2971
82009
1279
631
3697
127727
754279
103919
10337
1129
151
2027
673
1039
859
100333
3109
1223
3389
109
491
551059
52861
257
5531
114641
67943
17483
680569
26209
757
600319
307171
1021
313
331
4153
2719
2609
6037
10093
2663
26597
212057
23029
2273
259639
197
2239
1523
43
43
229
613
16981
113
13177
349
305353
1987
33353
280373
15647
121313
2879
1549
83609
2083
9341
11827
126013
853
2897
239831
10559
5347
3547
691
20717
191
131
73
59009
48611
206083
17417
26947
25301
6337
823
751
5503
584203
35159
1609
1831
937
84731
1439
1151
12241
770771
137
311
26347
467
1049
113
1733
78643
18313
739
1399
41
3371
2693
2549
4019
1669
25153
8387
6221
634301
127
20023
131
457
449
4493
661
1237
1423
1933
97
3329
395453
197
1667
173
4969
383
1283
1997
20411
6719
676421
182089
6073
59
338293
17
94007
1381
337
15767
358157
40699
1201
59387
601
1571
1831
14593
853
149
881
293
14969
227
79063
101
7951
27803
467
2039
193043
1201
3167
13763
19391
88741
472421
67
165857
2137
246769
1997
7211
910139
331
73
163
48883
83
2903
659
3847
1373
563
6469
293
6037
7691
149
77621
1451
1697
19469
2239
266099
23
684289
103349
4583
11551
4567
5813
666229
2531
131
457
31
6113
1321
543787
4159
2293
1553
10949
821
21611
5897
961201
827
61
40277
389
6199
541
7
36563
74891
49871
557
102197
103
9817
1447
61
61
89
2389
2647
33619
773
617
103
2393
104549
1777
1103
419
9859
751
21787
214391
463
26801
6203
1307
179
90173
35879
12409
12289
521
10247
15241
1303
462409
487
491
283
2467
1039
127
547
5641
101
191
5209
109
307
7949
937
6907
53
5113
12911
13681
933421
446561
4621
3529
853
647
46411
809
129971
1979
167
227053
256211
881
2287
547
263
4001
1303
367
6353
1129
316699
5641
271
96907
2389
3253
12157
12823
61
4091
53
463
23
1277
471353
179
1361
762479
1033
89431
167
449
443
10333
11677
197
3313
373
463
10007
1901
845927
743
859
832421
6469
449
34403
57977
14489
23909
1093
318289
157
541
109
4831
335173
1063
941
1733
2143
89491
797
23549
206047
7433
2791
4373
113
31873
2069
149
59
673
1777
983
29179
1423
917713
101
71143
94543
224683
97
733
4517
419
151
1613
8831
313
181
292801
69991
83
53
919
847673
15349
44537
7591
137
157
26561
257
191
523
409
4447
701
311407
7219
491
9203
293
148609
107
7039
829733
149
33857
877
93323
127
3001
1093
1303
3943
379
3617
21559
773
4621
38459
16217
16493
324113
29
3433
13163
191
853
8779
2557
709
1459
421
853
2017
1459
2851
78191
37
23909
1327
317
937
78031
1427
2297
27793
2131
154439
4111
479
4013
811
42589
31
157
62417
1879
1319
4999
1999
22273
110933
12409
1499
22639
137
907141
4057
11987
4007
1613
5419
31069
22679
111409
79
1933
1811
789793
21529
12433
20369
264577
1609
104459
23
691
80671
293
241343
71
532993
577
44927
4751
191
197159
569843
161659
13469
242467
5279
373
17491
4271
491
11
71
571
51563
241
294919
271
932257
389
29759
239
563
443
216289
12917
67
461
8311
283
911
691
922223
2549
3067
89
118619
2113
8741
787
64091
50923
811
313
225343
128857
14767
97
137
53
149
1283
331
58543
389971
4801
782297
38653
8297
181
61
87281
72871
12119
5867
12653
167771
10091
509
521
68329
23
4357
191
953
71
19
59
25903
499
234239
353
97
787
1427
36691
1303
337
631
2029
83
18539
67
607
67
233
48481
821
6991
359
1759
463
278459
12289
3863
297613
12437
209063
491
66089
10993
37
44351
233
461
32089
713737
563
4943
751
7841
227
823
22483
3697
17939
2129
139
2239
4813
1039
1621
17351
751
499
288559
4201
3253
1531
467
103511
155833
60217
937229
103
173
41
23831
2953
787
9601
211
5099
73
202667
311299
1483
503
67
710873
277
5323
12251
35963
491731
15559
409
37
40531
877
631
4639
2393
142211
89
2803
26723
3583
1321
3109
151213
1321
2131
389
15013
1327
53
25919
277
488209
379
787
211691
359
115319
7723
10391
26021
577
16699
509
15199
3319
823
11677
11173
4943
3373
89
33493
1549
631
853
1459
971
367
673
107
59183
116009
101
479
79
83
6491
103
757
324517
61
193
1373
2267
3929
739
509
51109
11243
42901
641
99961
194809
2333
373
2459
148483
247391
79
166847
643
55813
43
1303
114479
3467
2011
889703
113497
147419
797689
44699
67
457
714787
145009
5051
10987
44119
937
42929
4217
69163
25799
8039
1009
293
117701
1231
197
10709
1201
277
6089
478253
3851
16883
183377
536801
71471
1663
4423
101051
383
1321
2953
389
331
181273
293
349
200009
2441
5209
229
433
847813
367
22877
2549
6043
72103
10459
2069
42979
263
137
5413
137
1061
863
1193
6763
278347
5
300631
39509
109
37
193
8263
577
38629
34123
409
1879
659
5417
2753
887
148201
181
199
50153
382703
307
277
307
2837
102139
1723
6863
782141
167
2693
599
550129
23
444803
241
12953
2953
1901
48661
461
65071
2351
1459
5281
988877
83
1163
601
199
12539
71
8167
863
12973
2357
139
73
4027
2633
307
38711
4091
571
794923
2087
150383
434249
486379
829
229
229
79
54727
1303
82499
22543
111439
241
829
22769
2957
773
1613
397
24799
97
379
31
1553
392233
6397
60899
653
337453
3229
233
7577
47
83
1097
67
1699
4969
79
11243
4643
271
1451
15473
7603
532451
22409
48533
323123
141619
35897
71
499
701
2753
22619
870437
32323
163909
853
753689
14221
1091
23
149393
1483
96979
97
797
11423
154591
107
12583
6043
2851
359
7489
257
20551
7643
1093
76303
167
509
56437
67
739
29453
239
255869
281
1103
1181
280103
27017
97
397543
271
71867
32609
409
397
977
631
16217
3833
14591
124679
4703
11251
3181
613
83
2591
98999
1723
3637
52301
9437
1303
173
383
6949
3253
2251
68567
2917
1231
647
128621
619
195427
503
5639
8741
2693
830293
78157
193
487
103
43403
1069
48541
6451
739
24979
297623
26387
11597
563
113
1217
251831
1699
242659
1093
146389
41953
16747
2999
941
211
19919
19
8599
281683
491
5827
267721
307
3187
491873
31
1879
2927
141121
197
2347
2657
12517
327619
2281
21839
541
29347
268207
2281
1291
41621
4139
673
626929
373
569
409
7307
6869
16187
307
98717
102643
499
55213
2027
16363
16943
2347
43
60413
137383
761
113
2267
1423
184279
18517
1297
19319
395453
8647
128549
336397
16553
1297
1487
251
198817
212851
742219
181
47
15319
138239
3511
1489
26119
101
290347
936437
8963
4831
471997
262139
13327
83
9931
2503
379
1931
811
307
640223
7951
179
261077
4099
316339
453797
102929
313517
4079
269
251
7883
2039
67
471841
953
3529
829
2713
949643
762577
17401
131
101
4373
409
3469
31
1091
77549
137941
2069
10093
1031
599
490247
383
140057
42643
10909
61
397
631
23
191
6199
2267
265619
974879
17519
1097
131
20287
439
3677
12659
905491
3583
379
8887
3229
569
227
1549
241
199
307
30557
25097
80687
3413
4027
11579
3727
2459
2099
55487
19979
1601
2347
2543
4483
61
4219
824437
3001
576881
457
29
104231
1117
92347
1171
69011
1427
9281
150979
20249
6007
113
1613
751
32563
32609
109
1367
1487
271
2011
13693
6551
2689
288979
4519
643
1319
3701
317
571
659
409
79
51329
997
373019
10651
71
15733
179
157
151
139
82657
89
2909
2549
5869
91453
151
839
28643
563
4513
372413
40423
61121
864623
157
7517
1129
472393
311
8681
103573
281
2879
62401
10181
1009
653
144163
12953
971197
1913
14519
1777
21601
967
593
1117
2657
3389
155003
87511
301237
3467
6037
2213
4211
463
4481
475429
2237
58313
29
1511
89
1637
3539
15121
1217
1213
1699
3371
5393
10477
12149
25933
293
1259
123581
1367
83
9721
25981
1483
12953
62939
563
241
223
653
15959
82531
2027
9161
6089
26903
145723
173
9257
827
653
167627
607
211583
547
136319
743
2221
619
223
1327
643
6803
5
839
12889
22871
827
3253
179
7951
11551
113
4423
151
29033
370793
1019
20231
14549
1601
26893
19183
401
164231
199
137
32423
5
127
48079
5827
23117
202639
875491
37139
119809
3467
757
73
613
9181
2309
1087
1327
191827
280297
293177
307
383
12163
4073
107
1049
103141
109
2203
811
111263
173
1871
13999
229
373
227
52567
18169
98377
373157
3389
3919
19141
661
523
4933
479
1051
239147
81689
846869
15361
1051
271
5059
84751
2609
1091
257
281
29
373
124643
167
5051
35221
625169
659
2879
99089
28723
1013
41627
1409
141397
317
7499
3209
101
479
4373
953
31
2053
47
692191
5227
49747
195869
1171
46441
11393
853
293
46091
11131
6977
276049
2753
16829
68389
383
821
4787
5333
21019
487
89449
3079
89
719
13163
2963
5011
8087
7883
107
433
193
191
9767
499
137
47857
67
47
83843
353
659
549193
22511
307
787
24239
34739
971
2383
61
457
4027
204371
4091
101
811583
53419
432959
3643
443
127
101
1747
3079
696629
1877
239
1753
61
11261
22651
30097
659
780733
1667
2833
907
571
171793
103
225479
91639
10601
607
27893
1439
1129
28549
203393
3677
2803
9323
421
13463
181123
39839
457
4903
107
573929
10799
19139
89
193
719
45491
450223
430753
160073
7211
39769
2741
295411
467
121021
220861
277
2221
653
237619
6823
5531
131
1223
3539
10837
151
47
3191
151
10273
2621
18481
96907
29399
31
3917
453847
74353
17
547
90641
1499
495701
55639
9337
283
151
88817
727777
927517
4637
521
827
113623
569
577
3541
1451
937
821
2731
5711
72997
404273
71
4241
1423
225689
97117
14627
188159
53
475051
12653
225427
5437
383
379
317
49669
4813
920753
23
1229
2851
607
21061
127133
73
11497
173
327179
607
15259
87961
30509
424903
3847
7867
1103
211
15083
24317
211
421
3659
7537
193
10333
733
6581
22073
179
1373
241
71
83
1103
991
103
4483
2089
73
449
707543
243517
28087
989441
11467
325697
2819
28181
41621
821
191
571
41
991
197
167
1709
127373
28621
109
103
28393
3613
107
191
2003
5483
587
29021
115849
174943
397
151
10781
227
487
6803
137
12421
113557
73
149
2791
208457
757
46691
93941
11369
42767
173
1559
97
461
708359
22037
61
491
223
19
5741
1091
163
163
11
764327
5179
6221
11353
7069
14347
251
10061
103
107077
557
3019
491
8219
79
285997
184687
47
2281
1021
127
227
317
7043
607
139201
425297
223
683
2003
281
1621
233
8009
743
1699
73
937801
22447
719
36313
82223
17807
109
22307
5623
1951
983
101489
1699
60149
1933
89
929
271
1993
61
313
288527
3389
4327
83
20399
437953
389
401
3329
3527
97523
97
1097
59929
19427
127
1433
165667
107
1103
2551
2677
7549
1429
191
8731
863
1109
89
25561
1759
337
239251
359
853
205991
2617
9649
947
1481
6271
18493
20947
379499
20441
223
569
2551
9349
881
307
449
113023
248909
401
106213
109
153533
25759
32833
2029
239
435661
163
809
792299
877
193
4231
28307
14431
98017
41
571
379
3119
150373
3709
6379
1433
14029
12757
167
49033
672043
1657
971
32533
43759
1409
241
251
743
81553
659
3673
59077
211
269
251
8609
463
197
1201
6791
1171
6229
4951
1571
344843
73
107
90107
122693
17
63391
1409
78649
963871
293
541
254407
271
1511
2113
3719
548903
1181
790051
103
269
587
389
547
1567
859
331
19
54877
431
2281
241963
183713
12497
11059
17
27011
67
173
1097
16111
569
1237
229
154943
11987
55229
179
167
2089
281
1033
8863
2999
214129
100517
790781
4339
113489
773
7
438667
53089
457
31
23687
35509
163
24481
179819
823
41
2753
76289
257
33181
59
20147
1223
883
2287
12611
12479
127
9277
21067
2939
373
8887
877
1873
71
71
1031
107
5231
8369
577
563
4157
367
239
88811
10513
331
261353
3511
8209
43013
260863
103
31
82003
81899
293
106349
907957
677
83
4001
1021
2213
3511
68963
73
797
107
1229
239
479891
124759
641
1223
491
10177
137
19751
5107
70373
457
900259
30103
68507
683
2663
19
6761
73
9871
3079
1279
997
2309
31183
479
6353
157
993977
12647
1171
18253
17929
1613
10973
23677
167
3209
26839
787
2473
271
2063
3539
335149
443
6353
163
3307
1399
4027
1213
12347
23743
68161
5479
344941
283
5869
3191
503
1259
457279
811
139
39877
587
7043
123407
1693
159469
857
593
1013
823
1777
17417
149
285539
60149
6101
14627
137
11119
200513
136649
1069
181063
54709
8293
229
14327
97
73
23827
59771
837203
137
14503
1361
224591
10607
1783
185797
263
1621
2939
106619
15661
5647
2467
31327
24763
98689
1307
691
1259
20521
109139
63463
4733
5821
38393
936557
273913
261031
1033
43
17053
202441
1301
571
55661
328543
1381
195539
8237
8573
112657
509
24631
61
439
541
47
991
1117
167329
45181
3571
967
809
1877
3943
569
83
1153
1117
145133
563
17021
1451
347
122953
5717
23629
1061
19433
51287
609991
251483
1657
666901
431
26597
7043
316243
100769
239
23
1871
907
1511
631
175631
3583
4943
36269
141301
1049
15013
409
7841
1051
223
1997
457
16267
547
10253
269
67429
389
3917
3821
9613
1951
443
18439
3697
8081
439
28901
34877
4729
229
241
5743
271
5477
257
131
557
1901
103
20101
193937
58411
24407
809
499
16843
240169
141509
54539
3583
31957
977
24077
11
69697
2417
6829
1429
11329
6229
81773
593
53
31793
293
195497
709
23027
109
73
1433
392759
5479
3539
165349
811
598649
359
328847
40277
607
4019
2131
54319
36629
39019
14177
751
35353
22963
2659
521
1061
101
2531
743
5023
28393
139
2659
26249
3947
51539
1669
516449
22027
3271
72367
331
9239
4663
1327
1213
5939
23
109
271
16231
62477
79201
83
4651
1747
179
1693
212369
5209
991
8269
83459
1061
107
396953
146767
20143
8839
39041
194869
683
2243
811
227
305639
79
229
400109
503
161591
292183
5179
6863
436547
317
47
12967
2341
80989
83939
6469
881
613
4703
2371
311
953
24907
157
5443
306563
83537
29023
353
137
8447
28921
2591
97
431
250043
431
111439
153719
251
347
17
617
353
761
17
4283
5953
31
5323
602891
67
1709
29
2909
3779
234989
167
163633
263
367
29
26099
2437
33811
211
19447
1279
26263
9157
1619
5501
79
245131
401
5683
1019
1901
24371
233
1543
15149
87719
193
301219
8123
79
257
18427
4801
1741
67
56531
5011
7669
59
43
347
521
1931
167
61
229409
31
12107
883
639563
863
447637
127103
133993
43
17359
112741
1721
10501
523
419
1151
167
1439
101
25097
149
567533
139837
11
23197
19259
23473
21107
61
283
379
1877
77377
82193
1931
41
146921
929
431
277
107197
14149
927001
211
3533
769
1229
3541
227
2141
12613
208049
61
31
24691
1009
11617
6277
274811
85243
349
83
59
113
19841
61
3391
364541
286393
5153
12253
59833
797
1291
89
521
17
109
6301
257
1283
11197
349
599
251
13421
192431
19801
7643
739
1949
21491
51581
353
4001
197
264839
2593
4297
311
499
331781
2053
263
107
1753
139
761809
353
1889
269
89
71
3319
6217
3931
263
2417
1459
18979
101
563
16223
29527
3253
52579
107
367
295591
2029
19373
10691
2081
271
41039
31321
969533
113
1879
102497
406123
67
79
149
293
4523
769
59693
313
2237
97
20231
13931
65687
199
1361
538123
167
107
23819
19793
28493
2887
277
1553
211
967
176413
1471
131
293
733
2851
811
33211
645091
242639
109547
47
663241
389
4219
463
242371
121559
1153
149399
8191
467
10729
74797
1171
19373
36433
332069
113
20183
2677
3907
1423
54377
1213
49613
229
61837
47339
317
9817
233
61
1409
128189
103
6551
3373
13537
4391
487
260581
29717
151
6037
49363
88129
602821
11867
229
778049
691
13807
15607
277579
181
2789
357551
494029
1997
54917
113
3821
1447
5081
1373
643
51047
4673
71843
8291
71
556441
809
18959
359
19
97607
43717
109
11
5501
5119
229
289607
5209
135593
821
401
103841
82889
1039
10513
1979
29
107033
118457
80933
2237
19973
1181
4591
523
241
45971
840547
3271
2243
1523
79
6037
5483
1123
9613
9323
21121
2011
845069
93053
311
156641
879553
173
797
79
617233
673
83
12823
36583
1087
57649
3083
167329
263
1423
53
1571
46919
15427
11057
719
631
1283
433
5479
1319
853
63649
1021
124199
3697
2273
48023
157
151
263
98213
13781
631
181081
70123
127817
401
709
2341
171673
5419
99017
72307
2399
31
310043
277
1213
3701
5639
271
4861
22157
953
2543
62969
1187
5807
599
1399
331
57349
859
1097
271
324869
8521
65881
239
7681
1483
167
32749
14143
43
4969
3413
503
6217
70271
1489
442291
4721
3
307
73
1283
503
953
164233
53591
467
36683
97
112571
1069
709
352369
919
4513
2797
73
11969
139
25657
13093
39979
6451
108887
96557
127363
1583
27143
134171
4273
1697
773
1259
513841
1153
853
5657
17077
8831
863
139
3343
134887
66109
7451
229
5651
751
47737
13633
18719
421
197
569
2551
29
3823
107
241
72383
15461
59
197
23011
1237
1597
463319
71
31723
2503
19997
2719
884593
16267
353
113
1091
97
252359
1109
17569
210241
293
667171
4483
15101
131
188753
11177
3469
401
459593
137
823789
4481
130859
4561
21211
809
1249
10883
2707
229
50383
645187
569
233
37
6733
67957
75277
5483
44563
2917
2767
367
117209
4391
1499
113
6637
1759
695873
101
313
76387
1447
751
71
139
269
67
107
4561
767747
198313
269
282059
137
259627
191
733399
821
3511
8563
4271
7
139
23
167
6569
227
25603
10853
389
1259
631
1153
112859
137
350257
239
20161
4703
311
983
21493
150223
228233
8641
293
521
19
269
14867
487
104243
88867
238897
21991
5107
97
5867
1049
732709
911873
8963
2663
7529
9461
934961
7589
241
1361
109
401
197
103867
320939
547
31
103217
7297
2309
397939
667643
129439
239
5501
353
1543
49199
9839
57667
327797
3329
233
8641
283
691973
28643
18451
167
433
1367
263
5297
9439
4021
7561
509
391861
17
6427
19403
9743
401
24421
29
127
9181
151
62501
175229
6311
50333
193
44129
1259
227
983
8089
59149
967
97463
12671
757
3691
811
449
43
8237
7247
2713
7603
75533
51383
17939
73189
1451
58573
107
35759
11027
2003
173909
70879
813049
12251
269177
311
51473
7591
127
1693
4547
90703
1049
1747
51767
9239
3301
69431
78241
163351
359
98627
199
21247
8317
101
38113
31859
2549
1789
823541
346361
4967
419
109
12541
6553
144511
5381
7043
2381
661
485833
61
109
641
64333
65657
41213
61
32797
1663
12823
607
907
1549
109
59
2503
3631
419
113159
543379
397
367
941
36559
2129
625697
3271
71
693727
493277
263
773
26459
599
1951
15809
7577
1307
83
523
91541
2099
7
81371
8423
67489
619
7121
359
67
641
44711
103
17
167
179
727
11953
719
71119
3413
11
397
461
93059
10069
2557
881
1153
8161
449
751
89
29761
2711
5521
1129
71
42461
113
1061
10243
739
124181
38593
401
613
233417
3167
733
26449
6451
6211
139
7867
97
292549
92693
57679
124799
29
1861
1187
409471
727
971
71399
1753
7177
373
114371
1877
7351
811
8731
3323
2341
2383
3319
151
1061
11939
22171
1117
25357
6221
1787
839
6841
40507
1129
7643
59
619
34739
907
9631
9643
26591
859
1087
699077
6299
347
77489
14699
157
422879
7457
21911
307
359
191
227
52937
83137
7457
5281
1997
10453
14207
1291
7673
192817
58207
1663
373
139663
1637
523
787
42703
4357
119881
15289
805033
52301
379
83
12611
21277
47533
157
511757
32119
840473
4231
163
1187
988367
1621
241981
20563
61363
174149
137087
661
2393
55313
2843
53197
411919
1117
1453
48523
1051
7333
467329
14543
211
491
3067
37
307
12037
1069
3251
1543
97
41669
13
62351
659
521
419
10831
296117
127
903251
81901
229
7727
10091
2861
227
135899
72649
193
34537
2797
59
11941
408701
4423
195787
4673
9161
385127
150329
347
368327
784831
1439
31
259033
110161
281609
1031
257
59023
32633
157
6287
2269
569
269
227
133213
44879
137947
101
87679
937
20771
17351
419
235979
41039
12253
47563
13339
2539
23
1433
3533
557
131749
213859
593
5099
19213
12251
43
52609
12421
587
25943
63863
21487
821
1249
64231
6287
25673
36973
1723
10789
95791
12479
130121
77153
95239
677
3923
89
241
249253
59
52321
31957
239
859
374753
1439
587
82633
787
29
733
29
7253
129083
112757
150323
521
743
607151
17989
97397
128033
60623
113
788537
38069
1093
645941
1429
3011
847283
991
4201
1049
409
70123
7477
47
4583
47713
421
7253
121687
10333
2657
138763
73
33617
13933
73037
751
498403
31159
37
50789
9631
63601
10667
39239
5657
12541
319973
56993
6263
76147
95093
2381
197161
317
56711
34213
1021
53
15877
828449
5659
10151
4127
228989
1063
30467
12541
1619
1097
337
3581
809
149
9433
5563
3821
12743
103
8581
17
569
642113
19421
83933
39983
157
327347
30493
379
199
4817
157771
73
601
4019
1091
6053
4871
283
1097
6089
19
919417
4877
311
970391
9941
5
322633
12323
899617
97007
12611
637723
2243
100913
7451
12071
9239
157
917887
53267
36997
37
23447
24877
186841
2239
67
101
173
1579
53
157
498613
102881
219377
311
7919
36781
71
71453
139
46643
4079
3089
8627
169657
127
349
1907
617
26879
16937
4049
21589
97
6323
1901
36383
2671
373
33413
4903
29629
55871
479
67003
3637
433
463
1697
485831
607
3929
503
331
1031
2411
20173
531919
131
122653
17159
4409
887
21661
121727
5641
62639
52627
971309
6899
38177
151
3259
563
37057
3529
229
367
1171
349
14389
439
503
139
2753
4283
131
181
49117
503653
251
67
4229
75149
25463
67
197
5413
23
92581
42689
142963
337
5107
1291
4219
34061
4127
47
183451
397
47
5167
4423
21491
36493
167
2339
26177
4219
2243
8009
294673
660833
467
33083
839
19
1249
46817
563
6581
823
6067
149
31
14543
3433
1429
18493
269
257
128983
4297
292759
1657
239
22777
71
681977
23321
133769
402581
1741
91249
43
34739
2713
97
661
181499
1217
5021
421
829
887
222557
1453
50287
82567
31981
577
1451
367
3203
3089
2339
71
331
1669
173
157
430819
436091
5519
1993
491
193
2399
206153
197
331
271
829057
241811
10139
40277
151631
18379
23
22441
5171
676103
131
151
50599
107
257
257497
49613
313
1459
6841
2203
2663
353
309107
769
326881
491
71
163
241
5693
607
10861
5669
23
1697
727
347
1931
86959
26879
103
42181
1733
2699
1607
34819
32083
5503
6421
150323
367
2857
15217
3109
173561
677
4259
2213
1427
106823
2477
30469
6983
1213
53
467
1871
11069
827
14173
65101
443
2083
103
16829
14951
1777
71453
2243
149183
4931
20063
341543
1657
4639
6703
5639
3607
9649
578041
4457
86413
555337
36343
331753
17
2593
821741
37
10133
2383
419
3767
985631
49459
257
3917
2237
62053
1109
170641
6053
171233
1949
137
13171
281153
225493
293
349
42451
1549
181
141853
739
47
1567
541
418811
133103
281
456553
892391
45587
29717
13183
1889
29881
79
149
519257
331537
3541
19699
30427
9833
3373
13309
1373
463
82183
137
41
163
13577
281
2081
1889
3257
114577
2837
17
251
191
1283
12809
499
31039
12577
233
11
863
44257
827
129061
81181
281
14411
131
101
331
607
26801
60913
1117
31
8161
233
373
15013
14867
2399
35393
79
881
643
438701
1429
587
20509
2801
2237
10009
19979
131
271
443
43397
1013
271
12101
79613
252709
897401
353
2129
13
827
4019
59611
61507
1787
41
11617
109
20509
7127
449
467
2141
22271
199
113
13037
569
1171
5347
5101
5867
312757
19891
18671
52501
578371
113
94771
127343
283
191
166429
874777
4013
1979
171811
71809
214463
7127
40433
670777
241
3463
622133
54493
9521
1627
25609
9739
219847
5861
1777
6763
613
16193
61
3547
408677
115823
911
2357
181
313
33181
30937
929
2857
53323
59651
499
401
138239
7907
18311
32363
104161
1103
571
444349
373
727
151871
761
239843
269
1531
890789
1153
7283
163
7583
48463
163
14827
619
323879
5003
449161
601
1619
3533
307339
4759
1117
21481
2477
1657
283
18289
953
481909
10607
197
1151
1973
573569
23
841447
62987
79
280751
379
4027
439
31
617
25457
83
225167
457
641
39703
241
73
22369
2659
157
389
307
107
1217
19853
2243
599
8929
192677
1511
477593
71
5231
12821
461
194203
149
263803
379
2833
806807
328901
1459
571
3163
149
757
364909
18311
15541
101
83299
2957
1871
431
307
149
21493
1093
2633
71
7127
97
7237
47
83
91423
16319
727
8521
389
269
311
134887
425489
3659
769
24659
494359
503
2693
68351
59
1783
1459
71
5107
12821
507839
491
157
1249
23
907393
150097
353
197831
383
149
6007
49529
1621
2441
249989
6421
1373
47
101
3259
71
919
2503
147449
85819
293
5233
23173
33767
26431
11
821869
277
1579
571
229
107
269
4111
2393
587
2153
199
105953
220057
30941
4259
751
2029
787
1597
2411
33023
131
12841
293
4799
601
1321
8069
311
124753
23
1279
887
5641
166669
3511
439
12577
233
1439
3739
757
20599
67
3527
59
4649
1033
83
405709
166399
521
27103
102929
70957
67
647
209861
139459
139
1069
5449
857
3659
773
2333
517337
2593
2341
227
463
4733
1009
324361
2857
345451
11987
2389
16931
577
5119
2333
169003
7
73
52627
38561
5749
6883
9203
233
69257
47981
314953
317
257
373
194269
16747
70501
720527
4523
4831
98407
87811
9829
25759
14423
3229
107
3323
271
11633
71503
4327
102241
197
73
941
7537
10613
15859
46061
6977
4283
2389
224209
31
718259
171629
1663
167
20029
32341
6703
43319
1997
1087
461
2311
45013
93239
41681
8461
173
137
20347
3541
5981
14081
37
49547
2917
109
6991
53
312397
2969
6827
43
811
331967
217933
859
4253
183343
62627
577
20219
58313
28211
52051
17749
1087
13397
3061
4909
1619
757
4421
107
1117
2861
617
159167
43
151
691
110749
11117
59
88993
269
768133
6089
263843
953
14717
19
1151
69497
397
159179
997
173
27691
597263
4441
455263
6577
124021
4751
97
2663
773
260651
38351
1279
32377
2153
179
15803
137
10501
67
10159
37879
71
27883
53
754279
133963
30859
11887
181
276637
173
935149
61
4357
127
59197
8741
8233
435661
131
149
251
311027
28597
620033
23663
647
1091
359
523
6619
97
15349
23311
4423
73
2017
1847
1451
83
16673
68087
103
9257
547
1367
601
30223
218381
17
1049
359
3331
15881
97379
3931
1217
286873
23
1061
31
164291
220859
349
523
6247
204013
73
7507
36353
4723
41
9679
61
199
2549
709
1747
389
14753
1051
3119
429509
73
7853
58189
4271
7951
43103
71
7177
157
181
1619
172199
28057
151
6977
910471
84131
2957
15919
349
10111
12721
24809
101027
382507
859
5101
36307
113
141181
8713
186227
467
4951
358483
4513
2767
17807
1709
109097
5023
2797
423707
46957
1831
8467
15787
2803
569
446441
10859
21011
559001
211
32507
1499
167
127733
546017
139
99839
5101
16127
13921
897049
58757
1229
11239
84247
17669
967
2749
452687
2141
197
937
109
13
24683
367
37363
8513
1627
114221
313
3631
239711
12211
571
9791
223
13757
947
641
71483
891593
6701
4639
37
467
9283
179
332641
2689
11353
4409
4027
61631
2081
1039
97369
70451
317
23
5641
3313
1523
47
4219
1553
2833
31
4021
2861
281
7001
177743
937
2297
233
2111
107
12479
1447
2017
149
6277
134989
16369
83
18049
263
9967
6287
617
181
1297
1031
135911
6323
257
883
103
1097
613
67
1013
379
3881
26893
7589
919
21491
1129
1811
1151
1511
29
761
521
6679
839
5297
173
110641
1723
89
509
2939
487
37547
17
23893
153059
2207
39359
521
293
19141
256363
5927
12163
461
431
43
32503
239
1699
101
271
23087
19441
3041
373
9497
5227
6359
17011
191
107
460409
79
2477
409
997
965399
3011
242521
569
45013
8311
9787
92357
25639
661
74201
67
1069
1009
232459
101
67427
10487
7789
7607
13249
4597
167213
349
971
943429
283
3203
373
1567
15497
348637
13
587
239
6367
163
15017
287291
491
985679
2797
996647
1279
21839
347
127
21379
797
1579
691
1663
1433
4999
616219
112621
3943
239671
827
97003
2699
181
97
3557
27919
56393
2297
195863
49171
499
2423
179
151477
1823
92569
14449
6299
12791
72271
393739
21893
24371
98867
917209
140473
487657
2437
2027
2753
2029
89
521
50527
41
847037
46093
997
138559
23
719
31333
385081
13877
365537
817169
102409
149579
136949
2251
25561
666773
419
25057
4027
16567
211
239
11833
4409
181
2063
28297
42451
531343
5851
1327
163
223
2383
41057
3533
1063
571
4349
2111
49331
35437
157
2503
801641
53
907
243769
1609
3967
86767
93419
2383
721043
1217
2591
5641
1181
315569
12829
647
179
307
853
13417
1069
383
16607
2003
24623
35879
1811
11527
1213
263
2063
137
20477
887
293
107
193
373
761
8863
27743
961789
499
967667
450797
48029
173
132247
32173
269
397
1231
229
107
1559
29129
412303
23
14983
8087
79
4229
2011
239
26737
800509
647
191
269623
4937
973169
887
4933
137
14449
2069
59
4999
920137
199
10259
129901
977
5281
24023
38447
24571
47
23789
293
373
23563
1523
941
160579
457
239
829
4229
337
131519
8317
4889
31
2251
42473
6703
4409
3181
31607
601949
1997
151
1019
997751
967
409
545827
127
1789
1523
701
1709
199
264053
7069
1289
103
18217
71
12007
234791
487
1787
156727
3011
6299
157
139
107
2389
79
83
431
244637
47
351097
64601
492227
482827
1109
1933
465163
188701
42863
2377
331
67993
683
89
338231
157
1033
21997
10883
198769
2711
306991
31
9161
80777
257
23819
4877
151
71
719
311
307
5701
4457
229
125093
3163
1021
1543
11681
7817
25759
1559
607
255329
18587
42937
199
1217
101
3769
1231
4597
898519
73
467
283
37
13757
439
59
907
6151
271
311
12799
66973
1931
181
7057
73
593
236773
283
967
19
46867
161267
29383
67061
349
71
140983
9857
857
22721
797
17623
2207
10687
12097
129953
797
15359
1949
1091
35317
12841
6899
149
347
313
3697
8369
41
1091
1657
157
45491
973781
36353
16333
1381
47
433
116929
47
521
1997
1277
221707
86531
82493
5927
717133
960497
368789
101
31
9661
60217
387433
76963
47
563
13457
71263
311137
32189
127817
8443
3217
37
443
239
49787
211
599
2791
167341
140167
103
1237
72707
1699
193891
7151
25999
563
11777
21557
37
877
59
239
1117
281
37861
832627
1487
15629
593
589273
4231
3739
5641
233
76091
110083
8627
29761
7591
9479
76753
10427
397
12953
599
1319
102013
173
6163
281
180007
17321
17683
1847
894227
131
83
19727
257
1499
113921
8233
95327
53
23557
50723
251
70969
426941
1163
3469
57457
36389
278063
313
3359
2239
1471
467
25471
46861
2711
373
65629
337
1637
1423
17
2113
59443
4409
113
16729
251
32771
13
6829
103
163
348389
6197
39989
33161
1163
409
991
887
691
3137
700391
28447
251
254161
317743
32647
73037
3967
12641
73
12373
65957
337
215503
1091
9239
97
47
263
81083
829
109
641
3061
317
311
2141
53113
2879
47
233599
67
47
216319
22381
3559
10993
1657
63499
9923
9491
653
5443
5563
311
5381
857
1151
1949
1823
1823
1873
919
1549
61
151901
240319
1979
521
21977
1249
3037
229181
57179
3067
6317
883
263
73243
2659
4019
521
61
107
1459
268267
122053
1013
77543
332489
4241
54647
5737
919
41969
36721
7351
349
13
2029
11969
71171
2687
67
43399
4657
65173
39233
84691
709
8537
1201
349
19
13513
10589
2423
653
919
137443
269
563
1723
199
227
22697
252463
523
2837
233
21221
89
37
461323
641
353
1181
9601
683
619
241903
48299
3637
83
5197
2609
1061
137273
10267
3299
431
1621
768167
107
5623
2243
241
654553
132749
3167
719
957701
5939
25733
25981
1399
89
2207
59
2767
942583
1217
193
1949
219599
13901
523
349
701
383
317
796769
523
533261
313
151
37619
932839
91369
397
7873
60169
134047
4297
93913
937
59
59723
9181
223
7723
12853
109
595981
67369
43597
44683
8209
701
379
269
167
303937
2477
3371
2083
743
223681
558721
997
9733
17333
103
997
158243
14879
389
21499
41903
15959
1013
379
39293
34031
1069
1117
397
968641
2801
2389
27647
73
113
179
35507
401
271
3863
8839
419
229
4229
461
131
4079
2557
29101
1217
389
13417
947741
176489
127
353567
71707
130121
539713
79
163819
72901
27191
188957
12011
40163
569
19
760343
31
1499
21317
4547
971371
401
1481
347
89
313
3109
853
28949
241
32707
3769
1481
317
43399
1049
79241
3061
38327
317
20809
137623
956143
3023
61381
8171
70157
241
5581
167
28793
167191
4969
443
350803
48299
11117
571
103
8537
6007
74551
739
6959
1231
5323
21557
11059
20023
3467
32297
179
204613
12251
24517
187907
95597
50263
1489
253153
1597
374447
353
571
5443
43
29129
1279
11717
303731
17659
4253
1123
486929
67961
74687
8219
23269
17299
40231
59557
197
653
10859
25541
431
241739
229
401
9319
613
7499
13469
181
923581
173
154789
1129
613
14323
79
12421
9011
643
797
774127
1571
596963
134371
45083
309269
883
319279
173
3407
27241
7349
559067
1607
1531
56437
193
389
577
2719
137
25771
419
94513
54983
223
937
131
8243
47
5303
227
319069
2477
18493
523
2549
205069
941
34487
41
67
40801
178487
216481
95801
271
271
206447
487
41
969071
199
6733
907
1319
104999
23
14821
5657
45413
467
79873
93053
2953
1597
144341
106801
54151
491707
5407
31
2383
5573
19553
850781
31
262049
13171
2887
1471
739
25933
4111
13093
106657
3433
1231
523
219433
3469
47
5393
5003
2903
274061
9209
719
356287
229
8669
163
60737
107123
29761
1741
347
6673
47
5387
128393
2063
577
617
1453
1907
3877
4129
273047
669791
673
4909
416263
57413
1181
211
1789
157
599
421
677
593
11617
3559
211
2131
1931
8147
29
9011
181
503
12899
29201
191
1607
1777
401
292057
9049
701
4051
3343
4451
757
316577
16619
137
229
103
2273
570173
434377
577
659
351031
67
7723
211
439
242309
89413
72367
233
79
133543
2713
20353
347
587
439
889271
1409
205031
421
3677
421
89
6299
1993
9787
134443
211
1451
73
116131
14243
23447
157
6803
9371
127
33967
806447
285667
44449
39089
1069
2029
52259
37
1399
313003
780523
784243
313
191
160183
1151
773
95413
2003
44257
1237
1861
191899
401
25657
9127
105379
10501
248893
139241
827
89
148439
4783
1277
769
733
191
28661
11903
10007
9497
1867
743
239641
3907
66629
313783
3853
22153
9323
33247
5939
1109
13781
7577
181
23369
653
46877
12437
108271
607
1879
47
1999
2161
64217
263
966041
35081
116639
43
314117
5297
217463
12143
1259
269
47869
263
9011
277
5531
157
311
191
2237
1987
439
1823
67
337
67
5821
239
467
2843
67
3917
37
12953
83
14939
151
23761
1789
33533
1493
279941
999307
383
116191
307
19
8069
13681
46819
3119
1657
587
216551
3529
11717
163
3527
1279
1277
703379
353
509
42131
431
79
821
19913
3527
83299
46091
607
10091
173177
911
709
19867
1777
3911
1877
209227
193
10733
79
1753
443
1229
1787
821
3761
36847
4493
23
59377
54049
124793
2141
16249
165317
1129
30517
312383
6269
2683
1181
479
990643
59447
397
2053
3463
389
751
10459
81373
47
4273
17
73
9857
2851
149
811
587
549281
187177
243011
3433
137911
853
4801
4933
577
643
11497
112097
127
631867
3709
14249
359719
916187
166597
10427
331
1229
1049
2677
7229
367
467
263
79
19681
36527
31
33211
36373
499
33811
5039
3407
109
439
421
3617
2287
983
978053
1307
419
2897
32957
166219
239
2029
1499
283
3259
31
661
1327
2069
967
6271
907
234727
907
22961
32969
220151
5351
44773
613
2477
222799
151253
994871
5009
3307
997
1289
223
53
1951
157
433
919
2081
140297
135391
239
223
5273
1787
3373
857
14767
499
7589
397
187637
947
262567
271
73613
42943
6073
193
3739
64853
18121
271
101221
250799
321403
9049
15877
17053
10069
112237
601
37717
53857
457
3833
79
2693
55997
4969
2311
67
1069
151
25523
9721
2341
457
12451
13903
223
37
263
2549
55829
6841
2671
751
1949
35107
839
70459
93941
12409
3491
52951
1601
251
613
547
142799
1049
67
881
4937
227
971
6917
317
283
647
25409
739
8753
1259
352939
2477
49333
1523
37511
29
113
449
2287
439
10937
31729
3923
193
148139
2719
196541
787
13997
59
375049
2437
1997
229
256661
331
29023
67
181
239
103393
853
241
659
10513
307
5501
331
80537
198469
127
499
920687
173
37493
7877
239
317
57829
36629
41
991
67
1481
9421
1433
7489
2851
16619
12113
3037
19717
359
402751
244567
8647
1307
3947
1553
2383
509
2357
24419
73
17117
23
7537
46601
1187
1657
101
1733
408677
478927
1783
283463
1481
313
479
5309
1249
6997
7591
907
34123
4159
21503
7523
16927
133697
41189
653
566273
43853
257
3433
677
5003
271
29789
126989
193
4421
7027
4973
27551
179
9103
701
941
1171
11261
16061
896557
22229
229
127321
9623
2659
743
47
103
124543
113
727
1259
167
53
659
401
1213
257
1009
84247
887
34949
19853
2017
379
53
337367
15877
1109
3
3121
6311
12413
68329
2143
977
2423
2711
104639
67
3023
1669
23
131
109
113
131
379
1129
293
1873
1879
4643
106391
863
2087
9151
1307
13499
380441
172801
1427
56929
19219
37561
41927
15349
20201
95279
11801
59
5807
11801
477847
834859
1511
127
919
2131
8237
439
147661
8317
313979
643
431
397037
3307
3947
461
601
82633
307
1109
47
547
1493
53
476401
4943
191579
20549
379
103
26113
202061
73
10531
189311
631
14461
7829
313
193
277
41
49823
28807
83761
1931
11161
13679
131
5639
8329
79
647
1103
66749
149
2251
2393
137
1201
28151
1153
9203
257
8501
547
107
73
163
2423
113
1181
487
563
557
6833
2267
149
11087
31481
104693
241
829
18013
8431
1031
89
9551
211073
110119
113
163
1913
73
14327
1723
353
1009
39089
1609
149
4349
31477
3671
49429
521
29
1031
121963
17713
433
761
381659
36821
736361
1237
335641
46663
4447
29
4637
313
757
67
229
211
379
4327
101
45247
23813
383
17341
114319
61
1879
463
33071
787
452597
21107
207113
90469
1187
6353
8681
44071
14821
18311
44563
103
19681
1783
349
56891
191
4759
227
727
142559
733
1777
23
367
11287
19
167
4133
167
195967
6977
619
1747
2039
59
1489
11069
1063
3613
11
409
607
1873
1291
1033
83
439
233
58129
624497
1597
17
1249
908653
89
9419
269
433
104053
235241
149
71081
94427
230353
5081
223273
3769
18413
65141
337
137
257
73
67
9341
547
926977
1913
25873
23
13159
379
233617
617
157
4673
509
73
68437
401
1259
727
2999
29
157
97
62057
3299
163
79861
199
89057
911
1301
122053
29
65707
10853
41
353
4507
7451
81509
683
809
2843
662657
81199
401
7219
887
412589
26053
590839
95233
25703
214723
23027
307
5323
7829
24439
909019
13691
254663
2621
239
271
134777
199
307
1609
34039
4483
76597
10531
739
18371
46573
12583
245071
521
1433
6037
9929
709
199
498101
16103
4337
337
943819
709
691199
13
1721
1301
769
229
19
10357
443
4421
277
61
24623
103
881
26423
30071
1051
314777
29
733
37057
2011
3967
2897
2053
9601
236329
337
1229
179
6473
1433
677
55117
386747
389
165901
929
6247
811
234587
8779
1009
769
122819
1877
163
349
109
4003
17
2381
241783
3821
911
29009
34123
191089
45893
227
77563
569
8219
991
166429
5399
1483
193
2207
269
197
5843
1013
3251
80209
23
41117
151
739
4673
859
4363
163199
79
977
593
347821
86929
487
20551
79
3343
22171
613
1361
82493
33203
337721
211
58693
20113
359
587
383
31
283
911
43987
36307
137
276883
8783
97
3797
59159
313
436729
526777
199
307759
263
557
269
617
22171
373
776557
2549
732323
223
8627
107453
2417
474707
58027
185243
661
127
911
241
1619
10987
443777
79
7639
18749
75149
244997
47
389
277
4241
11801
27281
199
37
136379
8629
166783
177043
157
7229
2143
211
10597
641
7159
93503
827
2833
1459
523
857
8803
1109
78497
12301
373
4337
491
53
8951
254911
1951
683071
991
1091
4801
38351
952979
18539
4243
521
189061
1291
9931
271
635809
3727
96221
3779
716531
565241
977
26513
197741
107
257
137
560783
46549
977
7591
4327
457
9739
149
307
569
619
163
2753
3989
6949
5693
61
452363
3821
10949
109
227
2791
67
5813
61
331
1237
754073
101
73309
151
3709
929
1091
4967
653
6203
127
4919
8747
870161
3389
11903
5023
118583
15073
607
4231
1979
1009
11447
2339
601
4603
116141
359
3371
195997
15149
599
3169
176989
10079
218363
1871
9323
1637
15569
10453
869579
331753
31
499
3067
89
12923
581983
373
101
2647
4871
19709
6737
152297
577
89
769003
38873
1321
3271
9839
113
307
1607
64483
42467
107
653
50777
26699
2473
2273
2477
133733
1583
1669
419
13597
3821
20849
229
439
108013
557
7649
79
7561
280451
2161
50993
199
1549
411727
443
2083
317
2579
6763
83
331
193
26993
151337
71
266059
801103
379
557803
1571
131
336899
547
914339
3413
761
47
8011
257
5783
19237
17681
139
83
154733
97
173
12413
937
317
383
47
11887
269
3299
131
50111
7673
146953
757
10067
47791
12979
397099
27767
4159
197
8161
3541
59
109
30713
31189
773
16921
37
331
67369
277
26641
1663
107
191
4159
1451
1663
823
38113
58073
313
2633
8861
167
223
379501
1481
15331
161563
46153
2917
147517
137251
1499
45971
31069
50321
311
463
31
39097
1153
607
521
283609
43
1031
35437
8101
105023
8753
39191
31
757
928409
4597
23057
89
619
5309
101
38189
4751
292309
3119
4423
109
2957
1523
2111
23497
122533
911503
13649
103
107089
821
1877
29
32189
79
5011
103
2399
251
311
2531
2309
23
6563
43
461
1187
144223
541
661
14303
1753
2473
157037
607
13259
379
185699
33503
599
41543
291437
1223
51803
137
461
31793
1009
86399
809
5231
59
47497
67
12613
821
3673
160373
324089
2381
2087
17827
3853
271
7177
7723
1399
1361
23
727
9521
919
11527
4507
787
4643
7673
2971
1373
2069
311749
151
1753
31019
193
21937
12143
5039
8101
163
176699
1307
431
5801
211931
571
751
491
677
52181
11113
21341
109
149
122597
217199
46309
967
239
2801
84731
937
142169
2789
101
211
5323
28661
7723
2293
51047
5743
39971
491
59
3769
89
127
467
367
158863
225347
11579
173
736469
2143
2459
2843
215483
247847
111773
1153
859
63997
359
29191
101
83089
21661
2029
199
29
347
1579
2549
6217
419
475789
89
177347
8287
947
2137
1321
173
197
48023
24677
2203
19
1381
51581
36493
16073
77713
97
2333
953
86629
571
991
907
84317
1879
15661
3163
312289
467
1451
3547
503359
1033
1489
1559
2341
475297
5867
701
421
516179
3163
137
2539
317
1613
1721
5399
307511
241
683
73
44617
191
3851
7687
431
14563
235099
349
57367
10427
5581
48857
4129
521
617
4483
113
765439
787
1993
151
692269
50287
23
166979
2131
103007
11807
89
1327
230597
1237
1847
332989
4919
33191
7639
467
4261
7207
109
874087
116689
1429
449
3271
8039
12413
331
193
47
80363
44179
450083
929
181
23
603077
8819
255473
44809
101
587
883
210209
77573
347
349
1093
317
20443
3671
20183
52081
1153
115201
41641
937
25639
787
38329
36749
199
2273
2003
586811
727
474959
2003
1987
2003
691
317
359
5273
124771
13001
99137
5801
547
4691
114599
208141
2273
1609
431
103787
109
79
440953
6421
53
499
373
4349
719
277
1429
499
131
194479
5519
5039
128291
386329
2099
4789
461
467
316321
26393
10607
7559
194581
421
443
1759
3673
557
99259
79259
613
599869
86861
13
19403
6529
181
3301
14251
6551
727
3571
317
12653
643
115781
11399
13931
677
28541
69383
179
4219
521
313
559123
367
1327
1109
4729
1429
9257
919
3697
347
1213
673
101
966527
1831
1871
3019
1223
7369
59
1531
677
293
541
419
1877
5437
24071
671467
15227
33589
55837
157
179
193
701
968827
731389
379
21713
1187
5821
7393
49429
919
41
1657
239
450083
94903
7841
311
134153
61
13441
143827
180023
1993
20479
3617
263
124339
1699
4787
29
6271
733
29
12923
16451
19
163
8741
42281
4261
2399
134753
89069
98491
2341
12919
56813
1327
9839
3499
8039
1669
1433
23833
7177
47881
1901
1367
25933
5059
853
61
47
71
24749
458807
349
190297
331609
34693
37
142979
83471
1237
1999
329317
17117
3541
38693
307
51893
421
199
347
192347
6379
8081
73
179903
3049
38971
78607
9467
503
197
853
26821
587
199
139
953
47507
163
82613
255107
311
97
1543
367699
6323
27827
864037
24971
52711
116747
12379
61483
863
62401
829
1873
5197
530701
811
83
193793
12161
13
17891
68053
57241
1327
12301
938089
6719
23
661
37
197
221171
673
140159
19
290557
239
3659
340937
27481
2393
2591
19259
79
351031
174821
7451
3491
8311
229
5987
12041
277
175963
138373
17
7703
37511
233
101
311
4397
99173
547
787
66721
348077
443
2999
4261
28309
8059
94837
107
105529
20599
9067
310021
394357
2591
25603
67733
183479
1607
457
384751
229
353
4691
947
1249
1009
41
929
156227
54101
11689
569
137
6277
263
2473
164251
335449
151
443
101
661
15227
131
37039
76871
178571
103
257
21143
181
4831
947
607
15859
5927
271
69739
21911
7451
21683
810517
1103
953
949019
173
102079
42283
3067
2081
4159
823
653
431
2657
79
510073
571
10853
8291
7823
113
271
143501
2251
467671
263
31159
150659
751
3049
163
6317
1733
1063
12227
110819
109507
7121
37
92353
3697
139
18523
317
373
227
286243
94063
13537
1303
127
5573
1709
3331
881
173
1361
3673
3467
2939
17
79
8861
2017
10139
14293
19
175061
157
171713
16981
1709
1061
797
677
19661
211
6829
2447
6449
577
380797
18671
4801
279967
43
233
1787
323933
1069
209449
47
2129
241
941
863
9157
357517
15017
2351
1613
541
5437
719
25307
12073
9133
21611
3361
281
853
2797
227
3209
93739
421
401
1117
659
33037
13267
45599
457
26321
508489
1289
73
389
101
79
1123
906403
2017
157
11299
379
6301
11941
709
359
157
487
3583
44851
4049
19
82349
2939
31
58171
803449
67
991
373
47
191
96959
1187
263
30977
8539
137
1069
1013
727
461
49459
377873
1277
184903
1367
24169
1259
322877
499
71
151
37
7
1291
211
953
9719
2767
1289
2897
1697
949159
4259
2591
531103
20327
6203
20809
1907
152423
2161
2161
5147
10433
109
10223
349
3499
83639
151
263
571
587
4093
3391
4679
1613
127
322013
6217
520369
661
431
47137
599939
1039
35911
967
79
163
172093
1307
6619
944687
2389
2699
4513
1823
71
661
7433
12911
67
3163
63331
229
859
347
3217
92821
18061
1259
251353
229
313
4561
1471
227
419
227
431
225931
42589
194569
4889
587
3343
21859
1499
1777
7001
23549
223
229
6323
32213
337
83431
3209
1061
63671
22111
233
451541
661
2281
1429
53
58369
3797
29
53
17483
21977
2423
9629
69149
593
71
127
101
593
276439
297439
18749
367
290183
23
169069
44587
411967
1091
21487
352007
343951
449
131
4253
14327
47
36299
641
3557
463
10433
10321
117101
111767
7103
30649
22669
3389
35801
354259
43
23473
2239
2029
131
1637
227
101
864581
41
1289
14657
743
7817
12281
809
103
4583
1109
1321
6679
37
2137
1367
113
359
582317
17827
6827
118453
593
20807
307
2203
421
276557
92987
334231
313
103
10067
5903
405373
557
6553
31
33353
61
5483
324223
6143
353
6599
732749
257219
203431
4621
709
2111
719
691
131
57077
167
2383
307
9341
43499
839
440677
709
137
251
52919
26633
1627
163
241
46507
1151
2027
929
3187
179
43
2417
32491
78553
131
283697
73
347849
414413
2269
10337
482093
14419
23
499
43
70489
26263
541
13751
373
149
8807
5939
3617
494497
2357
3967
271
36857
619
632123
641
13
10501
743591
86969
593
6971
827
821
8161
29
12401
197
3049
137
761711
857
89
397
27329
544813
664061
177539
22123
397
521
106109
69737
1447
394007
983
3797
56003
14549
4951
137
191747
170801
5297
857
599
2131
5849
857
269
318281
89
53
647
4993
541
523
3049
324209
283
443
233
1721
8629
37
2477
1597
146197
136343
428759
491137
659
2237
18287
5261
1279
48649
286129
139339
2467
137
474137
1103
213821
593
457
153757
198139
3623
5309
91841
28843
2251
17921
733
47
19433
3221
983
4657
257
10853
14593
1559
271
2309
19
16831
2053
10559
761
181
10687
4019
1013
6827
63671
187897
359
2531
859
449
4639
94777
6737
3413
408787
932471
101
7351
25703
733189
733
30971
19249
67
991
19157
1151
554207
277
6653
1031
64783
757
113
1609
269029
13
1307
2939
56821
175859
167
127
154753
3659
41
89
29063
45083
15661
53
1277
1433
126151
32341
29581
49921
151
5569
944621
311
21713
17341
15307
11833
17
1733
569
4079
48179
14621
853
140317
103
625943
282407
757
149
211
92707
100987
31
14407
7549
10567
877
383
283
179
109097
827
5827
91921
1621
1429
769
42019
9199
109097
22133
2003
19531
7621
616991
1811
1361
389
167
683
5557
183971
19139
1879
1153
363043
760621
3187
353
739
907
643
601
23369
30757
1567
331
263
17203
193
173
75479
601
197
67033
894581
4091
313
73
314407
64381
2131
953
57143
7817
1319
67
89
1913
27947
40487
5857
461
32491
4273
45613
13693
4261
515737
1097
347
173
427939
179
1693
2339
13751
149
6301
13687
20903
1153
691
6229
1031
131
120097
761689
2753
19387
43
33587
449
331
401
409
14419
1193
2029
140689
11423
3001
6043
5417
2593
18911
229
950029
206939
229
158077
77551
293
30071
233
107
19069
5563
6469
97
229
1663
89
269
53
467
82351
341557
5779
48787
203921
88223
108821
349
1871
1069
10163
5897
29401
7927
3851
189251
3299
231031
41
389
337
4547
113089
73237
846487
25759
220177
173
1163
149
1259
70849
16603
53
931783
211
417883
619019
331
281
229
163
6329
31
83339
757607
1747
523
27127
439
9857
211
238673
487
163
35393
6353
131
15797
1163
75277
271
419893
200131
787
757
227
199
127
1283
181
3719
173
8431
1297
67751
139
4421
1949
5897
193
149503
911
45767
269
29311
8933
3511
933403
13171
619
73
419
139
337
124297
19
2917
293
31
10597
1097
51511
19979
90371
9311
2311
5039
947651
1867
3359
16267
492467
73
1627
6343
113
353
8167
20879
17
33391
40507
733
6569
127
459817
11887
944833
91733
19319
47
33199
49529
1429
47911
30161
8111
26107
427307
461891
3671
149
208121
51043
39359
16001
3407
14051
26171
1811
1447
941
360851
65651
11213
223
229
1259
9689
19429
179
4297
296693
108587
144629
174367
422927
911851
494077
142421
1097
63913
8719
2707
2039
6793
337
59
1459
41
72019
2081
743
106543
11443
179
389
24763
379
4621
12277
1033
3643
277
265729
1823
3083
961397
937
991
33629
311
113
47
601
23741
62423
373
2311
8431
179
8971
797
1187
787
173
149
325693
79
73
641
103
18341
5563
323413
1163
577
20443
1993
109
75731
67
127
3797
281
641
2999
160789
1033
501343
143813
1201
2143
170123
10343
5147
439
479
40493
307
74077
4079
1747
9323
107
383
5843
199
797
3467
103
457
613
101
52543
40883
4049
613
77573
19
198073
21323
131
1667
643
2693
57329
30139
6163
46817
109
88261
5573
599
20611
19
281683
48647
27457
727
443
1427
467
2267
6863
923233
108233
139457
26267
5737
1447
23
2791
757
47
7219
91771
151
50363
15401
197
176053
349
440849
2609
62597
128489
4831
227
3119
87251
3217
241
408677
311
385631
96857
159059
419
1483
241
1559
18121
659
242779
199103
773
1789
36821
277
139
227
601
47
103
139367
42841
282917
536323
6833
34147
503
179317
67
307
131
22853
20599
59669
431
463
139547
4001
3671
25643
5039
277663
182471
17
31
317
149
127877
80153
23
10487
37691
3067
3391
127
15149
1667
2617
311
3919
454847
683
4993
43
28393
131
6571
92941
878279
1657
2473
1789
1657
42223
956237
109987
2029
8573
5477
191
271
3167
283
24989
2029
1439
631
233
2797
643
24763
12101
283
4603
20269
5693
4049
157
29
487049
727
13903
61967
160319
499
179
8689
101221
53359
12497
31181
863
161137
3011
1669
260609
4451
63127
3271
21089
251
2357
919
397063
4243
647
3803
33599
5717
6359
7681
397
421
4013
919
570079
5297
735751
103
227
6151
26161
743
37
229
1543
3181
1901
17627
401
9967
836191
41
70849
2777
163
180539
462113
157
569
109
59
149
6737
1597
149
10079
101449
104953
11887
1861
9091
5147
16349
197089
43
827
827
160603
16553
1409
142159
25657
5011
145777
139
307
439
1181
483433
83
11503
19891
1523
1723
3203
241
157
9851
12347
3067
1327
24799
24419
60793
2801
23
12113
521
990643
109
353
43
4363
18181
869321
1753
3889
487
89
6449
131
83
23447
12809
191
1031
1489
15391
41
110261
439861
21977
19081
397
2089
71039
44071
457
6473
86029
103
317
293
2267
1231
25349
42101
227399
312727
1877
383
1279
1123
1031
3659
607
2423
9521
3229
53
795913
419
3463
9281
181
239
1019
631
97
12119
1181
46589
5741
1181
44917
3313
823
14303
73309
1283
19777
199
22787
71411
743
476219
101
120833
1229
24247
20939
421
949849
3253
1013
587
34127
7607
947
53359
5261
24371
131
28513
2267
463
6481
4289
70949
1619
7079
619
389
1429
1213
241
109
283
353
17539
523
5501
136949
239
479
5521
109
89669
523
631
37
2971
21487
17971
6701
863
6701
13183
37
7963
1181
2767
359
5923
43201
54773
4297
74623
577
851231
59671
4357
1951
439
32957
4409
7681
739787
8147
223
3931
28439
223
79979
33461
12269
62687
4157
87589
701
127
103
7723
39041
167
509
3019
571
98849
59
3019
4397
523
263
1579
397489
127219
61
21803
521
2767
521
1877
863
269377
21503
191
291701
337
127
1483
23977
3313
677
2143
1181
444557
10663
433
457
1129
1361
10847
1033
12553
269
3371
1499
916859
175267
1187
131297
17317
41
61
67
167
8101
103067
4057
11251
727
829
523
743657
79777
53
6547
937
53
116911
1039
109
773867
223
37
44789
151
4177
1087
482387
6967
389
1801
393677
12277
641
8291
2939
2633
137
1021
733
58631
10331
167
159799
73877
11801
239081
389
1103
307
302287
27541
1847
7537
7247
2213
47717
72469
97
2543
420683
5261
172607
4019
659
641
647
364411
10567
6173
1531
607
266521
6569
24373
9901
7393
577
823
4217
2503
569
8521
463157
25147
11657
2113
131363
109547
10273
1699
569
8699
8999
22571
3623
55667
109
127
433
1481
337
116687
3457
4517
8147
101
79
10321
1181
4793
39047
24317
1459
7703
257
9181
5431
3931
419
127
394637
27919
1277
856181
30253
353
311
29
97
42023
353
73
79
397
1117
3769
3833
267647
67967
8293
1231
424537
1283
199
1873
23
881
863
197
71
2083
60167
9281
41411
3733
2081
16657
283
13913
152203
139
17
7759
63839
119489
328651
108649
463
9829
2801
29
2039
92233
1583
61
359
151
691
157
1213
59023
15361
2591
887
177823
139
166027
27529
1697
601
2269
571
7211
10289
2099
401
443
1193
1087
543131
919
457
359
197
457
7789
507953
108439
503
189421
881
40771
18917
647
15739
2683
277
834181
2467
6229
2111
7583
431
12583
4603
7039
964351
8623
89
53633
653
61507
139
389
80671
491
283
64327
100109
3929
463
27073
55897
41
33617
83
44273
73
37
318457
19937
293
31337
10433
32191
3041
557
62773
109
89
151
3803
34369
1699
816899
641
79
1069
3407
3803
71
181
643
5867
10559
809
28393
887
7607
1879
25339
330641
117727
6397
181
218591
6691
33601
3313
17981
211499
48619
373
701
2293
967
8101
279751
27749
84761
32843
4967
1999
28549
89101
2053
67
101929
5381
2671
419
74887
41161
181981
742253
11987
142157
29531
977
797
28069
4567
8713
61
9109
290509
29
53959
27239
6323
570001
6197
36821
383837
8713
328639
101
14389
503
15137
538001
191
89
19463
1723
197599
293
347
280607
691591
8209
169483
439823
227
97
1117
16883
647
32999
523
26417
2503
20533
61
9733
89
6101
20183
395749
89
383533
31573
5563
112337
613
122849
199
181
897317
2237
7907
4337
4679
733
683
2789
6361
3691
1103
461
35381
11587
334889
821
1123
10781
1399
350191
8243
42443
3929
1471
61
797
137359
170741
191
439
1559
3257
461
29231
149
542911
458047
139
479
12043
8629
43
123983
11551
1429
181
389
60449
1901
4397
34141
81647
192383
43
16829
673
77731
74831
213737
137
653
1447
91673
13873
236707
31
15013
58601
662953
47
306947
677
12211
379
2393
761
22859
6833
1669
34469
2477
98479
9161
14879
1831
34301
3643
2237
1049
2371
4937
528053
2753
1129
21557
109
74797
1493
248821
5813
3433
11689
349
4703
46349
233
89
7393
786659
2441
436417
9491
3307
349
3631
103
1583
191
431
181
6829
1229
151
32377
128551
116131
563
4133
3433
23
2081
402991
2383
16981
47
30223
133153
431
163
1489
14753
48823
53
83
311
221587
35107
3943
10459
70061
957247
6827
661
31
2971
4157
20807
1063
53
6011
5227
503
647
59
67
241
463
11399
249833
89
49297
709
853
251
107
79
27617
293
257
4289
107
70627
269
61
229
1051
4603
2287
29423
977
47
6607
349
2351
317
31481
3167
210097
81233
419
887
4013
61363
709
15299
154183
96167
347
174259
557
607003
42953
907471
882779
184837
232597
154841
3019
13217
8501
42299
113
157
379
51157
22943
28949
2689
1913
21517
1091
270143
397
83
30323
269069
161717
472799
37
89
3943
22943
708601
115981
36637
857
785377
911
252163
19753
467
13327
101681
136813
40111
1999
61
25033
6367
463
1697
401
2377
124673
3457
127
15727
19709
421
997
263
11243
39419
301333
53017
590327
235787
2549
11617
12841
602971
75703
96181
16931
15679
10079
10859
769
32381
6833
25261
179
164249
103
61
39887
7681
641
262313
44383
3557
461
4007
19889
239
56501
151
70849
1907
277
1697
1201
3923
1051
1181
583631
212981
460793
31159
1607
997963
8293
3547
532601
59009
2719
4019
11551
2087
19121
2557
2777
35437
205507
2731
2027
773
8293
170711
641
823
193
23
251
20857
16189
456223
14653
6703
1531
59167
541
313
611839
181
5657
661
257
293
151
981139
659
106273
491
1447
4229
13
17
269
1187
23
467
53
167
162727
661
367
81847
68821
647
282881
1289
158449
547
797
16187
74377
1549
431
60649
829
2851
691
25903
199931
46703
59
12143
2203
7027
271
45779
37
331
2089
33937
4091
8387
720611
978403
241
181361
277
227
258421
148609
22643
588037
24793
179
151
149
13
74297
50647
18089
2333
2281
163
73
5237
43
39239
971
10433
2767
17827
859
251
43
311
239
859
15269
96601
353
13781
13859
227707
593
841327
28813
3253
623869
9161
101
569
17203
439
24359
1867
2657
503
10333
83
3119
950251
401
67
109
7211
101
25819
3547
401
1123
30449
2357
2917
5659
2657
233
409
1237
63929
2719
12377
70051
13697
1583
7603
5087
11
9371
26821
113
89
353
12071
337
197
769
125231
1277
449
1039
44893
2447
5659
44879
157
733561
439
12113
59
857
3203
577
783373
487
919
7013
2039
83
19423
18713
1289
9833
12781
7247
337
1093
1747
421
7723
1723
1453
18749
23167
675263
56873
9059
89017
175081
5693
5347
6011
77237
1171
619
14713
8887
10709
199
1259
139
6299
1693
2731
11743
6029
937
4813
2903
146437
181
4243
10337
258991
4241
6997
269461
619
361069
111269
284881
6053
5843
7411
7583
2411
42181
2467
5741
31607
10837
704243
1087
711583
59
20173
59957
827
439961
137
23
1129
804497
24517
34847
131611
3967
69593
1951
2707
606811
3121
16883
71
36857
73
158009
113027
367
37
37
28447
251
79
4241
239
547
271367
442633
821
2161
154387
69193
347
4787
907
905111
487
235813
123791
727
43
5407
857
26431
313
137
53
449
59221
33629
811
141269
681841
46051
7621
199
421
43
316919
401
18691
1259
42179
292549
196331
33961
1733
968879
53
349
2557
353
1987
154849
976817
307
4507
141971
41
673
10477
2347
12689
29
787
211741
857
839497
51827
179
299909
5347
2153
983
1613
79
16301
983
52711
349
50023
443227
93887
1867
217691
443
4649
1999
474751
13417
352109
33149
150517
139
606743
5791
4447
1993
67
1367
443
547
263
48563
3541
487
397
359
71
1181
54779
106783
1061
1091
449
33809
599
463
148829
355463
214771
6173
257
10193
19211
723839
1231
29873
1327
5923
6151
59
433
870497
34337
394813
21661
6863
2521
120851
1637
39041
127
1049
33013
59
47791
1213
461
547
76079
926203
467
1129
72923
9721
6947
521
557
1699
3463
7499
995443
73
37
3499
72617
467
719
499
103
4937
71711
516643
547
3067
3593
17
151
2621
11821
615751
30781
1613
37529
71
262489
18701
721181
8573
96757
1097
34283
43
983
1699
37
2153
11621
439
271553
397
149531
6763
547
19471
27997
3557
5443
3637
757
263
16553
3323
625283
35107
5987
215497
379
809
4801
1733
2371
1249
220663
587417
547
3931
283
49433
22369
49787
1973
80909
1489
38917
31
3433
821
61051
17599
47
79
3391
7883
733807
73
211
106531
19961
1423
87697
3767
757
5333
1291
26513
21031
15193
29
47
47051
383
71693
676979
17
222799
190301
31
1697
173
61
55511
583753
38321
4243
907
118471
857
2711
8779
3323
1187
4951
1801
21557
233
71011
19531
191
57527
11681
6163
2111
5237
503
71
490661
195047
61871
13399
3253
180533
173
3719
300431
449
11411
853
27409
547
1801
4259
7229
4481
487
191449
52027
368021
23
338269
63337
1487
647
4057
139
2917
9787
8839
5801
4283
4679
111409
1999
1637
211
70891
239069
1283
1229
2833
138617
18713
709
4373
300961
7103
457
4241
28759
229
2531
101
3301
3851
3881
757
773
6491
1303
523
34471
167
709
127591
990037
257
269341
977
71059
59651
19031
241
129023
29
223
139
53
181
125959
324341
411421
1373
1811
11353
349
69403
71849
599
4759
2129
569
3019
228983
439
181
181
19
797
101
332561
6917
443
9127
769159
1277
82009
47777
127
1277
137
1109
6661
109
2311
217319
381373
1879
5051
340261
599
10639
5011
821
643
1289
397
20123
461
389
108643
62869
37529
521
233687
53
23291
5849
73
12227
853
930389
691
61
2179
503
829
233
42989
20143
41
705533
3
272771
2953
109
1223
151
17123
719
167
907393
2767
3251
227
389
599
74587
7057
298723
6133
266291
13619
80021
31
347
61583
79
5857
5869
2237
47119
12919
1721
5119
411617
1993
1433
727
229
14879
15511
2243
3557
106753
132283
7
83
6803
1033
59387
196687
419
15083
61
197
73
1187
181
611069
17
2011
6277
49193
41
97
4721
1399
419
33013
70709
193813
227
47
53
45361
70289
5987
2917
277169
284741
241
36109
89
131
7853
27691
3761
971
12589
311
5659
41651
563
98047
13469
3049
1571
68791
47543
619
411469
1367
71
144511
6229
181
211
14947
409
10343
101737
57397
97
409
13681
6577
16363
541
503
281
18379
16061
359
16903
1861
5857
3299
15077
4723
1879
85991
83
9013
1327
173
953
491
313
2389
1427
3931
3257
2843
1213
2963
2693
283
1181
24329
143357
439
59971
135211
9151
761009
1291
54049
7103
953501
139
58711
419
353
87977
5623
347
1861
7753
8713
307
163
953
44041
997
15959
997
6089
347
6101
1013
641
1471
2521
109
2297
3733
3359
113
1307
131
193327
4999
571
181
51691
9091
912409
33569
617
220511
448397
1039
691
4133
397
29567
139
421607
179579
9649
233
547
6971
863
293
100591
1249
12073
48593
409
919
1597
61027
839
5839
977
3001
77383
13
73291
233
151
45137
74797
104999
4987
209533
14281
661
18793
181
97
2003
5557
12911
379
33203
269
191
67
1031
613
20089
41
1973
19603
11831
902227
13
13297
4159
223
139
1163
117281
149
38821
73643
193379
229
1237
10771
151009
1031
43
7
1249
7393
1447
5431
59
3943
587
7759
223
1049
812233
5519
557
78857
443
446983
427073
2213
29411
157
241
16649
113
7603
235537
29983
83
10883
4231
223
10337
34231
39779
1427
967
653
30319
462467
113
47
105389
2333
43397
130843
15569
204439
26399
40529
197
3623
659
241
59
66083
65071
773
389
107
2083
547
40127
1571
7457
4649
173
4639
283
1327
23603
101363
7559
83
997
1061
139
461
56827
1609
5839
5101
3919
89
73
1847
131
1621
1693
8053
731807
89909
21683
273323
6703
90803
4801
104239
4241
3307
3109
883
9511
2617
83653
1493
113
29423
29179
1019
617
2339
11
2383
483953
1801
92893
6323
2347
2689
11287
103951
5881
47
155653
3331
163
14831
2459
4871
4229
5827
16007
257
4127
4903
15889
1259
83
3109
2081
1013
2111
1459
1409
59
181
406271
1693
443
569
178931
11321
227
41
2273
529117
229
1877
19469
10067
354353
1307
8017
621749
2659
1637
47
160117
827
8707
2687
39709
829
113
5167
9157
97
256603
137
18311
243851
509
641
10391
3907
223
12781
40231
153733
20947
23831
4049
1217
187043
16369
231067
3121
211
409
251
4973
131
629411
244547
769
139
307
2543
733
32603
8081
430393
111833
9719
6491
251
1381
10529
17021
1823
463
38327
308509
3329
3011
2903
7417
7193
23063
6173
3217
1877
184703
251149
103237
8597
3863
63719
1321
740581
94349
313739
19
659
1481
337
8887
2393
433
8377
1663
304981
32561
23827
88513
14851
229
41887
317
29
246941
19267
209819
12893
1277
487261
61
107227
127607
593
27239
347
439
229409
939373
887
1831
683
62303
11743
1201
85643
10303
4327
185947
113777
12799
103
96703
22367
92693
47
2153
43037
434909
7393
14419
11159
3187
37853
687299
77563
8101
5
53017
57047
113
40039
61
1033
5011
193
8713
23
109
203209
919
1657
443
167
4337
52541
79
1303
4021
8273
1753
14657
4099
14081
866093
25799
6287
20693
37
3659
84181
204557
1153
613
2683
1787
16519
179917
2273
47
34843
953
1811
5573
15527
155921
25951
3253
71
5023
2663
144967
601
950233
11831
34763
677
1229
6131
53
223
7793
561961
14387
310027
7187
75337
2137
79
3301
77711
6971
17713
122099
32833
26321
1193
144577
191
251
24001
494191
971
11783
82549
274457
1019
877
83
491
2447
13
25793
463
4483
63313
1213
8231
1699
15053
1237
107
653
30013
2311
409
953
359
379
22709
7507
6917
307873
6323
809
7577
2633
306809
18191
8273
13187
67
2851
673
2347
283
17
129403
30161
157
103387
1307
89
137
709
109
137
1061
647
5437
64793
31687
23
131927
3691
62401
1693
59
113
12373
11491
1423
4513
479
73
7573
61
263
373
132137
17
503
16411
937
75193
157273
10499
3613
239
142969
1627
3253
89
81307
4177
653
34253
293
8231
7457
150323
383
41
2719
770897
7753
188437
26701
20887
11351
13063
1217
1907
4357
2063
617579
971273
41
2473
367
269
881
9791
857
1873
188299
1033
37957
131
23627
4259
36551
15809
317
307
199
463
60601
118673
463
107033
911
3347
607
881
11059
1669
5309
197699
569
1181
181
7177
941
504073
18917
1153
19
269
574619
4007
29209
443
47
32261
7247
2221
251
31379
15377
1289
2351
8269
347
891103
3121
7459
1109
1979
25913
943429
1553
277577
38371
3911
157
223
25759
727
15859
283
379
1091
1723
8081
31567
13873
1583
666821
4987
784313
69737
433
5573
52837
30971
36523
3169
438143
2221
29
78157
363529
1621
38953
22859
37
101
7481
71
375283
4789
643
47533
16139
293
743333
205817
1091
41
751
41
50261
2801
53
461
13931
233
563
199
6367
513397
13
6571
311
47
449
2999
905621
396581
113
21577
233
129497
727
8419
821
149
2659
4423
17
78367
5227
17
261031
307
9883
663049
2777
701
199
509
921191
5471
7673
1069
4813
26893
967
307
1579
577
24083
495241
281
571
71
209441
6047
173293
179
17417
193
10799
835957
6779
98899
12203
729511
82493
36341
4177
991
197
200363
1439
778357
609701
2207
97
23
20983
29683
195161
717271
227
13901
197713
1049
37
768359
4523
12253
25261
9661
284839
71
883
497197
37
6701
71
9601
263
1307
137
431
6569
1229
85571
41
2789
647
907
1999
362863
677
1979
463
179
19073
5297
188983
89
911
1367
743
667103
6547
3413
89519
1289
3943
19427
1091
14143
532783
176129
437471
91639
167777
347
523
151289
61
739
10847
320791
127
419
953969
313
787
118373
1901
31
35569
283
777097
9391
47
433
4517
857
17
19993
3673
4127
271
10723
3967
6269
1009
70351
155579
78139
42223
3121
97
359
51683
13597
181
463
367
599
541
193
83
181
155269
383459
337
88861
3209
277657
1249
617
769
1361
211
158077
296363
323597
173
8779
457139
294479
150743
19
191
73
1889
236449
419
22279
167
123931
100393
593
47
4793
179
109
83
157
373
733
14851
479
179
421
353
37
12323
69739
109
16139
541
181
211
171403
96769
2237
195121
641
1993
271
9973
4001
3617
89
12611
643
14303
4259
17
53
47
67
15331
173977
101
107791
3037
421
6871
14387
8273
26713
13
131
337
6793
109
139
10223
12071
557
128449
109
269
1693
929
1201
59
3851
13
887
47
89387
3559
199
44101
389
2087
769
137
5927
12763
2011
9929
797
359
1013
3727
149
21893
229
101
14321
1523
331
577
23
443
100313
577453
93581
8581
11317
8669
3319
1627
139
5233
2437
229
167339
383
97
2843
42407
15737
2857
211
196181
731827
4057
691
535589
16427
12853
1091
9013
17189
437351
10427
691891
461
3637
3061
103
271927
45491
3779
647
26347
4297
608831
599
4013
4297
8419
1637
503
293
787
31
271
797
233
251
23
99053
229
7919
39439
1901
59
113209
31
953
64067
128473
41
98561
18719
9293
170447
23
200797
4129
127
3167
1873
253633
599
479
127
461
277
4421
11383
3041
564353
5351
12041
94529
18191
37
41
167
1237
53
8501
1291
401
11287
1163
3803
12457
1973
137
103
103
293
467
1093
120871
131
211
881
27179
59791
12329
3607
941
21379
479
1499
1087
85703
187883
443
3559
1493
199
3271
90473
1103
821
472541
73
557
72533
1237
1531
356701
1069
12049
2749
7177
118361
8849
409
319061
8719
27953
17
1201
3547
911
167
761
1171
59557
22291
27893
586403
13763
3167
3011
8209
246577
8713
617
137
4139
127
165941
541
8447
751
974041
19
293
4211
6709
322271
157
367
331319
87337
29537
1699
1753
3929
39409
251491
219371
53
10529
179
1427
149
479
278329
31
3467
6317
997811
21727
467
28573
677
1061
195863
6427
5651
1117
41243
157
2251
84239
181
11329
607
6199
13451
36629
19319
191
70423
2689
2663
613
193
162907
157
3407
503
233159
51971
50527
29137
3373
757
181
67777
2711
59567
281
701497
5443
41
19963
823
653
1097
3187
980117
33647
29437
4159
1447
59539
3137
151
47
13537
29
8389
653
2179
15329
31063
1451
5171
73
5051
293
11489
617
3853
73
47
2207
34819
3541
209173
59
1213
821
127
24473
1627
991
354391
537071
12457
641
937
1117
96763
13043
24547
9497
1259
39971
3067
79
983
1657
131437
3251
1669
33343
92593
2707
277
6689
113759
521
12743
6551
20123
10883
15359
656681
73
691
3499
850753
9521
593
43
31517
429007
32609
10321
6113
4091
47
83
4517
1753
191
3823
63773
2069
67
1291
10709
11329
107197
6163
36107
709
733
3359
277
167
797561
547
4079
1289
844841
145043
1499
28933
375359
152833
943003
277
1861
103
185599
136603
83
6197
2699
36541
80671
73363
9323
839
7919
1741
20981
271
932567
17
126757
5449
1033
1669
2749
1021
157
257
2137
27701
10457
617
34591
61
19471
8423
2693
383
513761
607
7559
23
41357
9833
257
19801
383
1259
137
8017
2437
599
1879
643
38231
757
1949
48947
2099
41
71
6113
21911
349
827
65957
521
2557
12511
29303
439
181
683
384779
647
7103
863
449303
209227
6823
2851
193
57847
6793
259121
16067
1481
137
200357
617
269
191
1579
24203
193
35521
341813
599
67
773
139
1511
267739
54277
1487
352301
83
839
22003
3191
6599
67
991
14557
2011
32803
28621
1217
1013
136879
1129
53609
229
499
5501
734411
113
541
101837
291743
742717
10663
173
317
199
59149
58271
62119
94079
313
37
41
139
1093
1381
613
208501
613
1307
2909
257
527209
397
127
271841
386891
331
271
7477
2143
7229
383
1693
811
397
8521
31219
636137
3613
16001
17
307
157
454919
101
45863
6791
1237
1327
23269
5281
143413
18077
5903
857
151
46183
2383
463
239
913907
1559
89
419
4657
251
271
97
604883
317
137131
1319
2593
4003
1597
137
5717
6101
193
88997
1597
941
37963
234599
213887
376283
601
2293
2027
491
193513
20887
3851
17
10259
81883
3527
232777
17519
41179
47837
5407
3793
31039
2693
189353
89563
25621
62483
10687
839
599
8537
42649
643
257
78139
59863
50789
431
191
3527
257
270667
2011
677
379
571
241
1013
628877
41
86171
251
32441
2087
2731
113
1481
121447
239251
163991
1663
3517
103
287783
6277
1297
200579
8663
56909
101
3167
23957
5867
7877
831821
53
293
2731
401
229
59
647
49081
61
3529
19853
401
21319
41
79
1447
5347
984341
19891
472559
2467
701
769
31849
719
29387
151
139
6269
223
3089
5717
151
1733
743
31723
3709
311
101
3079
739117
173
694189
877
673
80051
615677
1091
171629
229
32323
67
101
97
23531
65543
3659
43
8737
206299
771427
110119
191
167
4799
89
105829
6857
1249
92791
173
26723
174367
887
30427
523
661
1471
1907
69653
1559
29123
71
12619
407893
113
342653
63443
53
1931
291521
3727
617
967
46861
1511
17
337
1871
83
776513
409
1123
677
6133
538283
145969
3389
150779
2791
139
118967
26539
167
41
21647
176531
103
4933
136189
59
11941
1213
523
73327
7069
619303
3631
42131
359
7577
7867
425857
467
821
172589
613
181
350731
607
23869
2053
296729
156421
150791
53
107
3191
149
421847
2137
7207
3511
953
503
1993
8713
859
144323
1171
3343
2689
7669
5669
155209
442573
443
163
705097
1657
15233
6829
77933
1447
3463
173
419
23189
3229
11027
353
131
6373
543769
3733
661
211
28229
3167
653
10639
359
140297
71
5227
113
1549
28631
881
18691
11173
439
6703
6353
4547
142151
53
1297
1907
233143
188579
37409
313
121357
11969
2729
18661
199
151549
1847
619
67
1327
257
4003
479
197
983
18121
353
61819
19009
401
1873
211
83
229
12953
983
1753
941747
269
431
16649
583861
33487
17443
23801
761
65963
31
541
2963
311
313
2297
10091
34267
149969
495041
26347
32233
241
449
409711
9049
71
106129
14699
966011
283
61483
1423
106121
569
181
35201
461
337
137957
2017
743
64157
34939
218629
4273
223
47
27779
31
557
4967
90907
59399
57773
443
571
127
11149
898109
1931
313
449
39521
1511
23087
1051
1979
283
859
173
67
157
43
139177
3089
187303
8521
106261
2579
787
139
371897
593
205993
11071
4003
433
347
853
521
73
2053
41
463
47903
47
885503
10601
38671
52501
797
467681
823
8443
18899
6199
11897
86197
181499
367
27091
107
241
27277
76847
39779
1021
39043
17
2281
16823
165089
6173
719
647
3989
239
79
311299
2659
149143
1217
4021
3221
53129
3251
1627
1201
53189
144413
104561
47
229
69427
6971
8069
30293
101
15359
1259
239
39209
5099
653
83
503
199
9173
31
487
1373
709
83
102061
7481
6737
3307
491
449
593
19289
63617
29
227
5927
179
35897
19387
59
3541
14461
1667
57373
283
284233
239
965189
28793
294641
419
809
424331
179
457
335089
941
7933
19
28669
74873
4523
73127
4219
357997
311
311
8951
670379
53
1231
4483
186391
10273
16217
80239
5653
1051
8543
3931
541
18059
19
4139
946769
401
8867
1297
127
617
572941
23431
9769
7211
773
2203
411779
107
68543
367
7537
8713
421
1823
18097
2341
4349
35923
1471
339841
937
239
1163
3929
42181
331277
679369
222113
59
2111
5651
13093
607
278819
101
173
101
1153
3637
13633
1123
149
17291
27259
251
2851
77929
47
16931
248177
239
36061
919
419
16661
3671
191
587
601
245983
876017
997
7669
61
257
9323
461
2909
479
1423
919
203761
2273
83891
18061
271
113
3049
1171
176857
173
58237
11503
113
449
47
11839
10459
1151
127
2399
1033
1103
349
887
1129
1871
733
547
251
283
7489
8363
8291
449591
24197
421
231821
1877
28607
169733
290621
7351
821
620413
1303
2297
182201
18793
21559
14071
859
211
157049
401
266603
397
181
757
124429
13913
258967
13441
191749
2011
175277
21613
2207
10321
907
653
2089
563
72109
9461
151
11351
739
499
19
61
73
100649
1129
22003
241877
1579
35899
239
809
51713
107
4157
2087
8819
17351
5843
10099
227
19
128449
47
1009
38237
597869
137
2293
577
89
8693
222073
191
139
6397
104309
3853
1471
599
2579
151
311
821
1291
829849
8363
467
46049
8783
157217
311
539839
24469
4639
2887
109
569
35117
5927
193
169783
79
1429
5107
1283
2731
87719
1741
421
42227
811
757
95071
89
257
23
3191
142963
157303
647
1777
126041
811
966499
83059
439
6563
6311
71443
5897
81509
2801
1229
653
193727
1117
829
509
1571
12323
691
5099
8297
607
61
351803
1531
2539
3209
3433
283
3137
199
227
2927
271
67619
1097
307
1933
3461
83
409
4931
491
271
12697
13567
269
7517
1213
518657
1613
2273
307
4013
8501
1151
125927
313
49529
19423
389
71
79
607
631
2711
18311
41051
911
331
36653
2293
179
9871
211
1483
2411
1087
193
32561
3631
4021
6343
397
179
1423
2027
24419
409
6043
414049
165161
293
1109
971309
1409
8317
65449
1109
821
71
347
443
39323
19
353
86111
83
3917
683
167
25303
353
188437
233
113
2039
823
3631
191
26737
409
17021
605617
379
2003
73
787
503
1117
61
50047
199
1531
6089
15607
12491
461
433
198613
12109
43777
3343
804989
109
359
379
5107
22343
433
142193
6143
28627
458789
4441
293729
34261
547
733
337049
20393
2341
14717
41
8263
149893
33479
163
9133
964933
36857
1433
1249
3467
269
15473
1361
443
349
1367
324707
4973
44381
507193
10427
223
4801
1543
2713
659
3011
3943
7681
504403
571
3527
31
97
443917
2447
617
14723
311
281
228511
202751
37
2441
1013
549319
35771
71191
9791
22669
977
1867
211
397
79259
701
97
3167
1223
83
149
116537
4211
2423
66337
15331
24499
47
1721
4721
887
1637
1297
467
4783
5087
8447
413869
16301
259421
516959
1051
20143
331
701
30293
829
1489
251
233
15859
4597
4111
1627
1453
43609
53
2347
827
113
41113
409
2543
149731
26267
487
119611
1409
87473
47
474137
41
458069
447961
101
1297
15091
47
23
3163
23
7927
1499
1613
75707
17231
617359
7309
3209
283
78467
790967
2027
53
2531
911
6949
213833
541
21997
4889
317
472697
719419
102433
461
7817
18493
61843
2371
3433
8681
683
275491
151
1439
313
8923
2207
1823
244243
94219
47
73
251
523
157
5801
60727
839
1453
2111
73
4523
683
397
5347
6779
4093
24359
109
8599
61
241
761
439
104827
35803
2081
51133
4229
734807
10973
12641
33703
25951
59
1831
59207
742213
4673
2999
739
984397
269
3803
389
1621
719237
133723
831863
367
91771
14783
1031
3011
353
10069
79
311
201791
853
4987
10973
16927
89
379
1597
782219
8923
197
383693
1951
1721
859
1069
20521
443089
11897
372067
359
463247
842173
13721
13781
251323
199
102107
673
34607
20123
1231
251
937
36313
2803
388273
5147
569
233
6397
167
929
82129
1847
946369
283
271277
34757
122069
557
284083
9749
401
273233
462079
17
113
6793
13313
11483
223
269
307
797
8623
183871
3617
233
521
241
941
24859
139
914027
293
109
1031
4513
316783
911
61
41351
14447
41
31
25057
9007
983
71
673
163
805901
577
16339
307
301463
108109
48809
691
2971
37619
7193
419
10513
266801
157
223
5197
97
61
2099
3371
543997
31481
2377
151
275161
3659
8431
4001
32749
317
307009
1279
56857
867011
487
257
429727
330139
61
197
883
131
251
12689
19
9029
12659
4967
3499
839
167
1549
74311
7489
220279
34511
467
734233
51241
13729
8431
2131
89
31
19997
337
61
2003
281
8117
373
587
3989
11731
9491
6689
87751
257
83
28279
353389
12197
32933
293
136537
727
563
59
557
101
514061
281
60539
9643
307
7477
1637
61
23
241
13
79
658403
47917
233
361463
98717
347
5507
811
2789
197423
367
27481
293
79
45317
84503
1579
139
1319
91423
1061
83
1697
400307
3607
6121
199
3467
31489
89
191999
6961
115319
67
223
82531
2531
9439
739
24379
11351
191
295259
11149
87911
191449
70429
541
73597
20731
23819
193
569
281
143593
1471
1069
172721
691
5417
246937
197
177481
1193
7039
2251
157
3251
15199
7417
2549
9811
1493
797
68581
14503
1699
76259
293
451601
157
10333
3559
1901
6197
29
283
827
9887
271
1381
201667
2663
821
422803
211
77029
73
743
55807
30881
20507
293
5981
26251
131
2423
1303
142169
2389
307
1013
8501
127
34273
9437
71
23
757
1087
2887
134587
258551
8501
211
15919
27917
53
733
176747
149423
113
2851
6089
4597
15137
2833
47
47
59
313
9887
1307
479
137
7297
466283
124759
397
617
59
809
1151
13219
1429
8369
2693
1117
3331
2647
239171
145603
2333
10781
1301
73
1979
23
85133
29
15919
43451
188159
58013
137
3467
1459
1237
71
463
457
167
9001
78401
4801
16787
1933
641
7757
6781
521
10957
1423
20807
8969
521
71333
491
19031
3697
71
1607
14177
307
4391
35969
1429
31
2297
107
317
8053
232741
229819
13
389
5171
761113
1951
227
300821
139
953
196193
2251
1303
823
541
101603
18191
333029
47
17203
482263
5701
373
239
77621
541
211
347
127
36551
503
10433
89
2683
13553
233
941
6449
227
542467
349
31147
113051
942079
157
12743
53
108863
24169
189967
347
13127
1237
233
43
50777
109
1531
1291
1201
11443
184727
8849
13859
100673
8689
3613
2347
1993
907
8681
317
929
163
109
35977
4523
136973
8521
208333
7727
36107
8011
491
12413
17041
3823
541
477341
197
1571
22739
81131
16987
991
103
827
66883
6481
25889
107
563
157
111751
719
953
223
11299
98999
282563
92489
3769
92381
161149
132233
701
293453
433
919
1693
4889
461603
101323
433
78367
23
26687
347
971
3637
137
373
10889
607
218087
35537
1049
646013
647
17011
13729
4937
601
47
1471
31
391031
613
30841
6329
34513
1789
2267
251
137
187141
271
50647
13567
1151
42467
258317
5651
147047
487
13997
353
14717
73459
8429
48757
6197
1171
739
149
941
508847
6653
467
54851
68213
596593
17837
2297
983
346559
40163
916031
3457
5227
32353
79
212501
31319
1289
211
2657
218107
16421
281
45319
28927
945209
37489
829
1619
2789
22447
189151
79561
15383
54049
19403
388183
557
729661
10091
15307
1109
139
5209
26557
349
83059
98993
262109
71
1039
223
756961
31
647
122029
470597
44273
3229
71699
1951
3121
225023
6361
4933
89
4643
241
529421
1093
743
4177
54181
646339
37
421
278813
163
238099
8543
18329
181
3557
29191
6379
31069
4153
43
2789
4919
167
3613
712603
1427
691
23633
14741
29483
181
199
349
281
947
195709
577
79
73951
103
23371
27551
16547
7451
54361
31567
439
1949
617
6977
62219
17579
1187
1453
907
181
373
1289
10007
89
821
151
73
677
866573
324011
27737
3413
2467
199261
107
175453
48247
821
2111
1097
456607
8377
181
234259
1109
24421
59
247301
108217
1789
3967
937
1283
263111
191
2083
31481
1051
101987
911003
44587
3881
1423
173
613
2267
98479
831847
12689
2887
193
7681
12589
113
2161
6101
11213
74891
36923
49669
5807
5519
449
131
300893
17977
1153
792713
347
11971
2207
53
131
139739
120163
787
106033
3863
499
86239
733
15271
2293
23131
570637
409589
883
19139
10859
7687
359
239
271
127
336929
1279
211
47
8269
269
751
8681
277
193
4799
181789
1321
1609
593
347629
5503
239783
13339
71
37
433
173
223
607
50909
14767
19
1021
15427
157523
9277
5653
87961
107
283
84629
55663
149
16787
32441
1213
6529
229
8929
12119
8707
6389
1039
89
4909
42737
391537
41
2719
38461
429643
173
87221
233
13421
421
1109
6991
347
359
47
206749
39103
719
104309
5519
212671
40129
199
419
449
89
344251
617
197621
70657
401
15427
23
269
9257
101
53897
102077
87881
35323
353
11369
5099
5393
109
2423
1039
11909
9661
11621
31159
222793
238463
829
43
13187
501191
1987
44017
2287
67
823
382507
125791
397
109
1217
547
98443
17
467
727427
139
16007
293
238229
173
12553
22871
139
433
4219
114883
113
953
3079
45013
17791
14503
699943
241
29033
1301
439253
653
1447
31541
18253
475169
89
491
6869
17317
9521
59
12799
127
26321
797
8669
311
1721
967
647
28097
127
1553
545621
108971
181
16691
38729
23993
160663
14843
223
4793
5827
991217
61
367
6221
6427
5701
1061
863
460919
283
9257
491
223
15269
11119
43669
18433
67273
1181
16787
167
163
409
8501
3833
574181
87181
1013
123517
5717
431
3571
96329
1123
55589
739
1777
122861
9649
110849
5857
19237
241
249103
31
83
15439
5717
22769
211
72869
36541
347
1223
97
105509
7
4051
488723
59
59879
41
15731
1033
271
691
6343
37
433
67
761
37
151
613
934039
461
29
165533
34297
14159
2411
37
59453
15877
598399
1901
1571
8053
941
3331
587
67
17581
1907
20903
1889
317563
1049
26863
156683
2287
9337
16729
499
89
18401
612817
2749
229751
1361
13151
157
985819
131
7867
191447
107
2029
50497
176641
64433
39779
1213
3911
229
117571
1123
8951
2221
570419
40823
2333
5167
13469
71
863
317
103
2389
2267
2339
79967
394733
4057
293
6571
67
379
438479
1459
1039
859
601
6883
863
27367
39983
9161
127
870437
23911
3229
30677
4177
293677
62473
3583
557
33211
8233
2377
541
2801
2039
619
418721
95083
28027
84457
82759
467
320693
233
2087
293
151
44201
1163
1093
12547
53051
359
296353
912211
127
1657
14423
4969
3109
20599
853
607
23
4073
1429
3313
179813
1297
109
271
168541
3467
1567
601
587437
389
69677
5569
1483
35129
307
37013
101287
11
110281
79
11447
2999
5843
2269
174877
863
107713
607
71
317279
81943
62533
107
397
1223
389
61
401
6911
509
31
10607
389
310547
739
444887
239
5449
317
331
11579
323377
8293
11311
2143
10453
643
87121
13499
74413
233
101
761
12433
421
121883
373
17579
2003
59
3167
125453
31
461
109
271
941
593
593
87179
38833
143477
2027
94559
15131
331
14243
152441
389
191
269
36541
5
84011
47
36497
12107
653
1249
61
7351
1297
6151
35117
7829
158489
773
1103
5449
61
601
6263
3527
263
41023
47543
925513
2957
390653
251
24371
617
77761
4129
15187
68909
325163
47
10289
2557
17189
4969
1031
61
2903
277
3299
59
209371
461
43
5189
31181
82487
464557
4817
33091
443
251
163
22013
2357
173
6247
17393
91331
563
5737
2753
441193
11197
19
191
1171
6221
461
38303
241
55931
37717
619
683
101
18691
520943
859
5227
58391
499
23789
151
419
409441
127
23497
37
647
557
1693
9811
1327
146273
17183
16901
22247
4201
11299
971
2213
23911
10159
462361
2011
4363
719
131
87613
131
43
13
1061
1997
43787
263
1093
1933
383
34963
487
1069
157
6659
59
281
2179
67
173
232129
263
643
39827
7121
128237
1193
443
5743
10037
16619
547
917209
6037
1777
1627
97
25703
2053
941
7687
1201
257783
379
1249
3121
139571
204067
361409
265079
17
47
1753
13159
11411
547
1039
5233
3217
776819
23
2221
283
29
3389
281
11497
691
1307
281
5647
5651
22567
733
103
2003
21601
172153
197
239
17203
373
384151
3083
4211
70951
26759
71
41
41
197
8737
499
449
2711
1201
602801
6361
211
27283
353
1733
1949
281
82003
3389
197
167
448727
61
6329
971
9241
1213
557
647
696763
47
827
479891
173
26449
504631
199
26879
401077
805313
20807
10477
3469
4561
317
59
521
8329
43013
1823
1163
5437
13399
127
3209
58613
14957
2729
773
50789
11969
43319
61967
67
364291
227
3049
223103
1031
70297
166147
31
182167
151
239
47
313
103
44971
197
6397
110059
223
31817
643
97
365357
3049
379
156467
18443
9949
5153
6043
41
111611
148537
5813
643
127
16349
152989
223
19507
2309
647
6089
1583
541
309293
513731
3623
30859
2203
612613
1489
304163
1103
2699
123229
263
77137
43
1297
1049
170483
101
8641
58967
779827
58979
5179
349
7499
757
1129
69593
4339
281033
15427
5153
22453
17293
151
2371
751
947
10799
487
419
12641
863
39343
75083
269
4909
7369
7591
1759
191
7069
733
823
199
139
1489
929
9059
409
12517
937
53681
311
41
919
69911
2999
601
69653
455003
85667
2281
490019
1019
19583
424339
2239
3571
401
2357
3167
24001
2411
118061
142733
263
683
3911
3361
222317
353
11927
593
61
4159
121937
55843
10459
257407
1163
653
19963
7177
991
45289
106411
839
7951
23993
37
31151
59359
5077
32801
223
16759
797
43789
15313
133811
64081
63317
12641
47221
223
11779
2003
241
271
467
10079
7229
887
36923
307
53
22777
1319
490019
4397
229
433
14867
3407
275921
223243
250051
3181
263
419
142111
7477
131
83
47
2477
240623
983
1447
347
23003
127
2371
7853
787
1289
50909
2393
2311
227
199267
89
6011
9829
5741
877
1229
13187
19
433
1187
255107
1867
4339
41017
294673
239
853
8663
66721
503
8887
1831
257
757
83
281053
76369
13883
479
29537
11783
223
2083
167
167
131
32191
563
389
4919
305821
83
178799
728831
373
293
11287
71
113
1901
683
1783
523
5743
457279
2081
2269
193939
1031
557
4051
7907
4397
153059
83
1399
347
12541
377297
61
251
5923
21613
39343
9007
367
137
569
2027
773
1871
61
193
1567
691
122167
73
112787
595579
70163
4049
7703
49823
45139
13151
827
191
103
14033
25447
192971
8779
35999
1997
797
3917
211
52903
5
1567
661
28349
293
17
1907
69481
179
8387
683
233
464081
109
773
80599
179
28669
3253
163
1789
191
243167
48313
179591
4733
4603
4721
251
2789
443
156257
797
103483
4093
572491
21397
71
937
170447
232571
829
2719
13
3671
2393
196927
431
11243
5399
37619
2477
191
179
27043
1229
4817
4481
263
82037
1583
1637
2477
853
15877
16937
13451
3061
1409
271
2833
331
797
1669
222029
1583
4159
809
821641
93563
103
743
89
521
677
88547
108247
547
1997
13
251
3863
631
46877
7013
103
28843
1741
12071
131
4871
457
223757
4283
419
61
131
1249
93053
2953
10883
3331
433049
222877
7103
181
1061
467
107
41641
18593
337
25169
107
43
107473
13879
405487
563
709
444607
1291
433
113
153947
961841
193
127637
2503
73
733
271
353
328439
1097
18269
397
3547
2477
151883
569
104999
5197
293
691
787
130783
1933
827
263
32467
383
33569
28151
967
17033
9767
10111
10193
827
39139
13007
823993
179
1381
11117
7
7211
1223
557
2897
37
5309
22259
1583
5237
349
6553
34511
35533
1019
373
26729
883
26099
821
229
6949
2153
111871
178819
3067
2531
832109
1723
83
7243
338731
257459
21577
7541
1439
21649
8219
733
317
6101
233
127
439981
212507
17
941
1091
331
89513
216061
193
491083
586577
449
29
2063
503
565387
4877
233
3359
630107
389
307
1973
3847
157
127
325939
73
14591
211
41729
53377
19
44111
2557
1151
31627
7283
44741
157
805109
19
4073
179
13313
6203
111869
284777
43
2281
113123
70321
1223
59
47
331
683
997583
2741
743
1373
57349
157
769
457333
857
1487
577
85531
60623
73
7607
214399
137
972113
619
17863
313
64171
27647
4621
245029
3209
83
353
51713
8641
528967
4787
191
761
143461
139
601
113
787
135193
139
14627
601
79
12697
271
79039
2237
167
587
171251
47
2011
365779
70687
3541
268721
483827
2351
128347
78877
9043
59
167
558731
720281
121789
49711
296503
34327
9473
317
47
379
2011
101
3221
137453
7079
46279
43271
271
1847
51907
95279
31
23801
52709
1039
54713
126487
73
6379
2111
156677
1049
2609
108011
30241
271
52457
3167
18433
16103
7411
97
2659
367
349
79
31
337
23201
37
53
751
345731
17
8951
47
3413
283
3253
5531
665069
157037
199429
1303
137239
937
2251
239
757
30259
2081
29
142111
4937
53
389
337
647
341123
5711
3041
281
2467
211
199247
2141
5851
3469
1433
37
139
17989
419
3109
73
1087
2729
5531
443
659
12161
159437
6857
353081
418631
4027
29389
113041
54979
18523
6299
166571
4019
3209
22349
1381
308933
5179
1033
149213
3529
6967
281
239933
3793
3371
31
733
5393
3491
383
1487
11
53069
329551
139
1993
2609
61
3299
12899
397
137
62401
9601
822607
88643
113
191
77491
1973
1297
66751
599
683
43013
1217
409
70379
327317
151
2293
43
5507
743
14207
13537
9227
67
313
43
311
57241
109
2617
141811
19577
52183
367
167
963227
571
6263
29921
70117
2131
15901
113
821
828059
2029
2861
3463
521
504851
65423
90163
73
82153
241
9337
769
961447
271
9109
67
6491
245171
1129
184291
1049
35831
353
15797
29209
15061
109
155167
1907
1669
29009
43951
9029
23
41
23431
61
22397
344567
653
32833
43
1319
47
2083
48491
383
617
63463
25537
443
9239
421
277
2411
17293
769
229
346739
8807
8101
2999
53
883
31
673
883
101
859
157
157
2971
359
1087
3499
2287
197
594911
72949
36161
1907
28393
3803
607
260269
11527
31511
5087
8089
77269
379
359
58937
80923
31267
1213
258691
113
113
23
877
307
223
22721
1951
23173
111667
4463
8297
5039
65687
487
349
195161
614671
150991
96469
2011
131777
661
733
373
47
4723
5077
75181
852409
11059
716861
941
2341
56383
51263
71317
497711
1259
2897
367
41
339103
409
5059
83
3121
291779
472691
431
14731
3733
2857
328789
32063
269
23
22027
823
8609
701159
1459
367
241
9479
351599
104677
53
87317
91463
1579
229
86323
118831
1723
757
32051
105871
387721
248231
2063
6269
3329
4153
464033
22159
71
92921
839
17
38921
188827
193
36269
1319
23561
43541
130223
195539
79
251
10513
223
757
23143
48947
430789
1013
1373
505091
97
1187
3769
26083
128621
677
317
35747
83449
659
66413
3919
79
53987
21407
233
1223
90247
263
25391
15937
311
6311
5417
1109
211319
9967
635989
95569
19853
6029
26261
461
29
1723
2477
307
251
569
653
271
2221
11351
52259
557
2531
279649
2879
601
179
4049
3847
236407
2243
316153
3329
41179
40829
6113
61879
322523
949427
162787
1637
385391
283
86399
5237
4637
15767
15641
53
53
1231
71
1009
347
48281
967
79867
937
23227
111053
33893
32999
3347
89069
2027
501217
1811
859
1223
18443
10133
1471
4651
101
23
1109
2087
491
574219
4357
8293
4759
37039
353293
151
151
2621
9857
281
491
3221
1553
1531
337
680263
853
2549
695047
179
9341
137
1759
3061
193
8537
63097
431693
89
246319
839
3191
15809
1093
5003
311
251
1597
567877
21851
1789
2903
177301
67
4951
47
81677
1801
2683
861733
61
181
31
18121
8009
4729
26399
34337
12721
1907
2393
698939
109
131
14951
1709
2897
1291
27281
187951
2663
3967
409
61
6581
36787
577
151
25771
131
1747
123701
11
1373
53
443
972679
11351
131
3019
43
12473
229
127
8293
3037
93637
9733
435223
10193
983
1301
89
4729
36559
353
29
79
4567
11519
6869
90619
547
339649
9013
641
193
53189
5861
587
79
89
6317
402943
15791
521
523
9613
223
53
211
76847
427117
30689
6043
317983
19
13
2663
24373
496963
7103
89
116929
269
6607
1523
1171
1049
953
101
8377
3469
157771
571453
821
62819
33581
123989
51329
123931
7151
199
49549
127447
5323
151
303997
37
5861
3517
3041
12049
11887
919
269
34603
1709
20149
317
6151
25391
570737
181
3833
88237
331
463
6569
121441
15671
3119
13033
1423
127579
43541
2053
1373
4691
139
30671
15773
32233
61991
887
571
10687
1999
2341
10651
5431
16927
97
349
15511
401
1181
21799
29
31
97
9341
61
535103
3067
2657
68947
1171
7907
349
32491
2309
179
151
331
8291
19427
293
31387
7
3457
48017
127
347
1033
127
689957
397
2281
3221
24007
607
542579
494693
131293
9473
49633
214309
1093
301753
1877
10369
3389
139429
43753
31
790241
6389
22367
26297
152729
9833
269
565613
2399
62189
607
11
134081
24709
823
9371
193
77719
2521
983
881
359153
245411
2531
131
419
1237
2467
227
4663
317
82067
59
3583
59
337
823
87833
5113
863
431
4091
1583
267797
409
1951
3547
4583
47
701
479
26177
42767
271
19219
1237
199379
179
331
43
216023
257
31
3617
65981
823
2467
89
6299
54497
113
1069
20021
8713
2179
17489
13367
4229
908213
18461
166847
13
86027
11833
697681
709
1031
11839
881
827
227
293791
367
4421
109
550213
28843
239
947
8539
433
686503
10177
1229
113
653
33629
56393
1381
4463
241
43
53189
38219
251
1951
597581
2617
6089
487
373561
409
3271
937
2269
833171
421
2467
252209
73
4357
5857
1109
337901
107
3209
152821
197
281
147811
1783
4217
797
22567
2011
4021
3109
499
407083
599
4027
532663
373
4889
2129
163411
1427
3677
101
251
6353
139
109
2011
761429
1789
128693
4877
277961
17
1249
3889
5471
89
47303
19163
36383
3793
349
65993
277
1213
317
103
125509
224501
1951
14843
4663
1657
44087
23159
2719
47
83
457
1373
132229
193
659
11159
22709
191
5347
83
233
63709
12763
5927
937
887
4519
5839
51721
17579
61381
193
2617
67
277
3767
283
22651
453269
51349
14869
191
92107
3019
6961
4507
5563
110491
28429
111871
461
60631
17827
449
15809
12613
5333
311
223
157
558007
359
2437
233
199
173
920477
47779
43759
5437
348661
7823
827
1511
89
109
809
554317
84307
673
67
149
857
449
1093
156691
17387
313
7
50273
827
4259
914519
109
4091
21491
743
919
41011
317
1229
3767
1951
21529
80021
6359
236231
470791
857
811
1429
139
5843
149
7247
62969
105323
541
1489
1451
12301
853
3319
109
907
407191
11617
290429
18617
185917
263
35797
26489
31333
8123
61
50131
261127
81199
7247
685907
759179
20807
16661
44281
2591
103
6317
3359
13577
103
26953
139
769
7229
637831
15173
271
295903
13229
115873
31151
571
628591
4327
2311
42197
409
739
7229
1583
333029
188143
9467
447509
41
25541
953
24133
383
456119
397
8641
59
12841
20789
4127
953
59
67
885883
12517
311
3847
81667
2441
277
6619
179
9403
617
8317
761
403001
29
9029
39209
3691
13591
10259
1871
16657
149
617
9209
6961
7949
167
43
82493
179
74131
257
89203
307
70289
3583
607
191249
1381
16693
907
329177
471179
353
41
929
109
21341
5051
92821
2153
149
601
751
38839
23167
191
809
157
184837
7079
9677
857203
2857
127931
467
593
109
809
727577
12241
739
131759
3331
53
3727
9949
53281
7013
2287
4649
52021
127
281
157
15193
12583
488909
41
3769
641
4157
241
3257
577
17
3631
211
8329
2477
2719
149
160483
563
5981
1697
613
167393
2767
3329
68147
3659
1811
18637
241
347
39971
950039
1163
157
66797
127
15739
149
69463
10139
151
2273
47
419
103
12097
1697
1151
41
13127
9091
33461
197
51787
13679
941
86399
1877
5591
187633
39097
12289
811
647
627901
54133
11593
491
929
3511
179
136727
2767
19373
420241
219761
592849
47837
59209
27901
487
103
883
14033
336247
409
523
496681
229
199
743
1669
9091
3301
14557
113
37811
499
2137
14543
557
587
417337
101
565393
172009
2557
9749
179671
68507
25087
111211
425851
22751
829
3709
269
1289
5939
38609
17573
1303
39749
67
610877
2437
971
44417
1583
180307
17881
26953
2287
4211
5749
3221
439
61
13043
79
15269
31
1033
41
1321
594179
251
3463
11173
17401
1873
299393
97849
79
581393
2719
269
1321
2833
109
1709
59
5407
1997
43891
127
148073
1451
216371
137
79777
23
157
1193
326057
3461
647
937
18661
136453
39749
67
19333
31
971
23
237509
1429
2297
577
373
47
881
5039
18661
360497
3121
29137
4327
24767
1949
4339
4243
711817
31337
2371
63443
18973
257
1693
73973
701
379
7603
5939
59
179
421147
1867
1747
523
3407
523
593
373
1481
78283
787
1171
13229
56003
47569
383
5827
11527
59
1867
139
1091
999599
92647
1049
16811
1663
199
9029
103
2143
2467
1223
2111
6011
431
131
15583
1873
113
49939
7589
659
1213
38447
81637
2273
13
388891
64013
877
22303
79
349
10009
20297
104309
601
280547
45869
12911
251
9133
83
929
1129
13187
599
1061
1879
2281
21061
21961
281
293
24697
8101
137
1747
233
4129
251
8681
41189
239
2203
352633
3643
10139
233
2801
170647
8999
1303
12269
503131
276499
38393
1451
3617
421
50513
201203
43051
101
50839
121469
127
257
1223
41999
1187
17117
151
241489
27539
53
1181
211
6469
643
8543
173149
13841
5437
445297
15767
15121
809
587
547
1999
2749
32251
419789
7559
13537
745837
1619
292807
43
14197
367
65287
79
607
3313
41
31
495421
2293
211
1907
1367
43403
282769
27809
107
154591
19
773
59
70079
173
33349
229
3491
25033
281
474163
645629
43
709
158029
109
109
30259
139
61031
551713
249677
202291
181
41
83
111191
98257
25237
577
588827
1669
75703
89051
89
691111
433061
193
270461
773
52691
79
139
1567
907
7577
61
1129
2081
41737
479
5107
24023
624277
131
181
1597
916099
1723
100747
9463
641
257
2617
21059
1297
463
206369
215063
95971
79
733
1873
1153
10259
281663
1297
28297
127
1193
593
71
877
1061
113089
17483
269
859
241
36973
2017
138493
138469
259657
71
38569
35509
271
437681
94463
77687
4243
2099
36131
16111
379
2437
8837
743
173
59
293
149
66931
2411
367
12343
2131
84979
25073
167
107
41959
163
8647
331
613
3691
17657
5749
3067
31
67
271
971
31859
659
1997
1237
18679
146059
73
3541
199
241
1291
67883
998843
7927
538123
1031
25409
61
241
108761
1109
118213
367
523
15601
1511
1013
4969
966041
4889
50909
66191
269341
983
113
89
10273
211
133169
2287
61
38693
4079
1607
140663
12373
1049
39709
31
240257
106441
910031
97
389
199
17183
41
46133
126611
1877
367
881
3761
829993
577
11411
191
2081
7417
28027
21673
10589
25747
15859
7001
21559
1069
94397
498103
967
659
41
405047
5147
809
33223
4457
313
13921
2333
3697
361723
9679
3371
488921
14771
24023
2503
8269
112951
113
6661
2287
3701
337
9739
1187
2281
64937
27917
1063
149911
12241
2693
223
821
17
1409
1549
277883
89
463
4603
6311
5231
14009
189493
3727
170837
199
10103
109
103
103049
21193
114859
341821
23669
211
219529
1949
3037
569
79939
65537
911
5749
10613
34123
2243
379
45293
466919
401
233683
21023
26557
12919
37813
139
389
192853
7369
277
2383
67261
300889
187123
241
967
193
179
409
263
157
311189
447217
503
167
853
241939
6089
895463
163
7993
179
3467
2381
3109
263
10463
17981
3943
1993
195407
1021
1993
1013
34897
8287
421
255473
821
491497
367
6991
58379
197
35597
176597
4327
139
22259
373
809903
20719
337
141079
317
169019
109
457
353
577397
1109
311
1621
66383
163
149
614759
89
776429
397
29
1303
237997
3137
53
2803
146701
5737
521
47293
128629
239641
37
12041
1321
2693
101
12917
47
3229
431
11437
1303
491
8429
131
525467
457
97
2131
10799
39217
67
641
281
65257
78193
4261
963497
1613
743
1933
951047
811
955039
32563
4129
1223
41
36529
422407
10289
4919
263
5813
193
236773
1429
11821
6353
419
329863
204947
3359
27197
18251
1871
43
2539
76631
397
233
1901
486329
7603
23
547
167
318377
41
947
491
23011
15619
719
15313
3001
193
159737
191
2437
186119
463207
2053
8059
7829
3739
17837
16097
3371
113287
35507
167
48533
10711
71347
4021
1453
131
75989
13831
141689
2843
60443
9929
11779
746531
43
2767
12433
1693
431
4561
7793
37691
14011
97
97
42179
229
181513
317
156491
30139
227519
1571
81343
719
1847
4703
1637
10163
336667
20759
9463
41
5297
2083
311
73
2731
89
199
1109
1753
599
2473
4679
743
36691
17851
937
53
7
641
2239
106727
233
375259
1117
2953
744253
809
78697
1279
506929
967
113
19
413167
2539
285641
13537
78941
1093
1999
73
857
2131
54917
163
27271
2203
1237
10663
54013
5783
179
15671
6311
2207
193
5477
10567
2833
757
193
163
6673
193
38737
263429
332803
96329
17609
1321
838693
9173
8669
149
227
781889
2593
29411
811
546841
421
1607
238229
59
461
229
313
953
521
145471
1657
6571
249737
109859
3511
739
2939
263
90989
1667
643
51679
13669
277
101501
3371
211
8039
971
108211
27917
941
608903
4691
14543
229399
449
689981
673
66977
4243
311
359713
5107
4493
55373
138889
7591
313553
6221
1783
83
179429
74609
37
105229
211
29
100937
439
471847
449
82361
7793
733
503
495511
167
43691
307
1427
13931
3067
10163
19
53
61
491
560039
197
4597
1667
257
79
4273
196579
463
653
1427
74509
839
9043
7103
42083
2417
337
1187
367
1171
22691
8647
39857
844897
1873
69191
153337
271
168071
80173
499
17
191
167
132199
1663
34583
47819
641
3499
4789
68711
12619
1499
3251
19
277
607
229
89
109
520339
269
979567
73973
199
3701
96329
34421
49459
12161
2671
79357
74021
34871
601
509
2293
11399
320941
1831
3853
389
4073
24113
7669
423557
11087
144941
751103
6701
1787
157799
189439
4079
107
16067
173
92861
277
743
277007
2203
137
2851
19727
18859
461
14423
31699
10211
98899
2909
28789
1109
401
769357
22921
2371
131
623851
857
761
257
98407
2767
723133
43177
11657
178403
641
139
9787
687083
45119
29803
1051
653
229
157
739
15349
2647
593
179
23027
1277
157
293
887
969677
19157
136217
195863
523
29
174241
3491
8761
137447
9437
173
2909
1979
2857
4139
9433
99817
691
149
3253
158233
521
117427
149
222043
167
1607
1151
192029
3023
11257
48187
99053
257
173
84719
313
167
313
83
37
101141
353
26141
6719
4973
60457
28309
1811
135649
8009
231493
13999
6203
28097
982967
900821
35809
3821
389
977
214391
167
1489
39439
14009
53623
601
8731
199
92173
419
103
101
16319
51413
277
3851
47527
24821
25693
673609
211
10079
575611
911
613
1109
24359
25117
683
82507
71867
96821
2069
9277
922357
6679
35977
2083
2953
50753
643
338369
239
587771
2251
233
991
167
71
227
543359
284749
32789
226027
315281
2011
47
666467
8009
257
1523
4561
71
33347
19949
84697
443
2137
421019
3299
521
15287
52457
168037
27031
1867
887
74077
185467
37967
93097
51437
144163
421
223
14929
2531
14779
571
2843
463
18457
5581
110777
101
263
760871
1259
221717
55439
401
953
1327
64007
101
14813
48991
619
4271
541
829
154073
2657
215843
269
461
1109
1303
407153
379
5147
20107
30493
239
199
491977
32717
17789
29819
181
8969
173
93809
31
5153
4751
557
15907
10837
1019
1327
509
687299
624259
1619
23
647
41813
857
1249
29021
257
987659
27031
276257
727
6779
515681
61
103
53
107
6359
367259
227
101
407833
8933
375559
773
847109
7823
1511
121369
2129
26183
179
283
5683
983
251
22193
77719
34211
137
4219
2521
8747
106087
26029
79031
3467
5573
691721
137
431
241333
194717
3527
73
247223
317
227
153589
137
54493
241463
4787
2113
14779
427423
131
241
10369
16729
149
18199
2551
163
443983
93941
3527
3433
1667
131
503
619
131
127
109133
6301
193
937
153947
409
9151
4517
910279
11807
24919
6011
34687
17683
67
9109
16073
733
103
178757
219587
983
17327
59
43
5419
171823
587017
281
251
25717
10753
173
113
1913
32183
2069
2593
446441
55217
773
4507
573967
277
2843
173
14633
55681
4679
218143
94559
176087
15971
132071
659
4013
743
401
84163
232847
32237
413201
89
277
743
439
643
1123
29243
350621
131797
5237
229
91459
109
41
757
1871
7039
557
29
3607
2393
658883
35327
5077
4177
15107
19
16931
842879
8353
3923
211933
1867
2411
1607
547
863
37
68209
741413
52837
463
941
6547
617
2137
2273
883
113
65789
348247
84457
8117
269
157
1847
2833
63299
1091
110917
4643
14009
28001
1583
1373
11497
50129
22093
8707
7253
11
206039
3617
37
163
857
5113
1321
131
45281
12601
54877
176327
27539
311
479
443
32971
1583
9151
277
33347
359
17
557
318749
4019
16453
46477
2069
347
23291
197
2903
1487
162671
127
107
55997
176053
57571
332989
2741
1489
3067
83
911
22481
487
953
490579
41141
619
1973
1327
15991
419
668567
937
439
1009
49823
101
521
8713
59
487
43
35251
97583
5347
25219
37693
32653
25303
60169
52951
73
18869
51217
209987
10861
641
1301
853
223
5507
23971
4813
42227
6829
12941
43159
131
23081
42709
25321
5
2963
443
613
383
113
179
541
20693
6329
5179
19961
233
193
1973
443
637379
2797
79
467
4493
6709
26021
206467
271
41
823
347
433
41
947
1021
4663
199
5347
30241
21407
6353
199
335173
16729
218723
89
59
73
601
47363
197
30803
10487
15727
5407
3539
31
3221
179
2027
12277
23087
3217
331
6299
797
4723
55501
880531
3457
307
2647
12343
12959
53
617
13633
26371
199
193
22013
18899
2447
12923
863
8783
370813
6977
319351
6203
307
491
31
26987
37307
27043
503
40801
1327
115013
131
41
711817
1549
887
461707
17483
223
635441
11867
7699
848017
842993
13729
383
29
31793
8287
265157
137
179519
45161
12491
1399
1049
167
15823
195781
256147
3847
122279
5881
643957
821
31123
293
44351
757
777001
294799
10091
2801
3643
5527
40699
947
19
30763
8941
367
577
43649
3343
2347
197
81353
4673
937
71711
1049
953
115237
557
14387
397
474937
75227
643
163
2113
490573
10979
1307
1531
89
3637
3917
14779
263951
1607
19543
103
191
314597
125149
59
300239
1049
260171
619583
442157
1289
884491
761
2269
241
9689
6277
1523
269
173
181
8731
148151
4283
33769
647
5039
177473
47
1987
71
71
14533
4679
331
149
2897
547
35069
4721
557
17939
50423
983
58727
332317
491
401
569
3881
193
107
28411
14717
40819
112297
5711
89
1459
64513
1009
1663
3709
3463
181
131363
211
431
7481
30781
433
136261
4799
499
59
12073
37
2879
565387
167
521
329333
269
163
9137
1297
487
549019
31991
42397
454637
173
15101
613
1097
213557
971
131543
2659
4201
19421
1279
467
857
1483
2621
10453
1607
19919
103
2713
10937
131
326663
281
359
307
25951
358157
193
1759
1801
3467
593
47149
31
417097
221849
1481
488011
313
18043
3373
2741
523
101359
1949
22511
274423
3257
127
229
8647
25589
149
23
103
6653
331
479
9941
2221
4987
1459
55793
69031
97
1301
27893
6977
43133
1213
4363
5101
1931
3797
59
151
199
727
215381
419
1231
613
337
40471
33563
641
71
26107
1559
5113
300967
467
3389
947
15361
85223
65011
48869
6067
91253
14591
5051
29137
821
6547
151
1123
439
50581
179
566633
84221
269377
4657
26959
277247
25589
857
7537
1213
2711
1523
233
457
101
173
17377
1621
13463
601
19793
529129
277
769
2803
23
5479
1741
61
2137
97
300739
471617
463
107
416243
3739
271
49253
499
1721
25169
941
107
48539
4099
67537
40759
719
43801
14479
48407
2143
1361
41
3769
437413
18541
6361
310567
359
863
199819
2777
191
1973
29879
25013
1051
29989
3853
311293
710863
2371
5
12601
467
474533
482093
977
24137
13679
41959
6779
3019
1447
173777
1861
821
52069
113
1811
18047
1117
103613
313
47
233
3259
1973
14419
883
617
3271
191
3709
1297
44293
67
24917
2437
3061
967
7549
1087
17383
107
3307
271
619
59
158791
337
1171
50147
823997
236881
167
53
1933
383
59053
425317
3049
17497
269
90527
25999
37
71807
9161
443
3767
449
31069
21767
2411
103
147289
22157
389
86929
709
2027
163
6781
2909
3011
1009
791111
13597
14071
100927
659
25981
66587
199
128717
67
1279
499
10343
3449
6491
101399
10601
843127
32341
509
449
22639
29587
15901
520393
277
26557
293
70573
71363
8117
1103
5443
2131
89
421
769273
271
4649
1567
113
135913
8803
2671
3469
390367
22157
124777
21661
719
253229
47
647
45307
73
4931
58061
43013
1151
204599
26731
487
59407
36997
5167
2333
36583
127607
815501
5953
15881
72701
99173
8087
47939
293
14731
53
6451
1039
89
89
433291
1721
499
7823
37061
743
71899
151
22543
171163
15791
347
307
13807
733
1279
2447
678809
1033
787
37
199
647
484639
31
599
44071
2437
114577
897781
870413
679153
804767
457
557
61
151
6197
290993
487
446477
7207
337
17761
61
3823
368651
271501
43
681557
907
1579
13999
367561
181
18131
24623
383
13537
2459
3697
605167
137
197
7607
223
59
471841
593
97
218839
1481
161779
619
337
5657
1153
8087
63493
611279
1913
313151
33311
14321
434087
3407
488981
167
43
15359
317
61
196817
89303
38557
953
1693
373
127
101
293
71
823
2383
41
144073
743
233
127
17231
36721
1583
7393
977
228593
163
103
103
12983
81331
21589
8317
159161
257
197
357767
656819
1741
18541
1423
16871
239
281
211
719
653
523
3709
117809
56941
347
44621
3061
983
4817
154157
5
13
90901
19991
13709
62723
501953
971989
421
4091
1213
3331
757
593
269
3557
9967
27277
43
239
138197
157
1597
244561
467
761
71881
887
1787
766049
167
12967
269
6701
2293
44059
2027
967
431
14831
463
1999
313
53
3637
509
647
499
2731
1697
293
359
16691
17929
271
197927
11
217901
38729
4937
211
46309
26927
46271
149
131
151049
207709
401
73
85733
48313
1291
5419
83
197
9413
251
26417
157
2749
9697
383
33563
929
431
2473
4787
113
4951
65327
19961
1559
7433
5927
967961
492047
15269
5413
859
1051
2351
18671
2473
281
13099
223
5657
2203
2749
2089
61417
149939
163
194809
727
6521
10993
104347
1609
47
239
31271
379
1259
491
1061
17683
53
211
19423
821
9431
53
69929
26227
449
320927
571
3803
58193
313
5113
7879
2791
35221
71
2957
257447
46811
281
179
2459
18521
117839
487
673
367
228299
1613
179111
719
1987
19079
1409
523
7537
1373
173
2399
757
2203
2003
47237
31
11587
170851
4643
811
1097
127
1753
26539
1283
6803
13
26993
1229
1607
71
317
751
21523
317
467
89
193
401
21961
797
1861
457
425071
31
29
3257
3001
123989
2417
67
17
293
59
271
541
23
27917
1531
1511
463
227
6229
221471
349
230551
17
187877
123017
27409
15881
13931
87041
2659
61
4691
72959
1381
797
252829
3821
33113
190639
607
193
97
2549
193
265781
8231
67
1447
179
144073
31
9733
1367
12239
19
7649
635617
207763
2539
1913
6367
33937
44963
2417
2939
769
311237
3671
11171
876079
20789
4517
1879
873773
187127
107
38167
349
379
63487
262193
15263
107999
15271
3593
13
2677
15733
2521
199
373
116101
7699
4931
883
269
479
986729
2333
379
13411
647
333397
94439
3989
457
79
388471
953
457
2857
30839
63317
2069
2579
2423
353
283
23059
2333
593
269
199
61
809
19
5051
43013
409
389
281
1583
199
8233
43711
7043
274751
443
4079
167
911
109
1249
117881
227
30871
16069
1789
73
105929
7433
48731
103
179
179
232367
1951
16843
41
79
169493
1031
37339
1289
4679
307
2099
12967
4817
55837
1637
2161
6199
461
25679
199
53
34687
331
234203
421
19597
229
1151
2833
12197
13127
40111
288493
619
39827
4219
2837
487
6959
17
47
3889
41
3019
971
43
24443
479909
184859
601
51853
271
39983
16097
495277
2609
415823
86509
563
1493
16223
114299
293
433
1291
105137
107
57731
50587
11719
674173
991
733
37
23
397
173
269
523
3083
757
12491
317
79
9923
74687
4637
20639
883
962257
353
11059
191
673
47629
29
87589
5701
19073
3461
619
2221
33203
5623
500209
303643
24229
4663
1481
969407
67
49843
61
14621
2687
3671
10369
503
11393
73651
180541
289763
541
449
821
271
57991
3359
324113
109
997
153487
16619
8263
18233
110233
13567
157
2339
347
2137
163
21341
17657
981809
43117
757
4127
949649
479
2273
997
47
49891
197
103583
892153
5573
1879
926077
23
1123
293
25793
907
157
349
113
263
54083
181277
521
229
1511
61
197
4703
291539
254147
641
26833
223
40867
88379
1951
479
43889
269
92219
139
23
123017
619
173
526573
22613
37
237607
67
3923
311
43
340687
397
349
24533
12107
29
1297
197
7043
191
227
89
85487
17443
43
4513
3709
269
296987
10667
4021
252709
877
2663
60631
317
22189
337
353
39703
31337
139
37963
641
71
251
13873
359
40127
57143
1901
3907
36523
1367
241
79
99563
3877
179
70237
41467
78311
14401
197
2939
329233
1327
157
124771
21559
131129
125287
4139
229
179
3677
211
1307
101
2917
1093
240271
65519
173
7603
2879
3673
1663
211
7013
23
32653
36629
1979
3623
331
109
263
1321
29
5783
283
359
9341
38447
1949
6317
929389
197
229981
5419
7489
67
4177
65731
4871
1019
1291
607
1259
3209
173431
281
32233
197
647
479
4679
389
1171
251
101
1009
16183
814469
86993
353
173
1801
107
20641
5839
449
5839
631
210599
3709
2647
541
631
751
297931
29
953
171671
9613
1889
47
128861
24407
33581
1361
130981
383
1907
27103
148157
433
577
367
429733
1877
307
367
22303
121721
30307
79
131
211
2789
211
6397
3541
293
111539
34841
1231
308107
433
19
7069
1061
3079
70141
5303
683
101
107
3947
67
971
1039
1097
279649
8237
12241
457
107
162293
2083
42953
283
143197
1373
23627
56873
71
9767
21169
3881
307
563
810871
263
257893
86837
1171
238157
131
811
17317
349
499
431
721307
73
191
2707
113
137
166627
641
73867
13109
32027
4447
2477
107
103
30313
1433
683
61
31
20963
90271
853
2803
211
420041
10429
761
871571
14947
21221
3181
76907
1031
97
16301
1511
8887
24169
3001
39233
1031
389
87421
89
4759
28751
479
18041
1867
201493
1873
12917
121351
229
65419
2579
137
31
984119
443
59539
1049
83777
1291
1663
359
101
61559
191677
1399
1009
797
17
779659
30047
1907
1877
19543
367
11279
7243
487
138041
163
1301
15101
1021
14813
293983
24923
1933
7411
15887
1669
3821
3359
307817
21701
37
661
37
12071
41389
317
1031
13109
20719
2617
346867
53
802027
53
13
53623
5347
442319
6547
77317
101
3187
25577
4463
107
137
2399
89227
46877
57143
257
5153
31
7159
2389
662531
4051
17431
179
15541
1213
2069
6451
46271
8521
16691
829
33223
281
1693
47381
277
1409
2237
5051
224591
24443
197
3067
1163
87793
3803
76651
258959
1153
73
4657
1933
183973
40883
54217
853
25589
234121
691
983
12437
97
3167
33071
71387
14657
233861
101
1741
334069
367
324223
1019
139
30269
40499
66697
1033
2833
431
733
1543
119881
36263
264031
456683
17
53171
3221
5501
104471
1283
14503
6271
2683
2699
73
295877
149
421
161873
193
8647
4909
257
79
389
97
2099
642517
463
94477
152203
5861
759959
967
5273
599
69001
113
1549
6373
20477
563
37
223
15187
757
307
3067
373
139697
163
12161
331907
2099
16963
2339
1097
1637
6269
27851
1493
131
2069
158443
823
563
935843
43717
271
30389
231481
89
97609
619
13477
373
4813
223
743
25643
149
1087
241
748339
821
337
47
3049
199
60161
20981
1091
137087
24841
56503
4177
313031
35923
397
432433
1433
16981
231893
971
113
4591
41
1297
1787
39863
304039
547
7
409
22501
21011
61
349
2797
5881
479
179533
44497
51599
853
351361
3739
5333
2003
179
463
631
3769
67
83
188407
5843
557
23
20173
1697
5
20789
1223
17257
107
3617
68821
17783
97
317
13
47389
191
5273
743089
3023
47
199
149
479
311
1069
787
677
1753
307
541781
4729
1621
389041
131
213467
4289
1867
7993
57947
521
8581
303689
132833
17099
4099
300007
2521
173
2689
10079
83
116141
463
1279
127
139
1129
881
301051
277
541
257
23537
296243
601
17
9733
117917
34261
66629
86423
359
61949
28879
353
1301
137
69737
115603
3559
401
401
1117
347
521
25031
55351
98057
1511
19
797
9887
136883
25057
23
312413
1291
41077
22441
1013
69697
491
817081
359
35977
691
181
257987
554129
307
10163
1847
59
117671
691
206411
431
101
823
10723
3319
5407
14323
154747
101
1193
3719
6329
59509
229
10303
37379
28859
800537
1361
25603
1657
17417
229
1949
21067
38447
28351
673427
18287
103
2393
1009
181
149
119417
1237
317
12437
9413
593
359
71
727
78301
1753
491
385321
10589
1093
139
157
119653
19267
186671
301051
88471
1609
15473
860107
769
45343
7001
3539
7013
29017
1061
4583
49807
77093
5711
2713
881
349
2237
455149
19121
251
4729
2797
127
1511
5431
230827
587
235679
2089
43543
601
127
109
191
1549
523541
303013
44371
1933
853
233
821
3967
659
1801
1447
21313
79
2251
3433
4787
859
2131
317
1237
9431
149
93529
19603
3137
1373
64373
157
5443
743
283
97561
149069
563
43
811651
7793
1447
2969
191
33829
1553
149
607
7537
841637
63649
73877
467
523
1949
191
1427
128861
19
2027
260399
1123
562591
1483
4787
12907
673
1291
1543
17
1531
373
8011
6841
101161
8963
386117
6793
1471
1459
13933
12577
2237
3727
8089
821069
317
58451
271
144299
121021
344417
1667
2063
239
9209
2441
22901
263561
2221
5563
3581
27883
991
617
150407
624047
26759
28031
116741
223
167
14071
179
31957
149
1619
306491
1069
140593
19417
647
107
683
74887
5981
67
84317
1129
54323
4931
773
25423
2609
727
4919
2243
22699
11593
18521
2969
406631
179947
18413
36677
881
47947
19489
260807
389
41231
761
48407
617963
1423
991
61
3847
15551
127
76991
421
84673
7193
67
36011
11801
50053
151
3739
743
61
1327
873319
1091
1093
431441
7219
6421
532099
11789
1327
1049
58741
50873
109
601
787
98473
3671
1931
127
63803
739
397
1433
8753
2011
487
41
131837
1663
13
887
5651
283007
547
2089
401
4201
73
135391
197
827
13367
187861
154943
41
32141
3001
19891
317
1327
379
26669
1637
537527
67
467681
71
421
2693
64033
283079
1021
911
223
233993
687161
563
18061
233
1979
223
1613
69143
3517
851359
26393
107
15881
5981
193243
335383
67
2213
330839
31
67699
18617
271
27983
43
53597
337
109103
619
3347
777877
74189
1759
322067
107
51913
262387
1097
241
662141
4931
97
267781
42677
15791
41
743
967
2657
67939
163
459647
21001
11321
131
935861
6229
163
5333
201193
766679
383
2797
139
11813
281
347
56543
16127
6269
94153
4363
13487
159553
5099
80611
156887
2389
131
29
146477
3943
4933
20147
267829
2129
2803
331
2027
101
12577
170609
9623
659
313969
28019
547
439
47
1481
1693
433
5869
6007
94693
587
131
7879
1327
29327
2131
76471
97
5749
67
53
137
809
607
20939
4327
690793
2129
181
67057
503
47237
1567
13241
337
51827
103177
187823
11411
40013
3701
1559
128923
2207
1193
535571
191
10177
113
1873
58013
1483
1699
2683
317
6091
1459
109
2791
4159
7193
16547
48611
1423
6043
347
863
2777
10211
189361
89
59
6257
147541
36541
38959
1423
311
41687
1429
569
10889
2741
7817
20071
1553
353
11057
3299
3881
2539
911
1933
601
389
13399
59
229
4447
823
167
1307
17033
33247
131687
51721
409
5717
15271
8521
63841
99257
1583
18289
503
509
127657
17443
1063
92489
41
73727
1229
233
199211
461233
15797
434921
4649
202357
613
264743
29231
139
171317
5167
615259
134191
757
1667
2251
79
29
128761
327311
5531
8311
61
6449
64513
1741
52937
5519
1063
907
13723
9007
4519
483031
201653
123113
937
20249
928427
3677
113
131
8231
757
337
25903
167
3559
181
3083
17569
269
2293
203207
593
153407
562297
271
54833
6529
173
107
593
1873
59
60607
1171
113
122453
1579
43
43
389
17417
27329
241
909281
571
48953
83
827537
13999
835987
11719
111491
370571
137117
127
822079
19289
487
17467
37517
953
1451
1249
21611
74411
809
11149
155707
677
263
10529
118571
271
83
241
1877
19
132287
2837
313
25913
23899
443
5437
643
1601
283
179
821
1049
6133
97
83
13
997
2063
1013
22039
1481
211
677
33997
120623
28499
373
86291
4493
9547
19139
37
11833
27283
2017
3331
19813
138763
3323
592049
179801
41491
1621
113
700883
34919
683699
757
181
181
3511
992867
59
20161
159977
1847
677
71
2791
39209
4733
311
345881
34501
313
7459
102433
30677
3347
11719
6779
29
235607
3259
2333
7699
10711
6679
3079
349
1549
1831
1741
53
229
2539
71
180077
968459
103
443
1259
7187
2083
389
3541
17551
6337
19073
743
52369
202627
1753
19441
653
769
127
5077
57329
59
68879
213533
641
8597
43457
607
617
461
211
18367
4973
487
12251
11839
383
1181
367
397
34607
83
883
537011
193
181
181777
1217
24373
62273
2711
2297
109
449
1901
223
13417
491611
243829
109
1019
271967
613
43
173
247553
4817
800783
1327
81817
337
1453
823
199403
184837
854047
719
653
163
834913
983
3821
51071
178613
171671
503
555487
204983
569
601
641
487
2389
1657
691
509
313331
12511
2467
743
52757
331
173
421
53069
7121
79
367
14411
23
20431
523
2593
761
51853
433
73
1049
461
27647
5483
5101
421
68749
220169
103
4729
869597
139
3881
127
61
67
32183
79
807187
911
19583
1493
5449
20693
41
8969
53
29453
1237
1279
1609
118061
23981
42293
691
557
2287
2053
1447
197
5749
80309
45853
131
30727
2273
470513
75011
103
227407
73
9343
595093
4591
1427
65327
5399
751
4663
38453
67979
2137
3593
564013
57809
887
79
997
2089
11821
43
1061
4783
47
257
18229
1459
56167
257
3719
2039
2833
616933
963461
509
17299
6709
137
54751
199151
401
258539
69143
4523
347
673
2971
139
701
40949
751259
32401
232571
131
607
197101
3701
67
76163
258763
94397
129581
869291
293
129193
991
925147
569
201881
378127
84467
20357
349
8231
227
4111
1187
3307
113
1607
130073
233
17
73961
383
19963
461
281273
33967
727
37
2143
719
487
701
439
347
46877
170881
5953
179
177979
391373
14639
3511
73
55829
163927
194717
211891
1609
28517
12637
227
43
1319
1499
1259
8447
97
4229
32299
98897
95957
8167
19319
546869
6247
1993
151
3457
739
1367
97
10607
211
233
5281
19
9013
239
15619
33289
1063
1787
5099
139
50647
3917
17
63367
977
3727
4349
205327
109
29383
223
439
1697
844489
3697
83
88741
267469
587
12923
523
653
6469
289033
3203
1399
167
4079
882517
63997
7589
431
701
26993
3673
19
33829
2113
270679
137413
7823
557
137
671443
1481
71
191
53
21649
2131
11251
1151
1231
1481
75389
1559
4127
223
29663
293
563
1669
97967
250643
1237
349
61
4649
337
197
2273
443
128509
349
389
1907
163
4051
97081
11131
1439
34327
269
37571
1789
889237
6911
23801
118373
388253
8221
947
166273
6673
1753
1231
6197
593
21031
4597
1289
199
851813
6037
157
971
251
2801
97
103801
8597
373
15413
11833
1049
327581
223
1949
137
1109
1429
499
5563
263
2089
1409
45863
54787
401
111121
1873
78571
23021
3623
39251
2693
6763
10133
7451
739
3373
1381
619
719
223
211
3709
15787
12379
1423
3623
3169
55631
1867
4787
108289
1249
421
109
88547
79
18427
337
1901
756289
1901
28837
503
83737
425273
157
359
33329
359
12107
1153
8933
47581
205111
235607
14767
22943
20879
13339
3533
235231
23059
681371
659
2357
5651
17
569
71
83
1559
14249
23
96581
9337
1327
25423
713569
103
49993
12227
3733
233
67
373
3697
284551
139
607
599
2659
4153
601
101
197
2161
195229
834607
197
378601
53899
997
1579
3499
67231
23
1321
180371
65701
421
599
211231
1499
647
223
22549
1597
33469
15359
12967
223
8941
677
5297
2039
272383
108727
24239
157
161281
8011
1117
339433
4799
27743
569
549281
1213
10739
823
461
701
3719
443
293
476599
9949
103
522439
509
113
733
251387
63761
694409
612589
9719
1427
90217
193
52511
15077
554171
1019
1201
739
109
74051
823
577
168541
3373
8887
304127
207239
59
467
641
15823
9049
1889
2111
47497
29
4817
4861
307
259813
3089
197921
163
3581
2207
56333
4967
37
577
65881
73
1483
13007
455831
23
124363
467
88813
26297
24473
251
45763
1297
44087
228409
10663
743
28933
67
797
2027
87223
467
149
911
16981
38677
1171
149
239
551143
122363
9187
7333
42139
16729
83
50891
46829
2699
48823
15289
13597
864793
11633
2749
13967
2711
321569
3547
8111
1319
109
31
631
421
1597
25409
1433
980909
311
12893
7129
1489
1483
797
163
227629
57251
2711
2017
16349
977
907
113
72907
193
110311
111953
45077
37571
56479
22067
83
379
203341
349
1201
337
2377
7
17827
569
1447
71
8693
131
178921
662483
397
17929
7691
1151
3359
179
127
15443
14159
599
1753
103
3329
68737
43
150587
577
112571
13033
169493
233
58537
389
743
18049
5
13999
2939
1451
143651
4787
1091
509
78479
23
151
946369
89
59273
7027
416761
419
109103
2099
32423
719
83
69899
547
9497
269
347
17389
83443
6983
2341
2521
460087
151
11
332099
3109
288991
59
3733
63541
2383
1741
13477
5591
37
1091
29033
2341
229
52561
1297
180391
127
247531
83
3769
137
71
317
113
466267
83423
1021
193
1601
97
35999
269
2593
809
3697
251
73
16829
28019
3187
59063
347
1171
35449
257
467
257
117541
31253
9949
1999
521
15187
1237
21713
38971
197
45827
78623
12517
757
337
3041
1031
9109
3677
40361
107
643493
47569
607
313
55631
25667
2243
199
173
103
3361
743
87701
757
967
307
1019
863251
563
25057
199
87221
233
75389
491833
251791
3083
61
542873
5741
42293
19993
181
37
7591
11353
311
15053
332881
545089
73
2579
313
379
10883
64937
709
375979
47
1087
381439
3557
167407
73
3821
9851
49057
300367
191
467
109
44201
991
10247
131
102031
69001
903871
966547
62047
9697
12821
19739
108037
3571
99497
367
325027
44909
421
25657
29363
169531
101
12437
79
277
24179
10093
167
1823
11621
527441
47
12583
22093
2447
113
79
599
839
79
11807
19753
1531
15859
31
223
13903
26849
43
774931
19219
44201
227011
477163
75821
13
2557
29
1571
3727
163
541
36497
53
20563
1931
4421
151
8627
66713
4969
6959
85451
256363
53
9619
876229
9623
18583
431
73
1667
59
75541
18859
1447
233
826303
43403
131
223
619
16871
709
397
3541
919
6689
17939
439
1279
490057
95261
30677
367
28627
5081
149
26237
937
75181
373
59
246811
31
2389
157
48809
673
80471
877
439
991
2357
7019
131
109
103
62819
1009
172283
9613
751
23041
27943
521861
49639
227
47279
457
43
325447
89
2341
2729
223
8969
237547
283859
241
127
179
2081
241
107
28789
4871
84649
21859
164729
759179
78649
43
8867
647
56171
1283
919
101
1187
15329
62591
977299
4931
6007
281
122971
1889
866713
8807
90107
20719
6073
8563
127
41957
9343
102233
499283
24977
17
20731
48311
50159
375311
1319
157
21011
27751
127
397
1759
89519
441011
691
114659
503
75577
666599
26371
193
6007
10243
40009
20431
2099
6961
5737
14423
266029
257921
3259
847813
547
569
109
47309
13037
1151
42083
14081
1427
55667
50387
67
197
109
769
23071
239
144407
150107
129971
149
430333
732749
1019
283
35951
127873
335893
2377
65843
277
4273
131
881
18253
71339
43321
12277
47
593
10589
7877
353
3121
12473
2381
61223
476369
9391
71
519427
797
10301
34673
373
446387
541
7523
1381
1319
848737
8297
18521
431
263
2861
318823
229703
9001
401
750401
22447
414017
1151
1213
683603
42853
1741
768419
291481
80173
6379
719
979291
547
1217
163
12919
1321
239231
149
229
139
815047
1489
129169
6113
80953
84481
659
211
2713
13567
92861
24593
8377
65437
197
5147
68863
607
1433
953
223
211
173
3457
11443
701
344821
457139
1439
4003
1787
3727
14087
892877
1039
15629
661
19687
558479
662999
599999
431
16661
16901
19237
47591
71
1607
50833
320741
6907
239
47
3821
607
27043
157427
3449
18301
131
1487
6917
823
283
331
617
3617
6073
189671
8839
102611
239
4591
461
823
1031
199
120763
619279
2381
19603
929333
1777
2659
8081
194569
139921
18307
90821
328249
2381
15739
331127
1451
157
25391
73
8311
188017
823
130829
409
67
2273
13217
233
30271
63337
2713
9473
167
1181
16421
139
764149
1069
26153
154001
20929
733
3469
257
241
11
2039
5657
2663
4703
102859
13901
1201
28051
21893
354469
173
2239
821441
479
36161
4931
2437
167
1567
206249
7687
67
521
4391
479299
401
13907
127
443
173
421
509
1879
305497
329401
3163
3191
23497
18199
1091
76493
127
8707
7793
128213
2671
876181
14827
2269
1009
1877
15619
1321
19219
12907
275929
266093
22291
521
181
677
389
659
790961
4691
7703
337
89
1291
349
52691
769
199
4931
602489
4969
435257
856169
87643
91099
179
1109
13
10477
2843
1091
29881
311
22993
181
521
2297
173
3449
405091
5821
31
241
443
4483
379
71
131
1693
367
1439
211
541
67
132403
727
65867
84659
173491
353
17981
57713
2777
286547
373
827
34589
3613
43
233
401029
10151
135829
97
6691
167
2053
8419
127
3041
84629
3761
19571
895253
22013
823703
809
482689
37321
181
233
193
419
8389
739
463
6287
541
6563
997
6011
269
149
708251
38873
1889
419953
2237
2411
42071
125339
383
21419
16333
41149
877
199
32983
114221
34667
29759
100343
283
241
89753
59
2143
179
9343
263
1069
239
3767
37123
3761
5711
48989
345259
109037
158621
30971
683
2243
30467
715961
599
54577
18401
3391
1373
15493
383
31
293
40849
4157
40519
353
2287
1459
10313
58967
463
827
35963
521
709
12119
5107
563
257
307
101
1579
150961
83
239
51473
131
157
331
199
96661
587833
929
995651
2239
148193
281
93581
9533
17257
6959
228841
349
557591
277
43
1433
263
14341
1103
173
323419
97
349
705097
137567
369877
991
859
35593
70843
5657
1237
2861
151
107
163003
1433
22751
2803
12791
16703
1259
10103
15217
48437
156041
4547
883
1061
1061
79
1289
363439
3271
43399
21143
67
9697
24749
264643
227
5419
787
659
2897
8387
292301
791137
1303
907
15287
661
209917
23
20707
20359
12479
6197
607
307
3217
67
33587
6911
2027
761
56843
1889
37501
36709
15217
193
61
726521
641
6359
6053
134219
953
613
587
40853
1187
2113
37
50131
57947
13669
101681
456353
496897
1291
3881
711187
4051
7607
461
102881
977
1031
421
947
877
1277
3833
5171
13
103
9013
7573
194119
5351
2179
337
1511
647
433
161771
1699
21391
31
53987
1499
563
5309
313
34729
2473
421
13781
1847
719
103
4507
347
153701
1117
2213
104297
1129
419
167
203563
47147
641
67759
53189
269
149
23
11699
547
29531
6949
181
1747
121631
44549
239
619
428147
445633
76163
191
59981
284293
25087
131
37
32159
5531
877399
28439
73721
211
839
80279
18307
98873
4391
17
39667
125441
4211
257093
439
79
227
3943
983819
109
20147
163753
11867
71
3229
881
18301
1993
41
69557
677
5701
45589
91577
3907
516161
2399
3881
1069
971
71011
83
14747
2441
2789
1231
47
311
227
421801
1319
188533
569
1607
1193
269
53
55897
131413
44543
761
14879
1097
3323
3109
487
3793
337
463
163
108377
1327
6113
1531
222367
197
67
162287
366013
265129
3821
257
293
32789
8741
79
3253
333791
907
863
4177
993919
4079
23
8563
293
15287
11519
125707
143513
15971
1877
12197
1181
86531
419231
106181
39953
461921
947
1973
61
6203
454943
269783
523
7237
10253
1019
1621
109201
601
557
761
70061
8999
2927
521063
199679
35393
269
43517
5477
10181
1217
977
803987
154691
233
37
9337
877
5987
376399
489913
461
8111
73
960961
1373
1613
191
4817
767357
126229
137
1283
5851
79
47507
1171
283
619
220553
4909
3511
563
38459
491
26083
33857
299723
173021
826391
367
1201
127
493973
2897
313619
347
47
857
3347
4637
6299
3329
311
613
1879
14437
414889
653
672869
15907
5077
1759
3049
54371
659
166723
79903
20939
119321
49891
63313
54727
9833
242681
41
59
113
829
148411
101323
28099
636569
71
24989
509
17417
41681
1699
1013
47917
1307
1747
138469
817111
1097
93229
256169
706159
5657
15511
24373
6637
2503
409
3271
191
61
35759
937
349
41161
315257
3163
701
2287
53611
1987
859
571
26737
953
58027
954677
476921
179
419
176017
31
3491
2131
987821
109
383011
641
14149
18233
19441
315127
75407
793181
673
191
619
487
347
179
43
2593
1823
149
587
19543
883
7949
57839
39239
569
1187
83
95723
59
6367
277687
31793
29
809
107
509
1459
517721
10061
23753
20261
151
397
6421
151
318569
1723
29243
103
739
877
541
419
17417
109
35141
127
2011
9967
1699
2269
131
227
107
1361
182653
89
379
1117
29
37
1087
47
12889
463
311
6959
42839
7591
227
439
508643
34403
18269
1789
31249
1889
6779
3023
21817
349
63697
122753
21557
1061
5827
283
673
480019
22543
673
601
1117
181
8209
431
137
17623
36013
211
61
9437
263
1361
10499
977
193
54377
823747
1907
1249
2357
541
32413
223
1061
8263
37
977681
5077
700577
592643
26861
641
392177
46091
1229
307
47
4513
47591
1621
61
16061
379
132283
229
246557
16883
97003
54037
106859
2729
2351
111467
18521
157669
24203
94837
43093
487303
42773
317
2039
1949
983
8369
1361
7901
72277
343649
307
55021
399401
2017
499
15641
193
167
1163
1669
1237
227
173
6367
234529
2053
151729
401
3217
709
4523
6563
3803
3511
8243
53
13
5581
443
4217
113
188359
773777
36713
9043
11059
113
823
607
2341
18973
1861
260189
93601
83
15307
582677
61
79
373
167
42589
197
419
5171
829
37
126023
523
109
55621
27751
863
11177
13
587
641
113
167
563
33829
1453
359
251
607
613
15319
283
101
5189
3583
569
3167
4003
1291
149
498361
5407
29389
113
24917
6673
7927
113
3037
95419
3137
499
244403
180473
348247
5711
319757
467239
170249
433
631
239
4357
27127
1931
28123
68539
17959
37
1523
211
6323
127
211093
3617
677
17471
199
179
71293
5851
97609
647
223
179
33749
547
1103
468803
8123
1109
163
34361
47
3083
138389
18793
6551
3187
736277
46271
34849
467
11177
916187
254003
593
263
1783
379
2521
199501
2347
9157
823
84521
205651
229
6287
10501
6551
4021
456811
43867
5849
118361
161521
71
709
1567
1277
373
79757
541
683
26249
131
179
227011
1597
54713
3343
73
1579
467
20639
158981
17033
615229
1187
29947
185441
2693
71537
9239
563
1889
26479
401
20233
29339
48481
461
1187
11863
197
476407
1429
44491
173
6703
202823
823
293
31
839
3371
154183
109049
15187
218381
59
271
23279
41243
6761
1493
13
73
7877
10453
487
2087
317
151841
12853
16567
397
313
4241
54751
541
59063
1613
1321
323819
563561
732491
81463
770927
4933
1279
277
919
1499
34949
28411
770101
9001
82601
2897
6827
199
93937
229
53
1879
83407
211
27647
1579
271
11027
3881
381949
269
89
149
1213
37
5039
12647
44959
5939
211
32009
107
71
16111
199583
772847
806791
109
2969
409
181
6029
266701
19207
853
22129
147881
693257
15527
7757
461
429487
1123
739
23041
10433
251
978151
101
641
51257
149
95111
2011
934753
288527
521
1783
27191
20929
16111
2791
6221
16229
59539
401
263
10979
103
11863
4021
1493
181
1933
56267
1427
233
29
31
491
1303
4219
29881
30703
8999
4957
283
1627
599
593
139
2089
24373
61
3637
127607
1279
7057
2791
61
419
164387
2113
1171
32059
809
9007
9629
6569
29531
199
1153
347
373
1399
41611
15451
1069
714487
79
41
887
17
112543
3853
1907
52973
18133
277601
1427
71
68927
164701
15859
23189
347
10247
577
2251
503
227
1063
467
68239
2131
601
809
24337
173
409
49433
10079
3821
557
1753
2687
17509
707849
2953
20507
134437
1709
659
263
127
367
373
86131
739513
271
21587
2269
467239
983
503
3491
4153
631
2459
18059
631
1523
21481
5483
4951
353
41651
83227
503
4639
130841
20399
1069
59
244753
178853
233837
5521
2633
271
1951
37
85103
881
541
181
135589
59377
284527
559901
953
457
42257
13229
38459
9413
1289
109279
137
373
643
44453
563
3253
15797
548831
359
229
1567
47
297023
271
1031
229
87491
1091
6661
185323
974819
351077
948713
5273
3169
6271
127
239
907
67867
905059
883
1087
2243
911
311
293
37
6823
1493
13873
734443
61
2069
35353
192539
239
4751
232643
1709
4423
4261
5623
971
2273
46471
101
107
773
181
997
31
2693
349
907
3797
34513
78623
4441
743
17837
937
1453
5021
10259
8429
179
30941
2141
87181
12569
2971
18371
311
2707
659
41
1553
15887
3919
77719
2467
2767
113
1481
11867
547
367
15299
619
1097
166979
7669
503
9803
1279
2381
11743
641
274117
2089
5813
163
753937
1789
361219
127
105503
853
347401
152219
397
69149
50951
4003
19
17401
311
127
3919
1297
593
1279
278827
109
857
1091
89
439861
4813
127
27847
32077
225241
40639
1259
4957
3083
17477
895901
227
322783
11411
1597
2063
157
84263
157
349
181
83
18149
319357
3061
43
37
5231
3167
1151
1531
283
193573
1481
167
25969
320627
19
18311
509
79
3623
293
4177
3067
694259
877
3319
439
281
59
241
55021
167
91621
6947
9199
23603
16333
353
13829
1487
19841
58763
1301
194113
14831
1201
2659
7333
1801
307
937
149
922861
16903
54371
185753
133201
223
688631
97
127
83
2281
709
32353
359
229
111253
373
151433
1319
17383
200867
102397
1009
71
43
38639
14549
14341
18217
463
71
967
24247
326941
22907
6121
389
251
774773
5231
691
23
95651
2351
1129
592451
78809
43
4423
419
13
1753
75511
1753
173
199
2731
479
971
9319
3581
251
542999
1931
3517
12941
157
466369
833309
307
1511
239
3323
607
1861
157037
241343
227
129757
367
397
1607
521
437693
14629
19
36943
17203
419183
7333
42589
359
31
31
541
8467
620731
59
2411
5309
227299
587
203869
3557
2389
56681
457
1709
876913
89
787
616519
147401
499
491
2683
645329
1237
95267
83
18077
599
1747
359
809
257
85831
98639
3727
347
3391
41
550757
12601
131
677
257
647
3119
1109
33613
4099
1321
37189
10181
1663
227
805153
69473
5669
1493
257
799061
8647
409
26993
4357
479
11
241
1193
271
5437
101
41177
587
53
4931
78593
677
313
1549
2791
209977
4133
647
127
26821
47087
23053
43
454603
60719
1993
281
4129
101
3037
37
174917
2557
43049
7253
157
2699
53623
76463
1811
338431
647839
1993
1021
508817
7193
2351
5381
2113
43391
557
251
1949
20161
896587
8863
103001
282239
23
877
851723
173
21031
359
302977
769
149
3643
1861
31
937
1223
229
263
14831
16763
9539
15881
4903
647
557
2687
8573
698447
5171
168449
14221
281921
89
41887
5779
5231
659
21787
67
2713
167
4999
130267
23
495557
151
571
1249
59
127601
563
34499
32119
1231
1471
139393
839
449987
119759
761
3049
9629
19697
577573
3121
21283
829
37181
149
71
11399
17
101
561173
761
199
919
8059
1051
43
20149
74381
461
57829
727
68071
41
35317
691
131
3617
101641
48571
211
4217
4273
3499
107
7907
193181
107
4831
17209
312217
1259
3449
1187
313
659
179
60859
13151
33889
311
48883
691
54727
479
861797
18899
18691
509
792643
1291
101
356141
12659
11933
761
62873
90989
1103
699089
5641
40591
619
739
739
5939
130783
223
1493
83
4127
677
643
13367
673
53927
5179
167
7043
47
463
29
787
3413
3613
223
757
29231
4597
36919
5261
47
157
2081
467
358223
17
95027
65287
28867
1801
333097
97931
131171
41
347
2609
1811
337
599
4049
2417
1181
11
4229
82217
7507
23057
137239
146191
572137
166013
18661
71081
25939
739
349
28927
10477
22769
163
16747
188519
319069
655489
51263
453601
359
827
494939
337
26209
48017
21601
449
16127
599
324469
89
1453
1399
15901
353
305743
13
41
69539
2833
79397
343253
167
1039
5779
45481
58189
99817
33403
1373
787
37
433
144779
9199
5197
1597
191
18307
263
283
149053
3833
39703
727
2731
317
328007
6673
43711
3889
491
897907
4733
79
13121
10223
709
809
6637
292381
2879
491
31
10091
139
1297
457
4703
11057
13669
601
20183
71333
811
257
61
13577
34763
829
8377
211
313471
427307
1223
151423
271
223
647
397
114671
151
462377
491
197
3613
170509
151
331
73
206651
149
1021
26249
8369
787
1559
13721
8269
41
50627
9439
152213
142993
319733
349
5927
86753
4729
283
2689
1879
47
1951
173
397
1873
672097
17789
41113
991
2333
617
1753
2851
698249
307
32941
1061
1867
271
823
101
4049
24371
397
1259
10321
2531
241
277
241
21401
1439
659171
2531
3947
5657
929483
101477
107
3517
81181
509
1531
215329
1283
37991
63059
36469
117773
457
5443
139
1031
7879
2693
46271
1381
71
436097
7247
337
881
463
266083
853
28949
258569
227
2243
199
83
284159
2857
46499
5011
23
9413
403439
1279
929
357047
1823
181
719
67
13781
520529
2503
20029
577
1201
136453
27617
432059
179
617
2467
211
2053
624007
2203
41
472817
27823
277
14221
2039
431
8069
2339
38231
25447
2693
15331
1277
7079
95717
5077
6481
56531
2971
41
883
3391
232777
91493
401
146059
885869
43189
199
1223
43691
389
9337
269
751
32353
643
67
1367
489803
2803
719
193
293767
107
53
382961
903493
21767
101
16691
110813
2089
313
245279
2633
51973
6659
6991
15881
79
269
983
971
4723
4673
886463
431
677
4973
257
87869
4159
51949
15101
151733
2621
2833
149
26431
62053
331
7529
21683
7477
443
349
256133
1087
625589
22031
3301
28729
5749
1289
13709
40993
237467
400997
59
193
1693
1409
227
13003
1933
1789
1307
431
1847
4463
139
43
6949
317
2309
422861
231107
176641
12451
857
73
1201
1231
419
182893
1097
51803
601
206009
44867
11927
131
653
193
6971
383
71353
4423
22349
13499
1277
947
307
1601
1033
25603
503
1229
48121
149
28837
685739
2389
11941
857
254249
971
18313
929
58511
106181
70061
12373
3637
64661
104147
122167
148403
107
541
5209
153743
9137
1601
1879
1399
33469
43411
11839
617
61
853
3271
24023
1997
463321
35731
800593
97
2029
290137
2711
73
24671
6779
30703
939229
140533
37
38851
71861
20183
4903
2053
196139
109
757
487
43397
1759
619
99577
181201
107777
883
701
29
17471
246731
233
1223
18451
50207
39181
15619
265571
193
2789
566963
8093
719
9181
34871
550177
280697
14449
5479
761
457
10211
211
57653
1499
5281
471301
227
163
679829
271
34039
21121
1669
4259
51941
83
139
1847
223
761591
3019
13
619
41117
52583
3529
1229
1097
10979
1601
167
106979
3169
757
41
403687
8123
4139
351037
35831
9277
1583
1367
143797
8803
499
179
19753
1009
136399
599
15287
1423
37
451679
48353
1447
4787
487
599
293
269
152363
4013
139
497461
255023
67
617
487
5113
487
191231
467
31231
612377
533837
271
284261
231839
25763
53
53
4357
3413
487
1321
3167
17209
883
3257
269167
59
237691
2239
1051
120041
6701
46573
8513
461
67
6967
2927
9007
37547
797
159097
152197
3823
467
23
129953
753983
499
1231
27583
83
32569
83
2243
42017
2551
43
3461
3643
997
827
5479
439381
5657
1637
1459
541
293
84977
739
41161
27239
421
43
547627
967
59
343817
757
193
836203
617
347
1889
257
16427
163
4621
547
911
615971
39883
17837
163
1303
61
11617
673
4271
4289
503
17
22669
3929
229459
769
409
823
17489
3571
391967
683
569
3217
673
947
359
433
991
4549
13729
169667
23327
2909
186229
1213
13
723113
6257
337
506593
4931
173981
13903
67
23099
183059
617
461257
349
3163
1367
50593
11411
307
103
71
4283
202661
8059
1493
23333
1723
2113
14087
32353
8233
1913
67
53899
1871
30241
211
55147
7211
3881
7757
136361
23773
197
32443
1229
73
317
70843
119771
1297
157
7927
925081
185149
5807
367
61
96731
26371
2237
5179
186317
103
8929
407657
1619
17891
1787
241907
4297
40739
2111
1051
7741
1231
863
1741
21061
199453
251
397
1823
179
14563
95621
18133
5821
17
848933
1213
163
311
45341
379
3697
2069
66067
569
883
94219
5483
541
1483
11
37897
79549
126751
10979
5237
12979
139
16103
173
71849
45869
173
797
317
79
478763
135197
41897
107873
1327
2281
41177
353
126719
229
683
76343
953
84391
21881
6221
279847
1031
12373
719
49463
22441
2467
577
6581
601
613
173
17839
823
13499
853
193
36073
227207
2351
66697
10091
389
821
103
283
311
1303
9431
3919
8263
307
463
3001
113
79
337
1549
4657
607
41911
19
2389
1229
8167
34739
1511
1913
997
2239
12197
2417
101
47
378239
193
109
79
113
557
983197
109
113
587
947
22397
281
419
49033
1061
271
163
953
1303
149
673
661
223753
5099
2593
9059
181
2087
877
1151
431
883
47
109
821
281291
19009
107201
61
137
354443
1949
297289
12791
3797
4271
8387
383
1621
241
25471
78577
26357
76679
150881
3319
185987
310559
457097
113
18013
2767
2551
60601
2999
8011
997
197
115933
6829
271
188933
977
338237
1093
151969
99793
433
24239
269
66523
37
107
29
57251
12799
132949
697999
1097
487
379
301673
307
3701
269
41
229
379
1361
4177
89
17
281
12487
478879
53201
491
2851
226483
1609
929
421
101
163193
5119
258787
3659
773
86533
19763
3943
173
31771
61
379
13
5693
1789
983
37
397
54413
36787
959339
631
9791
451309
103
301711
311711
70121
196927
48491
72689
461
2017
719
37
5119
4079
5743
11369
83
129461
474547
51197
498551
36559
161881
726589
311
2081
152897
359
47221
13567
20353
5519
103
2111
3967
887
5039
113
163
31
51991
1297
1601
435503
30727
327491
61283
211
839
173
440171
443
67
496283
172981
287579
938939
12703
6397
858899
43969
13
2903
3761
8059
4889
113
1231
162493
131899
139
127
19717
957211
135347
547
690611
1399
3947
12907
379
52903
1223
2963
12373
56989
419
13099
12197
50461
1693
823777
2207
14657
16843
3593
161839
113
7919
4813
167
233
283
21193
91493
1753
61417
39509
257
31051
14957
12197
103
827
394327
72643
2239
5087
113
53231
82339
26119
37
441703
1499
50549
190633
3821
33713
19
20231
103
2237
98207
298687
503
6469
809747
4877
17
372059
295877
619
197
613
32143
439
163
151
827
379
542153
1693
6199
2269
39679
12577
105379
98047
52069
13463
49783
1069
1667
3463
2017
14221
321779
101749
739
50993
5807
813023
181
61
347
433
2131
167
73
271
27143
593
2683
179
601
2707
20369
1033
701
32957
6701
4787
2903
281
139
26227
47
375779
1951
7451
640733
65353
419
7417
83299
1933
18917
57527
31
691
189797
974837
48449
137
139
3697
9277
1013
743
523
22777
57781
111871
67
58967
14149
6067
3833
5209
54667
32143
19
683
7507
1487
22003
359
587
181603
187027
59341
1277
50551
179
6373
49223
569
181
1013
619
60679
971
1847
10709
4129
7537
701329
8719
673
4591
2311
167
10037
73
725041
2749
3323
11807
7573
11923
675239
673
36749
281993
1373
76943
1439
479
37
178417
294467
5507
79
257
784213
7
89
229
184271
211
101
1009
41413
241
745837
233
4219
1601
15313
191
49993
313
1279
1699
5647
197
3347
7321
4993
2141
317
257
491
283
151
83
823
27733
31393
6569
61
10429
461
509
523573
181
337
907
67
2137
5501
809
647
1801
842203
293
301991
23
13
113
761
768479
36269
57839
479
1459
98011
3049
115981
53
13441
89
1471
3767
1013
38329
73
107
263
10273
3463
229
37
12401
353501
110807
2099
3733
38851
6277
114571
853
31
45281
199
647
97883
28751
1931
17
109519
311
2549
3701
73009
941
911
62099
3797
173891
6389
73
198437
68581
17
969497
4157
17
1093
5
42451
9949
67
239
5081
139921
755233
1123
283183
2851
547
33937
1663
10903
74923
167
449941
290057
87433
734021
2131
4999
73
192553
1229
61879
203953
181
887867
113537
2683
281
449
64067
16381
75511
109141
179
448027
487
1289
128113
127
467
599
743
12241
21911
751
100801
140869
839
1741
431
397
112507
6151
6977
8629
28759
11777
601
4639
170363
38693
19
113
147937
1307
359
1103
18679
1151
1489
401
1093
27961
386369
239963
2143
3919
1423
3023
160583
201623
601
179989
227827
1061
33637
95989
1321
127
527533
389
8923
1933
46027
274867
84871
929
181
18919
5381
421
11681
3943
150571
4673
167
43
3767
90173
32027
2357
199
1013
198959
282101
3917
229
491
54973
5051
94933
999091
599
607
409
2381
211067
7
3049
38993
76333
21169
318403
173
223
2137
739
37021
9029
181001
860641
109
10613
41
14503
2843
26557
5531
371057
12907
94261
7331
239
47147
137
7307
529687
81293
2927
464119
137587
811
33871
573101
373
251233
140419
2801
782251
39521
673
16631
4657
157
233371
29
313
24049
331
71
2801
22637
269
53
313
307
6121
181
13037
1069
12113
4219
1697
103
41
344479
12589
1009
12511
1249
32843
174299
101
148367
69403
46819
175129
4789
11987
523
122971
120427
337
3469
1039
844549
419
1451
9661
1831
83
47
43
557
761
6659
53
97
131447
967
23071
397
330203
197023
36929
8929
167
20897
149
359
935843
2011
263
823
73
839
439
1811
9587
44483
5783
421
22153
83
839
4969
11503
1231
999959
13009
1601
149
39139
4703
6689
97
1093
10433
1193
79
71
14081
876721
127081
193
507979
809741
1297
53
1187
35879
1549
46093
277
4463
82031
13229
509
9283
23251
19
43
10529
557
80833
303553
6067
3049
947
83689
1451
6311
19
28979
24109
54907
1699
719
2113
21799
765047
107
428489
23167
277
547
10067
1783
199
9439
46817
8807
159571
4259
7919
1447
4261
86077
1399
359
1433
7867
104711
1531
112429
89
127
2339
7043
1283
24851
173
112129
8951
756607
991
15889
17923
1201
3163
6047
89209
1031
3391
4957
229979
983
647
173
1523
1171
3821
18593
9601
90379
317
18587
499
2237
1429
518863
6551
114643
110237
14197
109
1087
20929
30203
9103
13513
19
1103
577
155723
1427
2579
3019
15331
6449
19
47
322939
433
18253
129223
156041
5813
22433
698419
5407
23549
820361
109
948391
2659
731767
503
94331
1327
617
7817
6703
7907
54163
619
9767
59981
33329
3331
691
347
191531
142271
101693
25183
5573
85733
2473
35221
11117
139
109
386651
3847
5879
20011
29483
159191
11903
139
4639
2393
3919
137
14293
2729
3559
251
124199
2389
5953
18127
380141
71327
2719
461119
11393
397
170921
708283
25609
643
280249
444553
45827
509
2273
15877
491
12343
643
359
137
37
6679
123457
1061
7589
277
9883
191
83
1097
149
17351
2579
787
29
3851
673
1579
43
4327
189019
9281
49409
43049
41
977
37717
317
157
1249
3527
55441
23
129361
571
296579
1217
2141
587
2423
4951
31991
35803
212683
6101
587
426931
246941
171341
18917
1069
18457
1811
8009
1093
479
17
25643
15271
701
1249
3079
20533
1151
27031
4451
7457
33871
28111
10099
18517
61
305521
1327
1013
271
9421
21683
17519
10607
283
10099
7019
389
522373
116833
415381
246131
41
29429
2417
2383
11587
3371
61
2909
467
988693
223
900569
15727
374683
409
180001
2437
157
246527
149
43
58963
409
3413
503
631
277
1871
647
571
97
12197
225263
197
79337
101
23173
211
18229
55351
2437
149729
20663
10099
1879
887
1307
35851
13729
1723
643
2203
18493
37
12517
677
2753
1531
278347
557
131
94343
14029
2617
773
18443
766453
82171
4153
373
271
1997
1753
2803
221227
35603
457
2339
22777
727
8329
419261
50951
158597
251
353
29027
2609
1171
73727
727
1049
42821
97
3517
18617
1291
34231
32749
509
283961
4397
109
47093
53
277429
727
18911
6427
4049
1483
3853
3181
14083
174673
107
719
59
1129
3301
8867
1303
1879
65581
83
13931
823
24151
122263
5273
743
4649
743
468001
131
1049
64513
11981
14029
54601
77723
89521
467
65129
119099
658783
2411
67
1789
27919
103
929
2053
963643
256093
10211
197
458053
192497
41
1151
18121
16787
204791
487
1657
2861
191
157
757
8849
65171
587
379
90473
5861
432227
7393
18041
265157
417649
1259
863
73
1663
3371
830131
204067
1433
6481
861761
1447
180331
3271
2393
7207
6983
2557
149
270583
76081
186469
599
525313
2687
2137
2503
1831
103
971
20357
4597
60343
79
393137
42829
29327
50111
1699
956377
83
5897
1481
685057
2843
3413
211
14821
9431
26891
32803
169427
1783
2647
283
1699
929
176503
19333
1657
2969
409
1283
109
4517
151
431
317
107
601
15859
88607
38153
18839
73127
5801
15791
2719
71
157
37463
8429
1511
2293
239
1093
6221
219847
7477
395069
163117
751
463
25639
137659
929
9293
1097
5669
1447
11909
266957
2423
682237
7927
353
17
4337
307
659
37
463
1109
227
61
163
55639
396301
781357
304091
1231
181
24953
15551
21739
5387
683
157
563
17791
487
1481
157
33623
97
223
15013
3931
4273
3671
1489
73
23537
1483
33851
1907
8017
31
487
696719
121591
4049
2351
79
61
151597
547
353
769
59
53
43789
9929
295187
384719
34757
643
1567
17
2161
499
30427
102103
216653
6521
115979
191
409033
2113
3371
97
71
983
2357
3041
146173
151
2521
109
673
2081
45013
499
197711
1049
37
503
593
19289
1543
3023
44959
947
79
9697
65419
152839
107
665773
221671
10831
29
13669
193789
6323
5897
4373
146347
953
3533
129533
79
359
229
21019
181
4127
5387
709
73
7793
347
4339
53
269
79
70121
613
12893
839381
2099
97
550139
324931
1259
773
16063
5081
251
941
291199
4993
485161
53
6067
251
311
347
1319
397
3347
1831
4597
879167
347
167117
2273
8231
773
251
193
5309
107
9791
460373
37019
293
25169
941
367
563
12487
1931
265561
787
62819
499
397151
887
274223
1223
12577
908471
1549
1117
193
73
131
52919
977507
67
2671
278329
177167
4391
23603
241
26153
79451
37
4447
457
523
53
2053
60773
1753
503
8423
776887
87931
617
2267
67
4091
32797
2477
181
12821
8353
107
917443
3229
797
43
181787
697111
26627
157733
13693
149
19433
571
212293
829
205133
22811
487021
1597
6163
383659
8807
281
21143
7351
397
1117
1279
488311
73571
118747
90017
2617
109
349
3623
216877
40163
1879
131
197
1721
5309
1789
26017
13907
35327
6301
263
137209
862177
1117
89657
278177
8669
5323
116689
1783
431
173
156703
79
3463
887
103001
686963
21347
802357
811
1871
3257
104417
419
343177
111731
433
3079
3607
8681
449
307
463
1009
673
216317
5711
281
251
71
32083
89627
242399
1979
30649
353
7213
37273
67
346013
199
204163
71
287857
17729
131
13163
368293
51581
9377
392923
14947
269351
113
157
19267
1013
6991
4751
4129
3779
405967
619
502937
2671
773
14627
302873
389
1021
4093
12071
53623
3967
359
103
619
5059
59051
4079
162143
2381
65717
101107
659
2671
239
34283
367
8821
15377
17
303379
457
26561
46769
47
603077
1213
29
16127
3527
7
429043
313163
863
307
71399
293
169489
7369
19727
101
379
647
409
38011
349
32563
311
1399
199
43649
9439
457
5711
159431
409
271
3203
14653
977
6553
281
907
1583
547
3119
73237
2297
233
839873
131
53093
6709
109589
8219
953
975551
383
709
2113
170243
115597
2467
9049
165379
31
1879
313
15319
61
1171
56783
439
647
19889
853
34319
47
7541
12671
225079
727
24359
541
727
659
983
31063
367
109
771517
89
11197
2897
149
11
434237
16529
461
607
211
7621
2237
9391
96911
21841
12491
23
3217
19583
367
12781
41
53
1103
1217
68639
227
4513
249253
137
3257
372037
691
8837
127
73943
87559
1103
7393
41
4229
937
349849
619
5563
7907
2963
123311
271
239
196523
29959
24083
10039
2531
719
293
1567
3851
1039
131
18307
811
48989
191
659
283
365689
4597
2141
29573
1069
185527
401993
107
1567
499
227
130589
319829
7867
34519
449
342371
2633
139
131
960941
283
2609
991
37579
839
83
430883
113
19417
36061
479
1019
84467
13147
2293
1009
51481
541
701
142169
787
233
7559
839
223
39163
29803
547
71
1709
131
47
257
179581
35803
61
61
97
83
190301
1667
51691
7577
67
2437
929
19
655157
26893
2237
11489
25931
163
4801
1889
97
751
302977
7481
18287
821
937
272927
1621
573761
757
139
226777
31
71
617
269393
587
157
11317
463
481087
89
379667
193
73
47317
577
43721
4241
29723
683
713987
149
6571
509
91139
19457
1459
4987
283
5393
37
113
157
1013
6569
147517
101
7333
131
3463
125107
199
314807
131
743
27803
1523
281227
102199
359
2293
787
653
35999
19
787
107
3221
179
601
757
48761
10313
29833
7639
23
419
33581
50647
569
2897
175781
135101
73
235537
26321
2053
1259
146117
121349
3793
67
23
924463
1571
701
205619
205141
148201
547
24671
971
56663
8219
6599
199
1231
563
1033
1069
37
3041
487
2063
409
617
1657
233
681913
469613
5003
1579
571
486503
125339
5009
9209
71233
673
109
317
11779
109
653651
167
397051
149
229
37501
38197
132383
56501
467
35569
631273
1451
463
463523
31
35407
601
847277
2521
463
211
191
224251
2251
1103
11
372241
1069
31
318377
17
28219
2389
1597
17417
6091
479
739469
44773
317
62311
163
6151
151
10733
25703
83423
190271
269
155027
281
5153
163
3079
13367
229
47
56099
169067
327419
3119
8233
149
181
20887
547
859
337
5923
9907
1319
719
1039
5569
193549
1051
6113
49043
2819
2939
17
53
303409
1579
23
941
353
48479
911
281033
641
2081
463
3229
168901
24691
103
11047
1303
54331
6043
4919
67
4507
101
34687
17939
947
181
12437
2141
743
36251
67
7237
281
354847
139661
3719
2131
877
2953
1193
61
1009
788537
103
1217
953
2969
101
1447
10891
3181
494141
26759
87991
37
28751
967
106871
419
42323
839
292351
30313
457
85447
317
157
2851
19531
231809
1901
1291
660731
3023
351397
8369
1031
37
3217
511223
33647
557
163
4957
467
101267
71
2549
20743
1303
241
42323
2659
1297
379
269
308813
379
59077
431
1289
19687
15817
101
457
44851
6779
5431
40169
643
6911
347
157049
1039
58189
211
123547
2957
1187
1567
1753
127
17
138637
1709
67103
18047
727
271129
5009
925073
6389
8291
315779
929
15889
1283
1217
3217
863
71
2749
379
941
701
491
1571
73
2657
1973
149
19121
967
328919
30313
79967
401
1723
4549
127609
3727
176023
1237
1171
531919
1699
43
2971
163
6661
29
3359
147551
353
113
1723
1237
225149
290233
193
947
307
11527
4513
5531
43
287393
23
1427
29
62129
43
113
659
1877
2927
4133
393109
16183
3931
127
269
3253
7669
4517
727
1289
3089
1093
227
877
71
2467
43
313
426691
521
975883
12907
839609
281
383
14051
109
935353
138899
17231
1069
601
101
32609
995147
1487
823
1361
34583
283
303389
176041
106291
240631
421
163
17291
36013
59729
765409
5717
122869
1103
719
18097
34781
6491
20771
97
3229
2917
157
739
71
3433
31123
3793
269
8693
89
15137
5309
11
5791
5351
56911
1831
383
379
3191
44371
78479
5147
59063
439
92461
202327
2543
23899
6793
4933
4421
179
6079
373229
797
257
1213
31333
53
1741
31
11
389
643
5807
88037
1297
9221
911
677
291457
21089
8707
911231
2027
223103
1847
641
43
34469
91811
229
971371
107
429007
59
887
503
4649
21577
149
1123
67
239
194267
140477
263821
5867
2039
9923
694409
2311
55439
28097
3919
47147
145601
199
563
199
2741
1063
36107
1279
163
211063
79
31
307
252887
349
263
17
1997
2819
6121
9013
208933
3169
601
62563
197
250871
6637
8353
569
166693
349
37
241
929
241
209497
103
18787
69623
1559
283
479813
55967
23203
36791
30367
788449
1283
67
571
13159
25097
22877
37379
257
41543
277213
149
269117
1987
170759
135757
643
79
6361
32797
6679
292933
157
181
1613
331
1669
67
4243
997
2903
241877
465643
293
29
887
821
6329
1187
149
541
331
1997
701
571777
647
2087
229
184901
388991
8231
22483
83449
24251
27701
769
9067
260647
157
86677
5479
3529
2237
821
37517
499
10631
277
937
83
10781
267811
311
607
421381
173
2719
1447
709
2417
103
1051
1637
5779
719
193
73
261241
2753
271
16811
23099
277
41
107
114377
21491
1583
1621
5653
32693
3229
8093
811
293
443
1427
827
2203
4993
1091
107
1913
457
317
103
950633
241
2671
27539
3803
4649
621521
107
32939
421
2237
631
769
609533
389
983
327661
436913
661
9923
5227
53
3229
97
1579
83
141709
71
373
373
7883
16963
4481
383
239
5189
79181
269
11471
60133
259499
19289
47137
467
13259
5081
16729
10739
71
229
1039
337759
271
36353
97
1103
31
11317
1889
353
1531
479
20789
861803
103
49711
1117
61
23
457
37
582761
66337
269
5903
19447
4261
166189
5
163
285749
2293
5953
3221
43499
4129
2113
487
1637
218077
5399
3967
59
661
12149
101
439
3613
197
109
23
3701
355541
18731
65519
827
59
312677
89
2237
277
37
39323
76253
769807
5087
617
135391
199247
157627
238247
571
245983
19559
36653
25943
223
4007
54949
8929
697951
244787
269
401
29
29483
573163
5581
11437
1063
2729
89
12809
21559
90947
239
403439
1553
41
904297
310997
65053
2293
5347
1987
11411
6091
193
82471
3251
19457
6791
405731
853543
167
439
43481
6709
2683
3109
12659
373
167
61
881
71
85453
3697
1217
200929
53
9857
6737
60617
139921
21767
71
165037
257987
152729
2797
167641
131
4027
33427
1789
180281
265819
487
947
240319
1459
301153
83
797
85103
23917
97397
7993
8963
1723
167987
593
3217
9181
217309
1409
2693
601
12829
1669
617
79
83
3761
65539
103
12547
1831
27893
17
269
349
95989
37
359
431
2833
773
3037
425521
41177
4957
271
33521
683
44819
1877
3457
8563
983
1193
1567
4957
3079
45083
27961
149
36341
617647
41
36277
68371
79
61
1051
907
569
235493
1709
25247
733
227
2153
193
25969
900089
10513
239
27773
616439
209813
499
13
1607
9619
61
4561
131
14593
1061
1231
227
115597
15737
1217
409
19417
32423
109
79691
61
431
3593
26237
2711
2311
4523
52747
2347
461
2237
1069
1789
948443
229
8539
154243
675593
23
641
787
176903
32941
364759
67
4871
128213
397
694381
239
3671
335579
354143
460711
125339
271
157
197
79697
35423
1223
1877
137
45329
2017
653
43
3221
211
137
197
793337
205391
1907
10739
1471
257171
4357
631
2239
11701
71
827
149893
61781
599
991
331
28703
463
10639
228451
1069
2749
367
193
17729
87473
467
38119
4327
277
250643
983
1427
421
947
151603
12757
359
982183
349
4903
39799
61
47
827
1723
762257
15427
449
271
36353
17209
67
4297
5167
137
241
6073
44417
70079
106823
391717
3467
21713
52387
162517
5923
509947
62171
13099
1301
191
69593
1097
114781
7759
8863
73
911
319387
809437
294923
433421
34877
3187
929
43049
11083
199
26141
6469
105899
691451
35879
3121
317
367
751273
151
304459
727
395321
311
601
26003
59
259801
26849
562517
1423
1103
3067
797
36721
3049
126143
4507
277
79813
937
2857
47
1663
9733
439
89
2111
19387
4703
5477
32183
10211
203663
24517
1063
281
1811
443
49171
457
66751
761161
61
1637
31
1039
395261
48907
523
173
6803
2707
283
421
7309
2969
35381
1123
743
9767
4049
8719
1291
6653
307
53
33503
1009
701
283
452329
2843
1429
10477
251
107
1373
34673
24749
733
2143
139
251
1033
1453
1699
43
929
41761
1949
7517
132833
853
461171
971
33613
67033
421
267667
983
49277
311
4297
433
89533
547513
983
163
51133
43
853
4691
30971
1439
599
4451
34693
10181
457
6563
47
79
4073
3911
8839
3671
1213
14177
347
4793
179119
182389
3169
41269
127
13
56101
13463
173
347
5153
131
223
8737
23
1193
107
369319
35863
16001
373
76511
1123
465071
2111
461
37
20929
3229
569
1103
8429
373
1597
373
163
88997
31907
911
258613
457
541
251
1361
31393
431
443
167
228647
2609
113
318127
17
180221
17
277
1039
751
17449
1091
521
82387
4517
85303
304847
31649
31
307
45341
499
12527
217771
3301
48449
431833
19993
4591
21817
233
5413
10559
619
90989
1321
140533
33629
90731
182851
92831
109
1697
163
397
182839
89363
9433
4049
311
2383
59929
7591
839
1153
21383
23
12613
117701
85597
5581
2591
73
876871
4243
31091
53507
31
168863
52639
163
89
367
229
1367
335281
2423
49157
997
83
223
67
139
181
9137
26591
62539
769
142567
523
1423
5381
389
270841
2011
839051
167
2749
649469
218843
541
914971
124753
124529
123323
157
129581
6551
83299
14293
373
1429
683
113947
2803
20249
27103
193
67
15359
12401
337
41
31
281
997
3217
397
283
104659
3851
63113
577
104717
332417
12203
3347
69557
28393
15643
9337
8689
83
269
475751
131
275941
283
4973
7349
42437
139
1171
4049
853
28111
883
443
433373
7211
103
647
947
272813
39503
661
6977
11483
30937
733
240881
419
701
121271
1559
617
587
67
70373
16633
928933
71387
455159
90847
29021
161017
42397
23
101
101
1031
120847
967
73
223
5501
321823
31
3049
379
1091
3761
1033
2179
25307
704059
1439
193
239
3181
50891
2423
103
1373
8363
47
5591
271
1543
171383
179351
173
120551
43517
11491
7879
57271
97
878359
79111
409
24103
3617
1249
25693
1549
331
293
159079
3853
151027
4219
467
4231
11351
547
4297
7927
83
2069
1451
33161
877
2237
113
2719
1201
613
7573
23
3803
117973
2161
3947
12721
193939
309011
4073
91237
307
331
73
1613
35279
3023
557
3529
61
673349
23
43711
451663
1061
113
4229
1171
4603
1423
19273
138077
139361
56501
5323
271
59
58711
10889
9463
45677
960059
1153
263
2161
157
4861
2593
18077
85669
277513
277
37997
214129
11161
17891
373
2351
89
439
751237
18427
122039
4027
967979
1789
3347
173
34039
857
5413
427913
109
631
24247
43781
63853
983
25033
83
1949
48073
97
952087
19391
97
25589
83
151
26759
149
743
3191
107903
8713
78517
222311
733
281
157
2203
1637
64513
23767
131267
31183
1231
17911
647
18049
181
653
489743
101
523
32443
70621
347
461
944701
3323
859
2089
607
337
2297
969569
1291
605413
113
79
5689
163
5351
1637
413141
11171
151
1153
157
8597
3359
7411
3389
62731
227093
10453
179
659
461
227
15739
4547
349
1103
176431
27109
251
233
14249
787
225371
1103
974803
828677
19181
29587
13901
499
281
12113
4219
1451
292679
23603
277
487
3623
164051
383
12101
827
219607
1201
12157
1279
1567
55837
3079
8753
824183
119953
1453
641
64151
739
569
491
67
8087
8753
612301
629857
116981
269791
397
2621
281
401
188311
13
48109
941
151
11719
3049
94151
971
574789
148013
59
30983
17123
77641
18439
2141
293863
113
149
209039
81701
467
43
277
174763
149
4967
367
31
10589
33773
55217
229
599
30269
182887
709
55997
11311
89
239
541
251
929
7639
951221
229393
13997
73
38783
13537
13339
19
61
61
211
61
60337
588881
317
1123
79
809
2957
33529
3023
134741
461
174571
103
353
911
29573
268819
480773
1667
8221
23029
15217
143111
357509
83
15727
4663
6563
198589
372773
18059
5297
56503
5827
863
140263
19
13099
223
19259
28817
659
853
8243
563999
535943
263
1367
1483
233
2371
945899
36599
6367
941
563
149
197
667127
3169
2311
2053
18539
509
209357
19219
487
1327
83
332837
205327
5441
113
2383
821
2473
160649
132637
54133
221623
3463
8629
9901
2801
617
6529
8887
313273
47809
77863
73
13291
179
5477
5197
1579
12641
71
137
281
7027
24517
12413
719
38113
1667
2221
607
947
181
251
1979
232433
439
5501
3389
1123
13883
173
382871
44053
2243
61
601
69031
101
66373
11
1063
814829
829
1811
3889
7013
37997
3319
3229
503
727
39863
4967
1609
113
1327
397
1621
1279
857723
876121
61
6947
2707
43
199
79
131
757
3391
73
281
31981
1103
859
2953
1901
17579
469267
7993
2657
71
25357
3929
32917
397
457
1297
68053
83
165611
33377
1471
108961
1399
355643
2027
2953
149
214009
2411
3167
23567
362927
157
196429
19
446389
461
5737
29
839
59
142427
96553
2543
1307
22147
563
3271
25541
397597
461
509
73
3323
9283
149
331
79
46649
107
779131
28759
1627
3169
13
1091
43
103421
151
811
2131
11161
587621
683
229
576731
199
239
73
13567
4637
281
263
7951
223291
140557
733
5669
15511
409
14159
701
791473
2281
6373
160499
140071
109
267479
79
3907
4759
59627
229
79
10789
2341
211
103
13649
367
9349
179
26249
9949
56149
1559
6823
4139
79
181
811
3847
109
13649
2767
773
263
277
113177
17
941
173497
241
4153
1117
67
1231
46807
35771
35593
2339
239
144983
276599
467
389
76441
63773
58367
80051
162593
7393
3877
691
49463
257
39829
41149
480731
7057
1543
257
1091
594037
225371
103
5021
4019
17
487
1697
1031
1777
56311
1861
13441
17
597899
659
461
1019
15809
1877
1039
9349
10597
7151
929
193
52081
10651
10337
13513
149
6271
16253
49531
1487
337
199
929
67399
1009
72931
641
613
131
1009
1361
9901
821
4253
31991
687461
4999
19289
181
569
70001
120283
43
8677
2141
1279
229
61
5387
173773
233183
15401
111641
541
198659
57241
479
199
19
2897
2741
479
1061
15299
92779
8291
4957
719
154543
68279
421
311453
8369
199
114781
170047
89
193573
7583
311323
281
173
4969
1399
8093
959323
2557
19997
15131
41
257239
28573
293617
52583
4639
53
643
2089
10601
73
7247
211
45403
3733
53
83
1153
269
58789
263
1831
4297
6379
27329
975193
137
523
5791
102643
74719
197
3541
19309
193
1471
64373
1109
108503
15299
1987
3137
223
1627
389
619
1831
3371
281
194323
971
491
227
1571
21863
2129
4547
17659
199
92317
73
3413
12541
1801
239
235051
379
661
31849
1249
29527
131
2039
229
8839
503
2713
9203
113
347
457
491
12101
131
167
137573
549737
34667
14197
163
25667
134093
577
2411
853
22111
62659
15413
19991
165001
103
23
131671
1327
15913
28697
22619
809
76369
587
347
631
5167
15031
49667
2837
31159
1283
1297
229
66191
1801
307
971
2797
2243
563
173
383
4003
3853
30491
3511
185693
83
20261
90823
307
517381
1049
563
3701
811
44203
31271
2251
856571
103
389
797
157
7591
109
19937
71209
1283
167
3191
643
1021
195469
6857
369253
28447
113
683
97
1153
167
257
239
3539
1637
3943
853
281
839
107
857
158507
2957
6599
3911
2663
2063
839
6823
63067
76421
193
743
33547
107
1553
43
67
1259
7537
373
5333
4639
197
79847
353
233
69709
2617
229
10091
79
42349
401
10313
5413
53
251
809821
214657
7211
89
857347
1319
2677
72949
15083
4057
641
69859
18311
7
7129
349
457
213919
11593
73
4903
19
83
10687
3083
935377
2207
225767
67
751
113
1283
307
787
9817
8369
427513
431
75503
10867
208699
379
43
223
140831
54371
857
2011
789829
219217
19
307
167
1279
211
8369
249311
1249
461467
5309
23
677
1223
10301
673
223
5281
443
1217
60611
45361
518341
811
4933
367
449
4813
10957
12757
80933
335207
41
1103
38873
107
56569
3803
124181
269
4483
719
18457
201233
9749
426761
677
26111
4931
907367
41113
27457
8431
7477
91733
24097
18899
11197
12473
239
103
866623
62299
371573
38281
1009
571
558167
276439
113
509
7879
659
89
337
83
180773
37423
401
6763
1613
463
1523
2897
109
83
16417
2027
1327
593
1303
645347
32987
401393
4937
177791
647
6899
941
221077
257
49789
167801
4861
20129
227
347
43963
15971
30113
4817
363773
23609
3041
8287
10333
4987
41
140227
330359
5521
163
6079
33347
67
88001
2819
211
6047
72817
292181
443
141767
5693
16963
305209
126433
839
42017
1303
17
71
1901
53
4567
97021
36151
15401
60923
38303
2467
283487
6353
5003
1489
59561
1009
1423
396629
1217
79
719
96953
136223
541
659
73277
8663
19417
9011
1447
9187
7877
5023
277
683
313
367
167
83
43051
367
29
31489
31231
2129
31177
100313
139
934523
1901
26171
3769
207811
19
41
19937
5417
383
311
233
73
877
1279
353
1033
6869
89
2111
937463
14251
78839
571
3323
65357
881
21563
547
2341
6673
834653
67
143513
6163
191
127297
47143
1231
337
3391
2111
113
92179
887
11437
47
15959
4523
76079
1103
7549
239
1709
5351
1231
59
280327
73
5009
8297
86587
491
971
1747
823
125287
71
1867
557567
11117
238423
132001
29501
4639
5323
1933
171869
23087
859
4547
857
2383
109
14867
152599
1069
8287
563
461
373
283
66529
708689
877
283
443
593
1237
73
7193
810137
409
548861
11621
421
193
22921
40591
821747
47
1381
8429
6737
47059
47
8447
241597
61717
29
260269
63127
263
14387
101
85201
16349
521
31
8093
41
38561
249563
220747
3329
65809
157
61
30911
103
2741
67
6221
17431
1543
8089
263
103
542723
1747
10891
28901
2843
929
37
1213
761
248737
521
31
124909
498119
108347
1747
257
479
1193
233
61
468151
29
4409
197371
40169
4159
1471
89
223
68597
191747
98009
1063
113
433
151
331
659
163019
271
3623
5347
20149
43451
43159
164839
22159
30013
133073
65677
109
6373
23
79193
10799
3433
109
229
673
109
2543
121421
23
6211
353
82067
419
34159
131
41183
15773
115979
22409
269
137
986849
163
593
2663
271
25457
109
99131
499
31649
726527
823
4783
571
184523
769
419
258437
3719
2749
251
22259
179
47
70121
787
25409
1097
499
971
4637
1151
347
4483
199
499
180317
277
20789
47059
66739
121447
2207
8123
101
61
283
8431
443
577
1439
34319
43
1093
411007
3889
283
36877
3469
653
211
103
139
761
53
70249
593
31
362749
106033
1553
1039
10723
4157
138071
17909
355819
2447
10313
133109
181
1789
13219
41981
7753
499781
3631
628037
577
701
757
192343
188401
1627
317
21121
175309
817457
1583
881
15919
389
483407
1031
719
17
1327
7283
881
1297
419
953
2957
20327
113
3929
75619
67
11273
2633
59
2371
379
69109
536051
690589
883
275881
557
1061
191
2803
53
4951
5309
1231
159473
3659
313
167
30469
3511
281
7477
12973
11831
182341
10067
593
28643
1201
882907
61
373
6947
31
2663
3137
881
11
82561
131
107
5701
79
977
574031
41113
521
757
20023
17729
97
41
372497
13177
19211
10501
1831
176599
443
7517
19763
443
134677
179
36899
739
263
95881
7727
53
367
307
3539
739
443
580169
367519
133121
41
18859
8941
6367
50591
521
797
503
43543
937379
3499
113
179
199
2447
173
37
811
757
4001
223
151
4159
24889
65179
193
149
4217
1823
4423
2333
54787
79
532439
229
2459
1193
1049
2917
89
31
73
41
218363
3557
761
283487
347
139
109
3109
5
260893
137
57413
267721
33329
832841
35801
223
1913
239
563
971
859
9311
3049
1847
1583
1427
2939
20809
199
3001
19387
246167
75679
198251
677
442837
37799
2309
10771
409
18637
27509
353629
3203
1321
23
86243
167
33113
797
12743
317
1289
1093
277
149059
2753
12899
317
6857
6043
599
565207
479
587
92789
39551
35569
7561
89
43457
8087
307
90971
877
271
181
10891
921919
571
739
179
990589
881
81929
29
237997
879539
43
4877
47
873667
349
35251
331
7879
163483
547
7499
73
929869
425393
251
83
1747
431
1153
3851
2333
883
2153
717803
1511
477439
35083
12119
115769
1031
60779
5531
211
2699
31573
1609
181
2411
103
1979
55579
853
11743
1777
839
117911
29453
5791
105269
397
2459
757
1009
51217
17
753721
23
120767
13
22807
481837
12269
3967
797
812501
38201
7027
137
8599
59
640771
742891
191
587
541
1297
2161
85243
283
73
10429
4967
423461
2777
9281
4363
215909
61403
33623
19
9803
97607
659
27793
4079
1109
52879
65119
18413
1999
251
33179
1747
92489
15473
9547
281
9497
442439
18461
84127
2621
2269
22147
53
2657
61
5351
772441
15427
119299
2357
661
977
27367
3541
115727
26641
619
67
6079
16519
331
45317
3643
9001
653
1741
7573
3109
181
8599
1553
919
146857
2971
11491
11
109
145601
127
41641
128237
733
60763
27271
4549
613427
109
71
269
47
157519
113
18307
1867
359137
401
7927
10909
131
101
227
829
196817
1249
181
307
91499
761
2273
23767
6529
5641
619
37
109
612727
2251
172709
3491
73
13619
8521
163987
6709
3191
373
281
12791
165667
251
3833
5741
113
4663
17257
421
149
78889
2551
3803
89
179
319027
5569
2141
107
163
133831
349