100000
535106
547382
612259
466076
478419
170381
372977
728098
125950
451817
861786
786898
69825
898874
871479
455661
407208
568767
417006
892828
183576
558418
333379
551572
225161
806451
439379
165759
163178
370168
322641
632353
776826
690817
491283
562942
261682
739050
284905
636067
226137
561651
176732
353582
582255
455470
218616
881571
381916
824526
838970
156787
965718
694220
777816
367339
513151
39822
253706
692476
510103
480904
21484
884784
41912
682123
414641
686102
927275
566930
814143
209463
53139
437514
377030
621338
661448
986161
712907
103373
972782
537937
703846
210665
790465
493462
228939
258462
322630
304014
57985
151712
29692
46505
722775
217555
491412
519385
385310
195673
209245
804625
747363
146390
932258
54050
504083
915737
895091
205176
955156
589904
446538
101929
282669
79268
736593
338756
84846
730961
657833
51501
726368
231099
547140
271885
685434
725259
393700
381882
383266
228675
172750
721409
219806
75447
884712
275664
568059
714712
512813
628239
79961
951734
145752
184095
261339
817952
201083
445040
109316
385637
304892
308726
543568
789059
88653
784661
164245
809791
549652
133381
630481
275528
349153
238731
270364
702548
96844
421173
667523
954939
434635
574210
988606
879067
664161
740302
34914
639651
50068
494358
890266
892192
725818
411194
818314
48678
88224
983111
6899
444664
587430
816465
815587
139908
159526
717186
964352
600371
265008
909263
498717
529892
120479
685490
311118
676688
300395
928985
172629
38780
161150
68223
368346
258974
421806
284799
944581
905962
208025
491272
197293
92837
167515
684555
380412
242303
563994
451878
197812
498021
464000
843612
57615
473102
479480
277691
843247
832275
942514
625001
384839
160286
697069
886325
322095
547746
527001
666396
826074
770419
176902
436734
827567
689674
828601
418385
50294
401806
365078
219878
267798
981868
563621
219320
97983
77400
456875
239441
15997
801332
546278
813284
652114
816128
296761
241783
716325
529182
932683
322375
418388
269680
756507
565013
64192
393464
876980
868926
582926
735149
904252
157494
211544
824384
920899
178731
230073
770582
716955
497471
538899
215804
43494
436722
238719
801497
150281
862754
247824
750928
624425
198304
843234
72115
52817
869593
48873
322037
644082
217106
596303
582767
693856
956382
284364
643797
9537
749893
476475
733985
417255
566858
90583
331731
208502
322340
499046
476434
737074
428575
923636
994087
139297
518869
205371
463488
475404
997121
853320
291105
98931
493798
215859
927751
80420
163912
988701
185098
745411
567337
386615
724103
53681
943871
424164
914121
898871
958944
712900
807079
579719
126337
767469
591469
891434
323649
218816
586238
890653
625856
933859
865582
846135
457185
536625
632320
125948
149118
745567
146953
160285
875885
9192
712399
598846
773481
10572
310739
164129
753898
783950
875137
547147
97055
263084
965440
102553
294653
994999
648332
66345
618568
217723
882424
271127
262704
4710
24042
949936
93901
300557
373801
401187
485037
464593
56212
961412
986312
954855
999675
864881
42516
854614
126117
523821
66969
178486
65833
167408
117137
841572
978515
686359
299870
612213
512671
504055
279900
120721
559886
763287
477457
952197
252888
184630
90857
521104
660910
139878
492831
70302
12034
941482
180818
443439
204203
6833
964850
732192
955712
770505
918065
685243
609900
159405
534789
612010
468706
67192
720856
153797
551708
865529
576910
957650
216602
779837
822246
216667
513227
16480
890953
699283
228781
77913
957684
438978
816816
995477
901699
916841
38551
524629
449633
443777
564889
557712
259264
940123
499156
986165
371636
519817
609773
970278
119136
856003
681047
516012
608729
462388
290713
414114
496363
204869
527967
196178
903135
812577
304695
507201
283024
331609
293582
248525
979263
890730
237267
376832
723755
209286
652712
230885
974481
291643
683523
923757
408239
643547
367930
366452
825513
842987
938304
284661
98034
915656
794186
809776
221898
533343
323013
497421
322155
834217
908952
262333
577062
760100
527565
759923
405405
240096
69947
685265
528698
355545
516658
178116
185311
994322
352281
900417
363279
822464
160973
784564
56979
106086
166829
880885
956805
195123
643167
134739
173920
146367
185738
720114
246396
570159
820482
959611
238295
859158
540705
142436
51216
943882
958907
377847
575229
415159
312422
373291
814608
457753
220349
193209
563243
269791
323161
435618
719155
136392
455321
689970
655145
988774
279875
583656
999496
54020
693724
536925
449839
936409
226192
727597
86391
428003
474105
786155
742154
180209
604663
817516
42484
821368
399865
915495
16526
143062
372839
243561
675841
108155
878016
547421
938010
941368
32468
31025
116077
230222
588880
291400
428478
765858
657896
613500
716762
697104
10137
286111
840768
987039
793996
411802
268080
787442
523593
316069
328333
664037
200318
882028
372704
687734
492906
534619
529590
450654
709545
663931
459305
219361
194706
236195
38714
791580
340418
606992
204695
400730
976945
606545
299834
656980
277445
28412
251119
765832
893659
433948
618991
587093
496183
145131
564648
835377
327998
281658
520918
385489
510377
749252
469462
228304
511468
34798
768298
416358
420364
226810
630937
304824
734371
191664
993107
646030
425645
918868
842809
979566
593061
939656
557330
295373
710175
163630
665266
38477
317725
834203
69721
88751
416439
96316
671523
403066
149884
799915
7906
92036
759192
748712
45731
482211
878614
191913
938957
384165
402568
765633
990339
378582
627940
152719
536592
50732
21530
975107
167678
899880
335453
318029
199749
272016
957310
651270
431113
370747
204002
597974
131465
253009
414132
838711
854041
855758
10504
599036
836032
446763
185086
265744
520173
920378
128415
748544
33553
359340
540335
604016
927352
773870
291276
996490
65263
507155
569396
233338
328206
119880
395744
904605
416398
935186
541459
803441
921722
990124
310342
572519
221026
120082
713396
68393
125682
192663
71245
93757
673824
763786
972815
190624
507034
116856
211964
331842
85646
768489
446883
985422
749844
586292
904788
693221
645795
326135
21351
124439
573559
701892
263220
820862
12131
105128
710542
392036
880967
610809
820787
612769
305457
305803
166684
562687
368429
611254
134951
135582
941329
535618
476497
938353
996603
561258
869259
231511
431896
490146
784093
184467
495066
98567
747154
545889
350496
216669
698916
932202
594783
725686
994474
487206
757205
550262
314758
687021
340419
524235
661475
365839
553674
822543
471763
435562
508854
877629
541794
620937
305243
415041
306328
553862
55216
449738
617979
655022
268205
549861
497078
910590
962100
450976
116908
789845
815811
613908
487397
513819
379199
327868
428716
122323
810484
726435
995555
389099
177027
334372
947345
523583
649052
97908
670245
982934
589156
796460
978313
397969
293259
196310
125927
245078
613946
600054
98206
366493
469833
842296
272135
286822
975086
604859
843430
448147
758811
33368
911956
654153
59443
890747
496138
85523
639962
311475
687885
906039
299296
878502
968255
707981
11836
231360
221949
385683
454430
62977
224787
527072
662833
160321
491075
312317
535518
426636
964145
257808
276879
9495
275327
824640
114749
328444
881658
217728
746336
803724
1738
640018
816124
262290
708497
83973
286698
580680
641875
394222
975489
338150
768116
669023
601391
922023
122658
556896
461192
268269
209944
228982
685123
79078
364635
152264
543041
797986
254564
319105
824160
84729
28583
115868
626469
238141
382054
761048
612503
780954
825030
299911
612274
290879
203962
418835
40002
711276
368885
182160
971227
976009
579280
596145
729468
124122
676430
722167
743878
269204
771449
183954
126688
361537
104769
412003
940619
138278
427789
864805
632447
780125
266170
63768
228918
472653
340050
847468
741020
596626
727975
252978
743319
28397
592377
839037
360461
941842
725152
601654
253884
326523
331807
605245
196173
108186
2249
198844
185552
398528
505051
299076
675166
254072
951634
472277
873572
187619
637185
5943
95998
374907
81419
124319
710833
928205
397787
640696
966908
196099
87713
331879
369366
148672
544238
344380
938224
626352
542521
972751
948955
78213
920283
729520
472931
853711
863123
668925
804733
236139
161481
27440
683125
178353
517538
688167
470573
237187
296901
855090
612146
840537
887002
720118
221682
10650
668286
577521
939924
380018
551588
12764
308080
955604
339872
36679
636283
324622
189135
917450
243374
305404
629662
876788
27860
446391
576150
800711
164742
197229
608516
200603
759483
468786
559675
148704
604387
879242
951100
592371
406322
539371
692995
687508
436392
778190
256934
238406
979627
305917
425289
746977
804696
984720
455068
158229
81153
659514
152489
428259
850668
101436
857365
405844
95259
632284
344653
229959
617110
436501
214748
236569
254497
513584
663290
175859
613414
819188
961703
96885
663497
541574
924109
6598
186730
405793
920557
463699
20781
947089
717624
243549
420774
849562
965198
770216
912895
662057
566026
699255
160381
251391
754195
623550
214375
575033
60269
412754
45118
2480
944535
294045
112467
535004
37923
976852
449657
286449
85801
74317
203006
766473
510061
240759
193773
191077
948929
28170
590582
937272
990663
28976
169184
780082
625898
638418
208035
396134
492288
496474
227991
110035
904256
339195
611203
217049
743126
770171
417425
714223
298370
903730
172785
817589
683442
850004
817119
572579
746789
454357
111758
832104
515247
597801
317017
307654
987718
471976
63747
487702
211454
741986
54978
819650
498438
454089
708454
75480
794086
170926
147898
553090
740198
934690
183059
645088
335771
15095
247945
543781
494693
656819
632484
212304
44310
596436
870546
892324
997090
673524
486215
478637
564343
566032
109409
418824
19992
977202
501072
612886
205660
331288
728007
387568
987331
534996
760278
546380
252123
579889
202606
309206
796052
679847
420812
703188
294003
658280
602674
629967
140972
729026
362109
413416
932159
670221
198649
694068
204287
868167
699554
108274
504724
180146
344704
971801
350774
634724
562247
207911
85674
813611
960549
843690
440147
45506
253352
876368
601644
417495
57193
748022
261214
992311
183305
594438
892388
111783
189472
759859
875828
647601
763993
907298
435498
940638
573745
359105
269168
710498
56061
88937
496036
455002
416638
13218
990465
261323
924028
230371
548392
475057
18022
788341
848541
688107
384838
779517
870505
260798
985397
202545
104057
175777
574102
474417
171812
862188
96157
69588
136761
780628
920419
64954
362384
948105
32664
762330
653471
227552
369329
44575
765283
383690
517126
176787
195252
14551
201983
460378
738303
971492
473150
690435
569469
819736
955142
3037
475487
884207
879617
646296
15406
861190
698410
84279
838306
253082
162106
151875
285122
727399
836863
826463
24182
454857
147658
406408
340838
460084
362024
106843
344879
5531
256641
875912
70001
117250
306947
29084
255637
735853
865278
328961
951453
413350
695582
199509
45423
495495
410682
309608
796274
131637
279024
770819
752101
197511
342629
31169
186845
831775
623169
542479
978231
397085
654035
855328
509719
281952
633881
644667
150409
922870
418991
669248
826066
779735
929640
555308
829099
429474
740038
701648
528514
276775
446043
769850
414434
179288
345465
154255
729678
527475
145889
982874
692126
444521
17412
528126
153625
526307
186075
73304
403738
922608
103813
205538
436705
536198
741157
553459
179890
599292
207845
471288
455193
77761
202748
775005
639511
957551
529984
320457
177097
41126
413606
444321
486956
42712
422048
804661
46353
415671
211714
31685
839257
430573
382577
438477
272700
275872
637386
379506
22059
173713
570241
417604
310785
697658
352496
911515
125718
83701
189743
722837
171580
661466
610627
510431
151716
674546
598350
315617
153128
480449
387849
944935
780730
237193
532701
12594
748473
401627
138496
420056
184025
455453
876138
910040
338420
260537
868283
648795
12999
24576
638558
779028
628947
705986
703969
643322
341830
815541
379399
684284
991862
684378
427975
525417
659373
552919
189283
702536
358856
493014
383862
447345
369123
864831
319626
722037
928299
729825
545594
299605
952440
634131
897089
872712
274384
122712
126420
504605
883773
712734
214059
178378
913725
488018
77180
717913
925578
257194
254523
84948
996348
987396
883579
213762
886477
90147
980786
639133
579091
997325
274954
843181
669258
163033
765464
111275
800810
838441
23862
753858
236441
86434
263370
8482
989559
993391
119633
783138
811037
102920
625236
297008
847104
54961
883782
17345
308038
591855
753665
770625
102846
944429
261368
413320
985460
720409
206174
281365
518546
191947
568784
941162
571480
616613
84783
145568
93070
217934
471322
976158
4719
238643
266970
621480
909559
790642
789110
516321
746450
315214
611973
886304
437045
606860
858576
164357
441473
957134
534119
801225
637797
786017
141180
462289
277366
818918
518635
285985
706577
720260
247759
273634
409112
504756
391004
865679
635151
930123
22208
257895
369143
494301
600646
489200
347067
206715
284074
670503
120343
482886
422142
709525
306962
524094
610636
36882
161518
25515
489150
708793
709986
711410
488510
985611
903992
5149
434191
158338
23075
932082
993203
81653
421130
281691
471569
818637
294879
954455
477961
581096
754510
733021
362221
189564
472563
771148
743904
401735
340064
932325
580678
418768
921081
639302
943805
135881
730268
744012
547399
230213
267335
504224
903523
502081
671268
246389
941762
700484
841229
408582
300702
153912
523916
190808
11254
463724
265167
248217
953731
745784
862966
277599
216518
265576
595549
481967
134598
484739
518427
132313
308470
830118
162107
478647
326524
95271
497459
484564
897368
302629
284358
640453
268072
706617
270214
348659
255639
645857
125948
156936
427858
224243
755812
293711
553793
315962
300605
636207
667992
109579
109265
58357
857689
873236
987748
884023
95240
909941
503393
72618
15490
142631
964237
602503
487313
257224
127318
992477
597940
341566
109145
223245
52001
917516
832487
499919
938814
72882
224394
141690
808486
177675
397228
239942
107943
61160
645775
878217
780618
764598
685698
484354
143052
566182
769369
754723
856849
609467
996332
915290
602178
687723
347054
497308
451527
263215
478805
89386
266352
186656
389484
762704
745199
946418
702246
99009
668521
408228
146782
704914
267938
181505
212004
188596
413663
922161
184916
563178
768034
547164
633663
753152
68288
647670
790064
75676
401454
182186
307561
272541
864370
782359
295017
857258
109029
42065
330544
272519
181090
471001
334009
38033
849892
282492
929556
687196
945428
624813
365967
156985
412758
918914
501170
521847
126383
172038
892558
13229
687182
54264
815085
392239
981337
350352
646460
78616
584918
75303
559520
207697
369731
180628
700352
28062
83068
218610
981856
432604
547397
651232
431780
342441
64356
271640
413638
192416
154465
130990
719493
191302
586439
506940
912167
68491
967162
129117
925086
362486
886980
660405
306625
78455
898363
850104
877338
858491
121877
78068
660819
496783
767855
891217
317339
817967
367360
377742
90315
919811
982791
440346
480504
77158
151968
76598
924798
16803
481417
257869
953467
197255
544882
891813
620567
17845
34727
530559
416917
892020
750482
143520
448246
840040
76712
501857
955196
170035
263544
192965
559297
793541
991837
763889
598788
859228
344558
258086
909204
529608
471006
4538
462545
686544
107847
704178
227041
63912
965796
33080
178901
770845
346956
387076
129420
706883
622860
81239
404823
88389
346468
517820
581167
394235
817903
972739
58844
962284
682066
999242
399630
734711
397471
537611
132657
258397
423320
97672
2560
317538
367242
266800
159339
194307
506450
29582
909598
458980
312698
74483
8564
70543
910169
135617
755248
365703
578376
573114
841881
690775
756251
340225
560393
568971
556911
899787
927072
204772
266547
706206
535742
401708
769203
717829
937489
584791
252676
707569
427512
304638
4564
204931
627419
188665
782925
24989
37687
32618
245668
573961
859614
900033
250026
300825
643349
195181
445652
36215
337613
81432
265052
48149
139695
287209
309923
366184
550674
293066
843881
637226
797809
392799
578116
502186
289392
825436
410043
718247
675723
256526
106332
902561
92193
156857
42781
95445
194740
63617
883909
170118
539848
548245
260535
770866
240581
42766
868354
519053
346219
369643
503986
552580
819225
166847
784145
650861
754566
975809
210655
563665
867885
912254
270396
102401
477134
230414
491865
818433
987511
953071
753154
782895
900999
117595
333091
708436
907960
274956
542047
70875
193107
180141
766618
664875
497255
746868
362691
345733
944567
770824
875227
523087
728986
269182
59728
385859
659454
105492
114056
614115
560088
314427
107129
456928
645270
40708
299339
146188
505533
178826
777219
685285
739964
266532
229843
544164
333979
595444
709487
817507
260140
825091
624020
903334
471974
236562
69466
916719
193108
664577
263115
178346
672418
243913
219718
678225
740657
82670
444604
917459
399880
214410
400373
477209
502325
387044
492335
520763
984512
585798
461454
980993
580766
982846
24936
288063
260397
246066
876351
399695
628660
555358
404181
314134
800339
957003
275775
837861
233415
779806
359694
7715
22067
235135
462827
745657
215213
103029
581312
524296
264307
438001
971691
506723
255744
391722
542977
492417
9193
273185
527299
399840
429692
58641
938997
133979
545263
780917
787146
438927
933080
468783
941531
693877
90490
256564
830999
757350
27015
735755
614840
13532
394684
565074
382158
26548
257319
353264
957974
668580
107660
181560
217108
381513
206718
575408
509400
604159
882580
575933
903528
731830
816197
214679
967580
978484
860932
620177
207832
748067
641670
300689
240714
95927
579326
859857
644116
48009
751335
554674
947052
337135
587517
951946
362452
914870
813015
663364
351513
271928
827419
996868
661655
371378
213859
936215
4261
980953
665349
211537
285659
635557
147146
879060
910151
467046
831113
458357
970614
77371
642391
211204
219414
464744
474881
721435
595645
419960
223157
994834
825541
147950
970689
425046
176221
869506
141972
49869
341876
750124
698965
607094
6294
941156
397858
81516
416306
381345
694643
523321
359812
66776
15707
824696
377003
331156
586252
624590
81412
75927
299586
404688
826172
921440
101890
399557
967096
389135
635820
192384
715420
530888
415210
682647
664641
792574
449911
327566
932072
395500
440016
694362
496824
759806
205360
189807
735128
319439
665620
192689
608717
18403
608567
585906
796078
932513
96450
211248
563526
610705
368212
568369
426499
524987
380676
623472
867911
185487
916939
871535
938357
226296
805546
785950
5032
737249
291913
431288
294772
989912
660317
932697
685445
677178
743346
135282
460395
361281
49613
253901
462126
829990
975825
943422
729145
410304
421135
664308
466518
701421
868625
368176
268297
708805
38125
165692
489409
519103
862041
234665
903179
762663
507778
492648
341388
574307
500755
71029
154385
993377
330253
822606
621538
964322
248598
851637
637512
622129
762153
841534
493487
296946
554604
369546
669494
766273
914787
693645
441847
498612
792851
705775
864385
759357
176091
900678
238886
629672
944613
2477
482491
200696
792868
157570
584134
117377
499750
27740
118992
317634
77868
612411
863183
99616
650690
802507
151092
976927
509591
529391
879595
713050
704198
549901
236254
896536
856909
254717
424697
258029
486191
603262
99524
779442
924259
830812
501295
755423
634348
929266
35246
363656
509165
224856
532155
149062
632901
312891
702345
162717
721028
793777
958712
627869
231217
929902
259005
131084
663992
779197
959430
800084
646344
585176
751064
91239
201608
844123
598923
226641
794153
152488
967974
511623
16426
373209
870508
200526
457350
979608
268087
891879
441537
589208
842980
855194
126341
303660
47055
960366
888370
426613
431077
826124
208495
60212
942561
629660
29239
862802
617575
119455
451163
763932
413331
608968
554377
789516
89618
905220
802275
415277
839151
26819
592037
187550
649490
595613
498051
861710
165360
56187
788018
787981
945369
109522
856139
210701
938992
192234
9421
336261
784019
994123
589995
327413
791731
363339
963015
551597
876843
384403
603847
230027
49714
765204
116801
92828
816083
62212
791636
767491
330824
437568
21362
461183
306053
317957
899300
922690
730163
220787
700526
162040
375736
456911
227363
516820
437771
713151
390427
960450
356846
963076
715984
6790
152703
501476
212643
615303
485595
705170
602962
564097
763503
211216
886264
506516
978010
545571
128406
469509
75499
611562
725936
937290
79255
952306
750616
242247
119451
242096
753339
829627
780605
989707
436374
746704
531143
540066
265484
732431
139947
459436
981593
293188
488657
261460
591644
790756
720671
562277
98415
919448
460156
134400
931235
709119
669058
534365
901486
715868
186693
11622
571405
771964
229575
971136
830450
832380
754638
151818
774830
891930
833871
932580
10652
12254
452225
29330
169884
216503
744145
183567
35636
144995
761294
897603
524732
662621
702258
66433
94363
256117
208574
79128
778880
519932
855451
181727
603643
11129
164178
438495
123115
679026
271781
168295
422060
52353
751745
626215
357202
462199
167391
464153
834845
327683
671602
689696
768538
802919
746277
257599
65984
779528
819268
971989
176687
849387
442433
530941
773205
765955
930268
280500
432362
341298
875829
413124
658977
40175
331106
66497
807145
584969
725536
715455
654374
90838
838476
341661
936316
57234
286591
991887
508388
484119
370758
64949
467012
160940
70314
52859
319251
732678
743029
340100
898875
198456
813596
466923
853065
166236
69368
440733
309131
547257
764654
537271
20694
802541
918601
541201
130643
607283
834947
871519
290549
291953
653610
646547
394030
33317
658827
404208
728780
574228
585727
201704
904544
567044
295079
181393
317754
957972
316237
980297
113347
265700
18800
885315
41887
200295
497174
262421
569286
922337
146626
673468
561246
462734
144453
48715
163632
190999
711459
127422
157828
793235
623078
20973
53832
486110
723456
890371
891580
849080
187782
468856
776557
125610
490828
358313
971521
980850
535920
897891
88806
37334
806615
84036
705910
161036
529700
987090
368105
53751
31251
210916
343277
799539
143656
735635
815682
783231
64276
798618
655621
670036
153251
112183
752879
620406
837335
965792
194450
501370
663365
200433
133475
425733
57554
638088
434000
679117
299797
428535
804710
8787
941475
212761
463554
43791
704430
305147
804265
390089
546781
55940
199840
735008
340276
303335
456679
727593
815348
695703
260617
704353
286040
228275
449455
197943
890284
713295
161600
177894
923573
144254
925309
915309
198070
938667
974860
884403
176095
230081
926345
716700
837775
543761
322493
552896
368837
10601
166828
213300
75382
415010
965826
807150
953549
832851
147762
88405
440087
961795
937958
606570
706499
577921
569568
190605
276787
159433
788381
694112
771583
429489
893177
818228
338568
78592
975153
739846
249405
928488
482644
524648
592090
623358
195203
586305
977922
925478
354876
58763
90795
631185
994483
189598
189622
909985
54570
335057
482177
490234
287533
973975
643943
767812
354050
891682
878274
364842
481569
764008
183891
16414
60301
544355
727137
487296
861306
239394
803817
878086
637362
641717
270123
357459
126249
77920
255459
731472
481079
164875
882788
247800
761570
333738
762336
728522
205414
68364
813119
200706
641727
67909
594476
214686
763589
911316
253599
921008
187311
873774
645565
760418
370905
618513
839726
600901
245340
179508
409206
265884
407201
415165
508875
345825
509207
841242
412609
8873
189955
409992
413209
753334
748905
352210
240935
991862
822287
48351
373895
320962
943920
246852
833482
493253
210810
30525
602521
274812
360470
480538
48784
935150
121520
794319
266367
16096
264597
815790
51287
250267
918983
590161
686783
303937
922147
206874
576011
192918
765800
225947
342425
946169
610965
479204
957152
802152
942615
264590
376382
642835
788988
402207
896976
302527
688102
13645
764171
64595
722766
349477
338516
52457
243394
128052
566524
287478
81054
586313
828821
236675
12940
551909
30405
954651
467704
398307
796339
357421
827741
935957
213322
423544
939871
820521
816403
741683
258535
130881
714317
902713
760757
940992
114282
682707
77783
744659
260737
59332
307917
599807
509936
794139
967630
723646
935867
712851
954330
860249
385109
526790
47671
507228
161132
129508
727664
392711
230122
78706
310628
216110
834740
841295
21536
18449
340207
471987
218658
652009
740402
968656
494580
42634
441003
480677
321441
121848
568385
931686
822201
892924
517388
911353
808221
880899
474133
444386
65842
133114
276666
937253
393549
59203
997446
780503
482319
727729
322827
75059
806828
882788
206716
72756
428535
574378
450610
49798
800958
242981
236035
186833
116596
959476
5089
97759
652308
596783
319239
586879
590186
917371
452610
133567
114159
762007
899821
907448
518073
760934
387440
170174
912645
212201
147389
262050
753402
507705
423845
23258
565059
828455
299461
237503
804854
615593
204028
865926
636332
523226
678822
105190
725676
644441
475650
862313
73571
130238
836001
846364
5662
901726
922238
350992
995171
393211
973789
838413
368902
777209
7955
891917
410450
461793
238141
374123
811042
519382
17153
946395
870779
211048
364490
944020
4981
791353
20313
924420
418509
136046
660117
206490
88145
51177
116829
80090
173558
570291
488305
664590
87544
882272
620213
990316
991563
184863
189337
188473
411694
949138
677118
708700
569405
225810
915499
224556
240971
19973
87676
917272
55615
587949
144809
305387
279758
103131
961241
890274
459371
305946
799947
782878
537096
902066
831248
571342
237942
869517
201399
886083
51721
266414
97294
741954
43173
568455
58407
143591
645644
500887
714114
126905
721645
139871
666034
320273
460379
44341
535939
400079
237575
509816
52459
673818
92719
398244
966804
154756
244727
339225
141221
832013
181256
706237
199271
260458
411292
58227
539950
51396
992307
891839
953290
441730
934181
115763
880903
667597
104682
529362
835438
524557
122937
622645
506150
423681
479753
696225
714732
562615
282527
184905
648966
347457
90244
518347
443958
305426
300911
117746
858631
431263
115850
873852
409399
353269
423603
514906
728189
847574
287266
318328
107428
621927
455656
65583
808027
765835
535984
917417
568245
773715
156454
515736
878399
576004
353463
881540
249419
450968
396148
191415
440126
812223
656299
459786
187230
441425
225860
56320
935942
951140
477163
312759
369768
683974
851344
429199
637553
987996
121769
516428
600723
178405
961820
696194
910568
86958
637281
688089
436634
622326
29782
876313
569052
835926
391174
143742
702871
153318
376294
754686
245082
655813
348235
218251
519912
589155
606804
625512
372792
113257
342786
818164
270689
649609
62076
790024
724872
704990
116031
339987
479013
825004
400919
524644
617683
659152
886196
725435
162261
431458
982441
243795
546595
823467
435836
435376
472589
819696
699485
411750
889886
924016
188055
356023
856415
545399
7418
856891
231070
341697
443134
454061
136712
208467
514386
846486
664020
680753
469533
319487
182813
205186
868884
692733
58109
170664
783396
107720
595216
571988
994725
902492
737260
388201
827884
170096
265301
572577
98752
129886
283230
424471
781958
359410
509428
242238
568006
112679
48193
926591
575909
974524
936893
953343
472436
782043
22496
827117
320198
318183
874410
170141
748867
103541
533111
631567
920307
755213
624032
580859
260865
647768
113302
71510
833097
134127
140287
399316
438293
240320
929349
540285
196835
645860
78178
249558
872340
101798
638501
670904
884006
105323
792358
123214
660601
723177
765512
224731
885165
83422
33875
720689
470146
809487
724296
449148
994987
57073
817385
888468
45222
312930
577474
228473
221916
489716
879376
275303
810984
147050
938917
362142
379432
275494
393984
599822
43628
464231
586582
40713
48218
926489
255234
267231
970804
420801
613522
269764
18008
960302
803495
907556
622652
100251
139607
732624
451182
248231
777444
625039
339616
124049
129710
962893
285375
139798
310685
238332
747626
126546
23647
733235
226480
505289
27200
43730
348816
734768
566142
984436
840200
482651
24104
835104
964860
166246
98610
88397
92830
498263
675369
151817
234360
341365
717204
255430
613550
665543
724617
704930
657340
997759
343301
979513
51421
969263
98283
721895
206283
28463
985617
786955
658274
70241
445063
79353
782810
369235
961765
914357
408483
765907
40535
302039
179429
285460
91832
169914
649306
782889
980408
996521
899096
275852
555914
615381
374793
30087
736438
341098
883942
76827
413426
169641
915133
97453
118468
940768
454970
47167
34875
916005
51692
733486
175136
524625
901826
510792
318737
82063
642752
630873
130112
449458
211880
548629
377746
244056
653140
646072
156877
610192
755433
767906
896768
873068
657053
858308
623219
781435
773772
900132
323123
517410
628828
741425
879649
326345
510888
249999
42934
200874
245185
776181
116115
356671
838013
935886
762362
878856
960671
579799
621067
151384
700721
809385
247276
311734
539948
416873
726776
725535
913696
368019
640733
51472
942164
292281
401149
782298
161530
123690
729888
116883
410198
760080
101953
521657
791579
600924
606433
391821
712002
208003
777962
253364
939190
99058
421646
78051
773772
381019
332299
37694
688473
351903
983155
197120
476732
744657
429676
904205
311507
108981
717691
20285
246406
131250
505847
713008
183472
740564
436036
592469
719114
875131
96938
807012
380194
363737
792537
474903
306917
449656
744882
994062
647573
173092
233997
22574
253828
611933
688134
622206
442619
907619
381670
713299
283577
280372
424038
438210
136067
560923
754036
542995
736097
448988
755834
845177
221250
212389
880551
709242
164086
949487
488710
926171
446825
253241
148460
859243
770331
642738
487982
711124
467447
15734
859765
268046
440060
424132
687050
628598
993504
768047
517724
785947
279577
70456
824563
962122
893304
437073
822190
37589
168496
428023
774113
896252
811333
77380
235200
970859
669947
20610
556259
745915
449776
413615
320086
94680
288916
892049
759595
729127
528641
792880
831177
196198
577187
853822
717182
457531
25886
935864
670154
828131
27774
959771
950966
703138
282231
334934
854702
742503
227113
214870
687845
10214
983475
956008
864680
132719
770258
300871
644936
465384
885746
694857
517768
667353
719926
289155
277398
720457
619316
488742
66295
329010
77685
546056
433461
375576
70374
849520
67140
587400
380857
600624
339194
417151
253821
45430
37373
988117
228093
419026
915017
571496
479442
294824
229219
586062
377009
622556
259939
650946
286255
154997
345585
998377
40778
434082
1433
828530
754821
228723
244171
982447
943044
646199
244423
568192
624057
89939
383098
619362
122517
170671
435098
255962
547793
625924
119677
675324
566430
965390
454410
726586
5845
623483
377414
573227
447864
953688
880430
503117
987216
614154
274562
594621
626701
492596
292112
58233
187082
203595
957264
533588
882744
709259
749251
699892
939802
659346
529177
514895
82559
129938
631663
502252
152389
102547
299901
326545
407359
795967
268829
852300
116378
490570
63951
757370
216392
82265
407597
102519
498965
430716
104829
573026
750201
240347
234146
372991
548951
149032
457527
460179
695505
314495
983216
571354
476143
242656
293215
465911
708539
675806
901251
922577
776316
100931
153694
5616
378554
971580
617512
754308
997225
938910
733505
777155
62378
748741
407732
337539
782061
79240
979950
450044
910828
26275
976370
65432
380908
18033
518347
221295
528274
673310
38616
140273
121009
928096
84693
488743
29359
109186
986365
490198
901277
352539
541874
604175
852583
618210
468496
107043
64487
219960
264831
733109
120646
172495
197716
720076
14689
81586
244024
175419
495221
672815
471949
177
13074
859207
251872
512897
570609
278566
556216
636758
734744
169050
441760
114466
418591
354203
864992
360639
268950
430555
173908
137899
897740
809491
958555
886795
478015
343967
379087
575437
379971
660639
237006
886419
419286
505617
317882
805922
661955
284244
311726
845223
553661
590674
39892
60554
213111
130318
350245
653962
965725
139491
27385
66796
103378
293495
885221
609007
171072
635183
735434
775659
827626
780406
436644
513877
64787
413139
328636
662385
212526
594603
407490
722283
210339
291749
795750
775455
389034
758956
839456
593175
306763
88753
170858
202888
183396
898839
979598
433860
171189
218279
945146
238829
758193
1269
212059
951855
63623
473554
455641
355018
684153
725887
292017
618359
378120
605139
2938
14214
920608
84436
292376
423673
828911
8786
988064
544750
568846
273424
663979
166439
311798
605598
191901
181543
57186
97481
972612
481550
941958
241714
740641
832353
125342
208723
565426
989296
11785
95
523604
904877
683762
751447
180955
648732
885130
575042
524048
734380
171718
6867
43005
895838
839212
517
992330
134093
668301
639409
417258
387033
359941
247262
738317
855569
319847
668562
89808
191181
726510
536499
170351
92683
688136
524751
362320
740239
128950
93098
307799
432500
270122
9423
34569
957190
665841
651361
451029
924218
482025
183099
151491
392159
16336
851717
720358
563251
995624
430333
734858
728531
372027
434925
840292
817524
690868
724546
869452
265793
347499
683906
21543
528454
11448
90621
136130
361492
196237
297525
218344
442589
977315
946333
963441
121688
806387
696149
778031
55891
837735
394531
314376
734386
674181
394600
334070
463477
834702
747135
272095
638507
22254
367664
242174
120142
615204
36048
985948
32280
534732
107368
340459
516676
883197
880393
454268
23044
132306
483362
55229
705514
760567
41383
272384
616109
734065
486609
161353
654
232919
748595
927483
513074
727796
164601
679179
476226
155864
811568
367194
734569
747795
4977
252974
535517
396806
663109
753962
415708
865462
507506
16309
183041
241060
998559
570418
263551
275193
860932
636566
417404
918407
40021
421356
36216
884143
887021
544339
649302
96941
799424
552045
550044
772406
357184
81023
31182
773229
193467
472637
321686
310518
444664
721880
675606
573757
187147
955136
606638
325181
988864
123074
152938
228805
506076
227339
910707
730171
266700
111768
878609
144242
102391
477369
24711
990523
398366
720615
782498
54120
325312
780240
378171
230482
735853
984455
903367
937830
547303
676134
733717
981319
782285
888653
18299
674836
991294
455454
887650
547826
972449
216301
651281
807057
130730
699112
397432
973081
731743
838222
169378
485490
540657
571879
687205
319098
275422
28499
265209
439862
768051
856405
446530
982673
83302
845012
759245
308530
308583
292170
201151
52184
409620
268727
761121
726695
647575
182362
824788
130809
11293
328511
903772
578104
733950
187480
306323
975501
442880
144197
711665
223925
704011
163622
472226
642833
483928
300471
712272
551226
503061
380697
33510
254238
362243
950487
421050
713240
17662
90404
529729
445192
756918
937224
400326
940649
346997
493015
200967
223502
153836
544890
408274
707357
757892
699061
306267
956977
350403
965528
949534
92688
479581
250901
156612
131725
290901
624017
385740
596610
476776
504005
532448
750562
145459
429628
203577
192597
98552
777815
428006
340145
32732
937291
273492
826172
685361
692229
371965
97467
853755
976137
263887
720828
340704
201634
957868
802854
243691
843852
108355
344830
278854
264164
185134
986242
775097
978454
37990
560236
625314
901936
749721
668519
229796
909981
180070
417807
376111
436187
74849
910182
322880
986099
640510
392573
298220
705282
957955
807453
76204
23442
598423
79193
351887
855275
591821
826754
645772
399478
25750
57207
726779
341565
474798
663673
269541
794844
723718
265136
429363
464868
193488
554564
209480
683657
193637
186026
261467
377442
660835
477490
265332
659871
702693
111102
950095
259792
241936
125495
103130
837004
528069
929025
953181
952244
605914
558218
75333
437068
174576
903324
686645
549267
734574
417707
849764
722271
459843
992175
429481
910131
788533
714999
941421
255445
786882
473061
807117
552869
548449
128896
684702
283655
366202
284925
582646
418498
232166
182491
104698
67108
180942
330287
876403
95293
767180
504028
894067
196041
239458
633448
798428
763759
277098
431026
168748
901842
910742
502654
840800
258211
382008
336342
898623
398750
590951
437145
521770
537789
64735
196562
942379
374177
973548
660812
834090
574215
512901
461990
567383
32005
738252
363686
381349
241498
331837
133532
600313
82310
655784
706834
761434
442996
268997
9773
903351
726283
667858
911627
874313
340042
940067
724556
402387
647000
795294
128473
441939
847868
133504
814937
303330
761426
611259
453969
928497
135647
36269
262031
823839
748393
379485
571344
551962
752233
274931
180822
93170
323800
52919
167098
33319
356982
789017
182148
475736
25088
196214
19366
856813
266494
838520
271757
42922
901198
777164
261454
144786
720257
655050
95352
372052
453350
566128
550956
292499
954514
517134
112098
546244
712013
90380
862751
504559
415062
947258
418473
258617
154181
830183
528240
559654
395386
431455
650129
538172
409910
384620
180809
948461
806549
426316
327776
40467
951428
46072
539226
795140
561221
976104
200208
648042
79415
406150
219190
899613
748545
231454
257005
347487
243665
456593
751298
5433
417593
909595
883510
402380
512249
197396
313438
330857
894732
343712
162954
521214
466970
280961
991203
180549
107438
853029
60611
890414
676729
339764
81644
662399
866346
176178
445946
584271
918147
915427
444041
502275
585027
130128
88497
382863
582651
352008
366189
147146
564134
816758
874704
635614
60173
908415
87264
286799
430423
207353
730301
887341
973760
445864
170767
247444
375105
462732
228827
325622
583290
591081
787764
966743
71038
34821
803622
363234
626737
437370
341507
232559
415944
781284
212191
583584
25702
873934
669413
450353
172317
383146
755701
914278
77752
845909
417168
863265
734301
893478
929767
785344
212513
311410
752517
252179
539647
704360
500918
787372
215875
340768
534111
194358
470805
361662
889045
801811
128012
354732
807555
222562
255781
987290
692405
433223
237416
651417
521574
328958
338759
202404
244375
325401
338320
926769
920959
376340
400166
935032
112565
418120
548888
528747
615376
290847
45855
984077
962447
66671
629618
764440
653688
624343
455398
271814
827350
922022
769111
774508
72551
958985
414970
441953
326063
912085
656248
112057
403278
69102
736056
567706
275838
545090
121472
455724
449640
326832
505550
611835
443449
776999
765098
771588
273162
558533
509697
46168
759491
616166
328348
267357
250172
465765
116190
385820
352404
942019
201716
23628
51072
766879
468553
641982
518864
68814
641140
378916
251919
905536
231255
931199
486249
411159
210926
226885
762626
353059
331011
289218
23095
223951
600222
836894
7124
256132
260731
628774
233581
920215
957873
379272
528000
347200
329556
204189
411620
525237
899667
83544
524305
537017
140706
560837
668631
119
707653
588873
316696
605742
313352
306535
79881
373610
162944
317101
931188
859532
477380
93713
117494
761798
680595
404689
359786
831617
57403
913606
107456
235900
929215
122781
212195
286220
617272
903580
575178
109095
180240
578575
944417
317267
212708
580663
750954
988057
764004
124172
681227
217860
532685
567973
424880
714272
314693
167867
780325
193602
236829
442362
854308
582777
416761
605016
655670
522944
269865
364010
527389
427728
400020
936031
346254
693450
421440
374302
377051
513664
122827
286858
967639
835992
48974
238542
398059
154278
107279
104504
5763
992513
970207
169339
227518
247280
349033
398409
264747
567726
776845
30192
107082
481900
447781
147933
60371
711889
850597
67926
726496
65284
894678
650277
710144
153675
312534
519430
505922
449735
132521
871313
85597
390915
646503
863610
918867
218882
929055
191571
578436
246656
383496
369117
251187
270119
929864
816367
918990
629844
717847
589685
172930
668437
980126
530304
531927
366259
578160
837294
669855
828729
169826
74346
279087
646872
646457
915496
764758
180221
52459
608466
101779
897700
799026
935367
998314
912960
603379
987711
799673
573255
24686
119355
328958
985996
388504
685918
117169
366676
422102
937248
648912
14489
18954
233069
875086
605938
396623
678920
777108
853319
805768
643356
138947
655816
395948
860136
77099
697775
458645
896078
983693
224789
422268
245246
127334
21939
868367
88480
746261
849323
112001
251329
645538
296880
681718
646119
143626
432519
109075
629185
800605
724982
672447
104035
583416
105508
975253
517556
169158
819347
17162
181931
303615
340378
36276
750307
122965
562764
399149
466397
726519
710992
398178
28449
669616
889965
294001
422951
923769
85753
862226
655262
800636
593492
482313
99404
685054
858995
955176
615410
249192
408379
168138
845274
181283
834341
394896
834051
305119
205280
774090
11225
266197
504321
800007
856383
867545
887310
784812
912603
221122
998251
181635
903682
816539
955912
936216
965815
823905
835470
631059
806415
633987
9374
986643
166006
609091
128456
47584
54293
401365
728480
896400
226186
119274
457455
930722
210924
87950
183543
964969
756421
498052
949927
802273
47860
244912
100580
912823
349486
936755
188700
254907
122589
883229
618024
871112
443472
345716
924014
948627
406361
314698
326588
235580
853670
835676
304007
674758
503616
302509
909797
591460
489727
507232
162063
518056
945107
810583
911050
850797
154987
418619
318245
620169
290049
115756
122232
421599
181705
255100
137201
98961
108754
303348
380271
662512
412669
126329
434512
837843
207671
508269
541230
641539
623290
22179
703118
534764
827710
546087
817185
169306
915170
852464
679702
386667
583616
180487
595034
283069
588816
6302
32519
312760
569811
52920
326664
891707
6753
452602
775175
237602
242902
27441
407510
443327
453022
844763
725598
770490
337916
432302
830645
41943
643306
379907
498033
152881
324475
913954
395283
489897
605856
166120
352102
434822
359240
470417
929407
330159
588890
880747
539531
992420
843845
756920
473919
176594
738283
416366
392933
946121
381567
964921
277633
221424
769338
254668
458567
102479
512243
775497
697769
707485
790202
444814
268124
429167
886122
668994
116331
674670
442171
270974
721917
678925
27740
936395
482304
147716
487678
368449
449942
111533
697272
459312
576321
731400
403435
560839
184436
58709
33156
887079
998640
135410
421688
518362
585243
376013
205652
662432
968481
90159
759148
710429
522666
783341
482328
217850
378589
237558
546703
415560
70396
585909
10218
453785
453240
891398
729666
477788
754202
164595
642077
125914
166582
275423
879070
430885
803000
902054
709500
970272
510991
174967
60469
445317
351315
117137
77851
310184
482882
457987
362873
291717
513027
13656
675514
111689
300208
265549
553921
310045
959179
64439
296942
883988
329183
725350
847553
147403
421659
507958
753453
404562
790262
299756
278890
678316
984343
415143
337264
890368
326879
60
999886
401856
411795
425164
301547
329134
394870
867530
401402
75548
989469
300005
152275
245502
778762
687952
684506
269073
500252
689319
981469
438328
290297
367123
335002
627346
539788
543723
102528
504975
853901
727774
98506
975859
199585
407763
254086
189168
331621
572624
531682
495947
90050
391787
497547
602927
484300
229414
515291
842132
400752
699827
414839
81953
541569
902100
652685
691225
276222
289479
875498
445294
671350
289210
464305
481702
320537
354275
59150
713436
233148
927015
91761
638609
813279
911957
59732
317685
605537
517840
3611
271668
440261
893381
25266
620029
479853
880236
505332
427485
500633
393936
610888
33896
31326
272643
803878
500346
94547
353421
290190
420708
904390
207848
467562
307191
485121
453542
727030
823817
272032
12178
902078
911285
45487
959371
30053
394075
113253
441423
645470
452193
958310
382614
978808
282920
273517
926055
293077
580737
160215
670837
701989
959822
15810
627960
698176
12832
575814
404415
858466
526568
473496
174143
708047
305839
904259
888397
820359
480274
442711
290334
305168
522345
731295
660901
657722
416883
79238
187339
721305
998951
22008
123013
220749
604069
660074
536954
168852
465492
995861
492697
982496
151268
571563
829861
179275
47446
216141
362069
453376
771934
614614
407751
584043
86549
888607
361270
784004
252084
839577
69654
871351
537903
946877
552790
671755
341652
658001
13471
392365
730313
553485
916665
999193
244333
81472
518831
338852
590542
539065
807528
584514
34824
37099
235190
128143
921197
697255
71201
6066
469091
491552
112138
328713
991032
501974
156907
166655
463339
536203
985849
504431
553309
822522
714963
965871
314903
483385
423974
780183
226311
670126
352143
685127
493917
599134
592399
240854
823154
363135
576364
209831
963083
425630
387700
192905
681298
602913
723839
982680
330473
636503
776496
790292
693048
50858
209241
369991
481233
455599
610646
468668
950072
68726
249987
31289
840986
653155
161642
53072
587318
169904
123534
747268
429499
992344
12036
23059
36840
859378
148510
923401
81863
6724
121340
939974
547658
581266
921597
376142
5386
964332
989904
7751
416316
408715
464289
501057
111522
804422
758631
830615
880038
737678
566357
183967
989725
871898
843276
174076
450841
724863
575874
559862
907900
851925
263460
178921
793219
415517
765941
406917
109514
842535
926962
890303
583506
310445
362827
890127
477842
143773
368961
743030
618629
359782
998806
34987
448990
907749
709338
488335
744526
118164
194463
886543
686240
468328
255176
429836
373418
443460
795894
673978
286692
85538
825398
496636
185669
294596
98668
623901
584304
162240
287735
969965
377060
383678
777288
786494
243616
999117
975834
77870
104813
414745
102375
632995
948173
800647
542665
474725
191254
169038
795397
697887
827608
126798
472697
630547
55264
520722
146911
858017
571568
692069
995870
558960
825579
252543
164943
904692
525443
714393
427202
926226
192386
988847
703108
797338
340908
245190
969088
940490
205960
244535
32466
845534
351681
606528
175493
43810
132527
979456
709280
663516
345606
90677
654651
517688
217648
859724
636830
89784
632296
42921
681641
571916
474446
395048
797105
264365
672535
684316
138851
377527
37422
373025
845631
337086
560875
526066
830866
124109
655678
449706
257767
797371
242200
481575
634478
565952
623862
210917
252336
342616
720435
999860
255756
272249
623072
369867
44514
923206
511999
605742
298085
359634
843288
936375
754642
498247
961917
730309
937666
541590
969232
230148
845200
172241
201919
712222
33078
441654
696540
418254
809861
572522
138342
494891
92228
274229
481660
986294
380936
172327
367112
574982
919856
236380
129434
14740
793754
41841
756713
974026
23482
605285
187403
870767
384144
984125
277574
120867
492478
370683
49457
99891
140280
350081
87731
79693
950035
110324
8164
646812
372094
424348
986365
660877
707226
345875
775972
776286
982101
784015
950077
592606
427136
748647
251211
935281
20682
267215
215939
109768
10881
285600
679502
36633
854632
327939
785750
362705
338698
687055
41160
568220
588449
797194
369181
847507
691535
515306
297459
784750
893309
901457
731047
635294
893633
372886
167836
437959
43829
973163
404295
235307
521859
702573
108310
662634
649838
102018
842163
847479
429432
840278
81598
928078
876949
175357
270160
113083
888581
262185
535867
483410
51034
392653
541293
820221
814908
363553
695115
866252
309900
924630
18953
855157
919186
688430
726573
738970
29889
608379
907285
537500
743609
923552
676110
562363
672829
147147
600875
968855
974583
496094
417806
362092
78328
584834
68702
846979
102021
170415
505862
584626
602142
638414
140250
531453
264062
613701
903604
319340
495137
267462
583371
623768
921410
267245
573693
424273
152020
438530
663917
787305
190192
243470
119967
249759
221420
156763
547992
791994
346638
396662
326284
568125
756593
693982
721355
556255
193609
381660
819354
527562
142166
207481
581568
157528
514451
535563
316564
755107
144703
263093
519072
967115
678716
408505
534683
457195
378850
883346
792940
579393
54904
807043
465760
787016
521080
614926
865704
745119
774961
577249
323607
637788
998655
158113
256761
432124
410834
634067
815736
693126
954405
520333
834857
859281
199060
378298
818517
996380
853089
327202
530725
217244
780142
958858
529453
544592
517139
190364
538830
662229
470433
602765
533910
121659
182300
515422
641168
481005
503943
502067
121248
278145
85565
574618
16934
797291
978536
894729
923884
978342
238631
279134
189782
349727
611912
31295
329259
932532
176651
35554
934676
481755
576253
556420
744002
97274
498697
464968
973262
142824
607117
727851
866610
163622
574785
263973
834384
770716
707174
802543
104547
227621
219400
68925
546572
499748
597405
765048
977127
269931
72327
158592
158329
304310
935094
206153
927919
469358
952239
371375
58095
635438
962761
293481
668932
834762
861733
95058
569987
324220
39591
199425
462752
789090
805341
321964
129304
269889
502052
550948
23522
787433
718674
258784
520455
74744
194378
268551
154336
709878
110097
675066
930973
991960
896290
252550
24413
563430
425696
676210
874135
566542
691413
963962
849180
676460
433289
858720
933853
890262
626433
288503
117686
815430
857751
635268
156264
175571
318488
349582
947263
668231
905587
150191
428365
328474
834333
439275
524245
583734
137059
331427
895432
118921
664558
939820
858363
825407
239936
8198
49080
862259
909634
755048
849569
14819
276071
173030
767320
516135
802803
997939
870585
229635
412651
16280
817983
668136
399907
458070
466201
934144
695503
706093
273568
242133
110112
83736
238942
318396
317417
447527
198142
616274
370285
32488
711531
268640
29261
662932
511946
962115
321507
359797
896187
876840
436390
839941
672320
148088
849780
675181
890003
171357
304606
484531
936136
967188
893416
871456
335789
724762
944397
949659
899608
315112
341562
551973
105656
367937
519923
518260
472488
688033
813234
900475
322905
580895
108642
249281
690498
556606
243235
708964
383160
722474
752621
246629
119478
668682
463836
233771
694565
505221
409228
282207
89841
501984
503685
357367
446050
887782
616375
584538
383654
282905
185601
961168
858347
681177
910452
289163
288010
343691
374255
194383
208150
282929
980533
121879
352061
475494
259228
29758
583092
619764
405880
634792
536324
601597
64307
465411
614721
96689
926222
614884
560564
375519
704137
668519
586386
208959
404964
438954
161494
579555
581155
201203
808179
790673
641026
410397
337006
320348
527944
444849
795494
495717
144206
450603
279157
271200
643646
596330
140801
604054
984890
299005
297204
344435
910647
497601
393435
950533
593009
416661
148662
973060
324705
81759
488107
794331
937641
936001
594164
367542
843790
44573
106313
628470
112122
862895
542344
360631
397090
205962
16361
585998
845110
842151
118237
499263
126358
175935
693145
78582
919753
197815
999558
128362
410461
743379
632486
104519
965287
747479
740345
655138
985723
418315
469362
615478
140742
684868
590046
107961
31685
884465
105525
721097
917764
229947
36013
588820
715409
79777
82426
815401
801466
948236
988900
181903
402404
331477
424317
116032
599164
405363
137827
482128
92106
744671
864610
410815
928446
376292
739490
552980
805209
231166
749534
54781
703694
824595
805708
87346
444943
743867
551977
569138
703089
234001
454572
548380
535911
6447
392395
335349
382385
995336
573564
584731
746546
529074
656216
702840
429053
919212
558343
383425
852119
783723
185413
840311
417254
516395
961252
774792
992158
690930
73035
33976
44260
656245
303229
810833
114524
289879
408595
563638
229784
827694
900836
848270
925080
125238
860468
305639
278686
584584
252725
947150
39028
103006
747899
275439
300197
918724
747439
89751
324578
782907
193442
508322
305787
435139
259987
528200
762165
886126
76709
415706
100826
299269
779016
635121
671461
964873
194940
343066
550573
947684
767742
288868
674562
532839
104770
575606
524492
163784
88047
991674
682600
859981
94210
394353
150951
809649
582909
89312
232855
433947
603235
557668
789806
522159
372577
48610
783641
729965
946619
340901
282089
330683
997762
918793
506785
384390
52515
88428
404216
454866
255683
305055
740980
408150
92335
814855
747556
597110
23110
211088
125675
927818
738437
16137
982987
308759
672119
415227
387572
486315
744261
745943
143412
256519
345682
273111
248338
150341
74537
561350
684243
587247
875996
520221
620821
736014
181441
4639
891337
295143
297459
494108
537646
537562
938711
413706
68444
773103
457982
466190
734373
963086
531331
173608
309419
469697
295648
590603
777984
107738
221817
279235
525706
366826
12229
873212
109940
345693
933092
57300
501361
559250
965553
236766
807593
96164
263575
173702
208581
246372
922453
366205
268078
91439
3258
13512
794445
566846
233807
103432
861855
473523
310283
934797
349371
899868
752850
656700
241165
778598
876427
778297
809623
640382
120833
686047
359467
919417
651256
698579
355297
579410
254354
814799
976179
794184
319719
55936
182308
189616
571350
658350
722423
614306
197379
90227
281496
298483
889590
887853
973329
207573
597567
30981
536297
254402
951717
31088
140981
491766
876067
128372
750290
889279
965152
187076
77203
702143
928482
181644
13467
693037
791990
618263
207837
201283
911678
932321
221539
590696
196641
770098
603665
53451
538110
683341
257940
700964
953997
372307
307725
448808
530867
564882
626143
866190
366550
979323
789805
211225
564459
917082
17451
621248
553153
319298
184208
351098
338752
185222
332309
698194
318529
520722
954276
149613
785756
286813
209177
640377
499513
943658
169953
837100
637074
670703
529512
24825
39081
846214
862095
926808
732507
680633
8534
76519
575367
591568
915904
341553
192315
524691
147462
257118
472894
657877
135549
629384
835551
93303
889382
759926
967364
949731
850480
732633
948795
381353
586222
792378
557000
371802
915215
294156
478274
340632
110593
588854
267548
729161
794663
105595
29590
432987
323897
317052
249546
399345
514979
847257
42329
868564
861714
423286
277639
999799
315165
700710
788379
919001
549018
122549
250413
477095
372278
457899
814120
764911
480748
766532
545315
420229
861542
241973
127637
951186
625661
316026
306046
541299
354682
405939
186418
987256
711720
385368
935663
315556
364974
928598
982779
332514
271838
398257
600629
570061
40118
919908
790606
680416
269142
820142
900239
688662
507395
164800
572841
295284
156396
510079
945099
289120
2314
722489
939618
291429
140926
524089
321611
323855
309898
578757
443884
892373
591234
970379
86115
940628
789617
991543
589468
511984
233354
291925
443041
297943
331430
458832
132365
341585
92359
309098
975490
832982
233420
839080
95304
699912
19050
966059
144965
190100
314855
274307
406684
530936
373119
727585
308541
819065
661566
619785
652164
280360
978600
969712
550747
608116
4516
748428
743757
529292
532380
542295
826103
991083
362832
269312
421909
999518
412334
298603
314761
901538
992598
567304
61532
19530
460191
437024
260310
747287
607481
652117
278358
941437
366711
876421
364717
895253
825337
119937
402259
700115
981496
441831
487194
23007
335684
41038
471670
241043
364589
302648
595609
257516
846197
352344
690794
810864
197664
905830
691497
852463
767349
641256
174114
526009
30728
852143
172522
67584
545548
975927
704307
581053
357823
978765
920419
214114
937982
421877
735670
229538
408189
85271
264276
371
981612
28061
79069
840611
665405
119382
742139
578978
203890
179136
83537
657098
714395
224679
460149
834505
244506
601840
603444
275498
688542
752202
232045
502641
893139
475972
38956
623118
124437
34613
374800
974553
705122
211140
413713
89050
64585
176450
515479
180355
517943
367796
327098
492111
880391
948176
968322
779627
642763
16182
829372
550596
774143
748153
908681
149234
204734
455159
697082
537610
331140
884731
949875
176361
643681
460801
54571
695742
385993
603244
103251
50708
420794
319060
595219
992962
671523
35706
766353
307933
104961
822727
576961
239512
592564
119001
162676
883438
72577
122813
356131
830865
234884
378646
534792
212020
501060
367205
715354
492995
526485
145329
90076
818220
43533
375213
2983
677236
441867
888257
986598
721923
194511
534505
728126
448969
655727
683726
131610
885580
848772
272296
647656
198564
496025
322668
570336
593153
810351
783223
836303
587509
84565
533260
652555
48286
543855
386658
990091
286820
584213
894610
821221
350657
502884
115787
52259
221254
168319
150766
423938
108824
383374
811402
857262
691247
808369
757122
374466
271115
278984
334274
660345
9718
230960
980020
630928
644485
559931
830510
135633
140916
376245
241833
555266
243804
552371
138107
158649
356847
462604
352751
794832
578041
936291
714607
711525
800120
791042
873793
656736
56861
620604
62037
481363
445600
456721
162520
644416
196183
826907
735776
668328
380684
547033
496394
201704
923661
335959
475829
24785
156983
779158
431487
300205
715371
116534
71720
628822
351618
889310
418809
567855
833864
494938
157527
759148
913111
21053
790448
893274
749428
419046
280183
734684
520694
335873
77157
553746
583926
689323
763018
908837
554696
64491
4523
834657
817771
585981
855767
850394
808010
978150
71307
698779
10351
199427
952220
429745
176903
23796
161541
203524
598361
627448
965405
329073
324759
952442
604114
721654
347129
497390
276142
487446
269297
25336
94844
894689
217309
775399
398469
109741
700671
981108
269894
609850
168084
644922
230101
146829
885677
343857
417995
264991
40731
663451
968879
3246
796218
744760
909393
40446
666432
495546
100165
228665
73312
991868
108428
865076
681879
584662
964119
116233
350662
11346
38985
64081
291727
392397
334228
827448
558457
927540
381085
570441
942651
844489
681251
827421
529329
952200
25618
400503
554448
688485
330812
323097
438307
541890
224615
219626
230763
883728
905640
946594
166308
354424
960705
623698
622857
33218
95994
729410
869469
171420
166565
76161
315441
690659
651012
513897
473862
964994
830144
479138
228768
150452
691221
950845
19682
296213
313275
35420
986610
636333
506456
131979
881821
417071
533726
990629
628529
325432
523952
435628
10343
302139
444405
248200
244784
572646
399964
210942
853609
411253
868324
70187
971027
299420
90792
583361
586695
141148
954674
553373
468938
941442
325010
377084
478510
525057
482075
847762
121538
171546
470407
29251
307080
931188
104884
289813
181925
533439
632077
173888
528216
569444
991713
945834
926933
546038
780332
637333
872455
2938
420530
169551
197250
304204
20683
325080
638986
98888
481201
818982
841367
810307
87045
129401
73953
27980
20587
975773
585736
878882
56707
430655
60541
7824
148256
805482
744349
80516
279836
317669
875467
423167
573999
398300
56268
384603
399121
334468
846577
93896
104589
644139
224893
785429
326618
407157
87172
862145
744157
508326
659827
401059
372923
371845
434843
395554
726560
930299
422517
544389
576568
743368
833530
327221
374185
625421
400492
898672
572065
263155
476027
939100
359680
396905
48392
883085
333953
485455
80961
256602
882891
272521
653608
904030
802748
936447
385360
652319
640696
118649
691269
640804
404687
908152
833682
39650
114087
464496
939751
988810
794863
710030
713198
510847
928572
871246
230518
654257
631986
105382
655544
425374
128778
829097
273597
481334
42111
422520
727274
911248
111691
38309
419513
127053
328210
211311
701448
754211
192133
488370
860995
44403
362227
638145
910663
177359
999739
484829
876488
621451
551197
874655
684175
18089
366577
634491
188492
425538
151412
332294
910492
502001
13516
131206
981745
396658
280429
918179
140480
760533
934659
240964
982016
3861
847766
374503
940406
956267
311202
665860
490696
456808
719079
10792
192803
925275
180231
231268
979495
713123
84921
819495
731322
760697
568822
570200
732471
754985
847486
729403
985923
51024
808931
927055
83306
893715
119040
208710
826243
890829
783808
701950
383307
877319
465832
191880
390600
548653
576572
172094
239787
455884
281444
682690
475112
107669
378401
156551
699482
108323
133120
106929
78210
945454
485771
843543
750244
597426
713237
393314
474590
596518
366123
91923
959790
835316
418871
246754
903850
380484
815451
786867
121350
797703
127028
197671
678349
285291
683062
650790
847942
846115
225921
364523
224289
593509
642630
844540
320700
361607
962016
127382
643122
697530
480273
843545
497878
375194
674394
896236
558478
607559
643458
982444
3520
703875
65214
904740
484523
676209
646050
216888
2044
429922
993154
509899
651240
132988
10502
660955
433315
376097
472410
99290
549635
953954
39429
78274
597349
537507
984524
594241
236857
747227
702737
636440
425502
587580
799918
843847
261905
125637
66979
677924
741299
364158
953635
344999
98502
294429
709298
421780
826546
478454
956257
891851
900817
647365
272719
747359
498053
846059
149716
62263
647113
861424
872120
679048
497541
277592
950181
613646
759618
115005
467921
47271
605152
531035
526591
434127
619961
505622
799628
887195
514742
788543
867620
825660
465896
393941
906392
609230
229961
515084
531570
675537
266344
85636
861531
773519
269738
544104
711474
1909
636152
787900
654797
410155
430749
489875
441242
249225
452386
427978
893874
885494
343309
395455
739591
584367
239738
598703
797370
595567
843441
526509
531721
969894
665172
631169
410745
954822
548281
363379
927917
746653
850037
820056
153545
678620
550166
793822
147031
25593
379306
282458
808680
732046
880981
919157
145509
463465
403159
530087
128183
42195
617522
307616
702187
963638
376955
50682
120061
718417
478105
163316
131498
1040
671185
703008
881214
575700
578018
325182
592776
398555
284871
756750
588704
765521
307162
3398
418932
618761
520663
461155
593443
125192
672628
201194
848248
886450
359150
987170
762116
49304
882163
236545
624587
69475
784864
844125
442329
516869
327694
689736
953484
483006
739696
705736
240699
161783
971543
51971
529674
226604
716112
556193
26724
392324
8000
803911
962760
737982
608053
831540
604055
842815
714403
498280
566682
652325
467344
809553
105921
521071
738968
51377
404871
337401
272573
443205
690896
761816
253109
430602
154498
225888
111806
399374
843826
835907
701062
941620
162242
847790
489207
317595
254839
863987
377027
235279
970272
798509
945449
560308
375707
895807
947441
248216
857572
562365
603988
756037
732052
169238
915438
586778
338610
586764
177789
11221
335182
41108
972034
742345
99377
808859
514392
596973
984010
274642
422037
804449
296292
931260
807986
508742
227618
993559
359766
735410
519334
40349
167050
61015
974696
362449
158720
539700
649411
165975
325815
721890
833520
973398
106287
933835
72842
726142
353334
179618
852103
108473
383818
190784
631258
223758
344439
851309
824575
719269
669750
491585
873892
82301
235825
334953
626117
920361
575931
848848
557428
762163
57275
902026
651998
158860
915576
705226
721915
793267
511051
678159
786137
497275
81417
408689
254613
127382
388157
279521
337378
450160
239550
361479
679862
198156
512002
377921
584585
544774
187581
550279
432527
394402
957988
590166
645544
435636
190094
186370
992238
719076
667880
740593
378733
272259
595470
488900
757777
29336
296492
297950
916523
80319
181663
94530
301595
152530
173476
899113
440308
971428
728675
906339
799731
194666
8622
260698
910237
263897
42331
477269
868105
197453
944257
995991
580128
73791
327058
296866
599092
762469
280702
818323
697399
321403
217591
282838
715913
2542
441156
675610
283668
259986
158337
639307
305375
601861
200494
386498
603695
900741
773639
384784
292402
836681
658449
690074
891071
140661
474550
913969
59128
713438
746569
753310
757842
747305
372730
707374
167876
810226
964691
945871
235263
460671
828228
541099
592465
152503
389486
142818
615033
315720
873944
406887
500320
44414
794928
27986
768771
647536
638231
972162
558891
529601
192507
311170
436648
430973
401688
35459
706610
307237
367520
142955
378998
991919
704540
231122
604685
693484
882051
390287
608164
665313
131689
285522
75823
141222
902963
275250
731582
274044
952658
439876
554175
771919
953534
67473
773705
588800
260853
487986
618232
509200
787457
240389
721105
401433
2116
161624
535991
549214
977454
665170
638063
716502
601127
858081
645371
592418
437529
494141
913490
572831
781065
808235
120803
191769
903582
462129
821556
454305
480302
116220
606915
731030
879652
94560
890486
778492
960827
308769
901327
829650
297608
880013
262087
818524
114369
521697
708928
914864
31792
415351
693912
425148
174592
376718
101676
948013
800338
534843
959155
821901
556703
655599
81906
481224
305575
539255
620645
960408
873602
295505
753290
117871
222430
616336
557661
83046
397749
616810
418692
443273
693481
434109
434155
477984
401626
542001
456770
827105
56290
934026
92573
876672
975818
246391
290642
125569
506975
526445
443498
891570
448828
143758
585797
907650
96061
436029
178492
729516
278306
44151
997922
276306
708362
676952
197898
792232
35615
245965
58493
15883
930775
933065
491278
917153
12297
88805
149515
784908
882511
722142
605685
566522
466486
649680
602005
697441
66872
464948
900274
543777
73777
871572
64845
359949
92821
549220
474799
497414
760749
783844
493811
839476
301416
500910
487614
62901
674046
768896
880457
77786
536400
847432
867023
618801
855213
258234
27133
841711
301404
919900
222812
41616
845845
272873
801942
567538
375963
170814
589370
110111
784466
755249
410213
293729
593930
260102
812251
674757
30954
594255
410442
636979
392939
227011
753321
403020
596163
961421
139997
270335
714382
144389
816785
344984
783810
597352
968711
919212
542471
621453
398886
136353
429445
715400
82670
764942
510408
874058
868563
614008
526584
153146
39287
66268
987772
193043
365117
473966
455362
317510
532382
490117
259174
17356
758897
221183
937383
925642
386790
863599
865638
140632
186500
802125
371026
370425
854813
190413
221931
22418
53406
949193
741144
615321
152706
957235
281688
777747
530133
730480
540751
97510
414107
909816
1448
849997
177701
733189
716658
304334
917284
878653
644346
168070
355680
820156
440436
514220
370473
766698
345462
1261
583992
328505
471590
781208
424879
671089
685603
72882
27186
999245
827457
549565
489530
794857
238333
503796
624249
543334
852257
210766
419584
134743
878036
365134
749499
429496
109850
767324
518148
833343
657200
643263
936721
280519
869903
149414
247607
745173
311435
216100
920032
941034
595915
938810
861377
503249
141340
562790
786455
816630
297488
607470
257322
873825
734253
161772
949550
480935
950662
917873
611602
844520
512087
240870
564009
965657
586501
390426
316893
230623
685507
587846
577977
109683
972588
658358
10328
836631
314235
841922
471237
268135
832789
562530
231337
105016
668522
676660
272538
843055
826564
268228
739036
691375
983532
437501
395677
579635
490930
392551
582177
5680
304172
60738
664590
702332
987577
686284
729698
641534
931419
155849
275901
128112
697932
42686
406539
523043
462855
474606
616873
333496
453799
302955
327058
113467
52765
151854
605239
749506
472891
481697
742318
773957
688620
693394
454420
303916
311842
343579
268711
180707
236883
186194
234713
254123
983907
58423
468932
191251
704377
988513
709653
712611
304920
107303
448175
761667
287622
141902
420105
295071
186264
7571
471914
181188
671923
975182
86821
509650
463018
867585
386032
471602
470668
616501
493402
927783
593407
457535
665695
475173
154407
127951
619299
703709
285412
561394
649020
424179
490797
123986
748799
934322
193638
73626
25000
806875
282462
592841
86509
413678
443940
8037
86273
92559
205157
950829
808865
855483
42989
925024
520461
314065
96040
371634
804709
333172
923622
89068
939989
907767
483972
14427
803627
383691
511454
722379
649582
231011
224091
233253
928510
449843
670614
528045
252385
744426
697546
39587
48274
774844
460588
668712
706598
977736
212847
445725
646032
345913
83424
48068
611603
883054
394422
108612
322919
349741
298131
331250
832363
373487
159235
600456
532248
639066
277544
982965
110453
894314
151897
532284
658403
919199
817943
945977
610450
431400
652194
319205
147298
997168
322744
909220
867596
766997
25104
234749
789261
178008
57003
188109
312016
414952
584886
517618
595304
567080
505026
110730
335032
408335
894618
757881
927363
474752
310966
611213
976375
987390
190861
505581
588233
424770
508582
227115
664460
357575
818409
326965
233134
188662
206112
139719
712762
296382
772239
910817
911574
821225
520909
472239
359656
822789
238950
346642
681300
620579
502904
577311
360539
1915
249291
346748
230482
646099
684362
425735
971145
112535
985001
222010
722170
759873
139559
401684
957268
238026
446534
971827
575877
334454
583353
812296
981911
931395
379483
668736
243933
846158
14310
849090
728611
650036
321837
161603
493355
279356
110390
740166
343979
760554
607904
514644
92235
191366
329448
639362
886992
36130
534602
403780
911183
948187
979595
621095
140632
512837
350684
57442
432157
891429
285969
43831
474063
702041
478503
72106
712172
700409
877134
928934
269928
635518
788463
2407
942581
721568
139819
390945
283556
199030
559488
821676
483500
841704
912985
316109
615150
885624
140732
933607
152013
249791
540672
593149
725089
234601
929526
832986
477019
855300
509869
49193
193121
557394
427885
387145
780103
678456
983497
712635
51678
203361
641469
80629
500287
748360
873754
780375
380705
462697
705205
190360
746447
148083
741734
393762
818950
365814
713380
53874
317524
278867
801615
733637
69444
245254
638100
823905
843514
565596
391884
947201
205945
650630
487997
481109
420763
936753
143657
565647
253942
648211
11258
868200
403374
394910
278374
975639
688826
138159
105985
884647
572660
674611
150957
483990
182446
503903
419365
359014
621511
122768
417311
879015
210885
503029
161870
175601
274077
661536
680298
751352
5890
642052
331456
404003
530084
387630
313366
986888
197266
79851
148587
37341
572768
434357
476314
844642
774595
740784
924420
452100
805312
626427
309781
647039
627972
759330
440447
583950
653999
229142
880340
284660
571461
676814
577673
341938
70931
822965
306912
726292
271670
932222
678173
271731
351227
788057
891418
558480
980698
763638
457609
346973
760323
496718
581123
930442
4862
958096
192856
61910
33116
148999
251653
71047
919373
823917
17048
233105
585207
173757
66638
843066
354545
405938
625446
994756
209079
144072
367951
381696
338628
231307
832770
496739
149086
798489
873120
499473
352455
480148
818260
22866
773415
592792
548726
91665
995304
533298
500599
434703
748634
690990
430793
883712
491268
684206
700063
446721
336298
949921
521732
692571
364059
720388
239245
519429
340715
109059
72434
991503
319251
539111
663441
610322
13996
170673
737001
557815
999876
292550
804483
613211
849182
439340
643679
954832
230475
950092
823526
51464
828589
641822
1387
126228
667703
149214
852484
207300
376453
118220
68223
665775
504673
257900
632217
595637
469898
35109
495379
408873
275758
531378
759826
207233
278681
284880
221511
972254
586667
929218
997128
665048
480539
94603
735545
429082
804445
300361
842750
177416
105560
27488
837001
659263
692208
837718
877166
887409
285000
878627
2425
394994
615942
659917
6699
776027
748192
678814
496774
850200
624421
827534
71679
128131
529862
839255
557512
573811
637180
545288
111193
689190
815841
108636
185268
675302
961118
464388
754369
790823
738983
182750
804090
891020
64666
390639
918353
75643
427397
767677
748130
281640
741236
914395
17546
224691
909213
910799
124245
467072
838046
515009
673325
314373
212170
635708
843401
45022
91064
597121
38538
950610
296444
213003
250388
135608
585041
546433
47420
615088
246800
979800
897203
782921
716734
814109
98262
221142
523656
517958
763611
857170
579577
233111
169338
672372
614048
84644
294900
162238
784675
861516
620464
898887
455141
289889
214633
642013
385370
749349
863723
2474
105741
926376
905014
785897
63557
970710
409871
271693
81495
605306
23832
427040
642431
433082
742613
526140
729142
920970
315001
80916
256509
558749
890349
347315
137449
235786
644140
803783
337485
133852
964275
701508
417537
480724
160601
52877
677273
839849
745226
507392
137764
253672
382747
238084
409736
400502
345413
331206
542888
664425
349924
564227
876996
334561
614880
938291
610845
777499
689875
865177
396567
746377
334298
247588
740469
133441
299110
312383
670242
676128
615977
154765
833357
542795
574658
901535
856672
523421
717746
872896
817629
982291
133391
805355
654836
896159
729007
578865
822530
805991
341039
638241
23614
261338
38316
212984
761737
447769
492801
839689
837035
483142
289558
865916
53874
316001
790482
883316
461459
944670
370930
267998
789077
874211
754882
816812
375512
321951
457844
852440
403284
629494
175349
37616
998962
78867
256207
369910
673852
577652
943113
872847
346650
175268
512120
648050
931469
859518
106869
208724
140342
631855
770790
271412
598004
600903
87729
508388
288053
482330
573722
199368
625323
706170
539415
361678
532071
242183
279258
499705
553613
497522
627095
392735
860685
206220
324404
241104
654325
648635
61344
49405
969257
425495
803026
837818
742508
555055
575900
221477
35307
146098
383500
222594
81635
362455
468882
370462
271467
387164
704318
108806
143500
239041
934838
324212
438691
472466
547724
398612
974464
907457
192947
206996
141418
461700
568845
635181
522399
720931
130452
240628
467916
178825
35877
235579
96122
290397
283134
5569
977576
691127
427365
777354
928914
618744
667834
395891
11068
831712
283158
534370
785085
304993
172766
528325
808570
890085
574042
658060
872501
122077
103753
729977
131555
748375
151458
598183
270789
169282
736639
711388
109940
66314
974794
883014
300165
572870
778351
72482
463468
728914
48374
640853
970983
725646
715243
116437
462463
947558
345700
941289
254471
316491
170639
257924
270482
613896
95514
393310
114262
601029
17027
567659
34426
300597
32149
518475
782826
284211
89013
754581
295011
703973
115451
777559
310325
140079
650575
632868
559960
164610
25459
533848
841373
502775
888906
145947
209014
58853
947078
698617
240703
452747
386463
105736
688199
51880
102033
599608
62984
310850
314875
827269
654850
506957
558378
151980
914396
219076
1699
952503
826302
676656
210261
547244
245390
327908
415385
694638
141030
966100
405375
522328
981021
349066
58956
321670
433077
512015
120391
751451
898236
212955
708231
428568
285657
933546
807424
545582
157410
891359
171290
724758
82793
495555
897296
952587
30409
774317
549821
456390
498697
410182
65395
695758
43723
808054
231627
446781
195287
825067
80439
225501
657151
758272
764733
380964
642638
80289
861388
35642
231712
896112
264740
33704
376002
130696
342031
816696
814585
302518
962801
528544
846097
817807
723023
23516
696378
464089
869997
965567
883926
82177
898187
462629
126
241432
821529
742250
462195
341744
17453
671663
197015
581008
456480
946224
519865
263460
564501
284436
692401
594706
812315
474958
133782
341264
76803
382690
293758
629897
622685
449852
424754
485823
553712
742512
512652
229425
81108
943591
184793
438662
204993
303779
994361
867476
881754
80153
446730
24229
409747
535368
689042
446554
455034
320127
21433
540542
74651
636111
673640
709559
386685
438146
511835
27965
735291
534541
9376
515637
707238
741888
38663
649853
78799
348008
851719
600893
331118
408900
594217
335310
143577
62085
500480
384060
996594
390815
194156
776705
202203
739522
395427
850095
130469
52936
967206
64549
427592
130266
831279
284726
754704
895910
467875
782272
625801
390886
413687
596244
786055
769666
42577
807933
206546
113015
136279
681937
577658
573564
826833
534904
581127
117766
847953
322006
63482
760482
830478
529764
239097
642394
308333
373232
491515
470091
500274
466098
457056
185719
375188
49319
757768
385415
131832
343525
452500
661655
231749
206912
305415
617335
71349
83862
398721
177997
368121
132688
981814
536008
289562
515934
566072
863433
775665
199951
13824
805406
558907
417874
286083
111948
750292
528875
996091
471328
796460
984869
346513
819992
329962
203820
257848
874948
429776
174188
314069
398660
474387
219243
75052
711944
310410
251295
656628
775408
806611
423010
748259
49771
186204
156422
346301
882155
122441
120759
926569
208687
605979
850707
491120
621751
932188
841340
856938
113669
245125
406781
202270
892965
684937
120463
932735
401725
577598
214144
921639
388514
724144
284931
30900
714629
509629
152139
913257
657352
739108
656927
656646
883042
30608
413076
976292
821090
175473
830029
150491
339263
585556
123696
39266
749328
840048
248321
322347
142455
271511
130577
407815
835292
279085
36667
950305
230888
7370
770504
329499
310627
370920
910935
698449
967997
969702
586484
130947
53008
600077
620833
697521
749663
41763
680940
77116
123198
858046
926896
506359
756478
155867
635164
773144
487524
867683
221241
663711
636481
107151
582076
633897
904205
605652
832788
778139
180976
24967
50282
652019
569680
219104
4331
845196
392901
441218
411865
548401
125725
882630
528044
397012
949323
288379
214180
382830
242734
134592
755686
576802
737262
369990
958489
606650
924436
174915
540707
776112
794371
519415
294576
111764
173844
365508
254723
681546
97115
158893
942668
362654
20913
213549
345806
924192
418093
938782
780741
546662
525494
838382
629663
259679
611542
816918
5970
425656
474531
134370
841450
321193
266608
713637
846962
668114
456885
937615
935431
233366
838862
858890
450209
362610
360312
759666
302533
936576
789088
988424
473473
408391
20660
638298
311291
405212
941037
592111
323909
375099
989018
104217
310077
767946
97154
614562
374151
159828
90832
173471
177754
953202
883248
842835
378770
834124
683954
924100
690425
284051
609343
330417
711823
124951
166215
776697
842672
551887
610558
284595
784559
109555
38178
532411
966838
886948
104300
303677
354878
182525
267345
596734
899036
589582
528641
938814
267978
532436
15338
32279
106945
193786
878674
809966
57966
597011
970017
734071
812945
719779
38097
934585
301858
617318
319136
436603
550408
654203
776301
200750
67473
178489
485368
329617
577681
946181
860753
467929
904759
470414
5950
194594
436058
836008
736309
387698
746285
371890
406517
481019
602383
434411
837411
438130
443614
57166
106392
19008
120339
866269
948648
652197
312263
575154
788214
68573
754227
681028
291233
10920
600514
649505
752869
444267
806277
930141
466255
580241
265292
401633
615695
902349
383624
64924
699331
31973
141461
788701
802819
572345
987430
498315
925793
359072
877714
741862
181546
773014
799434
989825
946438
269316
440455
981372
478849
657242
438036
447588
577714
250499
459833
737229
336522
831072
780198
758931
464000
333881
456516
681833
807064
675759
975061
613153
78057
950889
925047
671731
249994
554999
816692
819459
864898
508097
224215
618642
674579
387744
154597
702319
953722
291064
699148
926851
652796
456567
393691
941047
578836
622920
106823
312852
350041
912711
537001
362300
228469
276005
480639
101378
787627
561710
783617
35522
696136
390082
293341
823466
786372
857720
960846
783473
709248
798668
698174
949613
817583
766020
629628
546412
338101
731147
91987
504708
720673
787496
415620
234983
296760
233410
773898
448645
925524
974626
794355
627957
83451
721695
946353
473104
445943
588084
675927
668476
396442
246677
409783
840300
902908
723416
294658
588089
980516
641502
133870
337915
79890
649537
877398
900678
617542
369863
919107
946323
515378
780417
235493
751134
529076
815362
953774
450064
407543
138184
866789
773531
265389
795084
902394
987775
637488
341990
830755
292625
368481
142119
588140
456972
590353
696564
949662
412058
788129
940585
190698
243362
733444
215197
68574
346940
647049
109428
676533
564565
825150
865226
230823
751631
842036
780571
501394
263911
169320
361672
613982
525393
831347
286731
266798
509607
708836
979792
757990
783909
651658
549048
998670
67461
196262
615037
564543
495803
13254
614621
971856
264146
929795
9846
369594
400291
472151
929998
41004
18740
573048
403072
542094
716260
436131
430549
223008
124422
347
454141
874272
220262
632321
430543
68053
661805
999850
191207
522606
534763
476732
339851
595607
57877
796079
981964
828343
163745
580189
732571
580591
824964
159430
446271
744583
889418
909832
339701
462843
707615
630003
661451
891386
755196
863904
104393
945656
449201
170095
800833
606965
279499
896845
135177
718948
100730
36667
689172
175396
495145
867011
741407
311350
495265
53644
241687
184461
783155
804773
685586
103499
222129
345856
869884
724103
322318
538989
35329
130573
69571
816807
792907
812798
553499
664273
936887
838515
638966
140612
180209
592335
704212
763252
653173
983357
445870
490207
847657
275038
100511
246008
476252
263923
733519
408565
129986
850185
522494
311255
473231
493902
770708
973101
591503
530333
78708
949959
561688
563281
567926
705990
809790
442103
886994
473570
792872
588345
239216
266073
113222
585303
555963
590121
375263
264797
286634
457548
113524
840613
331312
305012
853173
409816
332099
632861
26235
702336
430439
355221
354644
577850
493894
593827
692377
43632
133996
278925
155919
526283
515681
710964
697694
204791
408231
682614
122596
268765
375681
782797
690763
975646
721745
730375
440467
892800
801543
577778
213112
47580
830166
581292
463100
515044
473640
12613
311144
881065
794938
224464
16969
394567
41827
773539
528638
573765
210717
394338
153282
768643
701905
209371
968344
329965
397640
187900
920673
222174
910914
671385
669564
610388
3159
703744
24622
666379
315793
741991
516980
742787
6919
892386
594456
482599
743893
644384
341195
119469
362216
815527
57393
821619
625401
243036
999291
28442
957474
337466
128127
957731
23797
364193
777510
731649
815602
671267
828459
695721
856500
788222
643522
998792
324069
114526
345398
696318
407561
580914
583637
935985
326798
723163
212624
851438
772830
496172
398453
947935
178817
81392
856139
815329
671872
94397
320387
395466
927524
125898
716657
324928
868799
589172
266514
735372
167220
327933
106530
397381
175306
372422
612189
746456
965340
252048
220098
51219
332204
363308
247702
626079
238337
914118
890102
563752
543436
771412
701068
274870
468519
364313
542162
88090
364297
929407
937678
376112
572337
596979
508241
167012
100755
535944
888346
776976
69774
853814
836406
582446
83327
297231
25902
743045
516790
755186
38539
976009
119791
354925
911884
694118
735765
148014
39166
525395
992974
504185
558595
689501
835987
774466
347710
28144
367559
760343
857461
924559
14362
174130
735726
888209
226833
20411
284014
933742
62262
575404
465528
823198
23014
643685
384105
326752
852399
187150
33436
138813
319808
300290
792196
576397
660894
976559
128382
230178
745863
158548
18561
446385
474270
673890
379618
569193
146300
570236
552605
911930
119089
70563
316165
973935
87168
604293
643970
960072
865117
967104
422906
201676
31046
569422
524825
136188
615287
741739
920550
393329
616170
979725
564918
503309
699349
663162
498243
294368
257207
617198
357448
577617
218386
561228
307582
693349
93669
704399
238570
737652
974698
646711
243723
192820
796302
948324
602142
160709
522806
51464
120926
739168
245604
13177
399084
513852
491931
642485
8745
799350
570609
786590
155310
141721
150113
766660
896519
338980
771338
852703
344650
691705
811453
162308
614842
318127
309991
776951
22330
999765
367911
212623
444383
469643
193927
994114
7293
223707
992052
118281
354272
93414
828828
797121
834667
325273
944563
260574
223485
64296
684000
606260
11020
188404
167617
424453
529006
603789
344257
466562
407626
536462
475680
665767
1110
697886
383994
452675
676411
378629
930813
164318
576431
357624
605094
90259
208791
991020
292435
770401
915472
61115
755760
612200
302086
18965
819200
354750
397902
59723
957566
740096
749371
559256
117993
403983
234789
494386
433595
611564
865530
508332
606060
587223
779795
97566
293666
635532
857837
612973
253408
493061
369659
714457
777491
864688
630792
929267
244898
218486
352536
474644
977712
754948
236803
448077
138798
94345
169145
627283
222364
485496
371714
773553
434697
365895
51504
367710
570944
212445
321527
342783
443306
127137
569906
954623
66421
938435
270829
984900
90443
526721
463796
245492
317222
416893
392517
571448
476053
441447
184861
229969
580196
235651
7720
151506
532520
505552
362644
115148
824913
267346
24812
747302
627334
122341
870223
761221
265149
329302
686933
755261
645035
416624
840393
928137
988500
718634
624126
795281
152790
220315
245689
144312
681077
563175
356243
152369
50508
528994
854922
112429
446264
714687
822141
183606
447224
594963
323148
58996
798657
671130
983192
523484
269643
542955
68107
43433
9931
211922
338883
587376
485845
236210
614433
611780
1246
217055
124815
977388
303759
337310
774950
91749
26383
768038
54134
487144
222060
560818
956994
991486
256545
958892
500854
415248
643227
686211
598240
140368
685961
481995
225672
390427
905190
551429
492095
870578
81373
675875
550187
954830
238480
317369
627720
255693
116915
991625
880945
38481
976347
994769
58627
110915
567819
439699
820587
954263
667493
194784
190653
895830
831407
829829
817216
716786
476602
396560
744371
299855
582690
249384
63667
226737
696573
201899
924717
575147
779779
229577
158695
180407
798889
60885
849394
257106
975164
633335
391706
330074
375185
385431
236103
693289
443812
371636
726979
666807
56066
408364
994386
159837
900490
534854
802169
27410
515128
229106
275931
97573
242456
221737
455219
788193
859010
939779
786867
416486
650563
581107
971813
689575
360216
169693
530645
539539
515691
654037
711516
512166
121980
934070
3901
233048
927270
341727
578764
437112
937663
231732
521102
957663
978806
879143
438374
601769
632960
399464
545186
51681
994571
865661
237325
393274
757493
260634
817630
178385
434464
53122
693099
339467
575322
796867
423184
768333
337814
141816
732018
168384
844504
806718
165664
955251
885601
394785
663294
806183
223472
143040
108771
599435
887449
764634
803574
997745
923368
152813
36904
530309
188373
366200
63670
237318
272192
747157
306977
236184
635898
55241
956714
855504
608240
204986
517712
284368
525890
838687
105050
519867
462385
862617
711587
645631
503991
388137
596935
529733
523757
400771
598650
356134
475377
722453
368975
532125
72659
918824
504916
647653
357479
882979
858453
350071
88356
342010
934605
264299
530634
616841
256556
402271
34591
71939
697260
739119
48174
665337
691156
864676
558984
447094
911126
609536
356323
470355
378688
514619
328205
571223
743353
989386
12517
110930
506271
508746
361159
637364
817500
627656
915988
481220
227217
841689
924206
940252
196234
286524
216446
795453
23622
184222
995265
382976
466317
924630
286008
524986
962646
768188
692825
442914
728904
451570
803909
831215
599853
4058
966178
933310
871051
527591
73840
372209
302901
497780
139709
10598
614052
963730
672149
527573
631714
797457
836870
224550
865785
570696
203358
949155
909993
33413
267048
46356
826890
946342
467502
114781
8780
742569
484006
204091
101907
602311
675462
26489
157213
242305
556502
368460
212080
184574
562008
630130
878279
864614
789832
390885
754351
350972
374409
977921
976117
710802
602425
302790
704090
382670
412382
69285
822643
834433
949257
458798
718362
555306
46679
709746
895477
643056
765317
905405
834843
802478
638192
162796
809924
688738
514558
645431
265354
980683
801568
755309
295983
322811
891913
114118
447050
784470
366995
669859
175930
703422
146187
496307
684597
479658
773169
839785
41384
575628
52281
488422
40247
911937
116109
403380
22944
767707
275744
942844
554304
796197
693903
702647
168620
999727
868315
716968
463456
131339
399451
166283
870
891642
746499
102829
912082
624425
665487
394063
736063
54662
144458
913093
442626
739692
528087
968137
718759
503154
835882
192607
65911
266544
524593
414797
423337
887347
203861
518101
396835
639863
981180
342447
176326
978884
467809
346710
176522
392100
832394
812300
503886
588140
736067
207997
654075
440663
593927
758619
826785
745939
438049
845562
978495
294954
860323
983889
206751
517862
634097
241218
321700
647028
847702
211420
44723
762756
863487
726666
268567
967229
21275
45575
131830
459794
348901
350338
503491
411269
622613
759959
655599
517317
517141
201075
88288
953078
78035
393864
256431
38943
220778
919851
966754
195159
581360
487425
369158
549159
213240
214936
822281
662778
392181
619774
152101
316338
586387
807558
133217
25503
578025
294518
653432
813312
752982
483685
538362
641802
341079
737149
282107
31872
194454
132394
953797
550643
109499
599002
915725
416348
150158
153697
732007
530196
436578
10924
175747
505025
19081
77951
660251
944360
454912
860863
13694
665195
329408
29272
131940
478190
653543
126793
253733
438863
665433
792266
617870
472370
12510
912780
934195
184534
720312
777159
8937
343792
815936
76288
705710
423747
196614
748550
975814
944667
768158
445176
291157
136970
126367
760831
749682
779664
172330
153787
489477
929311
263116
81008
572514
272022
908210
432169
42644
109043
304090
853894
661623
259926
808161
22865
360200
587936
890788
703066
974090
400454
508218
310952
595546
521711
928283
118871
740958
832992
328132
954027
810171
442312
641515
129119
971644
498869
338873
561029
284693
805689
382439
337473
241954
478574
415886
126270
382434
336970
747315
20959
589418
691217
106492
763255
533951
82872
659523
415943
379974
431565
666295
171578
875515
178904
752514
547792
33463
250565
15541
965297
474291
605779
362747
221484
231010
884303
364839
443015
947059
139807
529881
649479
53717
504420
23186
601857
515262
293366
30773
307355
822425
861436
794139
483875
112246
896683
502072
308848
537057
75557
930211
531922
354100
98493
522931
444455
600891
6944
490993
497419
741767
90135
883776
251818
810013
758628
961291
386064
345435
129684
161987
641422
263347
175388
416777
690415
983906
784312
264156
534129
641354
594098
439198
661566
425108
248335
330983
751590
419028
932447
360128
925938
25215
128591
394663
61965
943566
241011
779375
325269
202572
970250
164487
382894
544954
756030
702685
730707
222076
714683
158746
410686
298530
877527
207916
188131
816204
38436
299320
945342
145743
21712
487624
853
584534
476673
518910
69669
372568
804485
919600
38798
802503
442870
448296
373227
652837
24516
864779
321848
769674
938658
886348
429999
190215
349261
732333
402592
194791
994705
201359
847804
592695
996365
773000
173430
455116
604159
396964
835045
964894
71459
820666
425957
369484
238937
856078
561496
445666
613987
465639
746380
454670
933090
197769
555957
899778
354196
133953
970183
254900
189387
558761
437132
383536
182274
745557
260152
378425
298698
87303
961426
813076
16697
759336
67489
217705
863221
688290
131785
681973
7324
740329
992476
976238
708348
16583
5244
178492
622589
862833
412542
136113
723885
856914
75051
198464
964660
522905
168194
210027
573884
149263
461366
432582
299507
11878
810572
38846
762434
178483
538550
62384
895422
965015
687880
370693
73738
471609
563
684188
957587
261566
696566
636420
946858
177749
348305
544057
539995
629373
868977
434744
621716
394058
352929
419641
323006
833550
929330
13183
436685
852549
615279
496592
804056
266120
335196
270397
511092
681131
118483
20967
965390
963140
530881
380612
770278
17010
138097
912242
683208
969104
130963
72986
676440
51731
541831
34740
239296
606988
622383
537028
281859
759441
974018
437749
539722
456912
641984
699361
213606
103738
363664
293463
64611
557036
675073
776873
232723
723649
789418
155150
842961
121611
769725
879959
221129
692931
277315
804687
472772
984224
331739
415161
366151
557285
401084
318728
934413
586257
786309
935994
202980
194128
521434
60660
215217
18714
767780
275478
741464
110541
840338
519500
242838
339743
374705
495029
919704
276371
512984
336022
711239
146188
970736
97170
546036
472411
498791
903291
893313
156190
510751
953891
721190
568656
65818
743691
905314
83397
374981
598334
721474
52364
322948
682805
994772
688024
119673
228611
465689
924806
882375
326323
16939
262395
550342
259935
515478
660796
386514
909905
337308
519653
166881
870556
320227
170446
554293
283403
981135
906647
525409
101691
53307
965978
824928
252968
930241
662883
417365
769833
14899
242244
246766
586542
47028
205920
670472
144520
445803
33689
913264
37756
265042
427884
326382
453116
819671
180109
83410
138090
968044
85944
96501
599677
778233
17725
831702
552582
328093
634369
447335
165783
33522
889668
171328
201273
54729
604986
963614
209786
93690
410779
772096
753635
408866
94350
791386
172329
803447
886763
815533
686031
76501
814388
940991
84916
53908
578907
162880
60249
719861
987099
766634
551002
979228
952326
851655
669406
486404
518337
302216
437294
457447
897866
345075
644320
222009
947438
508540
782854
1081
894175
252571
553928
248159
345544
245272
120567
659161
788274
659625
524951
415597
438292
12287
424475
355819
590292
455691
446163
655514
729447
715989
59426
115541
862720
569381
213243
561752
656398
937973
647867
934323
207862
20637
550943
825048
220482
303895
402745
295491
302110
670506
786269
871673
130263
980328
570875
620376
694936
421272
688816
707381
568435
434154
633969
334430
437640
218119
188991
598830
233152
354286
553025
552228
991597
946737
808084
367866
726317
445996
648724
216426
842268
369979
26637
245189
427012
540189
463457
837026
80173
767210
402794
302218
797938
372995
174504
80149
604911
870621
727387
759098
314416
693693
144980
324549
248437
615195
388279
11221
599323
475882
48935
579637
668640
189179
19464
144145
144845
235341
373138
925951
313641
263143
177016
392492
692991
736318
603913
309041
85580
72399
135676
136242
847650
117876
666695
679529
537028
399315
628205
997878
33762
326651
380820
339992
364162
342642
888511
392479
812508
718195
386206
118313
707358
411707
144334
406210
616244
951953
482214
91944
486876
197355
279586
687979
203808
250944
721366
647453
246590
724396
59419
289274
119972
343908
927444
773130
439671
429112
449609
29715
959365
865348
426316
14699
273994
940605
540307
869203
449540
695884
495623
52522
666816
766401
728444
50125
959777
873772
237091
792884
99788
710531
134143
519518
969062
637747
206732
736540
251187
78522
804672
210903
505082
677209
268545
470257
492583
660077
946851
599508
26559
555230
758952
732643
789696
729287
263087
523223
120040
868743
329953
920495
26947
743073
693770
301777
80452
825760
935086
625266
292924
528848
256790
858183
174798
376353
326356
128961
82873
644690
286990
155815
137253
405534
61021
242469
43969
58306
552803
508680
860688
113713
665813
92376
703593
405908
352153
547513
948161
643595
438761
143024
204780
240005
561136
155335
575278
671870
446563
789242
94872
345783
503468
84615
945515
623779
821588
583415
96398
991048
467892
807638
735306
899583
277388
884566
561139
565508
244220
533218
581003
534696
421750
824134
966418
433560
954524
959274
908078
678041
321344
717454
686289
6501
418390
592481
831918
724523
9298
640027
442528
773717
557739
381853
680335
559328
687936
862019
852940
674478
289572
38613
987470
618105
115839
269701
213985
596894
931404
534350
448773
790407
580228
553612
449789
110128
873412
94899
366072
94089
855688
711485
565945
913559
801247
508166
831017
752535
704373
89275
887812
766789
6232
779436
40289
452928
676569
342592
276047
596602
529668
232096
93656
511892
275180
188414
634142
346439
848745
801447
697862
795448
337717
749550
596760
585351
272166
236643
932243
375091
657028
562657
744535
144523
490445
296403
540178
738946
133898
653820
518853
15368
47884
465131
573814
437714
404564
878390
830334
262626
822570
155778
317290
790421
350258
326343
472727
433759
830510
883619
233101
28233
474713
922943
388887
360823
285886
964131
132830
640013
692727
760593
599360
48922
433352
843325
238305
449426
268031
734984
77063
812859
215696
959404
368969
603107
387311
488022
622058
185716
261452
662156
308755
81043
730692
604269
454594
970289
772016
611473
425042
891490
299060
537623
524822
418800
203953
397594
24053
705162
417120
774098
271782
40427
611345
264025
501271
472888
663643
89095
942773
482355
403625
532718
641535
583170
521687
399139
491801
228084
304513
29275
957463
612102
266597
931746
273681
334420
831450
957295
813087
340032
211157
653113
658534
59752
997643
594119
701610
724598
466118
237715
609256
629059
335845
346822
753293
456848
784758
115390
912045
455006
198015
105168
947571
631981
956125
759719
237990
1500
944350
777972
428107
122887
62410
872550
377632
123796
124229
806824
302440
208015
834814
111957
178
709724
474632
544737
834552
687881
101535
937022
166734
727458
684409
112823
403665
612756
134342
872432
179218
579519
288347
809322
390254
473657
773225
358999
895777
171123
42340
144991
828070
632296
508705
947518
952973
901931
680936
452219
209211
412302
47692
49287
24125
44000
191369
577597
563841
600556
588575
916728
534360
134436
16005
49607
308965
42927
432593
246084
401191
640571
945133
44046
795697
779494
161772
516418
188719
804397
843686
158087
966815
433543
536615
364939
384023
797407
548477
765240
295895
42518
181085
673833
666520
95895
424387
736891
677438
801556
472500
182820
944775
499110
823227
124795
249056
210468
429199
366070
956509
972709
28427
448950
112669
641934
580828
475979
997001
528803
964221
640020
75073
193669
499486
203448
933505
889133
684066
803096
707285
969440
931304
91272
580887
459609
94729
597193
952698
849698
633962
879202
834057
245543
274138
669008
572444
664202
472841
721958
357674
847130
776035
396986
172760
961585
752761
817078
316157
347775
715896
814964
36595
119664
863137
637257
896098
889209
262237
683074
117524
694899
188359
893049
394046
579668
507564
407687
25457
494800
478037
957956
793149
714182
874973
822727
808853
954777
622687
409738
674992
363675
686376
349883
330684
318166
189907
884867
928314
830414
768406
423442
755541
651799
485016
748830
689687
216323
823944
691762
833470
568522
626341
592045
593936
591442
992914
312573
942794
714513
253605
278011
327828
187879
341584
985954
440365
43448
32826
597135
387175
337914
863859
114086
272693
473243
682303
444685
231763
923812
487602
457623
725198
481805
208370
934190
450620
44489
814434
676650
726843
707267
234592
855236
814444
79276
66491
136785
625525
94741
687532
200506
45585
533591
147627
393956
745420
397256
396464
123749
808413
656301
279433
921716
595329
747293
1494
593653
164141
505562
283025
828424
708726
799676
183419
164224
676129
522340
220246
396847
961311
239975
41771
96866
245247
755598
721508
693400
98345
331374
145918
589878
412034
483638
377352
528827
97713
251211
88872
111245
390431
474214
571234
717152
886912
514299
584085
426036
99517
354963
215343
453422
475473
340524
895979
424640
555326
784338
651352
400480
412422
830138
519934
639402
615034
825902
169699
977989
771383
140621
576923
970428
871636
151153
329522
786132
934308
330801
531604
496784
396936
682768
317931
318385
356769
451845
838852
794013
585794
364525
957330
801892
434088
473442
917466
39073
576220
514891
855676
10730
97061
251088
816742
485471
228171
158593
337151
788918
6386
95835
716420
500874
15484
105234
14318
337637
927095
414686
783387
560080
414030
20889
215962
30885
141105
893660
899751
388713
988511
953129
663277
613562
161035
268658
543390
926156
359221
11773
897165
336507
303879
520016
920102
525753
23702
311509
495652
653895
736003
610659
338511
237577
888800
25628
731385
796829
296183
247684
350688
19163
821094
787750
479796
864850
119866
293499
521605
663482
810656
251742
41025
409658
701711
162665
740173
544027
808851
296152
832925
770298
615844
860818
532420
919278
717756
123347
944708
17458
302383
556873
991964
96405
759619
647120
515837
261697
386126
902282
905919
908982
838126
903497
498067
281954
898519
367093
608821
614491
640730
97952
89362
769339
607080
362446
417463
856754
226920
797901
719006
641965
380443
844506
454200
130121
105347
407609
38276
870921
853988
791920
733986
564090
550851
390663
859182
722090
23466
716768
656386
360010
669885
62706
93831
211200
312585
270314
799603
140005
155084
799872
251420
365279
647737
739687
969504
253930
798877
906269
949511
72507
148281
200293
412497
599135
623116
488955
496137
563872
750596
191211
77576
70611
526451
226624
872230
997093
30849
968287
517856
597505
923277
192269
938961
840668
600360
142936
380601
580523
789705
978597
450937
345415
213958
725149
440777
258470
128465
919271
282497
160424
575802
3720
89801
544164
308220
611523
602042
986029
337817
587968
771367
799476
782977
209699
890765
104127
149001
803627
588624
442724
74203
83348
638760
926750
396591
698753
59559
928813
585749
759160
412843
605096
108194
710972
747339
531137
903020
729822
688319
636562
494808
140340
393488
20794
34675
985408
920418
81791
750083
436523
90305
823259
604202
256837
930601
685882
376198
91229
425515
645398
856595
149095
926023
572575
380561
775067
75768
994088
596773
376453
459465
87582
163332
203481
920423
936348
680987
100733
480816
620785
703130
584878
960208
156428
869811
205024
432509
625041
516849
797025
194702
720436
880256
67641
969600
552900
638672
982252
910471
237408
766615
692313
53826
585297
867058
564857
782858
141681
148251
565602
906511
97173
140377
9460
186048
650105
516469
189701
742810
978846
752095
508386
839771
650946
540836
269642
87773
90105
929591
743581
622860
572728
965080
407243
663576
773823
339022
454040
820454
85623
707219
472678
214789
364270
468382
466886
382484
156209
255988
774767
623710
862351
998473
139594
342647
95995
945523
455537
614766
361634
268270
378443
682700
755955
188711
105280
30249
974224
674633
387080
618332
490924
892144
936414
846125
143474
663253
576100
83976
398750
581895
364209
744698
188535
125966
238723
78488
221688
914062
181443
70168
353288
219550
896833
583994
699046
970381
523341
481485
311777
740970
479997
617909
551404
833778
955720
427019
627133
711649
639688
815703
251608
229212
890351
988996
995417
770363
115826
69226
846063
628355
444553
815641
737255
662852
966325
639256
986191
215144
83588
489600
237322
239484
887966
564987
106186
496883
58496
586415
755188
455710
792557
428011
290682
366670
761674
138063
948916
96371
155607
169305
921232
282974
857993
321063
810717
9404
378871
69577
713324
871132
616618
101399
980707
835061
679566
271979
936475
793148
735580
407982
328092
906110
131893
785872
262825
694231
16783
690881
286257
763766
462699
82223
753746
382062
306075
893104
606279
175047
768843
553390
882106
196402
581659
786625
901308
846660
572845
750169
797304
599184
974392
711869
944669
61765
539506
106760
60520
257782
816974
322790
455473
773479
626267
432989
980536
196268
456018
943992
962706
740471
538875
609853
74593
38515
494630
229505
91192
138938
775816
633959
895934
862173
24159
856782
482342
336596
705462
750764
955713
131130
676573
894952
298586
720585
349165
330301
671068
476327
2140
123666
928062
372971
807488
643463
684257
798117
764993
437890
410052
800325
440664
81840
690908
69687
760762
524496
747402
86084
716183
554928
940286
997670
271740
991233
749422
469372
447625
725830
335035
92994
103521
507559
372312
276471
46607
910366
965867
234792
532995
79692
476030
13074
985839
518345
364287
44286
339238
902371
133857
194318
619234
407780
965584
660337
621079
925516
609539
900874
910693
951126
497603
181404
896799
250961
982601
435758
83302
313418
548888
119747
846760
31350
475227
107314
429798
864096
478378
249568
168262
52085
360299
204771
364882
967378
865855
321195
215347
974965
526372
331069
423167
118815
18070
139866
178731
451585
577810
165825
976666
313385
12347
671217
210810
344608
672092
373085
173215
847057
641733
340313
341463
886514
487225
560777
448183
672974
932615
740585
160848
967852
909572
963017
37244
184412
979616
101152
523259
71082
823293
227387
403727
619498
329745
372266
617807
299633
127368
847535
860577
802337
310831
927006
409163
162547
94601
197062
225627
754132
988116
509778
875394
816078
111962
490743
721743
735429
621067
540262
787279
725761
750109
992608
157157
271965
638068
267125
672847
925101
158313
333235
117133
522643
585206
426441
866375
818751
398140
816192
105094
955137
954641
833299
635917
512994
859748
88766
627131
98292
989598
95986
417541
707600
672118
826926
15912
251597
678636
457757
609850
809874
989362
582197
970966
837629
361658
849821
315498
682324
432350
59047
209125
916563
459228
519153
911141
475711
173156
875850
568923
464123
752436
197251
210716
491932
536871
67966
34521
533587
796277
887465
825417
673225
803767
538870
886226
489045
65462
562976
729126
993473
107890
255362
682453
734925
331496
37661
675456
558487
667602
415711
259422
955799
482556
959900
274767
178436
328107
734349
764527
63070
420027
624664
411056
774024
528916
596706
273909
23403
465237
654673
744241
971018
967301
909827
214876
753835
711871
420503
672891
373183
825132
98431
562670
799220
8313
925549
282069
250903
494
606724
238417
853419
814853
25739
949069
457898
565640
999499
129865
604224
903889
929880
371505
445124
972530
108745
243212
622554
776146
424088
135479
537215
254190
208844
120493
104902
583584
676452
848638
17269
149055
403694
777435
465872
687411
442686
503953
901806
246717
506734
838844
379711
914400
414565
827681
287171
19584
969710
846644
174401
373646
887991
964222
223006
603399
357166
285467
37557
722198
450856
561824
408067
129840
100236
628322
647539
82160
61931
462023
737073
485284
799254
247677
890247
200400
440356
745708
44249
876242
2753
930678
388201
260363
86243
984813
250407
718883
53506
593629
323635
282076
303026
903688
701934
572634
186449
293713
214332
664532
99412
29569
894317
532118
758495
975456
129279
480191
284425
578108
203852
887306
95878
264896
702723
316882
829651
183308
953983
63895
811492
259577
809975
200267
904575
757337
933747
48254
926575
890943
902740
786512
779747
995160
938843
232621
32788
206236
477958
276849
612334
888320
458053
961780
833379
633306
691062
10139
554859
556761
466889
384392
898046
987802
97744
91166
854134
444430
851365
234134
401349
436959
924144
786481
651732
739751
708825
503275
584230
809191
865911
433938
202475
555837
606789
758469
113501
493297
735170
756553
189575
868075
131850
831399
843263
401343
832671
444040
997035
745214
562316
881900
493353
589946
492886
550700
88494
938166
211485
621178
856661
682268
246862
67657
98630
306406
833257
32885
244498
749095
880878
179960
453037
390460
79437
366277
686730
691923
297454
970180
490456
478571
791101
992370
338409
235990
116116
829529
432577
796269
799467
234584
38973
277446
969864
822028
15354
728409
223616
486876
497514
250199
255562
296408
621747
356448
62339
772732
532874
523111
958892
176407
842658
443611
685996
39815
937828
466027
717757
937037
768373
238356
22079
102899
713713
82727
523334
623692
221901
856837
529890
971080
941776
959164
974374
433774
383440
72978
240437
185655
860168
127201
524109
171008
19400
145954
881620
344418
124353
472172
807039
979679
724932
183010
974641
902606
393009
203736
211200
545995
887355
11780
111103
556593
156057
318091
586849
163824
304757
960063
614149
678769
443932
117779
468020
981550
828246
571166
562359
553443
540704
710170
190690
420591
322966
741927
596363
14394
909379
925205
304335
588259
838650
991819
660632
344382
776145
216525
523806
33977
880876
834769
823215
601750
686406
334111
24074
751176
891455
506919
567598
696358
961760
189853
118591
806750
509964
163702
864081
345865
741189
461480
287947
660711
254301
455822
296993
823762
519359
323081
834535
885933
484788
227990
461753
515965
152328
190933
832493
999437
760631
942773
544616
383662
982717
205900
341533
145795
604323
469639
973806
251200
147095
639167
662204
433568
925803
348082
473168
130335
781650
758601
719718
176043
72536
668854
479008
939061
899975
272292
454328
482061
781396
450002
772634
339419
356420
900440
611410
346188
754727
208960
743267
868716
968261
354650
539042
113274
163491
35381
838078
700791
989051
399144
874291
3865
338711
660593
100960
727842
323092
596637
496121
337710
437437
315011
143305
316598
63662
545490
382657
591238
115006
508233
325391
718652
608719
671526
820971
991886
861205
607
489883
887066
436728
346356
91661
462127
535580
623889
782641
30682
541425
487480
358594
466165
739580
763706
121657
965268
414275
630551
634459
573988
631286
362192
942329
917550
826533
327553
170703
287432
796717
325904
437610
546026
878128
47500
261757
131826
731739
782286
76998
204697
87715
689926
631486
501767
729764
136459
171884
285094
239955
785104
387373
838334
979800
450302
898327
626606
980372
416211
648682
384777
185719
360482
940914
885226
933405
396895
872804
818964
5872
892851
560907
642479
132980
146478
509774
346995
596146
952080
570039
997048
389746
119268
690796
730323
790596
790106
649885
576802
552881
372673
363620
532146
371576
7797
310448
807091
617896
568084
751451
947789
821397
278256
638985
272657
688574
474619
119509
409519
212900
572118
353990
310066
589670
339980
521612
368870
464170
576758
527207
6547
44431
501865
994482
331673
18693
374150
352971
255944
574812
398577
550489
955789
562440
597018
511515
849784
146004
802926
764261
111814
373549
595030
776948
197583
347977
218076
256552
530990
924313
16693
469281
962721
493208
101789
104556
495525
16321
951689
251462
753950
466303
837873
530435
891893
27905
900045
30702
838026
938686
241907
702834
545570
721992
189720
484377
576658
50014
13381
930094
303168
796116
767441
738876
993922
443859
448800
935271
58076
197827
549136
679579
226949
10725
337525
473967
567069
197722
484025
252580
965150
884641
891600
887280
780221
308395
572250
247831
168738
188397
548659
76648
951465
120892
883843
43372
670336
844035
289127
412
200310
711170
933770
300565
248840
717707
524031
772067
391346
108791
160451
400376
240115
580860
28174
141521
330945
521611
687600
93755
632185
675002
424024
646362
717567
226472
737714
239909
325496
757039
838149
833477
767748
94298
857776
966430
670833
985413
791535
300287
607776
337685
455476
599988
903605
687440
424726
672571
929661
694260
245041
363966
186608
20572
545624
918535
516843
792864
82121
706962
988883
511429
892989
184290
761955
70027
612500
980398
984299
399051
692721
319880
844411
858186
694435
581226
310456
211961
895693
354013
298890
489068
841127
118187
120285
729116
21569
949796
680620
8554
729744
430946
661813
462008
800698
131398
400136
591851
24851
541104
362609
57465
903015
596746
635419
554570
911655
813334
806946
468825
16193
942777
245607
853119
585384
66572
252066
597278
568270
297412
986265
638242
706938
138980
918258
959989
773781
919744
733826
623817
155829
764080
438915
331198
434475
264519
706091
753219
412540
505507
396149
74928
411133
712989
101443
168358
52453
435653
234431
252871
39953
889234
567967
224729
949800
512782
284050
790051
941618
141678
386968
275649
495267
407633
334754
128169
794491
409735
740615
218284
760449
544601
104304
292672
336394
734723
404463
900028
35838
640848
993976
492495
350479
218561
261258
528357
193164
40604
662261
572783
892387
334072
542750
598448
653494
262587
618401
297300
20617
939336
843356
89978
658438
208458
791511
482514
999399
206613
963799
148678
266145
431660
915386
373423
164515
865899
449282
405398
400284
949345
529235
89918
526708
449640
487231
266610
901443
449300
137361
173719
898167
772592
749151
972522
25686
863770
599821
516942
739727
716005
770048
659036
39220
331392
213201
556742
448469
912222
197450
174522
707798
197171
891489
684710
75254
852550
914145
697565
95242
694068
880293
416010
409926
572760
997504
234898
330507
73599
11854
584571
440688
992426
507195
654596
595557
60642
668751
783361
554545
53675
567586
161351
140498
123301
836710
15101
794985
165103
37099
937542
922250
207299
399429
682650
897766
609755
279666
328064
750686
400589
650891
256384
425196
1449
122784
769892
208189
47450
615655
694269
960644
200494
705859
263159
689144
237254
741527
26286
682736
539670
911241
811867
400098
458701
620777
426860
304616
593952
194761
869303
417323
680797
551943
722755
14379
780689
511194
937795
698769
524417
302
635281
491967
763237
727288
745875
362989
545295
159247
861700
769851
665584
170279
153897
571522
397825
354966
379083
456773
410867
991933
658702
275642
25789
32642
381318
588121
40405
197956
232532
255715
581949
875784
14737
605123
164329
18688
911391
462654
59888
852296
720751
94733
91723
911219
903295
582836
148460
752204
510285
426615
981481
459732
203515
333467
831387
892991
10271
513649
295541
575719
42222
107080
954950
42565
210343
766157
892497
666636
186271
464121
945815
659115
283612
834542
965822
464885
37733
76511
980958
934854
930515
287681
343600
523351
885186
791558
880112
95921
977256
410933
740200
368920
536362
684132
585365
416529
982665
523855
768532
521074
406977
452385
881195
676935
603030
926958
254187
997651
148402
233429
786629
304185
704026
662608
869522
482166
754710
552240
180767
311913
443725
772925
591162
443765
31527
562830
92546
986388
217533
532084
200649
783427
472568
537758
86833
596332
815949
711729
457146
346388
875730
622500
51939
921463
24855
261678
444189
397895
956934
170610
509784
743141
650674
832663
848197
417240
395187
324408
40905
769152
960566
719545
295078
930835
838936
558649
930029
18486
568772
545161
500138
818972
598520
308640
196148
981913
200257
27416
315525
477291
525848
58513
705604
444494
726460
429829
932168
549643
960454
776609
676186
270537
845892
629291
137538
728475
508215
852345
635807
171926
793395
504034
786843
440114
708505
787381
475619
361369
72867
127517
683848
250342
822684
737694
201019
575097
778154
313615
364420
732818
164968
410762
265057
933601
91490
906113
696796
912949
240798
209898
641121
43196
513017
282379
575830
719320
918598
140616
889965
984980
512924
205737
95009
738704
729109
903372
524692
585164
441190
436415
867245
314492
783187
648880
85064
645703
663659
780654
74536
732963
828364
257347
101043
9210
861830
570945
235935
90121
362449
717770
236633
112810
778091
558503
469475
416511
299028
367497
982100
927404
139988
789698
490358
558205
351078
934493
215740
329238
414381
75287
702636
883440
408291
777247
320673
611706
884098
215473
184206
206715
832355
696734
11710
436580
629742
783841
637001
975267
107824
365159
16244
765282
862396
390871
467033
2046
774912
844869
790009
261177
669972
583697
246948
337243
684068
574794
286848
872878
604340
922220
452000
274990
355687
72282
927516
51716
250492
122951
532874
9128
622506
918123
40893
585067
792311
189026
788520
871279
813817
277900
58387
420255
195715
580332
33943
450828
879546
108291
904906
17796
321913
351235
831361
381099
650163
407534
415033
664725
43006
86859
343373
566779
397821
125852
438995
466788
984773
817160
888218
333625
843543
73880
100434
108233
821831
498958
87152
734758
284923
482872
887485
409710
501436
796610
668802
309413
262359
84837
580987
158162
877377
510219
554918
261668
313131
17228
657190
632942
437770
942578
204082
402264
267746
988627
832751
852944
534825
408954
573070
352722
921188
37145
164504
812338
203688
350168
76250
275875
607031
214083
123470
979404
69113
369758
29914
179341
326570
40928
816520
156217
888119
847323
988427
23928
158929
151148
283398
704025
840429
658605
294457
213606
388643
493644
954468
257797
667520
384372
715061
216065
833295
133494
297524
650556
818819
769039
762625
261698
855485
565685
164785
645401
266815
847207
367859
565664
929444
720839
840836
683473
406021
799572
104576
668259
621106
326122
495238
931303
344935
819632
325425
919486
982679
629171
97664
788212
668397
746543
878523
317064
484712
61174
399352
213769
914700
266889
166058
734438
22429
459150
368244
371989
152663
781746
662711
854855
316859
960956
555802
314518
272303
602895
510592
714073
698868
570188
246179
438323
107420
975975
239138
625614
841485
343119
591446
410871
35556
896614
238571
336353
188505
91361
979192
952003
551103
459752
989271
517489
818946
196909
699765
424539
923644
429784
939371
903477
972918
355912
931076
549772
26421
388959
944562
304299
192887
815331
93287
937003
82257
179309
133090
299488
654035
166362
812659
817176
325661
434982
520295
984686
979690
410763
219184
734705
905435
850199
99435
308228
462961
76969
622016
812218
207815
354829
51565
980856
645528
837908
158309
960386
469032
750547
423976
288207
50304
96536
240181
984665
226707
80600
441679
789732
450221
846110
320334
460799
37739
48230
960993
65611
713438
837065
898587
799021
178119
183957
373246
1324
203713
401767
528864
981601
739957
24803
42795
331165
124265
31923
281260
825847
501745
925024
152146
548669
155968
451712
397720
122313
191243
174078
995059
29565
260286
54350
533971
810245
50254
838520
432129
742733
749030
717269
281877
146016
830672
99392
741562
915642
724917
229218
2851
170791
577494
851352
31409
255248
863596
128794
473801
752867
220212
48424
670810
222528
419383
730825
313719
303181
796684
370844
625922
113371
701696
124205
717834
547223
637010
525608
911596
253568
934725
549535
173318
625911
105345
570576
268451
327652
275840
223403
297999
757579
215481
466658
245092
428159
321603
155027
904807
746569
382465
131352
473294
517598
306783
39289
397302
963054
430694
577004
537149
133049
227865
692273
139443
526803
666417
61928
723187
529584
810025
474064
775356
836187
967899
815955
154265
959187
769065
232956
267705
726640
761057
603732
240883
167129
737189
181184
295943
379609
885099
29337
693199
957334
433676
957030
61414
38912
501934
931004
872741
245012
149946
158403
590853
220821
46528
278452
594476
581926
519804
438339
819818
551355
20461
357461
465237
224161
539261
780161
398525
813826
770150
660728
131745
112744
733987
630332
503684
51960
925823
342434
569698
147895
823201
914332
155631
336412
444503
889990
978974
263451
800576
820740
307192
749031
476733
308389
787243
232123
860122
542816
750280
261870
511582
619463
382231
832212
277310
114780
234209
195975
130337
186678
1042
909770
492542
292341
46987
424305
179005
694482
884723
641607
934639
191303
637893
930119
275574
698862
1726
668232
80757
109624
771936
322273
434414
939292
912350
974981
369095
845187
372991
898943
742521
927147
313846
645786
919168
339966
170595
935700
580654
238962
235422
510922
374517
59216
942514
277951
211157
178229
87953
554180
218730
665375
987042
636110
723649
12229
157871
580848
435287
874931
974801
335439
697388
928503
254206
511248
484381
262552
511883
563253
364578
803995
314452
543132
838415
45171
719417
288279
249319
14100
262509
720791
441093
657807
222971
7419
211121
474351
195573
918887
424543
568344
243073
521054
349839
535571
475552
85014
488100
233638
189110
381293
225998
188258
316801
570376
889244
668332
465055
23204
830675
460334
730641
982043
942532
250548
570071
241650
66041
99361
564924
453908
283600
639489
173006
630592
267552
49017
172448
199053
662049
187462
733717
989890
667489
697831
732821
641776
601082
886692
126619
951110
120819
876985
925025
507832
628369
509553
107842
361095
508650
13558
24743
225974
215592
772045
976225
175312
645559
446239
546325
399553
587019
439888
956196
153604
389137
519472
814759
168052
885156
606371
886051
621961
460381
626083
541391
694454
126616
597561
870121
154918
411122
271261
547524
208362
422875
296079
928504
421729
290620
967445
961167
206364
864500
827426
687336
521939
584901
4308
193751
67437
267594
858896
868179
859414
544022
411160
937068
141274
371413
320660
595385
674293
498340
618434
899520
433307
488879
237356
957070
202666
718873
383506
969274
916009
252982
183264
198739
187980
968874
856061
579703
406359
277354
676323
303873
814069
256591
602611
435670
359525
397492
214896
596087
704149
357882
808244
849014
136025
559735
616269
563149
651812
963749
489694
825474
775167
482039
826866
73757
664589
345588
45153
936205
88965
676165
948229
321018
631939
601148
861822
357071
635980
990301
23633
671174
185376
218976
985610
515899
300828
839923
551312
997124
203767
625582
254859
432265
844104
354286
186812
786098
205003
228750
876267
200142
52904
515914
254583
951256
352965
969178
916151
166627
544004
467043
482530
407309
872011
836634
972407
282031
628622
518432
803007
314879
694108
224077
292940
138616
779328
339177
763636
515305
581951
946031
135873
384704
802571
74236
496413
287988
703296
431059
409095
710245
691517
244377
877805
668030
533209
86115
446142
887670
721624
801241
14364
795477
270167
779322
671636
472598
432889
952253
505061
99478
273543
997119
814271
925420
715828
8928
584489
768608
816961
908756
905742
739737
998619
904690
402467
808734
106902
529209
314934
324644
154367
570863
124943
617687
879748
828546
473280
664661
53533
754826
94314
343841
295437
319738
773108
349300
666740
668143
973640
504547
246842
635618
396653
873603
911053
481711
619053
36488
45917
334184
333656
701377
544550
297341
977972
439313
600012
117391
298950
900605
194062
378248
446698
582023
54300
203899
265491
176486
145427
654809
314639
436425
171974
787041
152509
632865
385690
818143
302402
630693
74534
418633
157193
571350
972725
921622
352078
950336
90123
639430
76180
786999
432750
981294
2655
110181
135038
89668
588495
444876
530002
793272
256402
533906
561982
241090
257262
43243
482707
975427
454965
775908
853541
947045
357276
727958
722639
112111
215069
146465
740339
209753
828457
530319
375893
528893
622614
918631
464462
865410
872708
454104
181145
233288
196748
499755
713147
979507
853983
824176
519086
9838
807
843463
435583
553608
798190
787209
395568
123375
986097
573186
786396
76485
779840
543365
129084
124872
466124
420149
403087
814864
548201
137143
177165
98221
959391
5834
569650
786117
66075
11278
357825
718546
920675
611873
523452
24580
44533
580590
629649
239293
261413
978047
55007
390667
895452
546791
30223
962153
963722
899009
421283
299957
871807
163100
203460
235787
700120
752950
852261
302917
574945
908516
260278
835270
523963
745820
728144
79141
410197
731148
31036
876533
349545
748454
831075
829046
165782
592965
710273
215332
551290
946907
375752
160848
711461
795975
383977
304198
906309
483055
301256
327479
621749
887532
268430
720645
229553
203231
446453
21910
413002
562447
770050
864941
169756
206251
735298
853457
939038
41521
754730
756878
36586
298613
688917
174074
764589
942811
33359
880423
242555
490458
253242
682844
312457
468814
319515
79486
664249
784102
381695
164525
426280
26849
943905
463244
635064
290478
95684
906031
384427
678438
268385
420225
253434
806320
533377
26509
342415
760416
145531
812358
747107
388653
327055
319930
476213
262401
68428
261695
44474
138404
735569
167260
892428
317259
975878
654386
822163
240867
773244
810881
546249
632152
648319
537372
672794
215640
997051
942961
123519
981102
956112
842109
400467
592058
43668
247012
105153
496559
881819
786223
969851
19862
400808
760377
580805
973098
408190
958900
825240
467489
481179
61086
557051
562661
481488
631694
807825
639278
182356
636286
493035
242955
896669
323350
319686
864838
699660
463419
281543
725947
652012
593232
310131
857504
582953
334333
601597
607891
420250
893068
829467
19943
473929
931348
332931
354998
295434
303616
595567
561513
997755
606672
559811
284093
231507
234145
151451
379049
340212
451812
569236
737648
902465
449122
120700
832647
741168
601614
936339
601657
749047
948027
837045
212420
964611
536323
815440
225567
932583
650955
693306
14611
199153
569586
765830
29942
782376
401122
932774
792596
321997
685544
338924
483684
244263
370994
612029
595629
410417
133488
732534
605879
432508
83515
309618
160071
600362
641540
621290
909066
851203
942249
949413
245733
510743
880450
572614
900442
640456
199900
984998
294046
15782
358721
549192
400684
965514
381192
128523
37904
319559
614671
944415
680372
517360
861882
735941
318172
804825
811580
798724
95596
644443
543129
278619
304384
787611
822962
166579
774943
716192
157336
814322
97348
821263
497332
752491
716970
21164
570868
843518
438962
585154
287300
751191
612992
598819
511741
491168
661602
652918
165523
872834
526635
506030
429341
155297
210555
975055
867492
348872
912558
390210
516882
857444
520411
199981
508640
955363
858626
394489
66718
769869
154747
784527
173798
808179
222454
588934
971260
948181
91825
894041
964473
848081
657931
258478
186693
616569
307240
55545
129968
644050
273903
105062
642891
340312
484279
441105
558857
865029
520754
289086
477667
528171
517097
588906
519002
406775
391963
877504
506042
839669
716509
200162
441132
66887
920698
699547
268512
297791
698440
745066
496078
286836
251712
497125
835792
965269
859797
335542
538847
869266
845559
998522
931058
503242
393835
387762
219755
611027
524980
562369
944509
377564
122409
343271
459926
223593
545658
11254
257379
617938
166808
328485
532879
504231
795393
379581
743086
792398
284445
447981
488391
608583
85631
319538
536859
176339
917833
378873
840708
265945
911016
332713
351253
378962
187246
567330
488018
368550
199137
567304
234231
643917
32540
453375
330722
716829
225095
861340
545900
440547
478687
743025
370741
262140
106781
232406
475529
350512
674059
800917
747428
608963
709602
579938
305036
144606
347030
995619
7211
151688
498411
651794
971927
929020
511148
660370
913204
345023
585016
511132
928187
31014
921849
279294
492564
760923
55206
250562
61078
775678
435760
936947
520078
175566
27814
687773
864361
432832
93689
133844
626888
976408
212086
478384
547494
418949
439318
580619
981580
616755
856034
505864
6966
637366
882072
550929
561998
837122
895578
60972
235251
140554
619505
679331
558737
967388
142867
62213
949768
114280
77928
488904
266337
296534
973112
686742
412131
780442
404891
454882
299607
22510
721479
943890
935733
999575
725458
837584
869510
311936
396557
283546
688666
786268
590423
899841
326555
4094
413654
804209
248431
3029
374746
889603
457136
441352
68433
651861
715555
937438
493632
196733
337139
952514
360957
302467
635270
484327
476101
770099
337163
533016
577651
714842
975747
78709
71647
372934
853720
687505
806480
205807
799007
41088
10074
787000
460589
463614
298902
228680
190971
757414
467650
9686
982352
172433
232484
521762
341311
292108
849310
410670
648594
401918
908947
823606
520890
901485
781344
897001
251881
820618
243383
140470
900722
48805
221626
4702
108418
492114
921416
276147
550448
752107
152457
268927
832728
118010
957433
834188
421351
304030
350737
180979
117889
109453
56284
634004
924805
516217
363556
462491
625286
58846
976065
638117
126771
983161
605635
644299
884078
510997
556775
997403
442298
759737
968354
981285
745164
454664
754563
800014
587396
466804
315586
323387
365693
218566
736832
670199
601127
246183
4653
993757
386653
861763
273892
436439
591343
767077
420698
219395
406700
804242
183292
502210
752975
199288
169259
409324
322542
579277
145804
727207
445958
813651
412598
565179
655635
96246
874810
436670
682016
274699
218221
678995
927268
57863
238369
545642
460062
829139
466627
952925
282161
720517
372741
207606
732514
61256
410201
375691
878989
95224
416861
735030
980503
595959
171022
876717
328585
667634
756252
568443
192691
155237
336129
366486
281573
365642
945780
749230
856528
357440
529230
44572
776754
851249
714394
90769
659710
596241
336679
582352
479253
694506
772400
651940
516733
423892
798895
975453
855511
899070
151430
5456
393170
733550
511896
724395
304313
241842
482763
586097
199048
686260
348339
859424
495986
112057
540628
385972
11225
800433
813149
137106
792090
189519
270072
402022
993633
522325
766473
385258
567281
186651
471877
957460
172619
744463
690603
20553
551809
86102
426448
250057
734120
424939
840683
37182
525474
567486
192776
34071
907898
683116
860148
779552
100069
225564
314044
390819
12554
747820
956108
857073
978894
812045
351907
751989
101439
473831
783898
50010
512157
196851
586035
914729
35435
621970
865550
356308
325005
213436
356270
705006
575877
69359
972534
260108
475913
734656
797541
391263
889963
133489
607293
237458
846735
490999
357440
720049
610712
278696
946865
775439
759997
971581
308416
383216
375639
841809
551277
623681
732652
395268
833771
134123
957716
876663
41502
191179
189336
959608
961195
640742
988878
736984
836300
23165
116838
709539
183843
722683
877925
743919
581025
549177
187145
438446
890332
501365
678290
850113
59224
300433
636402
14535
239592
647229
201935
273194
482080
599530
439361
11473
510928
564541
950830
227996
961442
803536
238827
679253
212906
431670
556645
95530
447121
497916
599506
887847
668712
699372
355716
258121
246713
510048
974536
304943
374250
858764
928086
202782
516298
245860
208329
143339
656367
770482
402950
960676
216397
276073
779944
258208
492648
646603
820878
805758
417730
931150
185633
648661
653804
157604
871991
352257
777714
186618
195284
487511
807406
915610
308661
522277
659705
41585
290078
344765
913994
654602
274914
29597
808088
97162
552497
868423
629878
28467
483554
896921
349686
42702
511593
500057
194370
98167
572259
834499
865927
787611
267722
925839
203686
206319
398855
620984
793797
856709
512349
805015
173106
248206
450551
479522
964713
382924
327927
973056
809636
307243
618447
133706
888085
635174
77528
319746
241857
492377
617646
793708
230782
973952
307120
569841
730394
70845
134667
243536
336286
352643
409445
773928
220085
767806
626685
544426
903421
2243
712454
102574
242789
18184
808700
888778
535512
230213
88472
764472
442786
531966
17324
366788
20869
861740
389211
374745
304222
288111
49578
705834
756460
520921
530562
287616
60008
137371
409489
776871
426970
797879
795362
474324
295046
31292
312606
366259
476373
584433
628672
381217
833292
662114
528040
690069
108298
375826
71193
980855
114827
66012
8849
299297
780884
545715
712095
322685
224563
852774
399456
389595
995993
192157
129051
572962
660840
101457
31440
724772
102680
794850
490564
686978
387631
431580
300889
302616
793258
763132
661445
461895
257656
297479
51118
644650
76280
254867
7772
505971
372982
735568
491643
887223
634024
945337
734829
925156
860372
538143
425077
160157
675502
497878
214827
684838
597211
519002
287102
995475
958930
849742
806761
44624
617669
598093
395294
732882
623855
609394
405246
767487
891616
877210
665423
883885
49774
990480
954442
959999
937235
975510
467733
688075
233918
62710
72832
665519
881900
815635
10011
153474
543671
553416
146784
785163
892798
822903
952848
511423
167410
215057
988733
64702
859029
682808
548818
858733
862937
954457
849504
242604
424698
440405
37807
165215
720330
924961
372559
373264
336988
956622
772447
375323
42674
618840
405822
967427
968466
896421
364850
285172
813214
841674
123054
914821
426325
946534
484300
557924
256122
269541
230666
736914
261047
37052
623601
760554
705757
144901
384473
27680
493647
52108
706181
438221
24174
980787
22453
220035
702632
30722
257696
310940
96022
978362
569678
761750
326040
994787
219470
186124
180870
912823
325144
669770
856143
718631
123861
66790
392853
873100
610256
451254
594197
957412
236960
595886
79665
877990
49063
834836
442726
678252
693265
363847
93332
872171
804022
358873
610251
329556
257713
262337
448886
102061
880702
224964
697184
203870
857620
436605
854617
200630
774052
454506
805005
743546
667660
29576
601808
61986
574101
888818
391322
275608
316742
780156
285779
342547
268561
236985
867081
259054
72381
538471
543388
365592
677051
847313
4043
387895
463117
11635
822942
77
684417
455687
508911
781945
215928
454382
247881
180410
260979
704687
550736
269259
513520
414677
515879
387340
944705
906844
148604
655585
73986
303289
661948
907763
349535
96563
911453
908871
463270
775887
159454
117517
115631
751825
290660
357905
273188
495408
766933
147291
306804
899230
785423
3526
189751
278335
289378
994110
899296
640951
602985
814368
161134
315631
838683
610862
102853
860099
621189
571366
672729
931032
493891
935140
90927
858231
987023
933165
59259
350079
720517
902879
398072
471520
279145
507525
679272
614491
324492
586705
706843
38716
541531
850871
801285
906129
944846
234196
393244
912584
890371
858277
467069
819336
480877
274882
240488
809758
701387
626571
264965
689953
662536
103190
610758
859318
305756
330870
133357
309008
634563
644965
436097
395682
754921
862829
734529
57686
274708
491314
161186
120952
289023
550484
988012
176875
624023
144640
38544
101652
740172
360958
324266
850174
925590
299038
505602
878196
392087
990949
167401
728136
677010
723130
238268
557597
946137
729162
47138
150664
156162
719408
225499
873098
52310
630150
101000
283418
549865
633697
271328
189539
918838
508645
993799
857718
66305
642130
574606
190771
699200
514560
494795
387439
461136
105485
193749
539497
96841
2788
575055
272831
551033
686303
341387
770287
812651
471826
758397
213653
377651
854479
132560
668183
362093
542037
510417
459307
692930
699253
760140
871649
68731
346470
239795
295845
255691
847416
128172
768063
47474
866400
214761
875379
814481
492962
751551
800160
285312
714529
195447
326382
551212
66558
188329
780296
927612
29783
380831
312830
761092
819571
135323
861360
499935
323327
641355
155049
134073
816221
500548
985137
716822
20992
971022
895410
955671
356701
727693
699089
465702
669813
911686
529109
162768
287725
526286
680769
283768
607073
179950
991029
992381
10348
619473
573375
309441
79218
519053
564986
997201
954018
268109
291362
737203
565606
643600
748201
482609
79714
71219
438187
432099
240347
878698
383439
364141
845288
273965
91495
376907
951480
981284
984096
983557
961557
44908
75290
299829
202267
380268
91154
585994
699326
427462
503684
757001
42788
506835
677151
55897
859836
919812
470797
531112
282790
982718
834767
102461
372907
746004
114117
309633
26490
188379
933694
404142
346082
186325
142381
820826
699245
273346
169084
716133
823582
568940
997857
593640
386346
294586
598526
471945
613083
708797
266042
221590
187390
343888
590664
415129
61246
673998
188222
113566
741096
753386
987814
819192
261617
511262
239926
872935
605340
340117
387197
462036
537136
95959
168221
164123
274195
879894
615990
700687
707420
559251
548655
528111
424359
486673
275225
719461
306541
510781
304220
90199
131152
929403
790216
572973
809392
420243
707872
767005
813754
902301
917985
188629
565158
801575
687536
419107
830888
107938
996873
283359
725467
324654
849456
420809
788589
424597
167002
874615
283756
347323
480040
652854
356464
726162
447067
865073
448034
215428
774665
10852
369016
384287
850879
913888
303504
510583
377631
374485
794993
1819
987241
538509
432290
521898
917615
3097
918026
976700
107201
373045
364474
10588
794686
555428
973289
782861
732803
214248
923761
341980
527618
16503
699798
432091
100733
738528
349469
76798
157533
851488
126224
342348
690326
240705
533952
141218
417005
107657
239871
883698
819866
682297
816964
787298
347426
317840
376666
307241
403506
201776
974639
466507
213870
333498
735053
779421
413517
742060
856343
112386
943027
275140
501623
645362
18336
188906
482972
807746
761275
858443
639996
923955
346243
986202
528839
732968
971591
545057
64761
615006
75525
964156
425500
344983
893546
502730
885374
930046
673476
76257
753750
360458
393805
519648
40478
597702
156375
439791
420158
512224
867694
960332
836902
631893
624771
760213
833641
714630
608728
372345
726401
457389
445345
125066
438251
446545
123804
117256
522391
11969
190852
836707
537813
996602
121683
725238
834105
59374
149710
392548
588952
980007
742940
872438
313107
673602
758211
358084
34705
159865
613559
396552
876780
165913
779971
994980
787318
467956
430498
102860
625245
672397
716582
442300
190175
450795
841126
936283
777567
494831
309514
43412
584247
779036
482868
578129
347628
356991
373213
83776
296797
797042
168869
71178
553671
914863
247460
541396
303250
526839
58377
584632
526222
850445
687253
916609
467312
293077
410133
602203
482007
253598
205717
118794
543322
306807
525797
956090
67171
961795
292279
413053
460230
153067
13523
530861
201639
290620
827398
592754
608354
394361
212318
954796
646284
793342
711558
17745
415384
439123
923428
184806
290331
639680
802295
354365
427111
589794
7232
848548
581418
745739
516729
727902
837364
104719
832755
54333
94724
966427
137777
225571
742880
469882
547897
513939
898875
400732
111534
535709
156301
848586
911699
669544
406094
203102
710253
670416
556633
211712
725713
849023
865463
126540
746547
244242
340863
546819
175858
212085
440509
654507
515053
126023
399290
733325
722578
936023
704363
621438
621985
43907
96898
73552
304635
745106
438974
147253
117265
281889
139754
148888
855020
237418
635366
464849
613824
466120
429815
39012
319877
830397
720142
764722
618714
302862
373456
275239
625666
104324
457476
147881
640940
705452
154891
643873
806988
512217
715774
722857
144018
43033
784790
742123
940002
75074
606490
498006
678077
165989
84262
935583
357653
519814
393984
420776
616864
9731
496653
797162
746007
922256
942732
151207
824300
290630
492213
329873
773943
551893
183863
990467
747229
595082
465461
563398
916026
460465
618168
204407
895627
952264
121084
616088
411451
591690
894232
767822
771026
572186
119610
581554
3388
392483
745870
734485
948945
121084
379044
339805
42013
453724
676136
328253
848408
792853
694473
275518
733732
472120
628999
684094
845283
822830
642009
42155
274702
544181
99505
246682
654677
40280
734032
161853
598746
657050
137710
214564
743255
715148
894234
129018
307927
622026
610130
644972
612251
542305
320173
631855
197515
175801
933229
85328
436870
974009
958770
844943
634139
321954
926093
59113
962067
672532
444852
118135
449770
105221
368314
766111
17321
93849
529615
682456
241735
472557
92356
167511
525920
238435
639799
310129
112435
87628
374607
361921
246251
547034
398787
646869
741874
803412
574278
430998
39493
16311
947373
474896
195954
290650
662995
236688
554137
655258
258715
448014
877980
726361
824184
861397
628128
917720
609087
76939
884708
363069
993918
693595
432089
36512
955468
609794
657161
179861
923840
992451
133331
164093
173542
759301
19289
134142
82593
929005
115180
915080
155605
834953
419476
674894
341292
815169
900589
919030
674238
752376
895670
805913
451402
282409
138346
686833
753146
234406
949654
414424
208908
576095
774204
292435
409410
608856
749989
871879
582742
884123
650443
327337
72306
632057
643712
974287
693126
586160
745464
942495
318510
764807
743678
920532
439430
421522
570719
650308
966462
444135
336824
373423
646303
153165
17388
682269
254614
307612
742493
709506
454404
275858
414609
824314
716556
802701
939212
974214
567006
63819
965876
409463
936186
961910
541971
888270
39667
168018
864414
331443
734367
487706
430620
501061
323526
866652
21763
281266
596827
345210
96516
667835
99987
81940
757580
2440
71068
203659
904379
673972
551161
234289
676869
353824
613576
777542
99726
706065
701239
625937
990493
363528
517965
934550
574976
857488
827404
813506
888842
726813
660555
137481
611800
528393
512702
439802
916898
384467
499505
636418
666589
39587
473638
339145
699473
332357
101251
639415
770701
347877
794293
813025
97846
431673
247455
680562
261654
338016
470304
450639
493276
813198
297205
941053
378181
479576
316525
348148
609934
837448
137071
514222
269046
881046
129007
972508
647822
998779
63874
543711
989081
423251
295172
402270
266561
888327
701799
527723
978919
553106
814798
981548
339377
773879
697622
382229
165163
356563
942738
589821
269241
38886
398634
104921
694459
494846
203378
480748
994163
934250
912075
467738
828582
759731
393950
118009
527713
641823
815569
284516
281943
629916
575586
538010
269032
964325
802942
244048
998026
134028
443366
797213
936961
285537
66173
383568
746140
310949
709950
264712
611981
858005
992723
845815
821315
65019
229006
10391
542835
293695
972429
6202
996492
570277
4300
450578
956197
475205
576014
322763
84662
201862
405597
41716
544231
367713
708896
558966
125152
436000
201695
724606
434304
306276
747506
270077
207218
637776
518854
871854
234456
222812
703056
736649
38682
985242
857974
757607
695540
60667
273228
261467
525943
240880
924827
407961
721734
450780
614525
190214
308366
693060
574300
171098
395445
547895
864787
799136
72836
821136
35517
536137
786789
216999
381795
377634
872066
617616
772363
390149
373462
375927
109028
925007
836628
529418
83735
48228
81780
446610
866543
103984
215651
89530
295095
111465
131707
794366
378235
710347
952967
343616
255597
957314
169251
757011
949227
371666
373064
291110
432981
96911
909880
935714
726724
745899
484668
68373
836800
643798
889661
469986
31863
829155
258134
534341
470250
910204
244628
915009
328115
998925
526092
692355
335425
603656
524768
782646
825528
347541
387841
609301
528409
189406
199999
864890
998410
207748
22148
986287
653224
616301
393851
564333
58636
573122
435017
577286
485791
492111
392714
437699
793136
848224
264305
383704
940924
771988
824097
860471
467322
934831
395549
696395
825374
50655
883888
879142
331454
944414
224813
602323
596574
154657
286801
157165
837452
43686
39198
199827
976794
438956
587590
46227
470476
555025
752958
465895
86392
67796
139285
174900
945078
981121
260287
159084
272574
625708
248723
844032
37334
959854
210838
218461
164241
252443
243483
225922
453315
101440
644244
756105
484212
180592
557358
568005
246848
717409
195462
332140
420422
481455
45187
753178
687705
910776
600749
242630
494883
784782
632160
673507
914041
917458
503952
548233
665487
869427
283147
103792
898787
255158
89954
919279
520468
70236
382280
304095
736303
160329
855303
932601
92883
187317
555137
465050
722293
501266
535474
832471
793084
949559
524491
745608
990546
122352
647420
993847
594843
382377
452327
776829
815424
826141
406346
661767
789009
875796
612724
394598
690325
780926
274177
985580
70779
24822
218526
12288
986114
295072
162557
667181
938547
434380
967102
453382
93777
541832
305499
177391
708091
577712
737318
87020
240715
34659
819723
760189
741645
350564
361530
586856
559936
784682
192331
141194
568373
928274
605434
667380
726801
773131
571140
684231
252079
787551
612070
475903
414150
141789
408735
946200
208262
804297
418657
908780
245561
672311
983181
859004
383857
133229
884383
370364
166385
135007
995766
768905
256940
885558
150793
755964
489150
419510
690705
267605
18559
178019
148924
12856
977100
488806
466708
38019
879624
940591
50169
971539
998509
866380
540142
505489
610826
969425
153527
734798
691342
665296
953475
154071
84243
240603
406576
425970
307345
932009
314126
147481
676953
171059
687548
601025
422025
194646
353066
666783
542378
198656
927904
572249
957424
417776
131207
428220
454495
10158
383767
378165
694594
72581
536375
640018
848274
129931
45145
74787
881586
610311
931839
228042
223327
427718
927661
608655
350211
109475
484405
366260
22374
285108
751497
634197
234306
544781
995854
821281
349631
193828
449026
715382
878173
830734
970477
307486
871130
418646
881829
968574
231254
764183
606488
905162
557786
123982
55934
711789
114514
97950
660663
719500
990469
836266
845709
386672
691999
592421
999091
937225
882949
579059
690223
198718
813121
364991
569013
857397
845580
980612
419489
169564
668103
216111
395168
606906
301228
542152
605673
270970
85520
75393
519003
747086
923687
470546
91032
876143
179652
50530
126642
975763
310109
213966
462020
759904
583205
806749
630053
443553
583418
367675
328313
3541
336909
618236
835487
723991
316051
706306
835461
731658
899917
381348
329083
538571
978662
28343
332925
361679
550667
582275
889802
144613
17860
652510
752030
406500
882488
491502
2730
666165
421514
537090
864172
228924
832781
471047
67761
789652
695685
526747
843904
668273
655406
526139
403627
923032
330811
483154
780747
783010
812810
488233
729493
76983
450925
772208
77113
879342
62700
855537
988661
431909
589519
532947
993364
841103
189380
171566
140784
86171
172339
122982
20660
881018
318342
616844
318643
462515
105179
320198
21143
932252
798135
224623
538974
793082
968114
74481
120648
394890
73262
165064
725479
534962
57906
295882
762816
3941
747872
227053
761102
448472
688558
24606
57518
452463
460483
666031
986318
57209
10222
910845
509510
285425
791659
760414
867243
596758
480468
84815
206704
873451
528313
582765
493673
815411
354502
302751
450347
984909
434128
45476
284294
287428
154072
687826
113763
742117
831452
117240
405599
696844
68225
438943
139921
237745
214193
22978
543991
140336
876802
278598
616262
374839
853444
268646
982116
372202
988649
825524
157297
24829
727107
120319
193551
543305
188719
177824
9709
959925
255231
766356
828891
242495
200665
857991
973558
144237
693464
847962
275230
985644
575195
992177
492196
142276
995537
452300
441084
846161
647813
735877
487879
86841
512438
668684
392114
97109
618233
788587
410313
247677
747260
162189
361894
947203
433289
144912
646561
878545
255382
447658
694002
983837
648728
439107
134150
672963
212620
775648
162948
669574
846676
442316
867198
893375
550230
261268
565419
585174
181147
50061
506225
137838
671925
337208
482097
854236
738600
218781
683643
123310
340351
202097
61590
893066
341950
339918
816325
847401
276100
175337
921336
647347
711107
180924
432654
309034
243090
153654
377921
923085
481262
930698
942426
721650
332610
131436
633844
392950
17416
673754
623229
700903
237863
163771
341641
566929
452165
433147
991022
814068
842336
245804
480312
119887
812679
798160
847656
341116
517583
250805
499054
75464
817298
24302
231943
93774
982874
510891
660707
845584
436056
177941
856748
339336
489500
368247
226340
295688
891111
562405
175923
352177
617418
588964
692580
477187
955101
112869
512604
33703
226455
355190
614631
26769
957977
130288
851500
724122
482403
559844
774156
774633
694413
881073
74063
492686
346873
850929
181244
820619
946779
570628
113821
255157
50837
453201
390043
59212
877276
537788
212657
367242
385607
23615
230331
579943
522014
568566
91583
946704
702912
606990
168036
88233
63556
454394
564624
988855
209820
705637
852443
851039
970391
481075
840720
987365
309645
499884
884861
34879
2238
669289
786670
741255
186428
61019
104644
146337
138360
988486
153956
863201
130805
352669
408317
187145
983130
268684
144162
380991
881188
901745
575023
43973
422831
881867
293260
186671
50647
109496
191034
765918
482641
227418
479274
14808
234919
92463
981249
98779
516356
284268
243704
986259
489970
815300
540842
811752
900604
936416
91103
956154
467062
810854
109839
959252
706977
764859
266516
390661
577439
304492
862616
958283
616123
858468
73827
645201
717352
117364
700473
809637
863388
929853
614921
337627
320691
339824
576858
278345
102323
806420
178135
227567
661143
380756
818825
261104
538256
798654
403651
694437
497974
884439
916672
463116
443567
625141
651992
679589
849353
245403
875994
694403
621865
740592
715472
504733
754115
797360
560683
389105
177686
583286
558350
357225
178743
453289
358404
393745
201053
449543
4953
525049
839521
921897
279116
418563
885579
391038
347688
990804
861617
927533
200255
403281
518144
120416
357350
112170
64487
537371
602106
494783
276400
394121
480424
217655
775171
412395
198833
630542
620411
154148
706523
663949
359139
382826
436013
675594
823252
126770
614051
95782
296805
169159
46058
690995
90623
47663
457551
353796
58210
288698
742276
841371
486237
891180
74380
856237
727211
561244
566996
149709
347986
446383
655480
524694
68468
405985
769766
787791
932900
105482
866545
903085
147845
354691
490252
928591
790048
929409
688178
383051
768774
429488
130493
161509
527094
800037
332701
646225
99420
35122
262871
382305
675385
6819
870427
776715
622461
296171
418289
686328
987343
571837
387624
284263
537950
439091
809686
403902
243063
996109
381082
800648
951953
60267
138876
927165
268557
629211
766133
827517
220324
438084
132118
331706
254041
543330
876338
231419
365465
376097
884730
468207
417748
242483
166227
732557
199097
515348
665739
110165
690825
656907
172716
508694
189955
581721
862211
19153
506294
774608
702784
403912
33481
904468
468510
888450
439130
174077
339538
359602
270231
682923
644212
874586
780549
293661
256203
749081
255982
821825
318861
926143
978295
75680
680346
482416
311038
607810
432006
305518
904190
814513
176392
768467
802260
385058
486250
453191
429877
88465
409860
574898
92464
873816
330693
783633
961840
200544
76646
979657
190821
17055
505542
434202
654708
578533
445052
604747
282976
628456
516468
143075
875763
358355
991036
317958
766654
564802
297239
369779
201172
70469
862185
318391
15655
761454
795194
136888
971114
319127
7771
547444
66192
674429
951093
40859
195178
185291
2103
183083
548602
909039
742856
196902
213433
579809
998364
148734
228186
461127
652174
412562
247556
960841
355782
719367
287602
230138
36562
632143
524226
451500
271631
348255
630656
683054
763712
457104
34369
392987
32849
233991
858085
417055
784688
207410
185414
980304
388276
396278
686385
613822
935734
462967
690676
925746
24406
151810
711405
98664
910764
945484
581122
165247
988124
781550
905262
869222
846968
574948
489098
940643
510510
997421
918823
694279
690224
349496
197956
49382
449556
108566
406754
664202
326137
633060
117079
766106
822660
115925
70985
856055
271174
147915
403697
536244
721270
67114
850321
464108
53680
716525
682661
45530
403572
91911
51142
386148
977152
881203
377701
944509
476441
846103
878777
433184
408758
188601
231603
719405
54366
740519
771530
712548
415691
618885
259407
561636
852013
650353
339522
259032
383844
103451
287983
182288
120401
951938
230365
590050
288587
946823
898742
470837
267899
79127
954506
765283
455297
393911
556654
452917
614530
725358
799599
452365
301940
56497
319332
434662
740036
555867
530235
436453
975014
265325
276913
333705
301516
41669
492272
319330
398515
390690
938862
725869
615126
850
316883
562026
552011
506393
550381
814928
866110
423226
432182
517319
935716
940109
990520
394992
927894
428429
242131
456108
848092
882209
777959
20234
541055
213029
619814
27642
321341
807914
904407
266508
493967
589938
738645
414315
484242
555610
771756
895642
266977
206370
968628
143666
353436
233686
412735
378740
414373
286029
119857
654395
199752
473487
735109
140241
441072
179583
465330
441576
371945
338779
316285
734214
570054
465103
397455
595001
157179
56879
249426
972488
569985
437819
608247
777877
462745
58611
563734
68882
905851
448584
372890
365913
585554
306150
310980
904437
599517
355920
435499
42725
171141
668654
78345
618943
180346
749088
703746
326682
229914
744901
702585
490042
556891
962135
759
247156
54895
590948
332881
179697
645399
940072
113817
422859
466336
781920
973223
939894
428657
979391
420748
801343
68026
871134
21783
446068
475355
730923
991561
616234
267462
372323
741326
229760
273470
620441
909766
247055
875537
727681
931961
358588
133937
430212
572711
348945
182458
717516
46807
152926
647127
701623
307455
588426
740667
390136
788211
689874
987785
681643
245660
539756
859949
634840
312722
929523
717211
650567
596627
21269
62373
656091
560382
953980
870061
599979
962895
447470
583455
623238
344645
588233
796275
585819
118714
256043
413560
279605
867778
960907
30328
150195
175757
88037
213654
577779
946161
903382
793072
450610
174433
219097
597819
601982
220771
493307
327177
277192
318820
21142
51204
985423
893871
961379
691515
139226
5607
294748
81712
631133
418990
847703
633149
401233
953347
948030
10393
140180
970680
958039
334417
953829
98797
970428
314861
861944
786376
262128
415694
958884
898726
886474
262171
76323
403354
210073
269320
281087
30113
926741
53537
330171
851890
546136
81792
954784
657688
229128
851797
67466
989597
829175
929873
844529
912821
528909
108749
283783
862525
380789
836091
831426
265461
43633
743602
953487
935073
710109
203518
54693
465289
968381
311729
913820
792598
604211
825960
500418
906277
426740
451165
226743
759872
414170
572941
595839
911824
621187
826438
232038
324277
556057
554994
662904
829531
645985
314083
653597
852401
689029
453252
732336
263719
393856
47702
481411
113452
282097
176587
72535
190246
252755
442299
696130
480720
10271
13662
935929
541093
575952
282317
452962
615123
332929
325475
408391
770950
316124
500149
265726
362456
326625
275398
473769
859937
465042
480987
411959
800719
18599
74051
739691
425097
437051
676559
500747
788013
887863
196507
147679
340557
772532
707906
159217
860650
821387
36289
219389
153664
337906
423334
986067
992219
666166
236800
639005
303042
321787
189714
287397
616779
87307
748853
845869
750010
703803
197015
421114
906806
792900
673085
798068
975945
537755
120678
944438
4150
155620
137090
482213
694321
256300
532362
802119
659304
491643
445494
908364
181306
325076
630284
459503
689421
593893
966773
741504
46970
972969
972392
363877
254234
842057
353658
493583
19351
160860
533540
255433
505861
807940
737927
920999
591087
779956
302486
368147
731709
759664
317132
356108
25811
29979
58177
751461
328146
67079
151257
102934
338438
187459
855550
312029
375574
252129
935512
405105
620053
840323
176249
743985
796517
276875
441317
375566
786315
69693
69265
525903
42879
943058
38332
708127
214518
246820
718439
774656
127000
514871
878387
789061
259423
163572
858793
29324
680940
181478
543958
777623
745661
327240
945968
848366
179068
213196
645187
979247
483234
388413
663486
129672
891792
379264
878999
91145
565064
94464
152337
689007
695903
928908
711890
115774
74280
36014
405687
942529
950696
174997
246617
283031
933146
515972
184842
160336
507430
928649
962264
899584
35269
612608
485226
771155
506366
355563
942955
869324
9601
594335
388546
223131
943239
10110
989985
782141
5745
255555
122930
831782
609313
478446
627067
587155
974907
338512
729124
103251
268179
527991
875721
573833
896757
775288
979430
160495
990935
589525
216518
601802
773722
189234
709214
628814
577730
608303
974557
939826
358497
71770
619304
276398
380096
189985
567782
536943
758922
626852
946106
981368
400342
271595
264673
14336
340983
385103
83440
323845
333209
763956
393949
742052
111702
523327
412919
63141
631273
590339
254323
504847
257137
269603
623
898128
221888
369298
487203
634061
896271
194291
590982
603321
517945
310971
652766
298861
775873
584155
633810
765948
292146
387176
663353
276043
235454
76499
497158
488721
641748
616696
536486
698093
684210
19068
514601
193309
514276
136113
920673
633038
419464
815205
227193
231076
203565
937869
25842
228976
936451
717586
980121
90841
791088
544825
165604
422241
30422
748941
459929
467769
503244
827506
144795
607556
292103
428787
894713
788433
579870
636793
517943
319272
238357
304916
801839
430023
334922
988266
798578
265007
858354
254382
202045
241394
189975
355449
103214
387960
735883
768298
573115
369087
888223
337020
102249
878151
349182
971612
100705
259646
281809
822316
775744
526053
265405
606942
82562
186256
975483
543041
645270
347791
775976
571932
449454
799582
897026
772101
934127
510543
108579
450799
604094
772998
839994
589561
665916
401069
390225
297694
159502
999979
967602
927046
197127
518005
10485
482121
810089
4103
468164
173553
644360
769987
210007
30003
198274
216374
941812
261262
651100
42581
909015
199214
840495
50501
761749
356160
731302
461780
465590
946210
22023
53951
224949
475905
310101
86622
167763
233747
254396
840037
676012
986909
89737
465548
921720
27252
886920
297489
589594
576661
135334
750855
722568
174034
79339
94972
646752
476770
542293
920256
122451
592895
311781
584833
353433
974221
809133
498008
622266
759628
792159
483925
770162
825208
316226
763464
218719
657316
948378
884587
941697
812107
787213
551685
901042
755338
740475
72876
666258
479213
61152
44606
960614
479702
536102
469809
82918
723081
65485
213533
217109
196109
459322
570941
747801
597680
678869
539922
567863
842048
474763
747698
484257
569052
473423
685713
374487
961965
373216
106289
983381
864883
522542
347046
953561
135630
333904
909799
397457
723582
277108
585077
32657
96782
326151
878049
180964
842220
811750
927559
743480
248837
198143
955873
517999
438747
788989
813462
299797
211521
90248
561954
397690
880758
799565
968596
698675
849057
123370
464219
820757
517349
610016
678439
997570
631125
505031
368476
836151
37102
829036
735512
173310
385704
307868
174497
154563
41524
243038
399943
342564
746154
202694
419292
968111
548236
92479
360229
922656
195223
9072
254063
665291
274261
348430
245236
272853
861816
801413
435724
135683
757692
884580
702945
271740
736590
755815
774440
736735
416999
809815
525237
519960
268381
774282
865513
120786
231856
23665
362614
858664
750631
337476
945267
370777
329980
146710
374064
423459
62073
663343
916439
509508
369810
173334
657754
725018
620277
417372
939722
952813
44790
9612
111547
934417
657895
576006
25029
516599
834053
64168
209052
567432
121935
810884
41359
420671
453477
464773
673168
879625
950695
244167
252675
742432
420457
551524
451630
842707
382677
730617
801748
90491
763785
960916
564323
161263
137005
468545
182124
355671
36601
690347
711430
66774
419464
972375
691038
929648
527401
696016
881128
587236
174874
972681
658810
374464
572625
48110
242666
311409
44292
148190
467057
942125
782378
877657
743048
670202
669355
720406
782830
98944
744880
162473
984685
85255
588713
636245
706099
740711
907459
13340
520069
533105
571886
970852
883608
603373
796197
722213
569120
990691
375679
747533
163511
528831
201906
180539
163240
84532
584247
110379
817855
645270
886055
740758
103590
94514
914686
577262
378289
661701
943611
988072
308538
28807
598626
211097
40210
319179
835491
565433
505134
985764
548441
769768
477286
300
821649
426472
998094
2856
95371
684280
405786
267087
720209
346946
210110
525608
543152
759754
798545
303963
911436
33478
304251
968001
538041
759174
200451
821689
434557
593229
721564
2775
960391
638698
293330
370294
565628
165275
950014
152223
176735
801928
572522
822790
329035
689980
873317
320714
599636
377783
186711
169014
672904
885979
462804
552374
742345
666438
707018
324160
652211
248446
306669
847503
179847
778021
423756
823844
358666
648025
304168
317255
805022
994865
312911
902337
670659
19052
815793
552572
420871
955409
595978
367017
900057
914357
711086
435805
271526
657667
506868
34626
604109
594894
843961
44866
515953
920917
215445
80526
815120
510764
94762
8979
160264
100196
116667
190321
654028
123973
902579
697093
975457
552241
915660
307731
510509
827558
988882
694898
156118
744798
935217
354676
386071
946606
337313
49022
815540
464629
29696
676116
147717
14713
416027
372735
87239
67232
731718
716219
86871
185683
172737
879546
491753
576077
934678
960807
906039
992546
330532
598663
978943
776609
758990
664082
166915
784714
396159
563940
100164
861146
913094
884523
840519
329427
823933
349283
646338
996186
617186
91767
990372
350306
765887
441360
785496
441678
818696
572888
5112
586981
76109
504116
974678
831172
748433
981199
830945
47900
958865
115616
163281
836640
111782
919374
864019
264682
719545
9600
362980
533378
162843
539864
980197
723271
858069
507149
30161
115578
789382
172837
451378
238096
571059
650373
908242
110626
699081
683751
454679
386382
947266
25392
662308
889897
620247
820035
615084
550658
271586
888106
332753
313157
924103
857049
986301
165717
726025
91248
101648
623201
801059
542206
33642
149608
423649
203358
576393
609334
811094
818269
89966
169011
242958
841263
376444
523312
680963
714343
252092
942115
385080
197418
381201
892022
283640
745883
149655
931473
433434
923762
146140
690152
657626
483907
941788
370665
255883
818192
850437
666235
314409
885097
762706
932899
334598
671997
352832
901071
891045
593060
102446
617669
65010
310388
470463
808448
579577
264486
694382
295904
48701
859142
16727
205428
508240
562087
545121
909326
152568
916965
899731
928518
527205
974171
282391
503197
305634
847752
755416
825653
485417
914732
723501
835266
557365
440770
255123
406254
596636
429306
435083
196335
98448
910727
318163
628651
649099
229431
964718
362528
318283
201340
222912
884408
36308
701679
968166
968383
81375
225345
382714
778697
845781
362373
553836
863800
61681
767976
742719
437821
533731
761527
715790
255207
706843
857615
520260
234051
162723
230130
623880
993328
401629
895370
381787
510752
903356
72947
476672
69359
980696
234962
590757
408319
746187
89932
935434
879430
28662
494645
722655
147090
744599
88819
808579
389702
539676
797990
534484
289544
586925
180862
668518
269973
407819
130681
481042
232453
807894
505133
73123
133804
298273
905199
90021
69827
503876
16240
129852
57455
430314
412055
651128
633737
837231
19703
355565
198665
939450
596754
831003
603712
78368
593533
735040
523451
274637
892111
746832
340822
560204
245587
501884
220908
564827
875838
245685
830080
594325
697398
674192
375494
676997
558476
882304
880200
881122
448284
522274
603427
306632
703266
670901
976348
745645
699489
713843
517916
751842
800700
608531
699170
768817
107870
874587
433609
757376
793937
736196
29160
237425
720615
604425
275312
388928
211000
469405
944349
181717
794681
736115
912584
391320
713521
287760
369239
787396
77992
507090
916123
86692
864460
435221
53399
387077
239998
770320
59702
822937
293099
299935
472017
590204
602294
21248
787882
590397
87400
652281
323875
51075
512203
598362
804539
846259
910892
190662
138419
610685
660556
371411
898228
183517
922640
416951
15168
3956
787437
915641
856240
833107
461032
898164
469759
375961
542809
40222
440107
51426
920475
636459
72917
550063
756485
686458
695291
396976
495036
348835
760656
635940
831144
354146
367613
566067
510995
341388
2035
655518
435011
884541
94116
559179
410815
124625
562005
522238
199678
460134
167889
68661
462356
682304
972197
183649
355000
550276
193548
223463
499581
897023
9578
42350
145083
65293
449651
137535
451732
321895
292084
862839
140551
984257
724003
679917
831987
542664
138053
813381
497515
919781
816164
180618
156951
47047
373402
172357
643727
724032
56311
148042
674151
845815
792236
670436
624298
572972
918776
546100
790988
703993
813451
699349
797620
107099
852271
973424
521948
966988
525646
429770
769063
620661
648944
160182
63784
76636
283010
410564
538775
362046
377530
846692
834526
977506
341040
208689
89771
735276
565302
168251
606728
933489
541975
688191
313147
350612
961737
58109
472193
204215
603111
189926
313715
654304
230511
393496
906703
393909
604471
695005
260143
222975
415094
727450
495749
956527
569703
460998
197257
877268
432173
542187
430054
915241
502973
764198
928467
151276
877028
855357
750057
602313
550711
124369
170899
888628
876433
347344
580899
566896
422038
925597
100355
125127
79830
41717
442012
720611
757899
738354
919709
958569
186812
973102
195476
128598
162067
790597
765417
234418
239873
559475
408
895699
316745
214181
154627
769175
458736
412321
316085
160874
286492
468168
781305
703463
523695
397243
350572
773877
749697
400499
598973
918571
567749
131062
841297
619130
158567
934930
914690
702551
168500
941377
526223
875268
313434
379504
623884
711232
931313
616712
844339
837337
289062
431194
642562
588640
630464
541428
263552
548285
964927
771500
234479
389232
373598
113808
323764
744356
554521
456022
769697
951716
9539
64484
545837
316659
647680
549304
548456
972250
943935
505825
411641
622972
257007
620754
615408
976362
417513
23149
585076
891491
311434
125273
664112
977261
669983
102315
9820
98337
98525
596841
558375
865462
253854
881441
727659
620890
214427
74097
506203
800568
270937
300317
766142
641132
51019
884021
163441
602223
205846
53727
177577
46720
50651
189285
114580
372136
670744
903433
965310
922814
65661
676373
983916
8903
905624
898291
759974
419024
942803
163738
193834
414062
577198
879580
585600
795005
412163
14834
573265
28390
71628
993951
111297
949178
313833
594970
931941
123296
663764
900581
68368
974057
412099
449296
44337
539643
681744
713718
445308
117561
568322
744226
268834
143015
348834
518875
895705
106696
355936
871433
479669
917301
529522
578044
54564
237096
225459
75846
88316
485704
323937
742144
495003
290943
745352
929179
526168
327792
635276
453049
381494
342200
969642
641946
695598
902959
815334
389635
265013
461204
812851
113485
18869
370545
875234
297153
49391
68969
678143
472621
217696
305291
251682
734053
536687
303849
772542
369404
662463
807848
167128
498998
131063
949343
702470
36941
576351
703458
552523
805410
219966
317705
704933
762108
161545
39773
11350
729286
540605
215584
178612
643885
154528
793513
422416
521945
135967
586827
775182
478272
220449
968187
192071
221458
598341
570589
787914
683616
131622
771957
149215
349032
589441
443167
818586
286459
185145
200457
349753
396974
744906
10662
100510
670183
571501
768855
393737
440015
632596
261808
410708
116346
766016
972631
197096
587820
178252
504283
44574
623635
74515
913821
19966
951609
228203
929958
756172
845341
320929
180446
66680
799703
161140
615188
539359
822965
338022
933248
516014
312623
133331
536396
386405
698685
371055
850135
409466
358002
199560
663182
173430
487206
156447
998700
225707
594276
128912
24795
808930
635507
546343
258882
313666
396447
145759
104967
281245
227690
490761
708703
794356
493427
256355
349732
742587
97377
312808
567197
302089
596208
248209
158755
4677
25205
364029
712830
902890
848445
89508
648398
413889
962534
220299
109948
799125
692534
591510
813473
771535
904541
803395
627114
321555
817844
149223
681857
784179
326386
182127
95046
869148
506707
524464
733060
650264
722046
896364
699348
763599
826281
590705
311788
896933
478083
179948
186523
168837
300529
913447
616505
475407
194728
997447
743217
480532
11582
416179
68630
549113
644415
371757
432161
878680
996716
839189
132041
973363
834972
805104
587336
161751
784232
604076
853697
137002
960435
950990
313135
767597
968003
827890
338864
829897
708314
168230
392212
556025
984264
998213
11931
677723
697940
783051
582334
580918
877279
68292
296687
451739
32674
209442
375695
422183
287360
514346
563053
863044
934745
27600
614605
35568
94515
564770
622545
859653
112072
626037
894974
33636
781873
844619
958907
901976
86587
476746
362924
105390
731111
53499
158438
776295
850011
567514
611477
56789
282508
986902
512419
101628
291874
649884
873268
742810
882998
407062
767776
863297
443128
544656
597913
256656
738763
811973
602292
938708
107236
623652
611223
800660
211443
305887
965563
428632
255704
616626
485835
581751
15325
468875
775365
369911
460477
67739
120660
208666
207241
142293
144525
528698
371345
105806
698855
719572
956067
619128
606335
277432
127028
170170
712540
104973
130629
551747
134301
212763
891206
421280
422887
2756
312545
922437
829002
543160
813044
836307
93693
406589
237420
989966
659246
212100
535458
761099
361408
688264
295771
3015
35552
846805
184958
2303
795690
61516
873854
883821
881203
853280
10739
447297
356164
952967
329404
441369
135365
218214
992483
748240
354289
490092
352824
384053
781262
634827
165544
341737
660909
138490
829372
97592
931236
917575
242847
773261
381572
680783
475648
917341
900897
542853
841775
414761
506210
886095
877577
169681
59671
271518
578361
510209
148961
495121
41093
750342
933787
209590
989878
826613
665575
451238
145585
735555
958695
608039
347993
91909
564271
413777
292047
830183
179622
231003
843006
155947
548001
406111
919874
902782
306979
295929
292818
479458
793758
1137
936940
742452
325290
810879
52327
612831
976928
329817
926970
624711
331380
198507
143111
903588
154464
879535
932442
310790
255856
858596
660221
163351
131167
699962
3395
609106
863593
396961
289933
713116
550825
597091
599302
546321
92199
855897
275136
186216
717293
894168
448575
33621
379724
942846
282237
683628
503525
260587
111347
845596
94353
434622
672591
976280
152472
467984
211594
863629
267588
62293
118320
553149
200182
79367
783201
682985
181826
825036
853247
617297
356264
331222
189775
856404
979744
235741
210876
573828
971750
366605
762163
194255
415983
348599
929721
570229
568394
785712
298435
793885
821721
674889
357422
435641
810367
774436
960981
904125
317552
883591
97958
152897
371423
327865
838038
511018
633318
973248
813732
417141
694862
624472
168494
740153
20528
315888
369556
922665
353468
382296
160397
255181
86521
812772
571634
342495
356292
123306
907358
158061
647495
379461
596202
263605
8805
280233
241604
656415
350751
163307
276411
614868
196757
744671
107720
619864
131422
335349
565467
866755
465775
922713
540620
361030
342184
711781
283365
43220
900317
368870
595348
222322
113678
52781
792839
483150
806608
24642
643219
291588
770976
7996
965143
238668
90846
748302
710346
856187
58046
373800
438286
926514
231283
326877
529172
360498
932526
505691
675555
575305
733684
35679
264334
105523
909360
204859
102076
58383
800711
991769
687779
958381
534976
576835
50008
296051
302624
93699
422783
599095
916799
817045
305424
135830
790724
448369
59529
395793
192770
277899
737158
595500
899926
786355
588231
40960
160109
858176
717925
707655
49326
252273
969236
650815
874094
223279
766299
945302
806792
487829
476388
390610
309413
296972
128384
9219
954213
468313
147808
20319
415042
394658
205432
816400
541511
970977
110674
875168
77080
113269
53304
754761
973641
598253
580365
822367
345060
713814
571499
899534
262619
200987
389327
608584
429962
433875
293180
632496
396979
784232
203894
339631
508948
602420
720126
441720
979224
162949
744152
461536
669136
465319
753757
503132
210389
476643
609286
303401
286738
830716
260856
13098
536743
743455
496688
913086
276618
907082
482542
284913
930922
61172
805227
74085
821246
465471
199882
208035
892505
8193
655676
988480
228095
223313
348124
120245
417216
575209
784950
218736
920699
699579
140293
275341
242743
637939
589517
135582
399067
789721
172322
205587
753329
224629
390058
74484
433088
835731
749254
558754
866495
617223
661647
631903
197187
357388
58598
401379
604070
169558
314538
404869
927489
101094
525840
545094
983232
241395
453159
927817
716982
682054
701704
752843
447848
408486
926907
500342
887639
817156
532890
543473
277031
523501
151350
239177
515133
104177
320138
760011
922671
224684
15401
146471
200337
670795
698055
786512
707464
896471
484072
198027
129895
381910
544502
493973
616224
274550
111851
649674
425757
317378
768368
137665
730719
661460
632030
46415
342914
441369
198121
45128
432631
515544
702567
399725
39978
669414
396882
974532
255621
522465
185165
780055
299941
950426
122183
836467
593347
863012
218894
145034
228478
445375
94299
399968
932449
942687
729153
963587
652765
318203
133666
392922
261972
852412
113554
832115
857727
692980
356311
84999
32504
484283
424739
504308
358653
844376
235543
517595
69701
605951
589116
332753
656852
689566
938130
304852
624207
411316
857014
83507
753453
946911
889321
531439
187503
453768
349575
917514
732099
145328
177375
877609
573546
15950
646495
107650
750233
1379
878871
653004
234088
224799
974720
319958
950428
556605
546102
926914
845138
696299
63012
485314
550830
301039
531958
311479
708849
567221
769077
74308
930658
950517
263573
167574
460809
811158
601762
245995
427746
254752
282207
819785
583685
430447
249389
56868
955970
54119
66771
442337
867995
640141
639349
353237
210357
116009
157020
586890
61560
766435
780626
297745
369508
986332
821706
23313
443644
560754
263942
196531
221088
522987
50723
291609
962928
464332
620432
530676
910431
530701
279782
39720
622931
754703
835604
512572
536492
881175
117030
19377
907859
183051
846963
20027
785934
27557
587243
871143
736012
698158
226859
393263
253460
686556
605208
193435
192211
837951
871226
78462
94551
835131
300966
533187
677351
390741
882203
946262
51307
28808
955558
832240
656173
126380
885859
149414
826365
883446
287961
612413
955251
802877
291316
778757
576159
19056
502800
284986
398384
423010
350726
458069
347211
730838
161601
341846
408666
59606
590073
245190
865074
309911
116490
724508
210789
130289
343916
184151
617575
897188
69305
124101
384751
496911
786268
106172
310679
378779
496415
888789
47153
445734
36451
495290
180505
766996
501032
194478
491865
39907
316495
127484
767931
341411
584999
260761
714166
651905
924584
513804
111918
709232
786041
569432
853212
606369
874395
403861
540493
677417
574206
891466
832032
120597
427595
187807
422326
121481
52280
476681
78328
796
643287
337548
855432
990641
288897
28638
839280
463572
253360
927805
991016
935825
684939
541275
114010
570782
20178
85661
509791
538227
149791
174841
420169
822477
662065
996478
669377
686126
701783
671389
974250
616863
496452
58593
606442
813047
460079
574812
660700
361995
366197
23801
187073
845520
360575
677614
368732
530915
528807
306252
145398
698557
420146
732540
753247
5177
592602
978188
598203
49473
599578
419217
599284
585399
260205
220867
697296
318009
27963
308621
653579
616621
227251
30064
213789
678448
137176
342476
534209
700617
500940
56266
116267
418629
342330
581318
964067
217483
549234
16416
591364
507452
617438
888592
509834
668647
767341
235514
549533
486894
232496
1873
635205
240087
236741
85995
719434
538435
362314
867186
300075
820261
831326
126900
438387
211225
280846
532409
99259
256357
764498
162580
272368
293419
73529
899313
280408
242725
294486
782801
334992
114508
38320
798998
303141
555651
115256
500809
442579
660810
160942
606645
246815
776120
580886
222108
382860
938688
205990
887479
78098
785660
522412
391887
582042
677400
341810
350265
466869
176807
822894
550627
784931
972816
269728
679602
422713
524392
84921
951272
321694
670814
427956
809087
109864
665756
849683
709273
886934
909775
216548
86462
264631
969598
484118
85544
949451
191940
657360
865379
892606
211519
991266
5168
495107
515460
175504
138275
152177
312065
706527
401780
978262
233258
49685
394245
512515
668999
676850
3355
692227
580285
938726
367973
154355
377875
799090
496387
53310
317206
85898
317298
599544
123386
367505
106961
464397
744133
489040
275738
191593
121642
32805
571387
795937
449413
820604
74658
192433
175139
317558
124022
163192
469264
933936
634004
378788
896958
973084
388388
156268
877489
805274
311856
832817
733705
640537
335698
652548
828792
404659
343152
781153
327744
721027
766500
207345
144248
551816
162419
220016
140598
531521
919250
244994
820818
447110
56654
780891
366514
842414
841024
18073
922694
925096
529715
856466
502672
520895
575601
419143
58992
532108
905423
17680
392088
83769
833920
766525
522074
875375
848327
887346
423836
979225
375642
896775
982588
537033
254297
635731
927263
727937
342372
860722
110150
318677
880478
732739
369606
230541
546545
404792
713960
2967
408423
226782
663317
753049
389132
37926
69404
719504
76470
169765
423113
532834
454864
448016
84547
911290
826752
641660
506578
584835
110414
965635
128653
803343
203329
833192
725289
661894
812759
159854
194421
720008
568711
427991
544848
351724
521517
951106
305470
602333
768556
706938
20444
186289
814531
798064
424799
261256
807156
544751
718659
976508
503681
227610
25700
57313
134442
669746
660678
910292
969871
832004
172514
232483
315759
57994
444905
277769
129175
579040
777835
830012
617901
237823
157822
80436
910210
494474
481063
629743
15069
593606
91738
121613
954616
699539
65687
676011
709870
52307
196130
598619
684528
174732
261510
844935
395226
505762
38577
529271
505986
26184
591359
76443
265990
901444
192685
36507
279297
96930
860765
696734
159783
401395
926776
831393
448806
940763
977022
424621
827385
836889
586588
221549
475516
51959
889016
963971
950253
939784
366523
848764
493203
982703
680275
991750
870087
697045
53529
11293
934354
200561
606481
900352
88033
411038
655516
253447
937437
207068
958364
283211
743258
542922
804539
370330
56294
604530
435752
921189
774848
235943
849956
287120
379859
387865
303990
954517
144577
772321
175586
3451
812174
743470
278187
500450
471792
630771
184930
959363
940824
19837
761004
955315
706428
354198
68878
275086
314269
237006
837106
70500
869256
519527
269956
234375
981800
849446
807393
691414
436657
489752
59728
650537
253755
8095
705283
62657
542300
82162
736644
208549
843764
771103
721162
701900
635852
791164
749846
113069
578809
796652
482086
843274
808657
505827
252304
139357
112761
939224
386421
367872
526710
963384
673005
182084
286450
462006
687099
248490
217150
565406
530513
239158
220268
140462
223569
166481
946640
87502
32402
95598
266023
227926
509704
443363
349257
209527
35226
536283
474246
311416
730605
910341
726644
41046
554240
765258
205025
848339
496179
964621
647502
785510
359249
420579
750734
655954
337282
451080
720769
694999
556783
822214
941678
79578
822140
45241
104315
850859
665896
257035
502602
683955
998605
360063
984426
138939
536250
57209
139824
785932
967752
155468
634313
643587
618577
505628
747680
578117
50708
292443
280737
181510
646215
95048
898156
12573
924978
121900
132761
408037
368389
522186
649693
675907
134579
193255
905006
236000
885561
852484
314512
927217
33286
19243
727502
287399
176109
703202
172134
792676
657564
660061
425253
487470
474746
671050
409409
334656
28626
779988
383543
42006
148378
522145
312099
868749
346816
416570
234558
782344
316709
308319
193080
137163
259890
344792
984191
228309
931389
661572
621259
639670
378583
302843
529187
13430
929177
202376
782473
114431
135447
812795
71779
4790
529234
357369
37666
339850
870262
34818
306663
409384
254951
482426
430416
268815
49546
414472
705654
955362
430392
444532
466310
390675
57360
484799
260478
56127
830941
78983
426658
828875
306083
577786
79455
779967
299954
857841
515178
191639
485762
578835
391501
143675
408918
689392
960992
485374
535199
936800
673349
574942
655893
180078
967749
857645
775597
127682
892697
792059
726209
359028
717200
656827
369606
271562
63575
61449
227558
580445
143892
186395
215470
659450
45522
217155
702842
680436
69674
881124
70399
113545
20292
40276
791016
659696
937781
471307
988630
567781
689419
744325
514208
250371
528585
895656
509595
869277
415752
279950
147303
409816
348750
169565
448584
203148
238528
330716
938697
111726
864215
338556
275653
682300
239117
74671
619564
48489
369143
174344
725653
958666
765453
460496
20450
502966
879351
561968
397463
746811
3742
805139
174571
313078
981630
267871
995864
457402
608402
989984
916178
804644
802769
738439
200220
336941
192105
162218
729246
851092
536184
723339
613559
439184
890428
946723
187354
615145
775745
650727
293193
736324
854660
648230
222604
153404
9042
839218
770591
937879
203115
793814
17818
108044
346899
23481
367714
497816
656332
801684
861178
944641
703066
586161
353161
160265
532891
835433
676088
162340
791933
36665
445224
427464
437450
197056
429838
971563
669719
302570
446405
374371
858557
226414
462910
520517
449448
973865
840571
109709
131005
783960
283787
159400
430322
815716
770521
178067
415011
560021
19117
890127
245654
658413
338530
133464
270101
290294
515084
335810
198209
633370
759370
292234
25911
831907
400649
576047
846256
376143
840564
841432
123194
727064
40132
260852
737469
633345
135055
871014
671618
194160
428747
701060
81526
691206
282397
241533
549777
579846
295737
735922
729387
755424
675519
537033
996910
205539
226335
427455
506271
735752
167563
483758
595619
403399
713735
461576
86506
838609
618979
269899
325101
529202
22449
7664
747639
39015
882514
284861
933966
663907
323418
216248
499814
859919
265146
986962
87029
955146
267598
201089
518889
992540
35082
510018
460381
922240
222842
271586
915456
669779
634825
505385
400298
777896
454620
691105
641456
487430
831352
103584
256242
70629
437630
781329
933537
255120
494515
137430
541420
356711
896830
93987
862197
233681
444955
737271
734693
550742
649475
743121
634772
182433
260399
625992
634737
202549
642133
841035
317156
900176
620520
162125
201288
221347
80528
78447
289458
503622
525293
685738
707413
724387
109883
294304
31080
500619
497150
658885
697051
618870
381422
657815
31735
799633
877183
764430
694741
434807
600856
403382
830403
891283
214156
96410
758696
953171
320489
694855
724914
556948
833006
768646
921280
400369
90381
296493
5914
3720
521905
560253
696088
836168
408005
175801
608585
439218
443629
878040
908771
854511
800300
360473
416594
825390
690101
610884
912869
941492
103711
496241
472615
651878
421126
348766
666456
667755
67471
341902
632184
465154
218558
451500
392512
148707
629978
507566
718813
154045
496803
972012
181906
623025
728238
356203
623087
624525
723
193795
196224
928200
42220
504034
914812
686199
928310
373657
53822
166292
950573
763126
576307
200718
37574
955893
564274
395202
457791
46220
323602
26619
354422
550848
16068
399703
497589
393492
700222
690014
994649
804549
745494
391897
993686
30838
405591
814189
151594
961941
605881
498844
332196
741081
867182
661583
638347
232465
734206
77541
136098
536010
127681
545355
382395
82561
201232
929131
690114
700114
160725
434786
248247
281791
908088
436302
433765
257350
557605
991302
603102
989103
579509
668058
942628
88794
334406
33185
402301
649440
328664
463729
943490
778353
709343
90085
641018
113242
272891
523970
481231
840993
799502
907381
462592
898509
525020
901953
599217
706290
965794
190541
99608
524974
494358
128775
309447
21471
233359
751282
340569
478832
386319
465325
94946
503902
355960
606585
308667
472697
812353
951710
8072
346979
463189
693364
373204
767199
179004
501210
787949
581162
162434
88467
307425
204572
912913
258284
912798
267240
565340
621672
320939
643233
254575
109594
432292
828937
673085
244290
945168
177121
733439
262954
61755
342265
615804
703002
2023
70567
67328
59363
414372
61857
338222
312964
777096
797254
245760
181284
105470
55063
986024
60250
855272
549717
877148
131895
259773
237050
675364
219154
469103
699473
791445
757469
51255
177874
913723
274519
907805
884055
99058
856832
696538
92702
560525
690117
351580
844132
99254
904864
765622
183206
421137
726871
279338
453580
233938
542036
128253
123411
126979
610236
274740
535541
202972
755525
320586
385444
461162
990278
917981
960352
989481
124381
275833
406008
666809
365069
326312
676994
684263
767873
751352
315534
315376
253465
411888
531396
313305
285676
373001
798387
291246
55501
560886
956618
255390
429223
281656
69390
862191
595671
781250
862474
329699
739132
971315
213232
640177
164175
794199
97822
904511
938710
777278
722908
279573
805557
70180
620858
934579
878482
786894
513030
656920
871645
203221
657462
967144
666326
846745
982739
302578
527169
763022
149689
286679
377806
487616
294631
60192
450144
783531
301880
546430
138190
268887
83444
997549
538394
553532
251074
599773
848106
702253
70577
390569
804341
409769
750860
618229
719117
595034
941479
628566
422911
628426
109250
166562
560795
839651
204516
67761
256443
306822
541643
128625
249298
955691
513726
78868
714343
919848
533735
121944
147690
690892
615804
372198
323490
940639
940795
807347
853196
951689
414283
252190
230189
564345
324640
22100
461265
606558
130009
851111
273660
200222
636800
773890
263323
600815
323326
772188
574001
557046
117207
273461
190412
745513
100539
549383
276986
927046
428273
623270
36971
556580
104298
210224
640
568711
930698
573513
737960
26559
20344
92761
297058
614397
790139
932244
587816
627251
485953
582813
315398
904511
155100
202122
501000
351410
53052
423357
756562
784253
961212
585374
259651
410106
482547
127870
840276
580962
342123
279685
636178
632125
234987
906322
49649
63474
172497
213017
64353
885114
924766
421565
666475
163637
693994
755611
541338
172814
774924
396769
687991
473868
929928
839014
648759
926520
275625
955893
830948
786394
460059
27680
492974
184184
64263
307604
890615
120103
360427
990717
917289
293079
489483
725738
135713
133476
941545
805435
311455
98445
468116
249256
953173
161537
967559
683418
295731
317597
901043
447877
401284
567893
688108
592134
795937
624312
62941
674949
202441
202037
154315
528876
999921
360065
838
867126
395053
892576
586748
573338
261633
668014
639773
335173
32317
615905
183408
935409
675264
829522
553646
946770
362553
708428
445332
400685
980623
257236
689919
476271
943211
296283
256335
745105
368488
743207
359200
710932
291492
883156
318563
950986
446892
825436
467685
309780
485157
636928
241363
738908
766881
633928
548128
311921
146401
198040
244728
427354
33367
660578
789118
642398
717994
364980
828459
233075
856937
255252
896182
680450
157269
179855
319874
92250
35183
476306
888879
773225
259763
713517
249724
261491
957828
65584
751969
617215
782011
354443
75156
932156
518906
118735
50899
616731
291325
625725
416723
598876
785688
756197
226436
303370
562588
915224
576770
370867
864214
40106
323241
155980
741217
498592
668033
747582
504827
725391
116037
353662
860629
647768
480262
731627
573623
884939
529276
706139
273045
874713
806156
212402
473330
953489
700190
122194
894985
266032
468927
537102
317920
265778
437284
165105
672631
486814
417901
783735
749136
571564
773256
451577
166897
921706
889230
836723
94237
29529
839766
41093
320645
349389
280380
632674
969747
676568
363010
740843
889950
841104
71412
375036
156793
487305
307561
997116
925303
588067
953713
628277
34775
109723
535106
279308
942780
430369
509193
768319
886045
765570
326938
347794
533979
516799
299254
689181
300172
213206
751911
275189
811208
251078
167662
81199
900229
133383
254429
307763
290314
179908
744729
596987
882090
942343
251923
523706
846390
100266
521107
938846
436617
836106
434761
777473
673750
270112
319296
109819
782672
392478
425997
758337
607953
320080
283911
643874
556659
199194
384130
25015
893974
644089
118476
51989
546516
668368
858435
320046
336052
807887
682957
607023
443921
603828
971824
127469
865918
54332
188795
209300
164375
771944
704925
790933
824295
317700
591742
831911
117158
587148
77733
479666
358129
241952
347528
496592
659377
163825
900989
292786
354889
460395
80455
323011
862738
290410
408312
800603
178221
821860
699045
851095
977740
245903
268923
904563
149464
395716
411252
788745
921245
153461
325190
88331
786685
456313
21925
700119
824077
807534
445988
771998
644692
504801
729417
208495
433890
73076
684685
567167
745612
77049
373998
386389
187999
195543
667121
401230
538334
314559
610302
735819
951558
643681
557504
940320
874365
540375
858586
700254
125983
758080
213775
478091
368943
833174
470746
926960
288638
941756
755063
24185
124440
810411
489291
800518
62336
491846
826369
498721
180594
970723
790495
297814
792931
580100
556466
164892
818672
696757
190097
939333
28776
559850
754555
86007
923100
665646
763419
308798
749396
943391
565268
483950
557881
819076
14818
418345
217162
414523
948028
837363
973114
585295
586396
1356
700760
626132
950837
16238
259961
501924
960876
586657
916928
909529
131656
901667
448935
591160
121402
374552
39078
839800
868898
604406
155231
962041
625353
375283
519167
919830
335814
159422
220660
543870
872633
464588
877720
802610
541390
236741
601488
955251
916759
910894
517765
714214
767996
835077
893097
993083
20791
237098
845187
654845
905198
379955
757916
473800
557270
406493
856473
32211
648896
864911
129809
372378
108136
560094
341966
890377
621707
242856
664742
581520
451550
277856
132896
817940
606296
894979
221872
580329
398779
131653
467115
227274
680010
942981
456776
965651
902941
329766
118789
533858
260872
794937
651259
466984
972702
990158
736810
853487
982495
669932
123759
330542
325292
344605
700714
784834
656611
842193
233233
454477
166066
216949
470931
44205
591685
48886
345760
296055
173923
733286
249639
377694
673686
873424
628835
278310
939411
792959
193649
243686
865815
317119
606275
718743
111523
932340
250232
102366
468582
509021
143646
527753
353156
669179
119904
491544
323874
679458
306562
343774
197364
725417
572064
631966
863236
130768
328828
446608
226703
623089
850767
554665
979225
744142
262207
670273
130280
928959
477648
591943
552287
157687
33149
678047
10290
873957
86037
232328
554519
456758
58682
812862
616312
685121
234487
744581
409665
872831
14797
230187
954630
193486
195088
15780
717439
673494
332753
539033
117792
378951
613850
90704
355745
378191
703724
436572
304263
110201
474087
158791
881808
989999
438096
557835
39669
342806
79339
41866
23703
679782
643606
243577
286163
665057
737811
158260
661823
539818
756326
117561
11952
765282
859832
42151
817718
909005
445828
784282
953034
6692
959028
565663
543033
429224
946359
293857
590696
661794
284103
775439
285720
985174
367403
320996
807189
647683
31786
637663
473495
638421
245188
679381
503275
887745
275835
424971
712433
241621
160639
563160
297266
534799
164657
779836
377048
768925
364556
396743
687046
623948
126940
144408
660406
154842
657403
332718
75783
875572
375698
53774
189622
248589
562823
180111
396968
803650
654035
775375
569999
495532
333695
917748
600985
72555
411431
523285
790006
631715
326627
976380
640766
807076
624495
965004
556053
858308
134669
705651
817912
402986
51157
440774
499179
40995
936381
7944
165128
900949
675638
264979
447017
148253
965623
115815
477325
514559
561236
696530
904685
617441
748805
221627
137962
227625
446204
572529
563075
528244
651415
253805
573692
764007
744910
159634
106246
246494
172396
131178
536058
863838
9112
629154
724933
462782
239594
914988
79216
708165
796320
378449
887168
326875
231069
778368
593716
723512
294507
426871
238815
829213
566334
700817
849615
149827
146260
568946
861847
265233
160495
748680
815394
780687
713408
542527
727130
975
765672
781462
541186
946566
935494
173044
700637
828365
670394
428358
155215
656737
444827
279294
958176
612843
435364
207096
654967
595458
203510
306584
891299
776130
237194
640332
542275
847121
118131
461489
83779
191757
892041
303586
216919
513700
235839
447467
459260
445828
726324
735992
396502
397422
966980
769403
143612
451881
321421
892619
47081
396820
441022
863988
592512
275973
576975
536731
194161
68588
495774
330792
380119
792549
446463
266441
635352
196844
568210
556101
517984
79748
788588
554956
715476
650359
104308
48040
471716
223401
805009
823634
373105
711286
949654
647565
576339
511866
782193
245623
961026
388691
482653
39113
17505
654105
103776
762411
897480
646963
271994
546804
625251
938283
718618
825883
745986
84369
232565
57783
95711
426538
792096
930937
894191
690539
233346
201183
357922
759271
331653
455811
205055
357
224398
314824
598884
599016
102345
856958
363011
443653
151433
94078
133266
771538
203124
190726
324732
803945
326941
851721
998416
626132
986773
990049
120962
877087
701217
894417
323789
531084
961467
174972
69936
956881
543820
151585
425050
780134
442013
488119
526839
57047
153398
516558
311535
779684
60263
159141
582983
876656
81977
567069
744023
358458
463830
900409
381309
791694
764862
94275
830466
722589
530072
313368
89898
951382
712766
516874
675755
659894
906703
410169
14902
153192
735974
943499
895822
580843
8869
861176
746779
533352
341240
739053
368252
740446
232278
257259
949888
418833
951864
818702
972152
638760
384849
865226
267007
259260
934119
237978
428326
471913
54517
808657
858362
655155
979966
161357
335964
732341
839443
979394
733469
742373
513
73505
868713
335440
634491
638409
143171
822358
218225
153538
571010
679605
928891
424984
217958
706525
526510
377285
7888
87984
824613
466498
356205
862687
579379
897782
658955
686180
833412
153675
728452
959591
218301
410414
366078
744293
685759
187053
878794
646847
235354
107394
360393
808442
778013
107968
536470
257651
379817
211406
984036
95297
438048
6270
438659
323205
513555
776315
347949
96463
707580
135773
221688
492029
456390
590012
693334
909534
274115
250824
363448
302113
534353
971081
732723
263604
351390
398706
44423
754873
823976
476936
680243
918165
301554
303393
219137
660927
489770
32975
341983
936503
367912
780833
93336
309006
917228
360365
851187
891674
133676
698695
256747
525372
597933
190639
171860
491902
169706
89886
762113
738714
957832
418995
953485
389241
800394
328217
183042
15983
534425
958825
761804
609035
129309
53091
302480
416135
559751
531295
120561
882642
605740
44282
318808
434897
414032
991702
244074
887617
658265
706328
676151
456689
474460
278134
663068
931784
595027
134088
631987
980817
957847
655196
591161
629995
593771
376640
525383
81094
85218
378474
668244
701945
657653
82463
18877
714307
494620
889413
209434
736514
975498
601945
450529
565465
56415
94047
910047
52689
123061
868661
668423
709487
494525
884462
151187
413116
102240
235249
863156
811535
677942
532524
279626
639646
874966
378637
419078
119280
671901
791216
341523
302225
394163
653393
723624
568048
896729
163560
499202
852120
234305
104112
735197
915388
386095
829239
400421
721468
535340
700706
474574
651842
441338
362048
925411
725159
158261
183470
413881
853589
543337
149170
843971
206760
933489
241661
116497
778534
536437
153188
268421
390180
278980
253277
998916
756725
587870
20519
795961
657834
188022
74725
358314
259380
773117
70014
716918
363093
865413
794019
820879
427045
419714
980625
565878
276382
814475
809752
637760
71012
386158
394640
110646
637738
472327
427534
676511
624488
265853
889574
5979
977604
929927
22801
831732
309955
170150
795613
90529
74131
940645
83471
88375
1237
347010
102433
491697
822239
860505
800456
318162
94819
627881
985283
817655
628692
764136
84552
727390
741651
880215
212253
538079
685311
679082
116304
531630
816155
727073
143697
172477
292583
402865
314806
485293
836107
623053
23091
663585
156237
344091
398473
103869
375026
689044
61499
368044
774011
365641
424949
561253
392619
931109
389682
439248
849720
344310
527116
517173
59616
558413
142207
874329
736822
207130
401704
391639
157952
436617
669600
78254
203193
957501
254791
77787
586057
15640
331890
668433
617171
753389
813321
557573
965790
293310
46085
521311
870440
380925
514766
332082
987413
971483
990838
721990
57599
869937
834535
486363
813799
628031
42560
544353
603862
525531
788671
784103
612360
470055
822344
753861
966037
132758
432426
133486
561297
758413
810907
786054
56666
884366
400683
771252
596713
466404
607369
703557
557879
556271
952939
600557
163416
21687
152255
734973
520741
987322
692283
171305
643267
831906
778238
532149
189966
804200
868691
346649
738410
719540
338923
441981
124581
164932
705803
2147
169514
71367
120870
353867
906192
995506
735099
587513
312763
54000
275709
790363
382435
612839
17795
608260
487351
353268
40542
479016
63356
535228
612990
791850
869953
736550
458418
413608
809549
964078
973383
158854
398515
49957
409247
444141
77556
810273
325436
528595
694854
811974
661146
534854
415539
358927
825344
234251
800350
531717
977955
275452
330333
910074
601235
569371
453600
56489
86321
958074
813683
19355
614085
648945
903973
378343
643921
880059
222261
693098
657207
123119
741703
108233
406036
317118
57517
780422
201084
874258
462674
862566
245688
924603
516789
5406
706282
998404
981571
337588
818541
833507
385779
186868
168610
801945
925984
49521
199336
639013
270392
970265
646390
778855
139918
207099
818582
14700
578911
238512
463999
11218
805178
939493
525174
72130
719140
456853
546653
441363
913838
497514
21073
361915
761585
440070
679450
383532
773064
737893
704678
827050
846089
448340
388276
994786
731635
409426
750018
295780
362188
234539
619155
917189
955629
689424
644187
589157
720079
535055
672525
967884
265719
528875
638941
959065
417303
412664
586143
859856
993055
833175
982018
943945
13387
780470
342225
917026
904139
64615
685472
522425
811577
565216
41334
80417
381073
9834
848760
87558
408179
778267
147831
428436
372550
323192
563464
576696
892702
695940
488622
31652
265504
870652
816887
566655
62064
222278
562610
224262
451774
262849
252382
429843
628819
381760
112112
154999
260627
231167
227767
355798
56312
332186
170475
114489
421972
851361
428791
862452
697059
894801
971227
421639
103646
664260
881202
320288
702794
324823
167037
998564
51910
573167
526402
648674
333168
949113
217497
578009
813215
556899
908966
226015
688806
190713
377148
574904
615398
115259
53509
560957
756006
755915
507944
384807
165963
893716
79455
206502
798486
373795
516656
107985
504524
639286
133273
162396
902703
55701
435144
114685
291588
943970
167402
21881
759259
19737
167982
603065
274603
215102
731530
835454
639824
924986
229885
829267
187723
672985
884450
551246
25686
833383
679905
952625
953255
506783
223040
525446
773775
904196
334884
323074
191285
21446
810004
218222
937024
444444
989347
529161
204005
519394
740360
618275
929072
860062
456148
555541
199041
680033
498768
817728
274101
887716
262581
511535
677350
760541
540621
799005
149164
732850
757823
419090
819471
402968
627752
916606
948694
134586
189355
145364
580648
929073
306924
5367
873110
825320
478247
700373
675206
674213
473494
451811
302611
996910
348357
305839
270706
428272
614366
920319
244632
40516
27926
445571
195413
993022
120328
489657
650861
196062
812306
932322
236958
75467
307591
455526
186081
168449
792105
948564
431650
824995
1706
987254
510965
70160
959338
110226
651874
380446
214199
455085
859658
781215
928389
578943
895417
34944
299615
90818
654536
530882
744917
791036
164006
530897
791920
591287
623423
712631
974608
977933
140529
886573
816149
891377
181748
995706
754899
86127
533867
606708
693377
209539
278266
729929
420108
940118
109505
871192
444426
335182
834875
352759
872916
254283
962362
287055
603784
855032
98218
731507
934974
465
847121
845301
669049
689489
572380
923362
433114
186406
931464
307092
172232
48839
738049
319268
491441
780461
290697
975811
119525
310983
172725
291607
182534
149403
598205
933151
885692
496638
895471
61446
934630
962408
985136
63921
640819
886208
913681
938330
50422
135565
249832
608197
459809
134083
503941
798023
518161
836766
22207
276728
897630
577337
769052
835817
491435
395630
979724
928293
366596
268190
975490
973776
237439
612794
183084
616548
89176
702104
567857
63395
941820
522581
212285
233460
925387
505618
732646
728063
238681
776507
600994
885320
462402
416640
522844
192364
103306
4528
804868
550549
688950
672893
132319
539243
858197
966082
191503
650068
791064
230298
787064
56010
541712
257467
749285
488957
588840
497788
630952
142970
964485
800455
370862
936327
556499
250449
902945
305413
938844
566705
45724
998418
597973
891806
715313
981031
467145
845799
208723
806439
126724
911154
243796
544833
191388
226634
947458
317954
788446
172446
590377
409983
454505
569547
102890
70499
573025
940175
327952
969621
602896
625750
29968
36014
46780
912700
977478
76654
926920
779011
447853
660760
28220
475663
229354
823055
177674
949429
987334
238746
483294
220610
787574
558543
897544
233668
204887
457903
201299
350374
343785
303855
456106
240973
960637
987268
814508
459202
686185
541551
347102
581826
337928
782802
575335
732256
822934
163870
279484
3838
118429
194407
706233
896207
739176
670484
835025
797563
759786
630672
677473
219263
359602
224658
277804
863847
962113
588940
236555
133138
757271
803281
504733
492431
954547
553638
725762
63870
112933
596143
684105
994693
253825
703140
771731
160968
523308
600179
421954
8150
443789
563416
683977
535100
222439
260272
759350
555909
371826
18069
373793
912109
241287
145408
995646
298475
305902
737829
110394
60142
595140
312543
464933
502964
810050
563267
190552
448122
206867
783671
606690
177437
323797
446813
808850
355472
136564
914786
988337
553639
71548
398640
553306
538724
320280
464726
702573
224324
88780
898130
682314
726472
449425
37970
22698
30146
993097
887056
761430
918018
851625
992025
440043
126739
635891
320686
542845
470220
563794
108270
515729
233938
904228
603566
672647
518298
640262
146907
732514
787750
54557
210004
836945
591909
893609
260360
862490
112507
411158
764835
924736
560944
288568
707286
103053
653019
423453
60506
536515
848436
722812
752641
137727
722075
929148
655172
696576
518203
480678
866263
54613
818998
109206
185557
908459
814777
970127
712421
518642
467071
531286
211891
786380
850023
706077
162228
255225
393726
241302
842994
892474
770523
892556
396188
352367
129928
231439
626056
150795
351019
210522
168803
672716
102589
720918
215116
933032
840521
185072
564891
187433
765679
229370
336324
290049
680312
46568
722740
320968
685101
491268
930929
433469
644463
988653
728432
580452
86851
745328
655598
629119
798535
245308
975978
76562
510512
590139
238181
473958
382686
33331
171112
28503
571011
477315
725753
723823
341682
80116
75251
134708
232488
416182
372593
632344
624037
577609
19402
465707
594871
785556
202103
615699
146172
23146
521933
862374
438296
931530
319964
763676
789634
930110
543950
239879
404831
791439
668099
697307
471382
23408
296271
946967
403607
763774
608936
230121
144901
206820
503514
778266
236480
426696
81749
609782
52843
932661
526441
663374
196577
605813
161444
511020
712649
53978
736880
317344
318899
15756
642333
137154
576254
233772
516205
4685
439639
560909
199125
588936
802481
844771
758906
836200
601130
854923
125800
901542
403993
583697
819539
896540
944923
743950
893450
525930
387764
287317
757349
462007
386129
828373
702102
984987
893687
894105
300763
743399
977079
934132
997748
790278
972023
299230
935607
922443
95617
339351
406989
5030
925849
298711
610596
452672
943511
376424
214668
21338
221480
58307
515999
242306
930035
371813
8856
73322
962501
79563
194184
483943
363606
105903
4674
124222
98514
858642
180659
51642
801270
218710
209702
486146
146277
945255
903439
426683
375763
488193
474830
826510
373175
532953
534027
533885
759017
601001
788461
112446
664513
539478
103681
290711
677663
134934
187264
533741
834631
734426
225808
877945
260249
793859
421595
105135
82265
439555
161844
318673
337897
539277
164851
613571
55053
750400
974247
322601
230626
467613
356002
275338
223644
304831
100754
801121
20705
60875
335457
529066
614792
110601
243634
457169
992556
429879
941034
601555
692453
399370
130818
362819
453158
719533
635763
750837
943822
354311
907683
439618
677241
986786
297543
311694
34340
210722
146562
477949
621352
802756
521649
55460
561820
91040
276754
6198
260845
695249
683342
426473
896020
464868
468777
15822
119048
559075
947762
371117
800681
524649
525354
572666
297428
578763
576114
546326
41265
136229
516634
770794
952635
844990
584228
856652
83918
996601
451104
521347
496624
148072
546844
103220
644001
204821
199840
125300
873437
307924
707016
42643
207208
129172
290477
188864
989168
208702
986173
316169
856734
245639
626902
63081
161699
47402
324393
141795
516214
567920
141548
778119
576949
504451
547743
964130
81315
364744
842698
589483
519601
368340
983315
76881
427418
796931
534211
168081
722695
318780
623081
643887
295047
340880
459708
885472
457381
235589
885232
704034
264859
884237
12604
831229
730218
669222
946865
398618
813158
974142
569351
388149
986376
698383
146190
15324
645450
879660
949288
268216
253095
629985
973622
971591
957564
846376
397145
723623
808144
632239
672724
954327
155507
334957
761858
938451
321938
455707
833128
636623
356603
943504
671651
979210
306941
818814
15718
416613
715477
136810
100438
558258
656582
317794
423067
726525
481872
466254
618916
717784
732408
288652
661723
471983
645202
239387
376508
461207
948756
891809
344146
204084
289022
393965
296258
879858
991729
931534
141547
125908
928025
102848
289576
798069
153622
382933
615761
568729
123764
678211
242124
584995
985195
377354
48562
376524
252023
676089
933597
462195
157538
629602
349001
778137
684986
308082
95411
304304
510153
162570
243787
448739
23410
17586
737096
398802
491241
367723
304654
166158
29851
848931
335081
747310
625449
234808
543799
3417
560232
983502
830410
113013
29123
541980
721995
933430
137767
82082
86779
621478
199397
951867
782356
555579
302520
691816
895870
896753
101023
89072
32472
996862
244308
954902
759325
750031
555723
657419
359844
892773
428154
243695
366532
605857
578465
115274
557956
64975
417415
272955
349602
418041
641423
888377
929533
475045
3173
926418
313888
369767
889135
290341
376400
99215
781319
239441
105866
365868
905136
307492
717883
933583
62971
674240
895392
3081
358131
134513
134214
919771
782058
547411
368367
143035
230626
228481
973619
325593
947284
618132
213311
812515
961876
692609
537944
541506
284002
754430
960506
548936
552733
401946
796648
191703
880296
599245
763887
707016
219894
697520
341242
162307
114759
11532
635856
864950
824565
725095
116882
109357
520298
758185
993124
144777
253105
242352
838079
310806
20797
506073
369265
721633
289481
301244
757413
42701
495487
917729
651458
909135
799456
284947
955947
423065
678049
865600
139782
786302
527901
369413
958979
264439
990320
377243
59306
638155
935629
206427
793487
811651
885827
213004
695886
88221
902394
626370
141883
177040
852722
162661
649596
923808
378514
95206
604644
28598
150319
146707
236335
796913
934175
308441
306504
196257
94795
888494
910795
494370
748939
979556
568364
115626
804648
821479
762952
732421
950663
944929
260175
79100
509661
710422
482569
221955
990552
322197
676958
643345
280639
688008
356642
715756
527058
778971
558531
581020
897094
365354
32207
179397
828266
625132
213913
731668
993074
634869
748068
177547
422719
484711
918456
659888
707925
129678
622017
908621
266215
922692
660330
398555
357681
732627
606912
161462
946102
512485
94077
719603
278280
726509
686035
758701
598180
134255
624528
252672
797102
830128
610170
954078
879461
267006
844347
702356
41259
835395
470160
236488
791858
798544
5302
474688
921977
466678
244288
139595
738891
239210
293640
991781
732310
927918
75611
892213
381794
106428
799412
914504
728557
530337
722910
902815
880319
426776
676373
135047
112992
692499
956993
659357
469204
258700
31761
457122
575410
768117
994901
458359
946752
877900
363432
364934
364933
214773
599599
814823
348881
356830
949639
702195
143695
794064
374754
52179
570177
75220
126829
817990
329282
865606
473188
25048
356711
613227
513017
405289
758735
250181
4694
623052
769911
166940
937840
960217
409388
724189
503235
636955
974146
339371
469552
798749
682245
752894
746979
769659
420404
369163
381968
332646
750177
414163
291483
531919
105550
141965
860235
280795
555699
787015
695318
192566
645899
954064
816682
163214
248833
921332
136148
99218
122666
626755
287903
936044
681052
940673
664302
356179
401041
986896
811491
566285
690842
954395
376142
216618
407021
364704
85269
592684
60563
798552
622520
833975
308552
730481
190895
653337
37420
739882
293634
765875
36091
89307
808635
268117
963025
667929
732423
940909
419283
13765
950910
815848
669310
386971
4276
313894
393455
632895
965897
74467
963587
1662
717334
225915
391721
872912
208760
452841
805550
298741
37831
218566
67645
508950
999763
182188
511935
451916
412213
863173
622332
828847
46951
206957
559392
902854
916043
433805
657482
244901
330104
665561
12551
695653
801125
883509
828588
138187
490586
392807
181395
608674
583867
114723
333222
251019
127811
946080
277053
241384
838565
106237
826391
522340
496917
390235
688487
38558
317399
313795
750023
469807
282924
782114
642766
339424
733838
816329
753665
279634
888469
583150
70306
470294
513281
460794
362796
706266
602390
628990
305524
383016
474232
211349
927267
786082
25706
723454
774187
823009
898455
979276
877142
255074
188190
935520
728373
605241
287101
580768
822583
469854
747037
278047
213890
930131
218030
622318
75567
23375
368687
17411
910795
245862
803895
564389
963141
456866
535695
668607
6948
33217
610932
515521
64776
439401
155951
81500
264698
153658
252599
240690
671089
108037
734958
221589
728308
437531
35221
523108
78473
256006
187962
241387
851694
392744
537590
434330
111026
451388
40772
472728
924002
522224
94607
366094
848093
288479
33130
633180
380961
711887
226792
850828
733871
406776
285204
61139
444772
128378
604565
645602
481863
222288
269502
862151
338470
379250
536314
216608
759699
303324
612636
3015
403450
612529
41290
799905
554753
638964
563610
655538
862581
772114
763160
866379
503146
564947
277259
539592
520269
939422
398504
908658
812915
740850
691981
403922
387139
787588
430921
799039
227446
409186
980695
471634
170139
390508
877008
47324
420261
815668
143751
71510
484658
642427
885229
263012
137453
390917
523993
817037
324675
967343
476920
505821
685992
36724
206582
729738
442355
596214
165123
501241
535493
156186
700945
885513
271893
217575
556093
550901
1552
398305
979777
137041
875613
292090
254570
119538
493700
849442
786142
947924
907629
572616
6138
713599
766484
344503
100872
584799
858228
746351
746236
14493
372561
364723
568734
291287
839029
26622
296105
252880
591716
739315
2541
112241
806297
133284
381594
599214
580683
610112
924236
267923
611050
381408
962969
731986
920340
700866
339264
339361
664869
438273
709181
951347
313126
931157
721948
586045
764606
916695
784872
429332
570191
913047
819077
47776
624020
393034
281497
844763
584600
107975
645140
621177
510810
134917
132095
764083
878133
4836
757247
425381
469240
199258
222858
317444
431963
265011
115706
377903
468853
272414
415453
776224
961729
838715
242059
801554
648959
609435
67992
792194
320066
930575
143536
532410
56075
396901
612921
50777
573289
95268
797128
15207
815552
714533
592303
939000
768356
78999
727762
248056
935994
641000
156888
52747
629075
794528
783794
127658
359871
493246
841340
35935
445794
781962
96082
449630
949639
176142
274903
256338
942080
341242
828378
681560
472554
593411
568900
409518
199338
407118
943149
677745
159376
641765
340771
894876
449364
895640
354294
822579
117084
678473
632425
933626
210001
37483
317513
518806
976874
838601
885522
806942
173976
891249
794483
138117
274367
974291
709181
400166
927261
257185
633795
970209
378251
155116
907184
540387
341881
209155
821793
386038
390336
41133
394620
456163
373661
360356
733883
230886
500521
933977
966679
445060
140834
410123
756585
693130
128922
941943
652866
835969
612135
910015
242355
86993
453781
580630
657523
487467
240357
293101
299188
961692
612661
487651
699095
388447
981818
306888
198620
923046
363120
200764
206370
510593
648220
483533
689816
504769
468560
756721
736806
51097
554284
773219
249039
478426
610269
523770
21208
606284
557605
957702
921972
65286
734648
209588
168612
440579
808310
731752
371753
581903
408304
914425
687284
197806
119510
561333
487027
102689
112207
947904
534458
759550
419995
255565
946004
244091
512976
552556
784881
119657
443903
258177
96116
105760
612626
95744
691264
649151
223851
355723
472944
610078
27817
226066
263390
652427
124143
140747
916846
818368
466646
313377
774623
666873
111324
260110
632897
835325
737801
320799
19155
932362
708484
865159
97731
720667
219211
912204
156273
462369
654957
37698
963995
207437
307397
214022
123972
565472
279159
107680
851050
861938
428734
437283
720008
906990
792333
63142
412789
442960
678065
106698
947463
572005
197854
832191
75001
43744
841653
706875
348361
132567
943324
510246
493205
567130
801749
666760
543622
309993
710172
944600
341972
679333
705769
513816
590005
538543
997215
792737
200221
595407
473769
679613
591284
71070
114556
890021
147235
692627
148560
996886
325946
616389
379239
678711
511322
583485
280812
168285
79280
251598
693833
223035
878666
527951
890810
555136
982084
516315
162525
274410
458071
996544
259345
857120
717206
34289
673850
648871
173927
556873
595250
694975
83098
545311
704905
429347
295514
704162
314748
756163
512971
520347
397766
931728
666024
478377
518656
272388
894356
614996
997860
826260
134292
636814
372629
516882
456932
932207
701733
425110
377156
587494
910209
560830
201217
284081
536813
273152
508625
726659
263268
455523
926585
888747
119334
789311
930983
212453
872947
559647
506776
277674
31967
450696
797901
126497
586508
161467
230556
776068
822618
508051
42019
269112
501753
619672
58973
521739
908277
342327
381415
949197
116005
763673
438442
42181
668785
957705
273663
256841
893538
696652
209147
641522
232683
518152
638629
279350
134789
647325
832365
1667
508194
946158
363358
888011
560450
947367
198915
276219
241423
4183
13645
245585
223842
208151
551225
241006
676107
656303
275588
687994
584686
871843
837462
379996
204196
283319
364998
264954
140732
628381
919269
250904
86900
9874
234574
937700
299910
343934
687115
800910
324311
176978
995096
91559
761721
317524
3861
617253
672363
205077
121245
567031
780412
196846
387295
294708
434215
967879
777362
653647
224738
733874
784337
897048
238427
329928
642022
66043
302606
230386
828997
860745
800854
223456
496457
838751
271522
210446
72522
644994
293240
675980
336463
556293
694642
918676
610379
729641
861526
502938
516077
405711
478301
483920
67969
79990
975911
727538
998421
699813
194036
792955
285895
681427
23393
111696
436255
61209
284231
389883
910894
956526
68948
733203
719857
928183
144366
735091
69381
459301
609149
214646
415829
522742
402194
617741
845475
206606
655668
14114
796992
628474
829914
346427
410249
563609
215045
918883
938380
543199
557225
691964
388678
253760
834395
32217
868551
133869
95043
940920
206825
149627
653649
391663
30754
567987
850603
248385
338517
239417
169282
860924
882444
354381
433904
957193
92320
764896
708406
725379
361512
276282
568623
469817
642213
64148
219901
288371
496069
792795
409051
12920
105982
730665
173421
473583
587405
603040
164840
108187
694328
351194
808825
54723
813193
827539
161648
811797
830512
165267
986395
313726
681919
724311
947762
533253
654890
154787
925081
135303
515024
404968
361118
979420
455532
431795
405500
246234
545516
61605
667369
819443
438675
718739
835226
795786
438873
182988
701068
106654
547521
640596
217130
386759
18387
684893
121128
153157
119538
415432
102524
956299
878003
663599
585581
645889
482096
242473
349039
599472
461013
92889
859129
294052
773586
458227
66430
369916
16877
147923
916176
870640
716115
567000
746311
980339
757956
90316
430840
692988
807650
883743
929796
163216
164196
32664
405335
876326
580144
495856
270450
563366
412701
621223
302067
263401
127764
476825
328900
753668
350934
819683
457629
469048
471965
72775
895621
833768
656999
828213
150599
47330
696395
960036
397231
390462
693070
721620
324195
204119
443341
755358
82517
230337
872745
927784
286603
758264
831597
146970
472264
854092
947989
650923
324106
556461
804074
97938
549350
957795
683463
229473
36584
725538
40517
936819
144494
473510
435902
3041
297159
946540
51116
944035
160799
262462
742640
120100
912910
297398
930302
69668
833529
25736
28664
211063
755176
60932
489553
444889
472503
464560
635227
303302
964873
326040
890059
31289
785090
187955
159328
798101
749447
953725
265291
873977
751983
893770
128714
794294
681303
184064
360784
416155
226609
503485
97570
95178
898402
532835
868539
497735
859688
436283
1888
237904
678690
33854
388061
704644
380767
947198
87127
262413
132337
559702
586661
967508
878764
293888
882713
351440
707418
114788
444672
876088
983849
233214
615978
530653
660416
438353
758743
143920
638448
78534
114960
829004
666693
80555
65162
476283
239071
147644
912631
299378
107674
197257
87637
605558
591684
421652
570074
79577
815614
416294
41993
759382
234347
295124
800115
245759
421276
368013
517580
27021
181496
989460
562644
607030
177254
552759
893550
788485
583399
323474
592028
935099
477666
633657
264936
125560
593126
707084
589334
362593
470920
474125
697193
445798
126516
886885
768634
574882
532033
631396
806771
791513
426338
567872
580551
244300
696940
547176
55879
104425
863419
687015
972852
952093
819528
525712
870225
538061
190106
874036
715878
327248
450203
78557
75988
166728
637168
612455
725431
145766
120547
574046
191042
524364
260049
704394
18665
240475
340814
646330
338623
858454
707337
176954
643876
995699
668398
999014
201450
283804
279014
120098
619723
509511
921736
390726
494684
598025
292759
172998
354336
265928
549171
966556
700205
432753
931388
571039
692617
341947
190018
954217
755975
699476
590429
464325
781400
276557
942819
989748
444287
42518
589132
40582
766598
614556
998306
357337
360056
268633
864076
75514
473434
254918
22809
906091
925146
48789
158255
906617
747065
742399
710770
698029
788071
836994
113830
508009
517320
548470
430349
630267
900532
39578
719265
840251
531543
910666
204597
790147
970055
121104
712752
186622
653065
145217
771637
293169
85407
943377
733429
414815
776680
313375
687781
34099
479648
238981
651669
875750
366215
814360
66348
414071
568540
349182
240296
422778
525110
188251
834369
317151
90712
575391
771587
153163
548798
280689
755989
323575
647185
222940
567852
458022
881984
782466
977427
16464
440014
703106
157808
781726
171352
371954
98866
884880
893496
446934
587919
582793
402460
176265
837891
308363
734931
87676
444084
538403
174786
557828
285909
857477
247990
707815
366728
490671
160467
698818
293681
40447
401848
639582
308072
369011
368765
37795
450558
958643
917086
485870
86328
321970
21354
125442
925813
915441
494658
829335
414140
233096
288214
91611
52817
231140
786353
60452
826284
378654
769531
992480
293294
944804
55769
749874
356368
790854
473495
418448
891697
119268
995381
343250
286403
490441
182679
771925
534051
768786
839915
434257
901327
707555
955400
581370
316255
473128
540467
586891
59152
844084
694846
655248
82653
163751
989618
513816
781543
80949
127552
517476
625935
352649
142456
541048
358954
91115
930360
942967
166312
681543
433645
702306
841660
424231
312261
449547
621046
970176
934611
868940
162622
569056
205368
760692
974885
773178
331849
153938
11884
416642
598596
559426
629124
781152
424901
64274
982538
677601
521226
596780
880943
122649
247946
88410
324463
209132
7427
374187
536827
224704
866054
693711
366814
800578
546993
802641
231421
79622
503936
147002
330220
418672
833038
197407
31329
488790
614139
873214
494915
366262
847797
903560
31038
518338
455901
855564
133352
7888
814015
771645
555288
935805
205451
244433
694124
30015
355852
673125
302099
569283
533044
390271
472877
23456
662738
891186
245086
315234
664110
401325
248424
103932
156648
678325
87405
755543
940094
919147
326836
643907
828275
859901
424919
770131
832834
440972
357747
777777
288745
306892
467971
768136
962207
277584
463509
607169
159136
495277
68014
77311
579863
204698
428598
264832
582846
778230
561152
832204
954072
954238
152191
361370
585284
312751
527093
918750
48985
866484
669272
259573
482798
214937
209974
691346
665425
215799
945857
715233
500054
757797
925745
323655
183968
8652
843257
153385
383376
174914
378735
77810
594652
153892
748776
681812
511937
934109
778540
966956
423404
286447
439998
74359
361511
822235
800607
320256
204775
345850
42167
555841
367966
23620
316256
273723
505538
671090
203144
79365
67325
792993
41682
335886
646249
488725
693325
74812
810707
486236
982112
791395
50044
332946
857708
681279
772187
207451
292329
548001
168479
687434
747798
190153
565361
275984
512513
717488
14686
620442
843371
260681
472065
950046
282847
724184
158163
371244
746854
3273
414371
473610
363944
181796
920701
38197
109427
673576
517183
689326
55274
565945
905112
687610
894435
322509
511828
542384
693655
238877
362291
565337
666146
639920
206039
880559
577823
996450
489626
14224
620825
818696
686412
490439
452639
89495
7156
339244
474900
404433
13980
767979
582405
812109
742626
97533
226711
760295
252448
980244
813608
649016
442621
247735
817905
843572
356000
293245
318267
540422
443246
112206
274777
932702
340931
230478
886412
371731
20307
959670
131278
104540
352852
904985
95799
875160
473569
229190
169829
291431
21012
706250
55304
112005
448305
152980
49789
773565
848553
842527
573807
182471
226603
333751
791103
247075
272717
377056
422833
76325
151618
602965
370492
799253
541553
279371
21133
452080
516365
265346
803399
532195
838444
370763
49678
203110
545469
480864
203777
710415
271815
547509
88028
718171
463344
817
436011
509115
531312
558585
72832
317701
145861
22768
42701
103272
590970
503417
15061
661378
251018
459325
433393
79588
180303
545224
192012
452131
270944
538274
934668
910225
263957
253981
364957
710467
908942
884792
898235
596629
395530
594821
19171
29217
613837
322891
11857
83981
721027
985189
906122
512517
21612
345130
451823
19309
607155
654581
629955
570834
60056
522224
667189
347158
526958
542291
136754
993541
351450
541145
361063
528897
481445
520048
746001
361601
834625
411181
287382
768919
657330
526569
859389
796515
584588
488996
132057
314095
130748
906435
501474
543705
937026
242159
664630
422511
94396
654011
731954
487733
540757
665934
8930
454909
500496
220310
242781
274495
786346
128883
415502
168588
321387
473180
343806
170248
171215
134735
613150
130573
203762
101919
385069
116344
745510
479190
968661
607525
662329
683882
110146
959042
419554
605376
359548
68373
864146
117967
815923
270595
650740
29488
993078
313270
705159
20087
350462
641971
111002
93189
931812
735500
540866
981525
641123
510926
896153
483529
933223
37980
367949
534036
229631
312230
77363
155741
335317
222818
146569
605334
517729
992907
192275
188487
661932
620799
947968
560957
704590
473183
166313
641945
567468
653438
181740
54695
38323
631533
949612
383319
981684
99215
541597
14796
941266
986218
143258
740014
97380
645457
111077
362204
837668
381062
936055
237414
919305
734316
881065
153961
334268
391405
144702
825873
411774
779518
984667
848760
111855
234891
668060
944404
842017
812566
510534
29333
681149
580744
367966
477376
937738
325214
114336
678102
403973
24381
266670
743672
36925
635696
581407
106769
338454
800296
64214
672166
814750
248138
370732
505368
240729
98309
644857
350366
18960
428295
960173
348039
682342
934322
25247
638462
565303
541710
596340
183584
666692
62748
676485
429305
180749
223941
912721
970948
528356
923132
136303
724358
527814
970254
760215
366253
112999
762546
713087
253843
674419
121243
592318
971452
528629
349706
515016
105996
650467
200912
397334
904478
590889
57914
128005
933045
960415
617178
429361
617792
620376
674256
869288
72717
512156
569011
519155
288939
382160
115750
119701
876253
587549
229224
114739
476635
52433
294183
492026
98626
358582
491092
453962
729880
255504
287464
911834
502360
620865
808287
154876
880396
127207
218353
636427
712872
481633
318602
952896
127755
482452
274652
139808
569864
385883
797946
61820
327108
76272
634111
280343
328790
709049
852679
446990
688049
495477
694579
743078
609994
702813
816846
539369
33239
770592
638993
867184
765459
320274
920173
316465
620525
902374
579341
830215
480787
847865
823360
862137
18752
832093
825110
456706
708437
372452
577307
595639
242153
278361
541036
726163
564199
101195
65759
368192
868014
447521
957746
12336
887743
873818
759011
112761
202478
14693
883209
204188
39795
613601
915759
343095
273843
763469
706178
203509
17832
401463
108440
729925
537154
470621
413429
736110
141215
142537
114295
500025
116572
738749
549859
588805
362131
963575
839509
457288
65989
536271
335775
380555
609058
701725
441245
613613
115991
726833
500461
995827
233527
519615
677864
185281
951718
864062
694154
104030
700345
921748
564449
493276
519144
792190
365501
357022
53320
639350
920372
549885
406188
221539
963380
66352
689735
875803
676364
553541
646337
610598
154442
811466
792412
964810
225265
718449
902415
329007
243823
606172
71383
675012
552182
346580
141746
934409
27243
814456
46417
365676
187758
384515
451549
971837
426043
734868
777306
489206
831595
154965
823071
706386
56273
225277
975584
355643
199926
306703
241959
767857
749340
141432
189473
292872
108429
92387
619856
741648
610829
239118
212341
989872
212620
914229
363057
983311
327978
854948
819748
335529
155003
104292
485376
821114
775025
555501
424155
31166
214179
152508
544526
339799
438694
385150
870153
222734
106349
926279
727652
894699
301423
724623
88016
835605
529269
872138
943049
653526
696055
745437
265226
882934
418081
512596
487213
207819
65017
352947
409629
674930
273714
554550
124248
994003
470619
562399
688577
725229
965275
729445
971403
832174
342729
657081
49343
425407
213262
628311
951498
172763
345252
641305
292334
92490
541060
959518
259674
184411
519090
824610
733089
916793
909812
865189
912237
735991
947072
849536
484644
498148
692847
73823
666595
125515
350605
709097
953667
180280
230234
595417
199114
952242
907237
227027
892864
811951
600299
536071
368025
543028
630064
112797
962881
874653
513517
240686
67556
588583
13721
403565
561450
296410
326467
968191
9610
856036
365451
632192
599985
157496
90006
783212
422754
86739
181686
178275
288400
927323
406614
222094
91667
17310
324458
935364
828481
636420
97784
20260
491771
221630
21676
775129
689783
537953
358887
541555
336382
915547
172466
705473
312228
831211
769569
658904
245038
544402
456235
133785
933367
668045
327419
352348
837831
746508
110424
269072
196505
157854
471508
180348
344610
242536
703347
614247
364334
479863
312946
604050
303137
345962
216489
471549
456633
963208
34756
929949
27771
53954
395776
64024
470079
772488
975416
434617
135015
209387
328845
268977
554109
486604
623889
199752
567886
945189
125208
347305
222232
815429
486935
211770
968889
445773
731201
249294
586222
550885
10238
61130
370756
672691
865801
243277
272321
10285
580780
558877
745999
551106
675896
72707
460279
467134
634782
814264
664303
643264
883875
796445
353372
355959
656281
414315
95657
490583
171636
80954
806025
926178
87204
305500
370225
932745
388873
349616
832487
103756
845517
643273
214378
913738
696298
224367
920775
577901
518549
204718
207706
733478
149545
804350
728690
362337
973081
975419
500420
673146
433750
290901
828884
661703
316152
868607
83800
443474
355814
344058
161569
82740
700112
805844
993437
788567
705280
794230
185487
141527
196584
149006
192288
734168
922495
344843
705890
435942
165476
734699
129750
864596
401066
751176
970185
572569
40493
504655
857288
752183
857017
63001
146545
546329
654779
328779
77265
407959
75276
513626
492766
202687
852297
175563
178352
594050
744908
485185
540007
344107
728291
834054
414516
901007
215728
480397
992829
970666
683303
805450
575469
420095
68698
821237
674781
456939
656602
747209
889231
37171
306543
103786
112199
410213
440616
893362
447948
411050
916780
635684
366482
277418
553503
519391
484008
572977
283692
380361
432810
923930
301515
580878
970450
271680
492684
692839
503459
140217
131179
534628
717280
848099
663877
889914
324200
754939
578059
559300
129066
807462
914649
654832
637143
933425
775809
463475
102036
16177
533020
30836
625531
902496
513378
475725
680591
710600
53395
56560
922966
23302
752498
549824
267361
813491
501140
874737
480811
542998
608425
176927
545488
720187
957051
427851
379119
896441
99552
561154
6231
661367
572635
679702
653287
598195
359854
652069
540027
62707
466760
745194
352222
701107
80322
326974
790055
176209
425975
55273
509203
374494
298046
690193
962770
772819
292571
345443
928134
618950
823948
800076
255250
876720
734262
220568
655320
776790
170638
264805
519597
478554
531193
101734
949146
709941
419848
276873
300449
686503
497574
619662
406909
290565
597278
164222
340638
753751
101429
207831
213748
774768
439789
840701
461336
145712
355412
680739
182380
19215
310231
612853
328380
897349
515833
869950
8434
428441
572321
178367
908410
487543
606218
308900
60107
954708
384166
585537
532638
518386
332803
620372
276320
989853
833715
131376
946219
679613
518968
750735
884935
175856
45420
54307
952252
345141
43284
528133
586157
648298
725150
791208
279946
947725
650947
678153
810521
415362
351115
670270
874827
178668
848797
947498
721446
432110
159440
490909
237155
95147
565151
941993
381345
685829
26086
267378
800505
298016
506576
914836
524145
778452
236926
136541
854384
326983
359258
412916
899454
680629
534126
25133
233385
122071
636907
562063
633405
834868
969619
442691
214466
158175
505788
577801
27770
527910
162980
853495
759238
588564
84429
603805
635171
440350
517947
106282
820092
367242
204560
85597
736740
953688
204850
248363
520099
802349
855392
933246
998867
747200
312469
772881
336238
262368
34280
315038
546474
842045
281008
694283
866702
945040
39684
986529
253321
933268
82032
72189
265255
81065
37211
700063
648465
843631
661096
36947
183522
121080
206806
459689
510736
1647
258913
526913
10052
386530
106759
933769
394855
494595
439368
633948
90113
392757
305582
623423
103240
82607
780638
318409
846118
581124
108455
977710
963630
581297
312125
490131
185942
781283
219780
3392
131732
515238
824535
616351
589451
521160
31726
99475
512603
881119
837934
179172
404349
240701
631217
547015
320290
155054
462011
849533
161592
287242
876922
383348
250241
962402
586155
187493
737952
646447
31586
629397
544768
662537
956018
199147
485674
845657
829736
682116
306291
94479
107991
496773
269724
540937
79018
902225
758432
448323
655247
485998
3094
975913
109605
205117
470109
985838
703757
297216
416331
626649
318230
986050
812086
409819
302268
597727
163407
860157
213424
834744
801386
955268
638348
646942
869694
528312
138934
392539
473122
446301
960677
146961
855354
240961
423750
330228
256266
674885
954806
313368
991337
269938
252287
609912
54036
395504
188756
516888
952239
598169
748841
944815
939455
651091
777849
442243
655489
357941
699769
627939
82185
372746
573593
913583
640279
483450
890450
712218
237120
40959
474389
453022
22673
998327
26414
92829
588695
255316
22345
427715
503337
369107
473048
226817
128083
853958
78810
621605
874835
121622
955167
443413
172714
247209
477428
209326
490855
417860
42183
872210
361778
347779
572039
487386
644349
534957
374212
42543
41066
681812
419049
604035
869540
36663
611321
334462
332428
199886
250914
653172
695424
970537
181028
817466
198569
409970
113729
110124
834920
680155
368966
234826
590174
632691
334867
531594
321519
824184
309102
355735
889387
328703
869533
424342
583704
923699
97360
572426
896742
400539
816906
936482
371412
820450
184730
736888
512714
780231
628851
29067
278723
718245
172051
831501
764755
323364
328339
323530
532768
990794
98851
61510
9624
146492
436807
884242
583844
891374
163654
533307
987426
766158
164432
966300
711118
740834
489974
128981
371924
673116
25970
497123
996388
126310
707669
109622
262650
300093
100801
607817
343174
136352
982086
947553
290573
265172
288164
357463
588615
91525
114841
852464
638309
488187
820832
727285
729999
716553
99745
891437
344922
900547
907242
483301
268430
353474
809481
911030
563358
951576
645572
734273
479530
830556
835551
954703
202382
116693
970258
744880
813165
473505
338204
119316
678940
901888
704076
192404
784156
228024
493939
743164
460753
336958
470233
908184
727619
760420
624777
858203
673339
865432
149341
283824
987852
687067
172869
636719
848456
254033
960472
905850
180981
710886
771420
812177
931977
506035
164100
556751
745514
965522
935567
219139
431415
338168
47665
919257
91819
568684
865365
594498
353325
611567
493718
292070
835202
171547
543808
150400
49472
370367
574465
560292
13927
483544
313308
470552
719634
555763
358004
407209
686726
86116
826498
288227
12250
789913
692708
570377
491580
444506
42702
52900
383180
236732
353136
887610
788726
140328
340801
829312
881672
147015
634288
192280
56832
653576
321249
914497
998533
922573
894260
925956
517711
744757
264575
645752
474598
335298
768410
688115
179203
380945
680800
617566
489753
558497
844735
528576
253518
271393
862353
880942
762160
507566
707745
374682
430459
570405
694604
903255
837815
613447
343599
963940
647066
72997
461519
738201
121622
938806
749236
144180
680220
542203
331133
905898
781203
541482
943275
293633
259850
235297
257013
884663
410156
177230
197028
341772
76663
965676
125289
362901
541248
230852
706558
620766
870559
25896
730793
969987
70186
183389
385359
849440
699732
281634
8981
986704
276726
920128
893219
406145
983148
656648
642381
27150
685379
333205
849844
916035
617440
822958
124060
202790
970793
477048
45273
116714
395844
821703
998764
327564
233563
178123
914699
516725
581637
25528
22749
700382
751960
517054
286689
59970
273793
729527
596963
193857
671281
375907
693871
562811
150776
995719
925034
804403
150580
167959
110038
882673
186275
426233
885920
404053
466496
723954
629948
717492
171395
740184
760321
62267
314123
251192
856695
881073
108447
481679
640411
298809
875578
646396
26944
229581
916132
87078
886731
31864
309763
933584
861581
589250
18309
659098
836505
190806
56530
657418
42702
958970
673315
263764
190618
324741
121331
293131
691847
293513
220324
299318
837512
399715
888608
116677
256117
629612
816299
465599
444110
169994
295055
78416
5711
572541
495787
137145
192140
763398
235333
734282
928317
509295
517778
851309
974490
495576
988218
714806
186522
751230
747320
949736
245592
807914
504348
555449
399359
258824
209641
578869
97238
202434
408431
307403
119196
59495
259739
356608
544806
839487
27872
907595
81578
516892
410494
84585
376211
88233
190928
125632
751795
505238
597500
409535
403071
275530
489274
853722
275064
600675
881401
421579
137448
632910
280995
761194
123946
782010
540897
297160
64804
498749
320891
735650
354363
985318
770104
646363
43035
193444
978842
97709
531482
103124
538193
361407
398129
245907
866695
771355
682472
716603
12150
562191
668356
746019
254185
329156
803062
781377
356024
410037
784117
205813
482817
557558
298318
89090
601635
483190
208429
558608
432275
445787
632757
520653
79823
609315
59891
635497
11726
910058
944153
335303
741702
195883
962077
199552
231065
179045
152316
316275
977819
68776
920681
40576
70170
899879
252284
801573
638917
218044
495043
245747
420115
721931
874442
838183
754657
848020
427528
276204
699171
349764
620389
196255
825133
189430
29647
152196
128071
316522
677456
967702
311393
827054
160710
784053
904035
417351
342674
673304
749279
244070
260795
83170
208358
123467
584329
154670
746855
630020
566528
198417
799141
334752
579931
31704
977736
777302
518032
217914
393021
317896
482405
752577
462606
307208
50195
125461
17249
317124
198364
115830
129095
970269
204348
542998
575929
141703
157880
810359
798065
309513
952231
45908
329084
817812
437012
798726
732234
395918
573201
36282
640525
638430
216965
58100
960426
69851
472727
881432
98943
244200
23554
204577
354549
71062
9850
547371
275269
501742
693573
618849
732278
277611
839062
390144
328776
349679
814911
298933
666793
576671
72327
532682
687946
771044
883060
632553
527623
179307
94703
429380
249842
849925
884258
311107
929477
926918
472089
913459
553266
300003
701780
635876
756455
283923
507021
971471
118207
57689
29525
794003
865841
43880
403327
268484
920632
366677
907001
802562
2105
190868
211019
673374
163991
893307
401372
249223
84944
832919
201433
112526
442781
643988
764326
943027
332002
519863
110461
507701
549696
298126
191258
800288
148076
956900
588297
402815
685834
934802
698665
510737
973436
334040
575480
465
960810
963671
847147
439459
603242
246445
160739
520520
551400
813506
471325
485345
848476
668545
798913
380457
267230
987797
818190
244802
96746
532757
791978
5945
641651
279471
529276
36368
332874
658353
748100
69071
809156
815121
393061
880745
892903
422592
29800
453268
391357
290475
752890
999345
972039
515553
386983
742962
752310
239395
407536
995222
243088
159635
189847
904273
733689
270179
590832
549387
512444
109861
684411
848292
201460
767742
269237
410433
142923
658928
213288
307560
647108
381725
959376
896778
267584
606059
192415
559757
70162
784871
244930
485510
615761
556766
50404
74403
886915
610995
507214
358946
606989
892972
247197
809898
872351
489767
197147
41039
69503
261869
635547
321244
20724
85767
257578
70302
461288
77751
266480
868264
490108
761860
239956
950071
127372
791900
512278
106123
512400
209535
887916
585574
799034
12202
351622
719252
929582
175934
387405
952770
403106
236985
206825
35475
450678
723123
754131
364633
517615
96122
972882
887412
479451
52281
840271
330305
199676
922570
64308
910641
437129
28722
812958
64805
245074
585857
931543
987688
609034
33821
227635
125378
769989
225360
639215
839926
701609
348776
120889
684264
988977
727125
927293
44611
124832
949406
440014
885708
343568
235829
743073
895798
133183
251209
903230
656790
234103
307723
890273
857148
706609
86508
990310
513415
615087
397919
831200
168375
363433
722706
486058
896976
664374
507339
744799
957513
352919
439500
841392
36351
979977
326713
442169
514118
536225
704467
493050
808397
809648
992847
343349
329278
250543
489257
864228
589588
82742
322916
32647
368591
922936
131147
908901
758683
944530
474240
684509
944562
424277
596710
609213
824947
773310
500461
13218
601508
611533
32188
338389
784842
474879
770063
177273
272704
227103
948072
81712
682249
684768
228056
963940
504410
929429
107896
134289
346063
338660
821240
181866
423368
169976
263786
900118
64218
187195
891724
121801
834864
809000
338369
763602
786298
282701
412785
581905
139384
183534
315752
875756
163869
143101
243925
768836
285503
168608
580106
327268
299292
941638
426014
860730
236137
458435
619326
490439
303029
331047
11536
742249
53854
680470
337141
677875
514527
681126
427717
492031
760128
148588
315975
805828
788790
790019
144757
635233
584947
278997
599469
446805
349454
421373
958943
905588
997752
692733
101015
582909
90448
400450
955089
790999
408138
770385
240737
562613
740294
216826
198971
85253
313853
65419
799562
44766
731606
205621
145333
664881
82955
507938
71552
745883
633259
984403
103595
35125
88383
54337
975316
291862
488293
921568
897119
773578
977676
391656
529650
311543
429429
419311
314291
326394
531293
392445
672786
18600
532398
26188
494783
652981
168605
531088
443075
889719
897324
428638
871791
964928
551333
893756
947533
560403
621231
660733
725313
683433
512458
826678
853067
838111
248810
148874
67119
746359
159985
311055
832039
721329
435494
588667
306669
434138
855093
359526
909914
834543
101505
769263
732105
606554
865769
868855
848686
564879
848225
204970
367567
589942
538757
393917
184359
641881
583649
355356
517311
724363
981905
650082
502467
625797
404259
88332
796466
769538
817046
366784
733305
11041
704990
840609
959852
704706
614054
257878
689091
265985
61345
205948
331141
289532
160189
800414
545753
135454
140387
369945
220292
135854
947413
270890
724577
774786
437011
942431
924691
53146
793925
847081
81201
338791
618905
577263
304669
350606
330868
960163
577360
797010
839660
820808
251780
848780
440574
574492
589003
365357
178623
451505
141237
730482
97348
518318
383213
654594
338222
930449
41061
142174
172665
465498
880488
843992
627474
211931
207713
751640
605075
698169
326934
349458
894617
408316
596302
70388
70634
232881
51725
992678
231574
400801
419448
311304
423896
696097
928705
462160
349587
712164
600613
228733
590396
219455
501926
757208
375981
714168
349460
587799
633201
773497
920330
271579
585038
408175
70187
842362
918316
925832
141058
262738
400332
941259
923999
824330
322377
220655
65385
769717
56001
995863
963221
249059
88288
168784
908088
760818
590804
350456
545345
584589
518760
512327
273772
39127
141394
140633
634784
949381
839318
534346
790632
81533
930246
962260
392366
160041
449145
502592
37123
748157
804217
7797
389624
53914
733864
262460
39686
433250
466650
735193
430671
112991
112858
615807
91532
415728
441753
940102
624109
721289
273974
430715
928376
447479
223709
445628
577082
265562
8585
474925
733109
507966
756221
971558
775374
85531
191809
634484
615671
28566
674229
560203
505930
79685
454302
34477
716819
536701
278235
602372
826376
617891
882695
390088
833321
495538
201875
387446
190419
608391
396551
453438
34672
789490
134991
323016
975725
72684
410396
219033
616335
681667
36092
741087
523630
123947
130911
120431
740190
738044
464494
25058
754301
988701
614964
428190
943783
302003
37423
742804
909605
827588
475205
473855
152084
39503
266665
556092
669122
483737
241157
381986
642515
309864
735349
202035
469949
611971
583997
36469
177235
5691
956850
337562
578705
865178
438743
99583
703431
144492
321145
301281
269053
414144
206676
47250
14208
158640
214947
251951
921129
377241
977164
697953
302955
475983
325375
499278
556975
844573
503150
976715
188981
492760
847325
872957
937508
351969
691370
550991
704702
688310
245835
928989
382708
997112
978838
424439
108362
619133
453696
78604
820087
823691
737993
988855
170183
935726
538623
581578
154574
463727
276497
6228
847328
105981
723104
608497
996250
192607
552691
362139
387306
240278
561586
604451
964152
835492
390073
178435
161026
806917
916247
515066
728857
804124
772529
991502
686734
353684
696677
710947
729546
897756
599833
601619
279514
998361
74163
821943
181997
933628
955356
305512
132178
182433
420587
840502
634733
684601
389320
233383
526644
894274
322732
659874
55579
684132
758093
268582
693430
650254
850480
482481
433908
140088
290787
200657
783226
990073
435329
518832
149982
778053
790993
284072
552735
145894
525460
941646
772058
314855
971947
280079
73616
714454
369684
714372
245984
988080
420716
804855
347064
738463
600484
260837
693041
738500
339282
614537
283907
134304
560979
902660
284498
860054
602191
377381
977202
363592
124378
594571
668217
286237
592660
421242
800778
570531
518734
509901
458859
320405
779076
343335
813698
552932
751889
767464
8632
454469
788704
712145
240193
690395
472634
339523
30774
881767
279377
20088
836879
862081
256546
723208
298820
16457
134285
29880
983742
205237
316124
978692
822467
354879
466428
224580
844551
259868
152807
507857
820078
836549
607642
655321
700885
174815
403271
551636
768307
260568
13889
665868
89769
61428
58816
81994
855984
279623
519930
555672
997479
285454
275488
492193
366857
877235
960380
847890
691719
927343
676610
369361
681666
529403
809947
396238
109173
346956
387075
647027
89198
685429
705236
965467
24048
886982
676382
889308
399532
286812
941391
858888
65443
940778
323658
575102
989564
313584
272320
142807
660996
990518
82098
183270
499102
482983
66693
382020
402122
893850
901296
942546
125490
245606
594949
818278
406375
298470
584448
271170
287271
654418
314540
648341
995012
643085
963750
21967
615080
73895
61652
112964
291522
679686
286186
352634
877414
506886
755417
761858
568220
295030
744233
37882
688565
939234
207647
531954
448833
283962
947148
113639
367339
424194
961304
194571
585029
979374
71862
862579
643544
756191
998043
754976
378991
719701
588588
111355
319899
888538
79693
521231
42077
903712
543397
835886
737335
329117
407166
220229
831651
667645
150010
11703
14616
782436
466697
571344
71460
709401
623532
507910
74981
310349
707458
475846
390798
302724
780228
952712
463049
460163
437718
196421
326518
733066
627669
839911
424090
942988
874452
923046
124209
301330
452059
901363
512515
6714
1261
57739
287637
761685
475391
709353
531881
416714
147298
526504
312200
233301
976087
30637
491967
235515
492363
705957
726530
399747
15857
928332
572039
95725
42873
17732
952996
654634
969964
207314
360380
101846
511015
53460
12093
146353
409307
768336
92509
311978
721779
945944
64225
139764
560569
980748
11306
407737
805570
396123
882421
413851
502469
339466
93445
79233
604116
220203
468026
431261
138352
400401
879651
478804
67192
407262
863262
75467
932376
516420
152876
553006
974952
401740
364751
761315
182904
424872
61389
926035
844635
365364
831690
380134
215872
895373
149091
740397
56276
219985
102926
309864
435690
841296
356493
306559
726204
310623
578939
786747
235140
311568
915914
543543
862785
243658
573518
548079
192117
489466
880447
94605
279200
11199
126128
137526
186278
503741
209247
202039
805368
669586
545464
629245
353267
484808
981901
771081
322130
680566
828191
284991
844110
97944
828797
718067
56197
180147
189387
39189
306962
328313
252615
590476
313396
64127
457582
186600
497752
111157
58851
204166
879301
694907
759018
441601
2413
412864
743751
605339
26909
325740
263560
258249
183514
559209
786243
970294
412921
737213
549182
582654
353084
375002
70871
751291
619250
424579
788401
51571
522179
215913
227718
940612
22536
844438
985199
392123
201814
425315
133143
831202
260294
839365
459240
423952
716151
996585
447664
463795
158728
815915
427355
482797
521557
778212
277722
916999
650526
855043
804545
303212
894739
871415
468672
57516
678070
105353
556021
321164
293307
434476
785743
243356
805728
242576
647525
769970
824042
667071
724496
826457
192722
600249
180610
320492
837783
956633
139095
907159
453659
466922
26083
980329
157502
172548
594568
304356
112236
770859
67675
175964
886723
968307
563332
14903
373992
36594
129292
479343
34703
207418
353355
262946
78605
342302
721088
167108
710225
335846
947332
456864
355236
44583
673785
744538
31160
215899
877412
927611
579162
631650
747502
445844
854675
856160
626052
760185
940078
262134
426535
597057
236706
631854
290445
39838
580726
870119
450164
590783
149360
719931
559150
796665
343051
537480
616176
725102
623235
651822
105901
726882
627822
870326
971060
778731
482151
970370
619596
840106
811742
544909
516622
727862
534636
37555
95635
866762
228002
791619
809061
383702
218962
617538
440890
378811
137373
771774
664526
136815
76561
443170
950809
131673
861397
902763
108901
577238
115485
656293
800052
125460
134936
902345
325325
636714
761136
977100
481740
1784
359514
793530
866122
450854
745684
756799
155107
38719
900935
570106
697500
934458
748145
104980
862552
574693
959660
493323
862390
375325
678009
25938
562107
919325
133685
397136
631987
208215
380667
434054
963853
541272
343632
359837
895623
304106
135610
530144
85154
505214
815930
322742
705037
155641
688919
873394
540502
227894
943157
690363
637362
183376
251514
222301
364504
322245
327709
564337
916490
870239
445045
427024
890451
139736
66448
829852
482754
497106
416516
435579
226349
514385
301484
73473
72084
494658
792295
845070
312989
745852
15035
31440
238779
746750
909429
368208
210088
302860
739682
300718
353255
994632
452189
494214
705145
760540
30223
100134
158422
406334
629175
774079
445008
396191
917109
239228
269468
660671
354486
721223
105582
997677
495293
503178
596376
432699
477694
95407
4239
123799
830296
40260
748759
432302
668613
416682
524772
267649
328524
616082
756329
558085
355159
962146
751342
649686
856391
613212
916436
215783
956651
307914
137595
231965
332769
46454
72871
886692
318213
52705
245669
256733
532267
471271
280586
371933
188979
608448
356771
494551
228863
417027
418435
431852
309059
570506
199960
398291
548923
64032
361716
173481
765898
22512
653461
85073
481071
115324
563445
113731
786224
171767
847984
849415
849017
326325
138935
183824
176818
593017
531796
997738
325089
391719
964071
846626
505416
205117
975685
608403
326666
818058
496571
36018
137589
565459
23201
598590
578255
661491
911863
155422
609783
885317
241587
774161
400574
694670
785022
647713
223793
646923
446209
30715
11177
996315
439140
719787
299281
698851
516908
315563
953939
766272
758061
784893
598367
508916
587322
76421
440958
8605
672948
852871
324541
907877
684247
670584
803832
936435
578758
321585
678935
463258
183567
864311
218212
581555
229468
303221
906331
310123
857206
471315
326151
221430
547537
486422
316000
870889
111771
146482
89363
120247
338203
821660
535382
306936
838900
481921
970988
545895
843856
700215
80055
752263
115316
891470
189466
460590
386769
257278
574219
527829
565108
451698
490808
133234
355985
748785
964582
650952
248788
739644
680868
613616
790253
31081
700318
7695
998712
918023
754252
446118
28440
840817
854183
151713
862471
139757
777886
40219
694117
413742
773708
800639
5667
326449
222830
894746
672460
76823
921753
540263
119407
304059
325543
732177
311953
642179
959824
271992
840957
385572
110727
954678
515184
786529
615871
184235
280202
69697
499044
780710
307622
987536
497229
728300
356784
74640
356953
280899
668776
48877
627354
830385
902300
640545
951067
43055
761674
575356
691759
141136
775651
477749
856162
307131
930458
640869
842272
80833
949903
402295
13924
371793
369609
990848
555183
870553
848220
669861
408915
612073
355035
867317
155145
567168
217481
94925
751512
314163
643660
548272
843368
591583
529543
79367
142853
623470
18560
896687
408021
724835
776434
780298
14930
353684
270217
703453
897506
214177
771345
830931
338348
840065
173483
747926
975345
130384
103818
36822
698238
247022
306154
637603
451275
217030
845761
117530
11678
781081
362915
794358
671061
5932
971803
598520
552207
560892
861385
362020
657629
191411
65249
536120
295428
735059
262740
228880
555831
745277
948255
824931
467987
638735
817778
704377
674272
346854
224787
401508
414601
710374
822677
614883
535801
808323
712008
202834
116101
205815
747240
403859
589702
297984
371187
349402
961401
12995
447154
254256
47985
969089
974090
566928
864024
725282
782125
574259
681790
80498
199331
254059
643866
924709
105458
427170
697177
999559
656112
316930
120235
514664
790176
87611
283756
935425
416511
40913
595710
412054
270061
720553
164901
272107
811148
364660
978086
318951
748438
500554
938746
834371
426236
275263
579313
99360
734467
847652
90675
46919
257809
74124
414779
710126
560897
796670
219780
934632
946667
175796
535702
989749
117398
259055
711495
732957
794698
532958
636182
615813
791169
958728
272841
118358
434469
367588
984893
349007
517306
71514
640656
780707
964700
60104
861127
45050
974473
443795
922734
607448
843320
109155
764000
8320
230902
837654
994566
240758
118367
80050
663194
365855
992526
238456
617826
225677
462946
260018
751130
570566
581846
335659
125506
325216
723263
239160
642344
596319
494498
783167
875290
550391
620163
353931
212794
83423
778612
271431
71878
809825
345170
692098
265638
86708
211196
176763
612212
81479
923363
111162
108646
47353
474290
152601
769224
976039
96649
310959
289841
950778
206069
361146
296246
626585
219507
648195
178695
181958
939715
410761
984808
327454
707859
872516
182592
931159
288493
745002
873598
497789
139864
609241
34194
334524
996963
282855
223137
786853
469604
38923
717115
641979
582
960419
599462
365796
182615
565865
114477
800930
820622
969839
298546
731976
55924
106801
20332
579355
486250
257080
805875
49558
852522
546894
269956
583525
790155
730630
853817
572128
508768
716665
317394
316020
645815
757885
545037
527929
552565
484088
697620
933236
311244
577281
926791
148613
803736
229984
710471
717806
736548
515571
72702
67095
781374
880015
744001
242759
703519
712926
233817
907102
938868
896483
421536
272446
829585
15813
622617
435933
349461
699081
209275
330774
129674
98879
397599
414203
630393
969919
554804
953914
440006
857956
535633
755448
783874
42627
985447
595597
634393
794119
8496
546250
592391
291628
404367
653132
657998
24678
418070
305780
770693
460719
232098
651748
276289
54944
752925
501536
96303
219214
651711
121184
27143
395987
546970
24927
283708
347280
613910
270048
297749
689766
7093
845229
847521
433021
370698
879741
663968
829788
441239
314898
366476
140346
434042
429704
776655
306959
113736
271516
141098
220553
978045
251975
367593
994692
135031
808163
33501
123095
829028
174997
956333
965916
801529
181020
406650
332795
608569
91255
74056
663516
396147
762292
493185
937720
892764
363085
300076
503235
178350
633360
928886
463322
922047
495753
219555
185597
344916
761871
811522
680202
792924
973762
741315
564735
784701
384667
444755
783664
950881
563731
27176
547535
633604
475769
193110
794349
595838
157088
79722
207695
931074
665734
233507
582029
896765
45336
86219
177950
206822
718078
138007
723612
415724
190490
554303
880059
975667
175837
101557
323612
525383
687023
940937
450276
664089
930662
88756
753180
575371
638932
199505
620521
857951
954071
111431
627574
425703
293635
664735
954349
36140
644945
561768
13593
27193
893596
618199
304248
28765
801902
464185
817260
154317
730302
791535
624721
43990
407037
224120
81032
628413
137472
611375
97719
435736
910716
526490
419849
152319
604751
273985
394798
842583
961759
528761
861065
390480
797282
902979
246551
632189
686374
100195
279962
378269
167413
630290
810178
141041
34906
285659
756802
11804
967230
178072
740347
748907
109320
338845
70072
299781
946265
627403
128138
266701
417050
718391
809302
568497
515851
796326
876848
98442
772328
126549
392000
210589
420625
49505
874583
274668
431964
31171
601613
640871
489655
611814
562301
770354
125676
654518
841209
128485
870053
216668
299431
67498
867461
424067
393065
857602
279286
571351
408545
740043
298491
195238
994478
402935
96639
60947
422049
438553
911394
126595
610554
193034
34166
596152
303985
613953
175522
981024
26509
357857
931585
531923
472689
420391
778390
71490
125976
596100
138845
868236
52090
3074
385979
190841
746334
585408
969233
648944
831394
307608
401214
445379
483805
286851
87379
400847
355062
705254
272194
516897
144596
450701
397786
644897
369965
602872
294753
365180
703408
286745
964446
298685
741574
609539
636330
116133
340869
183242
500138
701919
411706
956335
78928
723673
841328
432609
68909
142070
215486
229468
999749
867719
335072
939047
96509
816273
426199
874857
799928
128064
363704
430045
711047
749314
904237
685469
16419
493696
434213
112392
670559
293920
206366
951676
729448
284951
422088
575897
748713
707782
366166
743320
532143
513688
50704
413213
96372
344751
342549
590811
888960
169530
304840
904544
400571
673144
371627
836737
997885
838889
815714
124169
660102
831750
232711
455128
443835
489806
418022
886779
197240
616433
780371
630362
963118
522660
602099
864717
894996
364860
265476
436195
55542
842100
37456
339438
323312
647404
237193
172254
556833
396972
474929
581327
981447
79817
323386
663314
821764
957302
154666
366277
485020
326492
8488
652499
790401
860928
177492
893319
864989
443269
293515
770511
354163
172765
544433
889655
772314
188913
621705
227613
953606
950360
852153
98376
417686
167030
954761
252940
110257
898557
212482
662824
54234
344177
480894
654390
562473
746608
702641
753698
571452
816350
703411
525111
747952
291805
693427
837362
198313
426524
931504
529704
634843
985163
542099
585217
383058
613517
597972
413239
869064
351276
150008
59036
29816
919621
818018
448813
1615
471370
329416
89313
201383
508785
219473
708052
595782
53009
945980
9133
500473
520923
875852
323412
434644
151479
768998
834003
697551
996037
562909
118354
978822
518008
54964
847334
338265
218181
304878
900815
967266
779998
857738
710546
835847
373331
389553
878229
548949
950173
38092
193487
125068
904102
854950
477604
763299
337128
453645
26619
56211
534254
970752
463373
734398
213300
498529
570649
368497
650751
885281
703574
460105
167238
165381
991377
295179
478007
443381
6569
224743
575257
664593
875968
912137
803486
518045
421726
571291
21131
585357
587853
764061
560913
446636
906777
466085
637546
664967
833758
338523
175104
752262
613999
996081
752174
321896
399786
592930
925044
274174
216933
955021
307189
319121
97816
469608
943379
345401
333789
528782
897401
724047
406979
349769
695503
978014
838716
321241
145214
974699
560076
361380
688238
195386
24216
386429
900795
934365
462266
803798
436021
908953
215856
214889
1132
155150
100681
11347
560088
516699
525646
607779
324466
708469
25228
396964
344396
349320
65518
981302
810357
995960
76403
487082
840079
396949
608042
860041
953088
377423
552246
954287
528378
319025
283575
479435
144340
635933
953185
123645
473173
151872
535314
221091
703396
414824
443255
774547
662773
117935
459046
937821
207387
887971
259993
571746
800322
259381
118594
887705
918310
24889
561672
250947
908802
661592
421837
545355
661409
327650
57801
823072
698372
7370
426425
702045
232903
374954
775936
733452
250366
758417
326003
791131
639122
665872
198422
51286
770671
88350
136594
638655
889595
939830
889818
381358
382180
535771
835173
982329
656353
895344
186524
335013
205116
579916
362802
96657
686237
390756
150912
744226
244772
690738
954897
696232
858438
387349
271491
237275
343370
377480
525186
131461
214755
45547
293926
811431
241922
218192
225166
299972
751892
215630
810608
480310
184552
336312
789443
885082
66609
482060
129504
828013
191798
751542
368078
175257
451915
630273
787669
162802
295044
664483
291766
164778
939211
33620
583540
264015
835425
17065
892490
153012
952822
935300
171755
531439
573161
696079
2226
141023
160498
482040
403685
120835
765042
611713
940074
215878
190785
669268
687437
840556
770627
322161
475831
775897
908046
572795
304085
46015
248487
191453
384179
527557
753154
456412
431869
261246
750357
381293
604201
887654
629665
905333
549488
417016
699696
613822
827218
851186
311908
804765
698291
184149
301327
756334
895472
105937
693471
457534
744647
514113
731390
608317
22035
406796
638260
465340
786948
83289
189627
687567
148583
204508
581276
863896
378162
942086
204361
662164
659581
416163
567535
488308
580512
52100
704887
384435
797742
832810
76961
739022
351178
726517
633363
177385
615700
812909
445130
875828
797131
929046
888761
401072
273097
515682
195215
388557
846961
970611
352849
962408
722084
672040
662283
869980
996192
336888
759008
122086
685181
202132
819777
546433
616064
826384
807406
209755
644017
475213
351015
53850
870159
529203
9936
784744
413477
342853
209386
250721
216420
310902
645010
505264
596449
673621
508373
164286
706296
801916
40369
742992
589275
875466
415577
409579
392490
758274
665143
537774
862705
632719
271110
744931
503977
462324
865789
589164
938905
35698
77759
228549
306807
506218
160333
715112
805462
802236
608863
883453
272221
355572
697168
49847
166310
168143
612755
233927
990842
4119
208367
540352
133080
226948
914792
463363
892438
973198
699306
5301
807011
40604
299266
803939
137006
506437
166773
517719
682755
88146
294418
523805
568495
643963
131917
766623
770480
414129
70750
518219
386345
537073
799760
452336
203751
953371
681530
544429
523548
377022
313827
275495
553678
427451
696319
3881
70464
969908
861222
351017
416345
51926
952240
384742
164146
150481
186400
221123
881230
67877
236288
33658
427448
5858
475220
982127
911951
102425
671570
254813
34432
448868
80655
228712
41894
943693
598728
764559
934626
307856
988195
327713
302486
900871
824817
607725
520094
965926
7283
25433
970921
332735
195901
859637
775933
157598
71430
794239
797782
235690
18214
666297
43809
81833
411676
858999
662945
145203
627649
200
575284
109860
547835
666201
587669
386284
554553
154694
27063
655715
137344
92250
412020
73356
826823
915295
304956
646368
291464
623703
265207
267885
24540
660099
407560
934083
170710
842593
357030
855622
799325
500736
595745
635696
848229
941061
257257
361870
914947
133381
454494
995873
335014
362348
114811
527050
157119
483621
12899
826591
563647
828633
17833
814531
520829
818370
940382
102658
803484
298819
938710
205309
781587
650605
830102
702171
997000
776437
310074
207458
13429
731148
964758
349696
57603
788606
823693
165517
408982
23798
484352
455474
902569
750570
933003
731205
137010
82560
888722
75672
197389
378548
791002
244117
489075
258975
380379
313386
120790
785673
737992
184423
883000
40797
615734
676736
819168
293420
156757
306066
472410
274650
382224
731894
810626
769812
96458
943984
884341
42051
847398
636679
870247
112592
57158
403766
313058
147917
764252
229162
839605
921110
207788
400422
179695
787580
100711
318209
756380
464152
102718
62810
221421
81288
321473
424661
164268
944395
904282
886036
800514
936564
258487
526833
14974
456022
796338
309414
133502
48718
371768
124171
301046
631938
629895
43526
467827
453411
807552
90942
713034
330942
581674
303849
373478
441942
315010
73950
312920
756071
22359
457553
862942
732117
270552
639190
64395
331288
718550
420796
180262
814062
995508
939694
306975
624724
403976
972135
788399
714923
87196
425727
363522
802337
918997
609706
345181
676354
810606
313604
939538
827094
81854
482205
600615
8734
854653
480156
454309
793389
320470
763732
179254
181954
13729
305206
900128
775650
422651
573770
227880
483378
805919
653922
921476
283281
610459
548571
975579
260983
311149
791540
605236
432505
29081
226121
17543
610122
163896
536862
410018
366124
934765
456129
992557
692234
831932
312103
528965
656655
904611
989991
7815
278495
479467
58227
883223
868598
984182
165244
403887
939376
798139
947563
540561
409486
888396
802123
33344
529297
623916
436035
977302
698587
150632
15923
68534
481291
630118
800501
334417
755104
453317
495629
477481
311330
831759
954848
659723
995199
463626
786849
828902
212795
192321
175070
166777
196635
853723
988380
968928
108659
500289
381372
601508
683262
909492
181559
252555
102515
208475
488898
250287
299402
6430
987745
7233
270799
542371
865218
985506
611907
659029
485199
747088
598573
268419
215295
600760
5524
490757
278066
722095
347418
339184
731832
767779
545173
228930
159145
23422
501401
169247
98775
650090
136963
167755
435176
331055
46939
534785
690896
302975
698271
813847
470941
449376
835558
735382
161220
914025
941986
750252
955494
165508
898016
307728
383398
93705
799571
910151
777581
254054
809013
116949
513169
441786
431666
751481
705521
649646
746194
806588
812451
663703
711593
244858
723718
593722
673689
634013
734854
557284
752524
60104
67569
568659
69416
99669
933622
11747
973062
698971
439846
717221
575467
85789
12644
541324
286583
421570
2066
860857
310407
604609
206055
273156
132575
290930
521325
673673
648075
280672
981538
927237
763136
739009
486875
963553
156577
524631
115637
431975
422969
555289
276290
266549
574281
780965
281323
508928
901317
804328
517608
748483
490091
147204
540640
147679
183080
577471
599388
334326
228550
544508
709600
684979
365442
606664
738545
560780
127516
586533
888599
371806
82389
978261
488703
796287
822250
434175
351688
456573
404267
909187
145456
480086
257260
996507
471496
520998
261969
183920
77849
676477
834334
243619
721294
42216
198311
811196
82333
230696
96272
128891
522450
186777
267335
895993
10512
274643
673695
217601
551344
802588
355398
426535
488924
767931
804748
608119
722208
211028
444668
148469
910548
299155
244568
432690
942553
187777
124396
32482
693921
661817
8433
853034
165617
531508
414737
99957
127825
766791
443685
801012
96947
928121
246751
938963
385114
390272
405266
931627
128793
418439
225870
717989
991032
958158
81727
240338
769348
653845
851904
469597
961578
760585
359972
103529
245290
888778
744418
697984
943918
336769
415495
53006
521029
840974
299414
639314
827221
160314
439347
180648
105975
825677
794873
697793
836568
894605
201773
114575
317545
374953
413383
752402
900684
469248
61166
784989
126932
876351
117302
25808
813936
646389
618863
47480
809536
720504
15027
654508
217161
448879
452794
964349
1269
2094
933398
667303
738084
557129
938387
742395
151108
513561
527790
515965
741909
576410
301055
252254
539942
798638
926156
78036
103451
749688
269075
447052
587675
670450
385087
680081
277085
852304
988399
579578
685780
98182
829341
674002
555444
1941
250843
411500
871739
523673
31449
572509
907052
661151
64857
315190
709636
203278
918411
691396
970139
688350
956297
549918
994281
389603
877998
314764
434264
784201
613102
827203
360848
705018
255942
147362
573077
284747
394662
608402
769323
980434
898006
134419
208249
632864
927517
320613
718397
76657
449912
574979
964882
367481
905077
128720
852382
600488
204591
4849
873910
995308
1160
355247
482850
961368
38803
457189
260742
597218
185797
491124
107466
266335
651253
259981
162994
151523
108547
318617
806484
946917
246948
24243
854213
726326
14263
868780
412006
983092
264877
564292
405730
323253
526410
212402
365077
606392
73896
123233
199211
671257
312701
801302
412621
103373
798833
846962
856600
33782
369967
924871
530874
762590
126462
143577
847138
347446
513090
988399
602234
556483
346917
389908
149411
815064
947313
640511
448670
661287
605661
780409
258156
26463
18311
216462
914580
653288
391487
168293
35487
49266
964002
414592
874425
236264
679535
239300
642589
17994
455220
716010
507575
362809
744867
615971
969186
952864
863677
120081
724183
852398
749269
251157
680174
965276
181340
581746
737027
985420
883973
35753
76296
830570
97435
174737
54658
62238
181625
199389
536388
285317
116854
599700
717982
941580
578148
742441
460682
276632
735589
33272
900103
896314
548684
145712
80472
595050
770723
615303
123872
327130
22213
13725
813182
955039
101918
490177
242037
95176
926356
471118
339899
480587
851858
16368
63175
26316
935724
74464
207296
894328
435273
328013
451246
10813
274485
678532
319316
652516
825499
687303
290293
221049
179347
865381
916869
752210
422886
595527
174753
925902
72552
181655
874219
328096
780047
937790
127625
625963
375692
185092
490175
799012
152908
735780
952482
345161
919498
978070
918320
295470
657057
72683
689297
97144
112860
585384
822463
282950
804657
744203
917127
457803
941851
35214
425222
263513
490379
888881
283786
383124
795627
885835
255485
324448
614944
676377
430217
655553
93928
594619
283361
192567
803896
16091
424924
403600
63909
95002
254221
943668
370531
520671
776750
306650
795954
21050
868464
608481
306986
647224
266977
671215
940200
871098
462168
603776
212831
950074
718897
824451
954189
819097
760968
331560
364979
999731
527629
496505
119060
235253
772045
417878
320656
520344
447720
292022
871743
518624
307750
482506
496245
541449
790769
401063
93833
172245
705700
542249
992
643149
540448
636112
467947
95042
198235
68990
683558
808476
687252
454517
841324
379522
232756
40528
130024
250783
572542
581269
699916
589641
118105
81997
153832
678515
559533
226590
233775
46799
163446
860754
511187
667822
440399
888208
425857
84457
18648
710111
589650
19333
27758
639922
905628
144110
596079
221056
763034
918385
593522
680156
423584
907177
479502
886577
299965
338833
179129
269634
560756
173830
137993
965699
938861
13672
98407
542200
560720
827943
369302
528953
93085
758935
356767
12122
785286
333777
993129
625768
172627
803273
528030
183724
591348
570660
699324
895142
497111
422164
606157
384091
822449
305838
229634
218275
686199
108563
738391
216908
834525
24146
994480
650954
769000
13860
391706
610931
51926
244482
541828
934064
753987
597540
239845
687148
518876
288610
723923
32461
267890
909759
58577
467273
67830
143645
26117
299497
307483
12533
988179
806022
201802
625151
242587
172663
725701
565734
643775
410325
527557
550729
500882
730291
282501
54440
560909
892775
717078
996677
332872
754873
688533
180984
915548
57061
976077
636633
507620
219194
714463
631440
899958
693469
426370
171110
957708
972244
448115
784318
678876
330639
904633
765773
457908
646878
811099
714228
242358
777182
101592
62556
650854
630971
423258
454480
926044
719890
16485
354946
238278
538114
283432
621174
993670
722481
684634
791512
117162
425488
385874
225280
206321
450103
220386
525511
791462
576795
238858
113395
150676
602082
115395
142693
108545
174839
406683
77307
478611
578293
687945
604614
679268
302321
421075
589772
978915
258269
257387
334897
790274
406312
857551
802359
259155
136105
424566
549541
806003
332391
477984
161493
811964
484329
383768
181621
66367
767415
59562
864831
183478
775020
430500
822111
393710
646543
8124
204495
924071
996203
674368
602889
609894
73689
576316
337116
350793
765473
680146
971940
900318
740231
159117
670073
116583
723554
544159
932063
622430
795615
830357
732714
981921
613334
448552
469562
483165
380112
653128
55532
703910
88629
726413
294226
664271
320790
905584
902333
809022
966981
26724
817485
589216
133575
149744
807174
378270
108266
425729
470051
425203
507924
58146
942912
823229
789605
237128
571480
313165
602870
454543
926712
45251
917630
248091
442707
839418
554116
731152
438675
468573
413477
36063
729426
812876
769855
194506
436343
132174
48951
704937
939252
623452
497222
80899
855612
776156
455211
37216
886177
123872
29210
69447
889389
160499
852542
808792
149963
540748
138160
138110
623990
488197
623683
898878
164505
971296
550273
394827
858144
454951
271521
767924
884341
294122
500839
922647
99047
150577
905606
566859
87750
789683
610006
251663
157775
689641
305333
187280
171302
979919
667227
203501
946810
676601
69115
879141
760129
963799
523870
493856
39694
615920
191051
397224
7742
429405
742955
930153
116735
487313
634510
508047
46114
791927
894357
197643
846394
695707
763780
101384
757328
677359
117482
385895
119966
841183
350987
112785
700204
388104
707184
603375
169377
557114
482412
780210
150972
665474
85292
908695
975760
718783
673724
131308
986593
3184
976534
235638
331543
191607
946020
830105
830896
836551
461380
620653
865675
477304
897296
204541
483157
135265
125968
664459
681
557898
132964
865386
334675
51
954838
663325
695245
518535
392653
558233
714081
668690
440098
879761
775515
489104
502075
55047
745704
239640
730751
393508
966414
702293
373163
643928
895631
484835
731276
423456
502879
782019
678686
556974
91446
42466
471447
674060
625425
864407
534077
708167
582622
853270
69211
536803
56037
677293
70151
699907
147162
871336
625953
462957
561490
4598
787152
203651
177307
805832
582419
724650
873398
197101
702710
54461
318078
189171
782656
172078
472117
697406
526664
634730
544114
436657
725913
957972
503263
404027
697093
53971
458474
596772
344750
10100
647733
551305
118257
320593
361488
137566
693794
470480
200663
223366
979937
539
299595
115535
568405
970998
582494
565976
811928
614101
742707
112791
747139
38182
892665
769158
206989
612263
88225
236155
118058
57116
399634
468056
869759
356955
973462
931403
135844
373404
181136
416398
524032
202978
622382
911916
6005
116880
216685
276851
991065
192843
249410
856404
392839
591561
408768
737205
485002
233442
338314
688768
963690
368077
332267
835644
949209
45930
972500
305957
288693
523909
742040
560942
152669
914156
16713
302786
202227
34871
679510
582376
980723
903859
439655
573023
356775
792335
992975
413709
597603
20719
455209
212216
843791
809301
374415
781813
464013
283739
349633
31365
582023
218500
239905
890819
158465
260123
651516
119450
178267
359113
56584
275418
957644
365358
233905
681878
965487
583159
724205
590590
887303
64102
299591
442611
11425
282567
531142
126494
722833
29453
300364
263828
608844
393166
942692
696129
872456
784150
277630
554382
271110
129405
745565
182531
196325
511017
907387
19875
290996
62527
826623
37407
246804
689759
960696
399277
441975
39550
875384
191045
266592
640562
642823
59210
232010
447263
19700
410634
514955
672943
312552
321650
143972
317532
194096
6022
864999
378788
550743
261362
606062
863650
987740
854548
108417
110443
379804
540747
77072
777534
862778
639295
473206
414911
183151
730222
541070
79190
232722
251159
275218
475694
606686
183119
13366
415479
355141
782489
938646
980892
866746
736832
578409
424760
247981
709840
112189
712319
836694
692208
611332
359494
193641
714634
758837
475792
35735
848484
483274
651150
733689
104253
211506
99102
819962
110375
185821
616890
153142
249524
998556
105683
497159
410144
848008
182917
637255
329866
296138
316246
562670
224075
184259
68443
221296
415696
386241
737724
951746
883632
161118
129702
95085
823391
932567
710887
879467
615683
476284
558745
22894
477699
439849
239614
483875
120158
233917
991967
621985
805227
777779
368441
327091
255002
134492
444997
879365
288259
429230
806702
605323
980703
713836
569540
799937
383057
729540
151051
603687
785279
131052
72348
514622
711902
764670
278506
337139
55206
827483
353356
654785
419270
926072
108589
262109
361834
784249
671934
114570
770244
61453
111475
254637
333955
173984
609013
551664
37331
669959
792593
57505
166341
313219
668520
124655
866150
228327
391375
23647
737959
331248
776422
938994
726883
377683
936056
305682
970621
818624
929528
986973
924448
250708
808241
103311
461280
905037
449067
537474
888219
58335
927220
542667
289322
551513
402337
293825
827288
290651
182632
652242
738864
503161
980769
698934
947847
510509
662961
666461
389784
959612
139025
501291
997270
948443
24513
776803
760986
554545
779816
624278
346347
349925
246774
789828
197568
822132
3527
569061
652483
527926
802057
276369
853754
558744
252316
380149
938354
631959
276552
581349
154473
753937
319436
728172
690517
407908
428697
242252
1650
459401
270859
545330
877698
560287
413722
297567
754901
347280
907759
100021
472834
748218
676081
51337
315723
901265
960053
496909
676108
573086
427922
237436
429545
497494
1522
54314
17805
886285
512596
485126
687779
186909
8376
853183
59471
814146
383950
873022
60100
728265
348833
591259
221365
811442
445179
114380
515472
768048
404722
939004
526456
528657
785319
274824
833446
592518
345072
247871
16372
523800
246531
817837
207201
791345
266141
595452
295879
196221
324169
427342
715498
856849
740274
165707
979571
788734
916592
702504
786679
298930
616544
895506
72664
490619
906188
508354
49687
274540
98396
16533
837226
642256
571514
873494
696846
371031
986204
945081
654967
436969
207477
924207
26539
796459
365881
341235
667227
150927
348557
977365
231317
162496
81001
564393
319715
889965
873263
413383
59708
421458
779727
621271
442410
292905
240391
6066
761684
768321
776475
473548
324020
553356
928620
992592
284221
341122
637709
272759
886504
596985
110862
577722
799661
422406
508273
70897
665587
247195
175367
532203
855671
619193
932586
355318
130491
16118
624504
518406
227566
827799
259920
33154
908396
466848
319889
851536
9565
118290
684552
695744
139205
108357
633478
426190
85824
631300
130203
969150
924484
225868
51210
734003
54629
480041
704708
539866
196905
485524
769049
962362
593537
755250
163166
710715
635257
280546
213746
376801
790980
401772
757426
952611
933307
828177
80971
886660
127175
399090
839272
67399
415937
256139
355529
494968
444595
963023
204520
853903
166154
207467
615011
805618
89048
681384
366476
953710
936274
257935
707714
834167
476785
87487
155132
909350
461960
925775
827210
503637
803469
837459
621132
753319
988344
674475
320317
996781
328804
656832
116971
956510
359348
923779
737450
682618
607617
972256
166391
350534
784942
5653
113148
339895
723246
299144
350161
967038
870409
312233
204657
584864
96507
463273
252074
74823
131401
649800
693735
96060
700748
907637
761855
143686
636018
983892
875225
557762
968107
434147
199808
943457
842101
463691
97688
704619
470454
961530
699386
936366
583988
301602
855595
147672
301325
850566
463702
786983
543976
726674
524163
398775
789211
789482
56854
691862
785730
27511
666137
795509
297951
377769
396605
806247
478213
477011
487572
643935
324842
15332
142486
844208
880496
743827
250517
249169
547506
346567
462860
315638
928818
435944
814950
751748
105080
168224
689531
453986
260810
192877
469672
653138
993758
408769
401741
389286
793178
261629
744966
141342
692877
615109
713051
319022
19355
798777
80844
305108
420053
605702
21777
895011
881706
602598
748531
473431
459690
934290
841401
430054
759290
906332
292000
285673
762559
770145
462252
423021
526066
766899
330690
867142
325262
352415
515020
588633
355569
912925
281415
38422
488739
772510
849241
513312
334955
155949
928930
61862
826771
452942
546557
88945
974619
251631
125483
774279
562374
818685
88798
461207
117386
98887
79251
896298
108415
340298
840173
880025
593932
838758
327494
472012
582119
425739
261928
683862
188303
795860
590861
985326
44890
384686
914412
658195
691615
936526
501629
182381
282180
591850
461885
304341
945667
888376
999289
89607
756894
596308
657636
707750
489700
217030
185084
201005
697701
637022
263280
111897
53517
19527
750447
468704
731080
97780
702569
161861
670135
556956
222017
185293
622335
628476
615111
375104
757157
537989
511942
304899
137588
587427
913916
138037
121054
300491
326202
861764
310408
483501
811225
799216
969217
248993
862853
34323
952252
752821
60831
393435
601442
71939
545433
841396
754903
933439
824032
140573
444647
665760
452685
363878
45019
426598
202356
8277
914025
156669
671942
32506
686767
281647
649903
318988
320838
137596
527030
475481
607061
475617
271849
619460
952392
167014
534452
238121
638923
446776
171316
710191
920595
787029
153595
744372
799428
301579
957580
939334
420830
680185
178232
647694
781932
793137
737205
203386
835757
212334
219967
864548
282739
569185
283205
335336
944643
363175
847482
452583
916820
497935
295604
600746
722037
205577
416963
14718
586142
767721
99898
179570
243257
463531
140513
231997
631044
112036
813150
975756
763620
17034
115372
47876
61902
458935
814803
65223
693789
465651
591872
721351
346038
937655
379310
721776
804511
855607
291407
905132
457608
119775
29537
682286
320073
952097
40995
550688
1156
885035
487488
207852
890968
448194
637380
848849
585492
81659
313109
724174
110625
903499
634286
45738
610335
236828
720525
649521
407180
4530
886075
564777
574110
134911
361971
673827
62292
650412
281869
182934
778846
883285
314473
727479
54659
551303
113381
677525
226089
208554
164743
263511
252291
344993
97194
626173
120488
348462
55769
984675
431209
563806
767726
950907
452297
895119
330584
253485
685582
664505
702451
983742
559251
442243
683775
480893
173877
939520
268635
847918
5384
776080
244591
575514
8475
454907
210831
264912
248307
597869
588765
281507
640663
484916
761007
467820
723111
607629
315141
249674
738569
876556
262540
960488
68420
541010
5764
852427
839239
226267
700411
127444
267957
823182
46379
586689
806456
266570
127978
715997
868890
214819
440530
440075
435640
135236
90665
703073
672961
864074
192663
195175
7294
816778
346492
900910
541921
674768
960695
301124
464990
871819
47748
76109
426474
6744
822096
570369
254424
676103
782123
639634
45463
140285
251005
814193
436890
455039
75053
605670
712915
822682
422160
525253
316649
3786
896154
148284
418695
763642
316415
4154
749751
407258
463730
189127
807450
558168
919740
119954
382413
680390
891034
611841
679804
84621
153825
828991
717905
917046
930659
165623
630324
6602
10879
115070
426628
943753
213941
849467
269452
166796
460687
385669
304857
686307
298272
295617
609996
805670
823101
668745
221260
966742
724036
417417
11707
811422
331319
260060
200283
602848
52691
29447
389929
404979
913550
567399
317785
310882
65342
936020
413426
908154
323217
254863
887405
872439
477267
637774
430812
188396
471259
400814
284396
77804
448327
156984
674673
406329
488992
878006
385572
152500
389423
578418
605097
523759
261496
246080
288776
845747
816254
805146
134278
272140
124505
867919
490053
503532
273306
168785
289843
767017
159517
339271
34837
166174
398980
527984
666838
613895
103845
739721
408198
287587
713025
113052
705745
498825
265160
842946
155969
666220
777242
593631
422091
49231
746018
689948
148765
981859
514588
354533
848133
802258
592392
556557
457707
778001
445154
370353
822161
771382
11402
268619
693657
362824
649702
35366
612735
352609
208674
368501
978940
741879
467404
186005
448960
308178
306607
703521
672320
609297
321733
886690
830335
455726
897703
172816
113957
496947
367688
684318
820211
205599
320771
335307
846245
675812
740083
931643
101692
678887
75738
936507
572226
953726
272565
711
494047
469366
592996
894607
94839
959479
888620
46905
535908
716370
250286
714128
375496
269267
756631
77039
500987
118963
328541
472084
982702
737630
277627
580970
175238
725658
539223
876807
352270
838752
974996
478915
390536
792550
843745
78467
996842
292899
543179
53970
153891
333192
419787
990263
844570
580802
133458
774880
539026
434745
188131
211889
524868
602833
963600
538475
760773
420571
714290
314499
131012
63219
761153
384723
803057
439522
619525
67816
51388
485801
944305
739738
825944
424399
435742
958569
401968
182182
662995
242574
419910
815008
916231
88962
984681
190330
811526
835705
686895
581136
997268
844060
932452
50262
902896
998025
988791
304666
45802
485294
866948
181924
389829
846542
197370
737695
670567
911848
304127
241837
63247
407334
419324
626403
342106
592801
512664
486737
38505
420094
910160
745295
522206
101807
607019
153193
892806
467272
173450
175734
871110
270265
857663
576763
885559
705607
119120
162616
614163
30089
719229
624218
553423
936272
487249
743525
95839
455018
892148
182067
687164
736766
26054
668069
835966
87290
241870
640902
552005
464868
183750
679571
675596
334443
57868
5999
787810
719305
15271
648653
26999
566450
937145
656240
845508
24076
117269
243297
812660
692477
59233
912072
426827
552598
433929
636076
358538
320129
784886
590720
175216
50671
695806
6980
932530
466930
63015
578944
206297
141863
216437
321298
874586
419174
5609
983760
71707
634032
81194
69502
56062
680360
986397
232187
581470
955594
773058
363468
797475
461350
69420
601485
708394
425391
403787
839962
22273
355168
603425
685210
994728
540691
71043
746873
128877
622384
394950
668600
241034
535478
566960
815920
250219
683526
460299
717711
343184
978054
467533
97364
865672
777882
562242
399172
400014
849870
377862
293322
426253
68977
265666
56519
3516
920067
384117
10281
865967
940651
287721
36367
887040
624547
505041
859138
834363
116226
767951
90597
817696
207684
885350
826378
938725
353347
957753
495951
806947
411168
775717
439968
90985
860861
603654
450857
272502
22153
375804
767959
810439
382341
440641
203699
980810
672694
981616
871330
307294
412024
661087
821901
23213
345011
414807
873731
938551
587081
160043
959224
892256
927784
889356
592598
459670
142741
701244
135309
638373
406101
395628
220434
181525
39815
514863
807914
72581
397179
347163
913019
595353
416798
372859
97350
947377
234559
628971
187209
63638
716538
484367
258526
537196
944570
532318
946670
152243
507658
22285
587719
98710
167450
306947
562345
689189
680576
580559
883994
236531
930916
135633
900197
385995
827016
425211
713319
825575
570444
852850
545218
612781
313983
575388
334416
206553
498136
937483
79363
229733
117373
188160
748661
380083
961284
905783
302905
879201
826142
870303
554355
267899
8584
809870
397584
976160
741038
701224
241282
469511
148317
444037
51210
121109
846784
191919
274909
718234
239650
657812
859131
909479
645916
802058
361001
126669
786410
501121
786892
8383
171974
652437
723819
568987
459055
274637
612320
76836
929581
941122
11835
167325
888663
680312
1568
525648
427428
776920
32585
774391
111261
902468
964425
372166
237667
999421
92845
625439
163844
591956
469944
814795
415786
436100
436341
104865
285276
997714
923941
303360
296246
151775
520373
204536
781896
159146
401506
83219
199074
157706
469672
427801
443657
753581
86674
950679
268604
231030
806645
936883
566268
840179
46604
156350
127447
730725
880853
879257
350492
925087
160327
38139
175713
284043
152406
501752
985367
203840
200561
865873
475567
564942
719457
900232
994079
928992
162841
932846
119128
549360
985127
234706
442074
549882
570077
428894
472633
499896
591056
188993
108371
275742
919942
976497
456852
233226
129846
295258
977474
58679
276967
663691
40100
525009
259916
688396
564323
927775
253565
124261
36192
593168
576353
111061
110664
851986
134588
827358
334585
590921
418355
665191
492329
733969
88109
839342
261364
908856
224939
522334
733913
878086
524466
623569
260400
988110
790702
769610
383359
127315
787152
749903
105368
339952
285531
657235
39930
197495
490881
656743
35420
604613
789314
769792
556314
743856
277882
311131
193086
49620
576830
162446
127317
499776
90209
148561
801672
758930
7297
5548
970101
965949
991483
314626
509856
394675
462193
855072
342240
590
925998
730073
785617
974626
364634
580278
290564
942560
883619
130053
257600
603496
637522
286790
503103
553691
184061
556145
849514
98823
330380
885701
229079
942910
530477
715253
934536
444745
299859
121450
646400
186181
580832
86718
406352
99115
608705
787979
971760
855848
557054
525799
540624
502913
61431
864222
897656
925956
21499
617409
919090
801243
547015
552281
614374
305119
516342
301289
150824
153411
263898
132827
777820
814866
980214
613817
479036
547210
524241
86417
7821
300003
171314
838223
202164
86973
355657
51577
650141
376920
10758
592049
675373
588693
29070
127087
758046
209091
843358
367316
170718
733879
119102
249497
30099
545393
2949
715264
27851
779666
39262
218276
813056
631524
655778
506879
653252
665540
515778
702215
261596
477578
711686
380810
58991
830122
587328
943052
773195
815066
414517
893452
848831
681495
848379
668840
571024
130126
811437
485151
479768
964046
967851
34186
301734
277033
530696
525110
124462
563611
657615
869202
664980
439986
684132
588955
390419
19246
373118
602381
189151
439646
296848
418712
603563
645749
902412
418603
353984
284251
328298
735679
525353
297261
908357
402148
203551
891125
334966
559624
622127
476375
839773
664135
841937
277209
683345
190725
829172
431586
462829
462691
490987
90442
954482
105166
831971
830110
45631
954589
237793
230688
600757
348280
604849
126619
344027
831060
933404
20706
53920
268676
983607
230261
210845
878632
258724
517853
423203
442243
965204
492173
447167
830060
715463
14732
924279
648373
120152
152260
294947
441970
634458
825246
985555
138205
491732
12223
6651
577205
951159
645365
704571
172736
849908
586388
771706
705441
837609
68888
485310
434578
742454
958974
239044
843243
909919
880286
546300
76851
168206
469698
47718
586930
336436
390620
890746
517270
549458
308468
218147
577960
339871
713548
878794
179033
912047
872009
918366
943941
866963
968277
841125
293848
29021
104798
52945
934338
277856
812267
336930
588562
362291
766939
426722
86851
113998
700909
213845
451073
413595
596209
382498
397245
67943
274542
111246
278998
25122
699270
40137
815136
930734
65297
540849
540016
537538
457882
382437
192481
412820
235824
241897
812337
894633
768244
267716
336721
832783
736809
667087
837727
529709
509590
42471
155813
213012
195305
937557
648102
962786
998927
412710
687729
858273
833865
490918
90676
920277
813277
86371
723824
398894
149734
869923
788150
834510
890035
693884
382912
787852
383701
467457
498765
444261
707136
20797
541505
659638
984903
583074
91895
561398
463887
330576
363011
228431
967788
310954
996561
698034
756554
865467
487757
893478
906391
293212
184881
862650
413696
183889
941202
828361
403113
599398
905028
805373
625888
809360
654220
38942
268828
993338
235163
396511
33989
777910
552401
818211
236035
350868
705618
395410
345319
357192
169878
787643
66232
289106
87390
898993
698171
693414
586433
548847
167884
862231
770622
892755
610454
13796
175037
582556
910808
979161
641553
355240
713695
697445
209739
975586
217360
3244
376731
304827
230175
609751
677131
736660
887711
44016
156737
362561
700746
186478
439117
128817
172013
885880
132526
956146
844709
380179
533164
969147
867347
640905
849613
722003
657487
44221
229135
674059
938382
932765
887934
291338
426794
842812
426648
492438
30798
332162
630477
227302
715986
792188
346440
731693
116503
799247
131961
260872
267957
208032
211699
453562
181735
534314
410311
922911
692908
700337
790660
234504
680498
280905
313163
900818
917056
614583
461629
969343
748083
109460
431595
469354
966696
428073
433246
761745
348607
932691
787272
58038
55035
518349
905790
589609
895308
401092
907530
400919
871678
133126
640192
866024
538827
932297
894094
890239
968042
559995
62273
8386
718668
438765
633370
190671
130236
878218
519491
690248
890759
151493
280698
620556
785410
211598
533949
220744
824781
589003
809667
798842
158841
283205
509156
550334
36480
643195
757794
219816
214463
731119
749056
465157
84838
527415
206301
594383
28268
730529
420604
268041
23924
324932
211178
93906
574802
856929
959125
730962
472426
471600
377507
809626
421439
792959
885279
191505
649705
139333
953556
813295
489655
967153
179210
917008
615421
400854
662851
923379
169759
269156
770766
896109
509240
786709
958712
380541
812342
933004
68946
722342
190781
711425
93040
855064
147721
116603
50728
38730
278301
328468
292379
535409
819537
887641
300515
248072
631554
799542
275101
697635
880148
561175
265889
274210
798010
157054
809370
454049
550613
678789
11896
119368
266435
121674
528429
286538
45068
860970
979804
1752
911636
126818
545585
616449
324150
602029
948091
540546
462357
929966
4566
264335
673481
87589
397761
364955
558939
872854
715148
648304
986989
536913
892594
112363
172630
417269
72470
523595
275636
729446
470157
751939
280006
98853
924606
898404
859368
36469
452642
685005
475761
875636
757069
417622
72249
941444
948810
536098
934189
129377
324195
846618
872118
686726
739756
40855
141964
254119
642932
657018
441889
684642
723268
545958
86978
335064
659480
542852
789789
692770
668013
493941
725585
775876
51558
381892
196925
185799
430288
660101
291493
387222
311403
754434
102748
559335
797204
849286
525919
73816
528533
555002
567388
152198
66476
878488
858351
271741
95024
678415
884610
683427
120276
348452
580743
89768
332615
327703
461533
219612
837573
261137
346889
616725
885526
823207
198198
472602
866055
748164
554420
457910
186212
884809
500845
918494
340300
32466
717355
474285
206631
129319
667208
277980
866989
974778
452300
635246
264487
45659
903969
241576
547798
495938
204832
774642
259337
516882
841255
348235
257243
642843
395424
461149
826155
81796
384937
872164
846302
547248
610918
602745
313584
653838
949898
241084
69099
400344
68615
102636
966074
376217
754364
828964
530080
168818
750599
150516
290295
135842
963146
972652
126154
298932
615255
506860
293604
446749
779735
976098
63627
937527
679960
594812
831143
147508
341065
602861
413583
687764
910014
71296
172598
765435
713630
469097
107059
839205
291437
461876
98656
533025
596833
377524
225177
984765
546312
162347
717
588273
929847
699810
237230
75607
980525
371382
143334
966546
332238
277272
344934
832383
16571
907507
279759
229342
710616
348292
190541
587416
382374
267217
288703
457340
432576
593531
180819
584386
445316
392781
502605
364598
463277
645958
732062
311000
932290
645328
97700
453880
943794
84204
264467
776297
483581
117989
937692
149347
542017
226065
522478
615215
502181
140958
628645
574308
390963
341491
96445
799547
329353
46047
986777
602714
7167
187085
581983
629786
526950
968413
185218
592094
224483
994889
28247
690626
215008
378067
866642
687077
118126
356752
773911
240085
751616
870656
593284
992901
804986
232420
359797
407291
926379
888262
210618
309555
810255
999626
34577
521441
966655
929777
401838
847076
557795
339801
813325
657271
879412
215484
900335
788231
946541
970366
354608
872127
976991
926286
922671
399417
53377
920775
114121
511712
295664
800706
838517
208067
100772
146896
919224
367271
870412
698060
577986
395994
20235
215964
918820
50682
66609
801588
641270
850368
266734
33871
290959
480473
580700
20299
983702
703359
603497
43821
399884
393867
235036
904789
547
305320
616055
514100
536531
255695
519466
964712
115063
823797
520038
886204
240380
693289
860417
196471
629644
332651
104413
72804
923290
364620
557627
587794
811545
911724
15660
992123
455716
432115
19163
288399
880642
535235
530794
453306
317997
600110
266305
258668
690604
768573
875502
126963
28473
507678
609906
832942
609423
78611
34703
940236
317980
594807
785946
502165
853593
436859
883622
152526
336543
43890
327804
782829
747978
948468
252263
872474
92132
912195
977768
415625
500425
457974
54623
6534
215368
518682
485617
987104
706271
639106
631724
89224
226550
801762
969515
283498
102790
188047
977687
596924
716777
332827
469005
449447
53972
974037
657024
705017
417628
910559
165004
301203
144016
797860
735129
147942
333419
452315
434737
465604
327784
926332
466696
688787
550395
873620
712158
671884
990330
317949
467878
304657
493494
247126
502467
954324
889316
225157
684606
315991
146680
789627
597713
254558
272535
171762
463979
659396
504930
203234
331608
363727
945292
985195
160188
268785
425959
115738
138879
310097
770244
343981
323251
522070
910980
113344
304
936516
796392
980215
780461
688455
914767
971480
282763
363937
556368
920077
411632
870838
672553
249465
601495
89378
59486
900055
609221
180034
224777
670682
560207
907185
420967
192782
697811
422881
226075
89988
158642
276203
744242
383063
487436
9861
129510
466353
611592
17959
916511
633313
753011
351303
380703
770016
303174
735999
420880
856400
266928
239645
989876
906822
569122
997169
875216
383941
459149
226185
56540
240688
603865
202325
249321
230138
4426
533646
823722
898595
68474
411507
803729
748963
525746
485512
470867
463709
969057
916456
773510
928250
853164
697195
415346
659270
393790
520460
229183
690464
67318
266724
106455
708796
73285
2934
516178
139258
839057
813914
896683
922575
300198
929306
432016
819604
903030
924080
394311
587621
669646
526107
668549
254421
625832
877999
696053
996742
764425
216562
506271
450787
160836
822755
983144
472941
530686
140443
741016
57646
538493
892107
453559
402873
252021
872557
90174
759444
887269
398055
805691
392219
311937
256892
37538
867496
692142
533199
352964
827569
533285
249682
719477
531181
691556
152401
569212
820608
619865
77019
672579
600590
312170
309381
159483
699209
275619
901471
82942
368804
983396
691047
47284
162954
365180
270533
599258
955911
813027
632325
968840
318408
597032
513640
548454
31577
224621
857268
324136
764268
731511
935456
945102
467877
853759
630689
527544
747459
928164
38789
560823
805941
990706
760796
213861
915364
913078
429273
549060
296371
733762
827850
945842
379664
745427
246883
428308
836897
864251
673522
384691
815662
923679
247102
862357
207027
35433
136265
516723
306487
157061
217526
516883
21859
232815
724482
361286
696311
684867
168011
303426
618538
301948
675157
656421
902681
978984
32750
633537
965701
650693
259060
870407
845625
153785
8616
992686
47883
601925
296860
966522
790120
889429
591234
493525
385040
538637
44293
540462
101494
275819
132580
917231
931058
46341
262897
312914
349969
85064
836728
573533
856601
338370
816129
259054
113833
855067
924271
628087
40594
993155
597839
38976
914246
723568
108514
917179
844082
433477
672343
827723
905178
408326
680055
113884
79452
446020
704343
814732
70667
859877
269085
231105
849149
566241
49103
361917
107130
720140
73274
670201
563077
221263
694953
769393
902072
670652
620458
526382
801482
308141
383756
341314
368691
172699
188224
328118
351414
633024
142666
108415
61611
593043
83761
231159
44295
522801
391186
153090
189798
433407
150156
943206
801853
201959
947108
13590
7469
274865
419580
155980
849320
979809
521964
465881
14964
300154
752768
373076
895212
421167
557790
279828
852425
779458
223651
78982
986448
968243
432293
199354
593496
309690
671632
126964
794638
702775
551076
390854
707425
819492
345969
380807
479711
27260
991711
602886
936622
880091
925653
656116
891988
946137
728714
283847
332546
843154
281668
848333
892508
606392
703773
852328
642846
225049
113288
178210
324009
826985
5509
689835
21194
733575
480216
9089
468995
487396
189964
220352
691722
560471
344020
227144
754757
532372
351636
279440
814963
934705
48775
160008
558475
866031
728160
824734
985858
562406
210022
844024
827023
58018
640172
242059
350634
993446
636899
561438
516217
328610
194862
813800
222967
287114
426320
717978
162862
328719
476187
731114
915148
419973
308041
733590
936024
231375
785531
790878
688725
312580
539612
874213
951463
537409
310658
838907
786413
646550
880788
325487
197683
76167
501939
82557
126267
645302
786760
483644
875646
279520
101122
377038
534683
300303
25062
881635
684790
757143
406020
257082
794101
33881
47544
82004
458693
268565
749783
450747
193602
402749
417237
526284
596280
455023
23789
791873
571961
20567
492163
875900
688386
672055
160844
166868
84004
871916
903239
365660
860605
694325
587266
46243
691815
836515
168366
776548
930909
408591
398541
364854
541073
653988
835384
140128
780828
869407
876989
958522
738362
652864
748983
440120
944383
469239
718167
877130
310309
145472
369514
735581
865858
68311
892430
32543
648448
407901
282305
506637
83480
75115
261160
62480
557366
484026
814109
315132
787264
591907
945080
82796
382395
205212
653071
382006
281177
788918
224578
41429
376170
945579
244671
898986
259999
133284
545118
333767
730840
348555
827147
320146
375134
456217
4622
378397
781642
672212
999216
403327
599651
51983
691278
80547
241294
971302
255572
514603
496311
438448
537028
218691
984011
617503
504046
582417
846923
790013
738325
993644
661216
71435
614916
693342
29221
686286
396601
428841
830400
590762
146124
655202
135775
424269
456369
754867
776975
738520
502215
208475
907213
583532
22193
306078
670319
204518
633757
91965
760784
31251
63078
871506
361448
177596
946283
75304
931050
470395
375882
99553
877233
57446
822391
570461
511595
858251
285297
407653
4042
752883
988674
315819
453488
632637
750908
681975
66217
589693
224147
321288
952869
465526
898935
766898
22765
788918
473198
37741
762399
888834
482392
14279
563154
961767
663225
753552
190618
154502
396140
863140
152979
416816
485294
868082
522545
437952
971888
571508
305595
928899
659558
31564
762220
664644
315953
952438
422406
800314
136989
269169
647091
554424
648177
958754
239824
965754
86965
190505
760471
720531
938323
2321
230631
776490
191565
214049
450326
532956
293216
295764
765299
883563
65852
677537
423934
815903
493449
516985
648889
551094
674948
798386
493111
393608
679986
609663
304069
52100
329239
455667
299459
550800
884594
651629
468270
180185
479544
968983
201967
344619
93667
493195
566138
918928
527454
298528
507966
269863
541063
829830
604788
590762
630456
219083
37621
820173
620602
655346
950182
86304
503184
856922
49608
648695
844186
33972
357494
836107
363684
879437
971165
245491
311099
996163
172533
824255
127375
26513
290921
368123
163109
683655
928143
497498
491823
853172
855728
678112
733525
201775
141343
888852
268150
262184
452787
559318
467436
761349
895208
366310
657176
501579
20553
480753
864638
717162
668232
642999
707879
162311
785920
733358
124059
776512
580786
290110
849607
105601
40207
968308
410620
145656
896348
944309
813287
98372
557263
897779
709094
726903
527064
576395
359529
852784
215605
741373
750069
185587
836240
74318
509309
541564
208917
574617
385794
312363
673879
920072
471185
828137
971373
540953
706405
144977
227321
602816
244541
81685
291115
881983
919821
716210
613182
234240
681889
995292
207653
143381
115482
767945
398900
818006
273451
31899
293679
680034
558691
120126
184329
981967
760396
208942
104527
97152
52766
164672
318988
359503
213462
487020
173017
308735
866085
945600
302545
180384
735508
642516
591370
683046
772458
221961
173991
687304
922636
449126
982388
375124
287377
903106
297999
7802
649711
80383
463663
49395
82337
410440
133030
928869
45082
563653
655666
829891
434487
18094
626076
918607
883309
230106
754521
391337
32252
495604
726585
516982
111159
28043
940558
486132
333143
475022
39146
934711
551781
280110
480317
311308
562763
42367
471297
330845
484063
391446
938284
233090
87348
459661
283725
134209
195323
289044
89459
592614
360368
414027
92876
384878
921070
749354
49
908919
291532
486707
878735
427712
541325
183826
822517
32916
704022
703957
186777
616867
229596
87062
727987
582299
234398
919449
288781
849902
810116
651924
464250
730551
507624
493419
234013
973242
776763
325038
765179
450051
144651
635634
406862
328527
12349
532845
64149
623641
160019
866980
765453
775157
352593
23021
824926
523026
929767
976925
193965
439587
995819
667787
890239
401816
663903
662905
380709
755441
794604
191497
559557
697378
32661
764470
385708
924901
952798
234173
787930
813734
423336
228962
837725
673621
4790
872716
184180
925007
30411
85359
723109
992879
195439
869547
551214
509666
121729
664719
140791
284391
327669
260560
483924
67891
319253
540376
339154
674385
952255
437221
691028
868651
634363
583081
400217
524959
701177
230643
737367
99804
934926
491876
536433
169483
185393
688421
946403
362902
176879
712271
453466
451624
586972
278965
381929
648238
248232
188398
930010
617421
383528
595287
347172
5416
107735
236621
113030
686019
429595
132506
45720
485112
508314
968844
689101
593914
28118
928800
60621
867358
812800
746532
211821
335432
791745
654095
767179
80806
720770
110003
247051
476970
667321
164774
526434
852056
970823
963622
829973
952099
330504
526208
275804
115450
262357
626412
989073
206855
294437
767148
863867
397724
133894
429142
359948
347709
850580
906256
246600
755745
676250
49408
99024
505956
306317
738044
217008
51238
204816
881797
583903
365168
973516
419577
823805
447419
213550
63059
693387
209962
828349
559237
869241
646384
490210
563121
194284
175781
904760
262767
59888
661666
523783
268399
618021
402513
566296
582185
461579
9777
236332
325632
26560
608373
55995
559345
7840
739895
579544
696134
216349
185015
170571
983022
837536
494208
253862
649502
404360
42971
343764
423771
395487
939914
835256
722162
28345
800184
782030
953656
95273
500217
887960
178380
8851
600329
870707
571387
59102
670661
98323
872292
73740
191919
376770
971678
916729
379804
192627
792710
504950
414791
539872
858320
115345
738971
135220
994787
979780
787642
282317
841679
589439
528031
349370
714213
319148
423291
730354
151288
354150
149623
333582
151912
181240
287258
185352
762818
312328
894006
881817
16283
311726
131335
337269
663874
751229
520607
348901
352132
570997
612523
166762
746726
904823
298500
131741
755492
225005
143495
951292
198864
157272
969403
658909
184731
545944
167110
135677
687935
732545
605657
685054
435381
451196
937653
456971
806289
379420
915175
524548
823858
918891
922383
141056
231654
511569
545123
381041
413015
72805
313784
53211
409101
911533
328871
24117
342086
397752
835342
908775
530591
98191
100074
399141
183869
546961
814782
789985
756642
450202
416618
319036
639216
465030
976808
617366
979932
170089
38068
34988
742513
832772
531952
772093
823948
335100
766756
747127
620881
195259
506025
417060
768888
54852
621202
350374
212094
85755
106413
861884
278837
651072
381795
820816
116815
683534
789986
602279
547457
569432
661179
74291
215435
176709
312797
721023
166592
574579
737634
612932
100463
178403
196163
730060
296619
917012
589133
121264
143413
288435
731878
876627
690415
61213
446540
135302
188871
809813
533837
190078
39599
331585
547435
644585
423429
811811
155355
914588
699962
598016
656694
909334
424387
105686
64823
538457
750591
657998
408517
359222
720896
1705
101269
642095
597017
694008
540563
733059
340578
765269
413176
369420
448375
857611
450808
808597
436836
29583
944301
863837
158104
889300
880796
678225
426526
728059
248194
443329
898571
214734
896422
861948
559710
829981
905381
129960
240623
282809
512211
778582
726881
990610
761699
239224
904607
405072
754967
977974
214980
848362
683861
203680
213423
180232
934541
457709
449676
723452
889776
917047
799114
33052
182757
162325
821637
795264
419161
793756
683657
234490
406165
430655
643197
477092
954211
901383
842778
440884
302537
832163
929817
653219
474881
363441
9133
505705
684133
771651
151160
521214
743231
359310
173357
427094
70573
279010
277083
638244
69175
945804
369361
931594
664713
715207
76624
22162
802722
396887
56102
159052
938096
301793
361089
361551
945806
228818
67743
987179
287395
379573
30644
812251
619940
1528
251934
173494
573027
683528
986258
914850
824128
318039
233675
773741
510322
627996
812727
317454
568188
277256
747946
509973
104072
260010
308289
739060
663283
425939
271372
763224
12083
789813
79701
692499
311366
961206
520598
782829
872048
895278
27586
704856
661165
335892
857020
648450
475568
785533
84425
710366
269418
341410
22867
170231
687123
852922
919325
871725
576049
963381
722619
304048
720100
264785
714832
282738
374577
250131
904961
339935
507076
98933
564698
311590
206579
520759
708650
164863
497144
92141
555759
859538
945304
153509
230959
856789
666278
180282
461721
762657
624817
954951
978794
63145
735676
704861
249893
344346
48196
93372
520130
545994
622741
870312
90685
601381
926193
261077
968875
77834
225489
218438
530529
602494
752749
687016
97576
442476
624808
844191
571706
960198
292186
293162
404807
988194
806146
609210
590885
197718
198950
901235
895631
639638
392450
772501
550088
251121
752935
721583
116532
352920
368235
140530
3384
204953
74803
711874
56681
113139
853979
894441
251302
221879
815020
857589
142796
251568
409214
119743
572691
712722
937010
462930
140651
382533
546836
533193
95924
41484
724329
345129
855914
132916
817275
588392
956365
131726
972125
870219
878905
367424
188005
413953
798881
623461
240387
260742
705071
104523
611179
109400
71602
871107
149564
614568
710802
320124
554503
275997
387031
848984
869031
991201
736777
272898
713835
36233
941
418223
659500
597188
482026
377455
665046
701902
865362
128852
909168
978903
242217
177911
867377
67298
653594
369874
555951
678539
390992
141608
354635
646808
728415
172134
321027
310054
160427
537190
910827
687107
835915
926305
279157
557948
302462
847363
788094
625028
505127
804600
554627
507512
78143
291730
296099
402688
469532
705298
587558
454379
181154
66679
423385
434116
235090
804529
923023
276565
471619
166901
658670
177151
64587
101762
368753
715788
826619
524968
858961
448999
382095
457109
736012
994580
811200
15327
935312
166630
927880
628849
400994
363412
5532
573572
687079
331755
624308
882308
471735
315325
521342
501672
553062
125496
61931
108970
20177
992267
690888
354907
642168
598291
511729
782966
367756
483646
692590
380190
116153
811811
757521
329896
78706
49381
25070
436699
694252
722936
831062
9651
385889
752508
944028
294387
936296
532674
284200
50034
859859
369609
510155
669159
605806
293778
466347
59307
37336
933764
814002
643476
234796
297664
834946
940080
375867
270728
132978
461845
590331
69728
769613
591628
273586
296641
251606
150450
729172
706686
27394
700163
621313
15731
964808
220893
537334
259517
672915
709423
632706
883652
90871
633672
464375
762515
883545
355001
305303
599863
708225
135198
561028
153481
602143
137312
755202
534539
629607
724958
347624
437890
938750
602229
701562
704639
737034
883786
163123
352727
578137
171896
903531
58570
395399
320383
488771
428488
737528
446535
600494
459622
834444
551458
152207
275674
522118
565602
72370
403255
105647
61048
216691
319739
299828
312382
825593
92888
13344
245081
303191
265599
962483
790419
506983
237727
692860
362297
797460
908944
805883
807057
776323
474506
537671
3213
756807
503622
460412
623534
481429
273856
50904
525716
647
109107
882179
617776
667659
373000
588920
783008
447050
71284
497571
199587
721234
36724
111020
239857
508032
163150
314503
824128
714992
5483
445234
264799
813034
971654
761202
834680
313742
59535
248257
485566
217080
182596
212811
783677
588298
340177
396117
244191
267381
194581
600548
94844
412650
466512
977267
582525
726648
263457
28245
273217
69380
328152
427672
853107
54380
483018
467224
568621
301341
674739
373083
438036
845867
601228
940114
168013
343401
690028
627010
941579
49922
265597
103181
598738
900046
30061
410979
666327
919519
925652
386196
680120
219676
628372
540404
150699
474739
748711
539193
56369
708551
187074
872212
650244
367440
203775
896309
383502
226459
552032
682759
897610
887791
677589
463977
537765
211637
511599
308384
551989
225542
232887
988347
133762
117679
314896
892371
17319
595580
113367
325738
304070
594713
426762
428248
889320
439261
949085
906703
738219
405391
457694
440125
123441
54320
109145
167497
512571
480578
81739
534123
462861
666237
405946
255499
694774
466106
898406
522727
490753
131669
809362
696247
967606
882123
735491
620379
74044
811694
975781
956269
492737
575859
462763
952209
30543
541071
636635
771066
726663
153822
165166
962016
141386
261703
509307
753063
391852
325366
836583
781514
529610
201969
892608
51760
626266
868311
106996
198541
273765
121736
620947
43375
203388
152895
485389
286519
12326
735498
976719
600616
383368
49183
35174
708618
131095
984591
102988
236873
845970
730746
607550
202534
885202
501628
578659
936184
747984
699861
123264
709183
160630
751428
286070
740418
598607
2023
967154
372384
438494
46260
792814
508008
584284
985086
52727
831328
464547
824580
671854
79191
521157
580840
79470
908461
653981
111884
912307
416654
465990
734915
956979
999330
865927
620423
445343
815601
524301
820606
382861
945737
924037
798111
434609
688964
522231
125583
591271
706942
438011
675447
690190
314990
134842
663236
708612
603415
151201
851376
113457
319527
343748
876294
431597
793151
623411
325035
872802
225147
322168
349731
556798
965124
135221
723582
768636
116721
281461
990475
387292
469293
55034
981925
162882
704190
125623
381182
387721
426885
72700
521292
655419
485879
109462
367417
125052
884770
237305
434467
4786
219226
528938
382470
560704
278325
594000
577782
165220
326805
105291
717861
116477
133437
52235
374883
662898
784533
425564
425656
483872
484501
187788
867793
915728
625607
10077
480592
181374
553190
697796
34303
811928
89428
184376
888299
8853
896488
614902
345163
875683
109827
797720
617864
253190
336241
903228
338680
335214
950446
365131
869034
456252
312748
10830
323971
890476
82036
203633
697210
18097
599044
572795
921954
237899
492272
785715
687305
93430
836479
55278
438650
781291
368169
786776
49962
505648
510596
932171
652664
378095
380419
796800
904921
109396
454056
950828
173966
806091
983814
156723
670779
350604
428675
583499
606790
853346
554130
78692
95834
694448
817594
408372
935792
35962
825820
320925
266150
616240
404764
226359
56077
520190
205420
955647
419007
256532
490378
206899
377537
432865
14230
86158
195845
175837
535973
196522
758913
669269
295438
673819
376258
42481
971866
891767
336913
72516
12137
285175
187822
290227
540644
98470
89036
492137
705319
121281
831199
534371
425001
620882
646334
539723
31028
23229
529221
704382
822074
141577
154724
658961
941890
438375
546096
396730
915667
251026
137875
110073
908318
508932
202067
965801
298683
15381
622625
377678
231591
296682
923894
816608
407794
258825
89137
88597
709905
285492
205669
627679
54647
959004
793306
477961
666754
206574
279130
703899
854680
17517
69551
392517
833049
533084
501312
751083
16284
285355
11080
694768
533935
577011
269623
2246
384705
366562
562015
866944
186919
54352
770704
140146
605859
939814
996745
69994
586217
889272
515268
321929
657575
910850
337422
326498
544834
453882
618001
589879
795904
698430
78789
137358
490741
749704
806600
203222
225328
201869
798989
985308
266470
675758
723065
690335
309522
486703
621564
712443
284983
216188
549364
790529
3716
102589
130802
325373
114820
627204
597980
303571
387841
129800
88587
193328
81859
728938
672414
666118
529855
143640
931210
717566
59108
717687
770188
555258
982394
765449
8700
619383
743067
854188
185301
859091
9497
723966
426054
394156
140279
891319
216685
356556
106234
824696
427425
383594
394676
562757
872415
875035
517547
611879
428085
99309
356256
497674
403283
538111
248452
388332
454418
239439
256233
700704
647241
30982
320701
879351
224236
676105
913264
93454
810611
112922
90062
131178
387897
598696
55463
922416
382101
510253
476010
937722
337655
766739
191202
564612
676797
697033
982283
187210
923527
81012
951098
657545
143270
244257
147276
984154
224582
367073
383685
556013
389237
222194
612021
556012
688670
952882
353188
190206
959
493319
409495
863795
830485
638541
941979
92749
470399
447699
834607
899488
40020
332199
13975
302973
229737
806955
548759
75236
13207
439117
484848
15970
225842
299165
806733
703692
252766
227784
600311
841524
924163
20577
21668
344010
540040
880060
862012
689620
237892
753795
983620
863813
309137
238615
335434
928314
411821
890864
583084
34217
303954
618350
138873
259550
43450
117484
175593
583725
535353
642554
21670
943481
951045
104522
215123
722859
161958
612303
906354
87887
955163
564848
893164
161607
508658
780165
400081
40056
320526
818629
805929
871199
12704
968100
702796
985134
707936
81753
728217
837475
272953
159228
406162
44706
984270
390025
648154
320701
676972
632216
359833
708075
22636
105147
173406
268633
279300
843905
695512
398156
840286
594967
134758
701747
19956
808677
632728
71146
674066
393301
677203
705332
70097
676225
203422
578702
46212
102443
878041
194767
384791
497264
617845
612679
436436
547816
469512
106609
319138
320986
183977
138559
789992
748070
624759
465481
404045
175785
667211
542060
765168
466929
328608
880855
420902
340493
501253
230996
197209
728789
299051
798770
875042
422837
225571
763613
603148
294426
136826
61647
678432
591067
773012
867650
270269
121423
672442
189344
798425
259745
32195
451873
581039
62092
101973
705996
352753
41033
563613
265141
724818
16289
185897
125204
91507
412623
873821
991763
272263
808897
242024
443169
190318
986688
169685
821033
560284
35356
156091
178209
637635
717908
746760
164698
621676
757351
58109
16847
485417
752787
201439
988694
142214
185498
302565
83297
326551
317065
154527
697934
576138
63801
420426
708025
919653
888937
735178
412561
674990
921511
228962
112671
227741
188577
263143
655945
853107
470795
366027
489429
437520
117235
914365
448465
713828
412325
427778
596734
293987
794937
101163
580793
502396
179290
662019
639464
513741
147927
911582
546217
709961
968797
786149
90250
506873
841600
827926
167624
756799
419869
820370
268729
876789
10564
675185
731735
169862
811319
28762
851152
949729
413433
248541
581103
626157
581231
286505
940290
529700
161708
921778
26473
327110
703121
375330
324534
911089
657588
372674
733244
410057
620193
129778
162996
845257
973595
817949
36099
309867
269612
225951
807411
361555
377584
887355
471565
477524
250544
217161
398885
266934
399047
254685
759887
437123
3694
758930
195863
980232
647453
374222
237809
22246
255446
678334
8996
313163
791957
458839
811911
578341
760567
719891
478450
90042
845883
181472
58775
265974
792372
309858
112398
251630
143452
782907
328894
721609
806390
952577
872170
394736
798655
266398
704188
816387
352842
843715
354296
633262
809954
629856
2833
202270
2449
591976
885984
812866
842387
373325
723088
628063
295024
935955
777562
19726
361696
25099
541691
387197
573507
884273
265509
533125
257219
35209
87902
371263
817446
96581
520636
492529
400092
562701
921728
207286
455660
183084
862495
272176
783834
488306
607226
230308
935355
729595
241497
494841
169575
957244
924182
128637
81012
412587
739437
585332
296186
955734
451531
259216
340569
522977
560995
478679
134607
955228
999861
412598
839434
887790
676969
241881
757506
265648
242523
267118
749320
659518
410593
254550
667014
377207
439553
183712
238135
908005
583586
245962
438145
815214
217109
308263
462106
215721
129589
895851
537425
525181
847634
642553
536267
66093
947833
935373
494862
964828
822829
846541
764246
130167
953217
937870
561403
170084
807877
721926
738481
55556
395226
615641
686265
157210
730456
178064
672612
478562
757168
887306
310562
685046
450039
991293
582427
367241
808385
180794
295911
903740
409952
988174
88694
984095
985673
765031
918782
246713
681009
547676
780798
368101
477167
223990
239318
449202
747707
632516
468357
181572
282019
998132
946957
162265
558558
713779
308192
545138
36932
471780
723080
994857
440267
99897
40246
843905
750142
529512
541627
718670
392141
157631
922046
424453
222598
186712
54675
807372
421960
73118
913047
796270
508702
886901
320605
474931
152247
714952
402079
155016
465336
332052
850423
432510
15662
299200
693119
138302
293070
913168
976241
439028
584012
148848
838304
458833
219617
549539
24932
619565
298332
212523
59424
850276
801253
309667
622689
837053
321023
710406
300480
213437
793671
207297
48964
481209
563132
11868
867377
896568
215538
820974
134414
668470
783345
159540
562881
163655
784162
618278
441936
751808
219825
545208
259209
835448
228470
785003
801174
810107
130931
141708
984574
982628
774919
384198
958318
953162
16948
253896
8461
749506
335674
578888
59716
279365
233857
988022
878413
326215
99170
501612
418320
177692
847098
488476
356940
478484
561004
26402
738894
721132
241478
58274
960974
182784
911388
341055
257028
715754
535589
917695
637567
680001
481902
269354
393338
574931
956328
666167
473713
938420
595127
676979
670743
201407
376102
670711
767828
38012
834632
239127
84852
972837
387106
453154
612121
613567
499963
504129
351598
346071
463974
755210
843483
980329
840911
409459
731053
522206
173602
582485
24357
434792
348457
615647
775947
192993
87902
775960
257945
313856
276434
559303
941489
89252
190991
596168
607554
200145
978258
53535
948315
29698
523570
592208
995584
580842
260878
990689
241529
25808
595329
401075
763553
802357
34607
360895
758435
759044
28192
503713
198334
680831
129931
17372
455905
643071
767336
237921
984558
560405
571434
6121
422856
895070
408176
992898
218151
127162
486661
457851
975186
198809
729470
600805
268625
377108
597137
643082
410313
768021
996208
35677
819517
790532
476781
794872
842552
378087
773019
404897
414237
925983
997372
520489
882881
859780
216398
334060
101020
256059
673849
765024
370214
208741
762832
215674
125415
931658
4331
679351
737828
767335
477655
338051
38628
803401
201887
938954
583297
64676
383518
463360
939568
62893
424655
455990
405310
845111
142393
853613
803889
101935
21392
87752
832087
60702
10636
212418
438473
413125
742914
509893
973464
52852
317511
657906
145770
459777
815955
703744
795163
715629
959695
567606
546603
386131
971092
214862
727425
526111
777031
306889
183316
981829
881043
763988
469417
560559
793760
20367
779652
144153
875650
92256
665485
618806
625111
720587
634184
831257
570702
23903
588998
888612
137177
137767
678929
659804
417333
627418
63408
552123
874540
439125
892575
542674
961332
6313
486908
404617
957956
307395
732981
264677
762630
854484
777084
268740
735799
332765
474108
914116
541115
550215
21432
638859
576073
817074
149469
822370
116525
517686
903741
703646
129269
744388
674105
222723
165391
24623
597128
838652
8947
852708
105997
413049
739800
768353
120339
559999
491111
782601
905027
257884
322106
225248
913964
816380
356054
507376
349459
331552
763231
270524
398845
216698
682265
1724
721963
5496
477694
592308
355796
551612
27480
635225
125876
186206
407148
51228
760278
418463
220047
985121
196982
205443
460850
164985
751959
662231
505913
32430
111281
889690
314379
555357
319380
827188
19796
493358
927268
217613
660973
214697
840993
702172
462495
641662
699348
996462
245415
942882
657272
962686
718528
727171
676103
748029
619531
572474
582400
149033
573697
617478
61563
426517
77678
86736
393999
57000
533886
326864
321099
233820
793725
897953
535949
580465
852292
498412
289049
139542
726446
622309
497607
716638
28103
291947
122186
380267
312403
59274
622689
255577
79955
574867
405225
199045
869180
153465
414516
564215
63420
514624
796518
733698
274191
113760
987493
283780
492441
513111
699873
659179
562155
623232
951736
592163
657526
616603
751669
361891
215587
826842
754463
561683
892940
387718
285354
630195
992220
48421
866105
867667
475794
657007
740343
616110
205935
657643
970882
911355
504416
19484
912686
674247
313867
767973
345394
930731
400224
89224
203277
116685
272351
713491
507103
941567
124421
776765
963152
877812
879993
443775
524398
255426
603844
982703
607877
720047
415967
726598
161348
225462
101780
548525
783608
817088
971556
620703
29143
731734
432632
739786
702725
807156
698633
993122
922042
427843
694070
922811
563212
842545
743399
831819
133468
195009
99810
368046
614198
861447
707274
215971
519725
253018
760203
987749
854069
423090
748406
997980
655397
172716
229000
674774
666585
847924
81368
856189
380273
185523
679937
353016
118224
492408
824848
608719
655854
730165
234496
602714
166033
828695
673748
215403
826456
181666
488383
117796
31149
482217
858170
274847
767568
86469
880763
556699
323383
994518
129038
163563
546839
822165
475409
702120
533528
913881
302753
181459
261679
774546
539508
495517
741435
405074
389555
544313
149310
782598
799035
645567
989748
363841
40045
947760
378769
702853
887547
665922
374363
292557
750992
935758
541240
6676
57782
573873
451299
782737
276574
719953
950419
462949
807865
156845
229568
941735
405430
295488
519152
432646
422289
55444
228282
613110
925095
460423
785503
7972
200686
996990
87365
690114
591539
596548
985875
790585
643763
684230
306416
514162
781598
806699
714960
969256
74694
792296
749019
520318
161631
413648
27009
242940
162779
527539
804225
512109
49488
646239
322941
854944
316815
573335
726829
655065
13227
963673
991759
478554
576140
151162
124311
450435
953583
221817
326816
534213
895873
186770
880778
898619
774112
801031
79824
728747
313638
851687
8007
384292
599890
619401
820218
209412
409415
454320
289073
955807
409395
156242
951402
87060
540983
815751
55746
602636
350130
812463
44094
171129
976296
178585
201790
227656
975096
896122
70013
542389
787163
293831
395564
359687
92286
420770
589776
153470
108614
636803
249854
427626
510747
172118
191804
301217
633569
876522
404814
512618
625621
363518
463472
282473
719186
719177
546662
658347
815982
938705
200452
344567
343203
253332
120361
166691
687001
855610
332672
160788
539940
841258
654256
345838
290099
376517
902069
587303
625201
255920
390642
518993
66396
982556
647018
939493
179243
873199
229502
277405
707393
70731
256559
463783
108970
438777
876699
311856
136947
997960
563824
949621
854407
258979
699730
276806
923780
480963
291457
675855
790492
251074
137439
196863
11556
475107
439966
592933
767397
862080
773260
513154
46976
456546
405121
658947
381768
604335
906078
869499
921884
858642
405961
268697
562572
317145
776322
564192
603800
546103
396880
553474
477228
109059
945780
278488
630253
101984
180084
529330
624907
685291
319570
354754
795625
787135
772753
440158
245659
894215
270722
598745
31856
19539
958762
838654
102468
663166
98199
277076
486853
152040
32564
136336
236614
268415
730178
272107
116821
396457
180552
696347
140
214703
433114
162357
90000
311629
133320
448951
213862
462458
709035
503036
873580
275492
310338
831951
727088
321990
468932
410280
781122
543903
541929
85290
616070
300619
826597
830106
208161
348145
264443
504327
937831
587153
544714
487328
763000
657849
273686
167348
902451
277378
230046
695625
786914
135622
372856
567521
667636
62281
748135
963320
394534
130828
136234
902871
198653
975325
608408
247933
181353
658945
218451
151653
582104
810541
228709
149174
350821
633808
382955
391441
475495
412275
466286
33688
467424
102690
598227
705050
637879
998359
93086
674294
234213
969056
655729
254628
710684
135631
560710
731300
112225
979495
826011
299815
88245
397018
102283
538483
213721
456745
35375
290301
999701
516670
327152
313882
168956
329545
901568
535858
785333
425969
958436
952292
918614
340057
901534
475126
824732
268648
769
401828
268939
992677
271805
962476
586391
8652
987393
847450
904210
502261
881255
182609
407843
285943
901553
987421
474181
333094
898492
652554
778303
969031
38142
67054
32881
162845
498278
919277
583540
27675
6891
20523
740497
225106
807537
584520
837064
708030
676821
373631
85150
897262
725877
76662
653396
794917
88310
490091
72890
114489
203314
800301
758547
696006
535788
26572
944232
46493
992630
865693
246241
528754
41946
850099
627434
695539
133006
273766
440946
619986
886617
923606
945482
359770
456913
153671
909449
694228
434956
35330
477941
736087
487144
194061
451407
445457
976644
841183
558995
559242
975835
315772
586937
397766
248078
388972
113557
664292
486967
271138
385023
858072
324095
635859
716575
853236
848519
583601
628712
655612
969936
176163
872778
841475
996634
725366
838691
464452
707229
846578
85424
680164
627764
481418
854677
916949
710020
695625
774030
751270
459504
212887
309782
934514
404704
75069
261119
372772
578200
701869
710988
471865
248887
158407
788464
464681
147920
112911
340256
952299
336153
644879
766855
187593
7512
184705
413168
248232
177930
451136
228130
107105
868611
575676
435331
3983
9998
797211
707007
5080
13628
917659
527044
572806
248798
12103
449488
884485
240029
542959
60503
771327
255732
320626
671594
721817
532798
762833
753327
470480
445052
226353
752262
831029
703469
765541
788544
199483
449761
239397
952881
549111
730978
265154
584305
216313
975908
264656
864105
162865
110681
423591
332874
126225
756177
352353
50994
145183
529142
178062
245900
702817
401172
161517
431035
10118
861439
759518
88567
117724
863678
757237
319558
335784
863182
120413
234106
179283
109834
268574
558286
952461
442789
166605
621790
411791
538214
794146
755652
692201
131375
393346
242971
438814
157097
209289
335701
152315
208583
762035
663
426214
50378
579786
464667
88516
689233
980367
787268
324089
405829
725270
165048
968811
91866
339883
868403
928241
751198
281128
720454
325640
637471
190931
729433
465462
50387
438708
831069
178782
144937
599089
147998
159460
669730
50959
746474
575182
725240
945676
515793
889482
678322
521262
241116
397670
874635
50411
735889
740984
316295
451179
728708
896287
909712
266175
344496
526829
577382
152961
108465
775294
364752
378133
403420
31689
518931
837938
452222
490779
230704
650389
933046
583424
585490
247718
725957
126563
609949
883981
139867
558653
866876
306674
374879
550771
917887
892862
188066
476868
584286
172543
879068
660300
489942
364037
348432
399645
364840
249443
16437
856306
991108
476313
238035
480994
6834
505565
210649
984878
161639
868849
19722
706173
848234
958039
119996
444767
339460
156794
785064
416725
729516
247362
776441
229736
757987
33686
698652
737573
47846
909557
517135
505672
479540
538612
170938
246779
104468
716721
598987
947830
274814
276713
500868
426270
972994
592372
217051
663827
760047
490326
455499
151150
904164
466283
938440
625972
190911
957880
17025
300774
175334
395402
36404
131194
368401
482681
687276
850668
155886
57918
138426
708029
641863
62910
942988
990456
547825
814005
333393
371416
665342
510263
132619
168563
378645
630743
158449
922838
29099
205197
964731
972359
428922
797411
617938
902457
912529
545107
921306
258476
685841
863386
8778
131770
461836
470409
658443
961218
784098
165195
577590
796629
28195
425820
151716
667794
728875
359563
749872
833642
755496
996169
70458
950133
641611
941583
790056
210133
335202
515904
520846
387485
314962
157579
330554
657624
189399
1980
297003
198300
622315
428106
945283
413555
504052
779548
741914
844008
71778
988788
574795
706250
599360
100605
985958
709180
305413
191471
741985
998086
284934
968622
639432
383487
360049
892513
350639
256767
557836
933056
53459
40979
376490
393151
193243
402884
510446
915948
211433
397963
436921
373786
236502
128023
334997
774862
79168
978706
169721
651375
347406
663237
870774
173596
857519
94517
876054
75801
957808
132092
647403
821309
881960
96946
371789
281562
479164
48379
368731
534232
249603
269647
931617
505838
876487
949576
736646
3102
182940
418061
512544
703804
840511
738078
351093
782376
394805
938728
820914
666137
597226
980238
956360
87458
862422
57165
621084
404251
962531
121799
957660
2761
8951
953777
107302
628729
835835
932167
850351
981866
291321
107861
417809
212711
869885
296139
266637
46484
640922
35482
613159
566623
921949
489460
227936
906343
90676
218134
803695
993454
962653
982391
449300
301766
645600
135385
374548
194384
523255
894394
617253
190612
289510
715398
44495
846911
78577
131818
769146
620710
67076
729092
451496
520730
846441
381816
786187
278685
583114
259725
690576
290828
217104
413513
834401
587560
355328
256111
623244
946901
599926
711115
265123
849602
730321
628830
883380
202543
295550
442801
1414
535260
791502
219750
740672
317503
15276
419077
669943
263390
924703
787679
388447
459278
378701
178630
658414
525686
456671
125855
426391
276880
632603
295886
66095
443376
529559
820207
253033
334450
266772
758861
977617
177933
968100
384443
300019
244100
962223
143513
492040
898563
193987
375687
769081
15753
479848
175965
709150
537405
994683
403155
686771
769183
965731
129000
20452
641928
646457
583674
616297
396009
809141
726514
109537
391529
293600
474219
68768
244799
196055
880372
366645
735228
348705
478346
751310
150166
485953
39739
623554
436052
489062
351991
891820
669880
756423
710243
14354
378144
891585
557314
781668
206001
461024
283048
229353
244881
51752
819065
32538
258247
297248
773201
723069
548926
53508
625106
387382
365173
167569
176036
699026
315046
611066
580185
709263
522687
951015
566228
764083
686473
637615
912472
832936
599278
660293
721005
544135
914069
397467
652009
705328
243862
491846
664164
548158
216580
904491
407832
955876
392527
531202
431519
739051
665262
250111
749347
288095
21533
98061
290590
500819
686915
734765
208088
933379
764336
488008
336093
378195
187560
339799
960388
417136
959875
97327
811571
46743
252996
396340
716948
781732
164558
679746
360404
375788
732443
120040
458989
216773
210593
978886
180688
981693
535586
188004
260356
599641
279321
749265
559417
894305
605566
859187
580620
460
737197
107715
435389
986396
793979
80421
416961
206942
592065
445354
467648
12778
453283
881973
968627
281900
800989
964174
612479
218695
948992
928236
762885
156495
799773
622943
902466
459787
402926
675109
346202
294348
201763
386165
393171
911839
163354
596657
764986
868010
939704
374394
308917
958612
550221
961666
309383
636855
848979
368163
491758
400505
727566
420962
545301
434513
657140
584554
297512
844124
969261
25287
301504
272479
976486
224796
922586
545021
981631
122431
47701
961601
577471
84516
990640
634675
394942
922602
14714
981647
623984
602943
900814
604314
919700
421936
552438
720344
339837
163698
763963
107970
961900
180288
153621
44916
355240
620807
63471
77447
17607
859301
329400
601146
771974
512565
886896
946828
261332
28400
778147
48878
661133
733252
565941
349544
305441
926056
878201
753719
240124
901904
512966
144904
410104
647434
509306
275034
204982
279477
761166
610324
230202
387934
871274
128381
952899
14321
279670
55207
706812
555536
586283
423760
879046
295580
316673
891743
327473
627660
406701
768992
425543
283078
483687
891731
165907
475523
378776
666256
720223
656396
944352
222630
982293
908321
251180
33609
810210
529666
667281
257094
794088
631096
10955
736563
743812
691600
575303
146874
706526
460695
100246
655426
932731
158106
304958
146487
17133
402333
28221
7326
712598
747744
253002
867169
690196
160502
345105
458863
462367
599646
967799
723950
459398
651487
613178
861300
135021
531920
999074
785714
24986
628308
750976
581031
716308
336695
868603
622237
399525
900436
40477
828323
273606
318693
934025
403949
314849
868929
215937
406516
422962
408622
487549
668945
579043
256220
11552
870976
651739
214342
680390
405690
629723
686703
980014
801777
630583
138496
937307
48309
365966
28893
181399
238607
384744
590387
370693
709275
87419
512835
561332
860228
579563
367683
513201
800896
249879
280505
249638
686578
967573
218950
19439
988798
77294
141888
292301
827937
315027
151214
373988
682001
175579
913661
287166
20535
32432
698157
654347
217870
177506
115541
475527
307986
753672
220385
305880
261824
443369
555165
475179
257678
140239
810923
342993
829717
212667
54831
843261
988199
190560
875432
295138
779933
230416
341678
555642
797477
934438
936171
766568
736283
7095
977504
115662
740056
542886
268912
414038
760180
354723
782707
75722
734213
458796
942479
808726
820979
474803
766950
843623
783856
513589
779275
721841
731417
874203
471633
328965
430667
967246
576205
460102
599667
138679
531347
982103
339643
257685
828708
340750
208425
79517
710886
349796
887941
393330
737346
531170
929325
838419
479057
9883
523219
707797
403797
520428
595510
791506
919011
461442
206300
192376
444005
890434
582461
369627
545526
492603
40314
374052
117859
563834
636748
463595
604338
677377
973241
830154
793629
882539
399607
23703
599440
697138
58461
362289
44053
763638
650507
368297
518044
963143
991182
630043
902622
427324
611249
310343
984764
746050
903365
483528
583375
111773
190012
893383
175682
385680
199714
58322
332914
5628
661396
419195
844504
531035
115375
668945
523174
395981
406753
5055
225474
610896
753853
949014
240030
233060
378523
158983
153262
46497
298958
108289
843273
603517
740357
665923
801983
938952
111464
446381
112487
660395
918265
340516
478102
802051
706444
119014
626530
754263
85242
96894
853533
596707
863609
467308
702539
514316
582206
596653
74793
171864
382784
167269
513449
442769
79732
409178
318785
306564
469849
218672
427486
59209
860125
681316
374222
97584
817681
919224
191284
252100
803342
14319
618754
71279
375702
819824
79775
900911
922968
979523
71957
288548
347783
914427
8825
931259
812843
921481
729499
951448
849652
3021
15409
230978
703116
233626
557293
539165
442630
368237
546542
95097
913532
82693
191076
495239
16063
812593
963868
141190
952559
935475
825769
435146
479892
8935
313008
131801
491511
670767
959761
488207
800897
134335
17409
22746
350144
252480
230287
553378
18401
963478
590803
562177
406451
493044
198412
541945
212495
327308
14968
388420
625803
931567
405392
68184
624022
455625
14162
645797
994988
261053
663186
251570
188274
690860
211446
164315
647321
519037
131330
37622
84581
452871
472569
679868
894354
997949
296838
295796
616974
940079
445643
86739
39265
188418
407623
937150
29414
341689
143309
25257
99744
448299
555272
568831
148731
418530
68977
239402
478569
754836
636565
598983
490892
515532
501608
184291
566342
191919
836605
770208
546523
731318
857591
424826
310369
699690
152337
257637
84377
612376
920941
378278
905131
224412
460350
705993
888486
624446
846204
229515
962533
532101
237935
473963
144961
287146
938850
907129
819714
198368
873996
473013
352769
706919
784615
550880
794057
158174
908495
13560
91603
902165
970098
786116
211703
332025
79072
469188
172436
372314
996106
277378
491119
631246
388840
824249
130614
680446
306603
608927
860395
805983
959300
160502
817013
953
227405
408651
459267
545833
468453
996767
870410
670044
909336
938558
123478
423928
733245
814523
222129
538444
525312
360703
604264
871997
319196
346118
429029
507066
902224
273175
83
978977
187642
464825
759004
862398
14356
556394
584986
427315
648221
143165
460838
563143
948636
701493
977437
952878
918157
778122
674561
697656
171267
365207
928064
406958
276584
224065
432823
736136
219931
263125
585889
435073
461003
982241
645901
96708
987627
932545
728088
846392
849926
899362
272870
757962
671277
629033
217840
783725
320938
804920
848445
91457
381660
58393
471691
66844
209945
67313
788224
453645
871606
35187
408991
800207
307309
657432
466904
471159
347664
93265
891188
822195
190579
777085
252557
710350
281748
448845
760209
757135
196916
33176
759821
456773
870237
967902
919847
617888
891392
909118
952046
787963
596943
93600
719316
172626
692032
58884
414257
384446
915678
372898
398180
897164
291704
876050
329283
781170
84915
675056
433357
477473
267568
471090
452604
206412
76586
574667
800362
697863
235112
130529
255562
822974
386661
548636
873310
221710
49227
682176
122715
109813
699032
872638
331654
943860
123068
484392
633334
212428
18355
148140
194247
729042
884147
442744
805907
611710
84929
89303
104205
867263
148850
557543
585590
932013
239870
997746
99963
149223
930214
104623
164573
618385
608433
249144
577628
594288
276791
616705
987788
847388
3900
809866
685056
260533
814544
937708
642490
808098
874775
845846
730306
791424
36466
897317
251638
175095
718155
854725
32642
757553
615080
200291
817748
915501
660064
28169
167860
682976
517153
508703
735660
310539
68331
384245
19611
575731
616789
852458
249964
366888
273063
165734
246369
716067
532228
291252
300866
786306
268280
788768
670690
371385
622290
108026
787736
240513
249995
699897
502478
341096
684065
445455
153327
413082
184802
824511
612161
134533
919737
182926
613259
849584
260685
323856
577906
443721
846685
299900
802587
42241
444391
637295
85509
89822
811066
850717
880807
60507
285125
283801
687720
397781
32907
776901
763969
814236
742487
631808
801667
198750
684321
808531
962392
890868
837616
829249
705609
746275
926629
278079
431520
912252
635277
322334
368890
250332
790165
94236
870752
380142
940718
813778
9098
77852
974454
768476
443992
117006
573089
344312
185544
538262
725848
935961
435205
239551
366515
778928
372243
106151
598284
145823
117929
172458
671580
499342
320438
135862
981468
44708
782546
437627
301661
516661
656957
134627
329404
682827
380787
177576
35639
896342
567875
195256
767631
580152
793291
704196
921115
821571
526560
999569
363211
674444
957771
771784
568786
873112
771026
491980
367009
986015
342380
261070
727550
808811
242382
421735
743024
271962
61483
783976
998344
565630
57962
834550
395620
374696
191325
214226
930724
287061
394130
698634
962552
763328
757162
665210
866851
517723
539145
251107
7654
705955
290634
42189
325096
256312
752709
718515
433072
784918
729049
961417
875560
644427
569564
775905
54937
777621
299794
692953
909190
716511
330401
738548
224881
370432
17437
772205
365407
918567
816997
744485
85640
492739
524434
782744
838703
865015
958450
277112
641302
704998
208151
112294
554792
908583
902067
608787
450796
299660
907093
714247
259829
384600
921102
16267
613244
740884
199037
370766
298718
322075
839288
335547
827096
63892
968060
964737
269388
896500
407074
253958
786337
211742
406795
379940
965627
518977
732424
270578
98987
656743
571615
600974
935619
343766
737793
122414
658246
200840
133714
101948
194209
809496
172931
185574
865730
510935
589188
165641
273957
825432
185981
416278
525923
181256
477490
266491
187754
499840
932021
741842
342269
128787
341522
394679
427277
467669
948827
894094
781992
799941
394989
317387
805211
135095
158506
180402
74536
36032
83875
903627
361532
324783
252080
529203
110325
507874
11192
730637
68993
111458
405548
93487
825800
307078
831755
129163
790028
827058
150713
552374
966070
889372
788223
178915
410922
582765
7542
472039
776968
478433
25614
22810
688751
658565
770448
297452
410359
895673
745023
298059
450624
404070
903423
653339
649897
90254
741076
38288
942874
993900
992006
513111
572540
524759
935924
159636
239680
135047
516051
896989
579787
775943
220522
968974
824726
386861
982086
151800
672829
417276
228109
805550
537511
291826
446733
276453
927416
693392
270059
834103
477560
330336
763866
363270
427655
87604
40555
329373
956982
557706
70433
326083
821462
55601
392073
815542
891698
541247
405223
743773
707200
398047
279115
860951
600806
82420
675659
733901
632125
796787
42401
17088
308100
980991
780755
551647
680059
563689
946757
793301
320702
961007
959421
602172
83605
627490
816375
342848
814266
9740
326608
733661
975849
273187
614255
165556
636243
466955
74073
381522
614786
771089
207690
536211
314031
890962
282234
251747
450418
506170
955799
67918
642742
353063
515843
773933
359490
541571
317616
870734
724805
457100
826860
989780
888258
161907
343031
193363
143565
966723
939973
551751
481747
216014
40663
198248
325787
864244
655881
515868
247388
263343
555446
691522
534583
177927
767239
538038
488550
294167
456587
612631
801059
631711
460949
706841
806510
978751
213906
3260
723116
851802
692732
566431
571283
893392
44236
80820
737094
23848
236580
66644
123827
265225
139820
206990
236954
853150
297191
883304
308195
225310
942484
638447
187135
433748
41496
307678
590625
747494
381233
493761
673248
597523
423397
420721
656365
701207
760937
157859
8527
488790
640432
908515
474703
441677
46420
790754
288558
14772
425809
873579
105388
565092
299245
613813
220224
630597
315747
572733
278591
164919
181325
575357
823761
608149
859695
758510
305106
880069
792157
833732
227080
522025
423360
35120
502884
714942
648780
177
29047
133513
406394
205843
290622
728408
176219
168709
304376
38390
652909
339571
660839
681934
802834
377216
175198
13208
742309
468102
185794
51243
934654
90790
90375
941573
80321
489423
779062
657455
471255
888037
773599
774447
51962
784871
529774
393694
106845
51448
804920
651481
939635
994181
551732
111349
456224
178023
711388
294452
956153
598436
864862
413703
532951
828610
989128
318681
791904
12526
357405
639239
227863
480594
667646
293846
787670
804932
796042
425512
385590
719911
211708
52483
305290
609080
479047
411587
142761
867199
750297
733821
767171
802097
50204
533631
746766
45639
940430
510976
740280
126815
218395
929798
139341
157762
621246
356240
202614
389519
511256
291933
197010
601254
615901
116947
545695
707816
928066
613996
6512
60499
175362
317789
606077
404724
246787
520297
315871
160185
40966
806535
852123
566507
969457
326978
386401
728086
377370
303945
239875
447182
402633
88072
763382
581732
555042
616627
694712
63409
218541
473833
703806
228523
287132
400098
750014
35686
996423
518923
432808
645554
951722
206498
996750
508162
303608
237710
84707
248740
126564
395932
164584
431924
608596
712104
958392
12133
126512
849955
341820
782925
797011
37396
703877
540962
837953
98802
267416
176104
412232
968209
439702
47708
770271
63081
496281
876982
336276
834239
365495
142902
153591
89784
106420
414708
331587
887681
791080
682499
846405
610317
459360
523476
276737
511159
39187
286645
899450
909630
885355
792687
803216
406757
674615
142389
976487
813149
570252
332966
766224
592215
365532
763783
679594
834711
782606
395312
912229
974844
403854
549789
956190
278066
657634
357942
114310
614610
545855
680903
755866
670301
419207
91985
239829
49504
766370
371939
133169
226972
763929
58371
617439
428723
880576
476027
147633
942987
46205
815686
61747
825005
508944
35113
796006
608203
225110
930503
402051
517241
420613
95920
905182
422193
625427
212854
927216
408520
403556
806096
272758
710425
114289
21904
91646
931480
78930
236200
734395
719545
379131
444013
5755
62410
719591
653179
91416
156546
854679
543176
618402
790411
293896
379348
160331
239565
328944
493553
464001
830298
907668
308450
43672
397672
671120
258096
637767
882994
288432
712238
248396
350521
564254
157699
910102
222436
658039
485978
62410
996507
389800
266654
380719
403158
941186
942902
685777
419786
18536
389712
136487
729390
981536
842708
771616
12486
30352
264417
302490
199345
146991
99983
907854
842114
135412
543675
596202
890625
278527
621403
532464
193054
373857
80097
356206
22871
247674
977243
359381
435412
892906
755424
774497
273864
633880
808525
383430
984476
38836
110675
230006
712122
6517
766251
571101
958097
501882
69399
577124
918715
595732
387565
989458
811704
34629
26930
129825
517773
407050
254671
416376
90590
378537
850105
979426
325058
615249
843429
791873
951717
422269
224429
379049
220080
451588
678930
364568
315460
655156
715066
261142
713507
128473
680103
592134
373996
527758
770711
633336
214578
483519
234127
882964
699289
243359
507491
526498
917838
712033
411942
842979
125659
271574
77384
291138
64597
330746
676154
987700
965314
391284
428544
801154
449025
519337
556605
825978
6419
411441
653191
228855
739032
228936
189569
253293
241057
266325
505637
309422
749971
248860
582026
98323
749477
311878
839852
309836
213077
38970
734403
246409
592797
372060
305598
668713
768733
224739
984364
951963
776268
49500
931207
794929
883236
172336
161203
812175
681789
646951
918231
838215
818275
998161
36056
73391
929466
616928
721022
33630
827894
87046
91130
599896
637521
541096
14341
99993
171366
807152
582476
737178
111788
468700
741887
774437
521077
291322
459665
59992
337321
402738
888853
217779
863156
214387
100946
667738
921506
541378
676186
384270
379185
893875
283590
872965
109400
313540
537996
931466
174575
402270
906505
505540
905994
47249
726259
862543
727583
914702
927337
697695
422105
908164
141794
265475
376145
591642
830980
83130
782943
554934
523209
424297
714972
927823
22099
278016
511036
160605
103386
911488
533870
120832
528202
129442
644802
119328
173112
322357
487524
323344
616846
717286
11899
510489
122086
724981
121343
428357
38585
398801
936792
516675
704008
250360
519911
52527
637271
300643
597628
928939
967284
799692
953627
49150
596010
269899
922717
820085
776561
940351
37398
182924
847897
718148
600611
652704
372242
42578
452140
415186
205894
237985
69564
893888
33920
589405
164218
58556
144462
793865
231917
96543
844972
492909
811201
969127
687621
980460
488591
703844
237052
615926
282030
21020
512866
947753
820188
953117
781418
429554
33052
600776
310960
983684
766881
299684
570203
736602
501306
9477
866823
532787
197164
732607
692112
957255
816286
742363
331556
194413
136851
561253
367188
851712
352867
902811
418753
464953
219965
586458
867987
833214
873821
441782
765125
928087
146127
413064
290640
642244
90247
308333
606114
250621
349856
858860
861876
819609
497233
283608
9135
309105
906132
879838
526758
212266
113
522218
333403
941409
905286
855712
724364
208723
923190
589682
110119
792886
850209
632218
82369
299868
383508
226158
645872
496507
38308
272823
442725
395152
993395
830936
912568
288064
887190
834796
902660
43523
716181
821827
839487
321783
759366
826689
945000
666417
381135
312904
352787
148696
904800
961246
824134
350337
826868
629003
257284
735438
975976
429174
907376
507330
851052
425601
626774
240672
388772
654608
210609
959672
595685
703879
527766
815583
352248
623340
441848
579080
165348
439505
456470
316598
63547
941872
442555
363435
792248
361691
653958
538520
136984
852981
486986
134166
591964
176913
397992
992538
919748
556937
559863
495812
350020
56878
955728
43994
975209
720099
460214
584681
852127
953700
177996
149792
610180
721541
580418
579595
423465
911019
481663
510340
964717
547501
193198
63716
973978
795303
324629
689991
401779
474074
604925
819597
416434
580512
346713
429544
15720
996275
528199
625182
56883
482540
396054
361958
942012
518229
526187
716019
734960
11888
912198
484900
204363
61912
621289
364335
398286
470999
502523
888342
275142
552151
717372
110739
638259
376580
90729
762494
743219
635195
409497
601108
914352
692943
774328
254424
579529
164846
428909
580160
649480
452012
244894
805790
544659
847268
189385
456376
617288
593959
153555
264968
991464
747678
218554
618637
394410
10101
802167
875078
377235
213634
881679
337767
221239
187487
469094
61996
949176
337092
678462
479756
620085
472672
152925
663688
30046
885950
472710
662674
295685
252104
147292
579861
373343
402275
179405
211102
479956
892789
847888
581661
523854
872344
718265
472413
868417
94830
26396
623975
205013
167654
71668
429553
473853
291806
756891
555475
922639
389655
782664
620907
127317
914430
693708
450933
819486
466728
904479
873882
715013
130255
829625
765156
634102
860669
239170
338616
676422
458575
144655
208594
550931
91198
898003
738554
546713
387636
837000
907184
523087
656906
660333
104243
932160
480898
617892
728851
613364
766085
501101
692313
459763
194068
355073
395105
205470
939342
624613
843686
522594
718879
195000
882784
960308
850227
206825
725703
5645
424071
526946
372793
346951
820483
517056
178764
209200
781081
465517
287522
471113
379836
767529
997144
92908
760557
645952
961608
257890
407010
300018
476727
271131
994050
83829
383631
823256
293273
811891
493483
135362
834940
992820
41767
988790
880824
363312
206960
114644
946315
605267
481617
870773
780291
716571
926768
698976
286755
823736
27399
524837
818950
18712
326957
161383
180099
487268
201774
270098
43412
297983
544220
763138
376188
956827
601613
60445
5160
983526
36628
142604
924669
118875
452189
885366
463831
265597
469439
34212
120364
78419
987217
982103
531587
805813
196022
372369
154191
842080
285179
249637
831815
504266
587159
319424
318426
97609
912836
157737
217429
828356
848568
367818
574435
329690
675446
135941
342721
38460
837022
112746
608009
233736
969954
424066
899730
658182
36514
226682
349298
792939
754513
182743
98561
642735
946281
884804
76452
465661
615182
754699
256006
124014
329768
905459
279070
753751
174431
651248
803224
813062
302846
367926
336641
692428
871157
204414
347402
498038
543989
499043
282939
133282
960409
285466
315720
269838
402586
78834
386750
874088
229507
323083
787347
687835
459931
380908
115362
610671
628894
483944
217441
915389
148138
543188
618900
900936
415061
532760
841337
140747
996798
225320
969848
182054
440714
270462
513997
304083
848876
611874
583624
727525
822758
212545
886988
463278
98687
916199
874335
468212
960726
468963
871055
759639
415505
936992
504085
318881
887733
130635
190679
730080
545344
305228
867542
729279
505922
836965
502232
200877
800215
204969
747613
998963
637153
542570
278987
896547
775065
903936
23152
949299
824730
475065
364374
594166
933537
584669
274969
703207
734372
398348
420331
772956
773238
135593
319754
789056
906593
9847
345781
251192
399867
780474
884748
36521
689592
676067
269041
117773
472196
98542
839439
237832
292059
313057
409894
479623
24205
773296
997896
985192
423787
197076
740544
250427
891688
675563
195751
95100
75106
468557
106883
431268
645476
44924
434051
279180
571058
251338
769086
393808
675441
994696
158937
312927
842637
124297
962254
262334
368216
706655
134043
249319
116991
601764
576186
337426
115704
571546
322506
721059
193889
154208
500170
221445
837119
492445
284373
634187
848185
298412
798032
177837
471821
222669
197690
267610
393645
873721
127286
554397
728610
592144
205658
8519
911187
380607
156895
130933
287530
499596
745833
696234
443711
792665
989027
305653
473795
778343
834436
677270
450450
476839
338308
662508
685524
404802
931154
416843
117274
822149
386641
77069
734434
306622
923754
251267
742935
923746
630953
373029
709032
634545
217625
267320
756402
775874
228755
618125
651625
511738
223305
301089
810172
39211
436430
843022
674192
494168
405228
59514
258611
413853
37304
676694
901947
577961
535135
230534
383812
727581
316882
904999
320358
351163
293009
389949
567515
760752
943898
516522
52055
389093
39572
358968
362026
450708
16919
180675
503238
266967
48038
947674
409209
378605
591183
621418
118180
837941
480884
744364
64217
133657
17199
755220
665303
453070
742572
591310
5117
2825
99155
752186
851287
929904
446899
698279
912042
791547
639550
779290
594241
451217
697298
409348
627454
59377
978842
356413
729678
691968
190038
760177
871431
764563
520814
253778
561999
894796
229324
575500
475294
595940
171768
460663
214190
352338
440293
939971
75884
685278
819182
25794
95085
740015
154568
520018
89326
430661
622086
610923
767590
702976
247123
954365
378823
267346
159636
88455
337379
52878
754889
683073
880773
539436
814970
462962
166050
477738
192071
370036
207319
612667
230001
756272
495240
503613
620179
312210
360446
790867
475114
511828
873815
191333
91248
932792
651489
327597
500022
550962
715102
156435
938669
724555
350681
300660
172672
284170
899687
251810
661918
460300
235383
935056
962125
431476
101404
910039
390813
922952
216265
631477
911634
256358
324247
995709
426451
244801
524772
843147
741094
898906
60057
540889
537061
936290
510204
914685
702111
391641
112745
590498
562691
899870
27093
960613
691797
929283
46155
292733
365919
779031
920669
348045
848118
842921
794432
875336
422143
740436
480429
814618
321205
740204
206933
599211
542005
652636
839973
151885
865002
854747
881700
595766
65634
171229
373716
714639
341346
518252
840293
219746
612023
567481
630725
810193
72334
958510
185327
373312
824457
794248
684553
682998
885784
834448
810654
882605
3565
831751
582604
588597
740407
800866
340525
906624
775007
530958
873494
20475
670987
945761
258468
772353
783020
591975
529290
594074
954465
811904
563846
710457
958057
263369
888888
316639
927594
749703
691076
573856
654789
941000
127793
658209
841131
819414
151695
956264
362223
61515
208888
992791
784506
775123
444041
603604
639399
799355
10320
960448
619394
281931
122377
582155
888118
596322
689714
641698
514117
167637
70972
566909
380654
397047
308915
401011
328874
917776
969065
140414
665910
480865
381257
585742
621568
978018
155693
681886
359094
339489
897126
914905
169032
429694
250405
825088
843008
652557
412616
155677
627346
618316
875933
515426
969411
600653
975184
650823
335348
923385
97276
820860
869456
696052
72739
979522
837767
176438
795490
413784
522384
763865
116478
559213
547141
637889
220202
220371
283491
816195
712147
650730
991702
543918
469625
368013
792489
276468
964647
669849
814598
12258
627919
625713
995777
123209
91351
643755
637917
332708
696547
51144
724559
990169
706892
693256
250864
737524
971145
972471
504931
571869
755831
420564
194414
486160
556795
763435
980861
462316
173387
942249
540053
811840
790440
795585
672085
152887
48203
583687
693619
243398
797697
140387
277213
432641
298973
815956
722492
814175
430509
933957
41277
911155
491465
652405
702853
9009
842167
332853
798262
696660
995734
294007
941042
311734
310582
174784
904918
397379
706087
242073
112766
480485
437008
542835
667871
354901
118274
548786
427801
134003
279344
737964
299524
226795
443917
352342
15171
517035
764300
533024
285322
335162
124840
952145
757332
989638
938808
776385
299524
696517
394133
207097
302084
841648
423887
427144
281266
268076
7924
262602
356285
701449
183359
368971
594654
587568
435707
198268
17215
22255
707424
249496
749100
256095
783994
513675
984241
807961
733623
82813
471669
972943
520964
527588
163990
883470
154181
174523
420354
373680
116488
764909
906425
421683
661879
788886
473433
51434
428491
568596
656853
180616
35006
153988
246792
718552
197178
930122
545454
635400
287715
895318
747924
272598
173984
323007
156658
634603
623071
986982
802159
370287
632870
643938
251914
344920
375970
393653
299024
535854
413293
317666
835223
706092
131885
784868
376581
824868
638078
901470
609741
12150
369607
429553
647126
842192
239550
95554
255845
811176
161481
197079
315107
547109
407981
623840
568494
449344
345646
852303
820548
58864
957863
653127
113653
440485
310204
256345
188475
8181
261294
608870
963683
312258
473197
459971
218612
219716
721754
982768
971000
771180
750012
887143
969124
117103
870054
427492
215095
647006
480455
378351
493141
961890
504616
121373
160373
383076
353921
259793
615127
15340
954746
213923
998408
617883
848292
786288
642805
661326
410102
370496
851699
14991
377182
334400
910137
340613
837739
170130
526421
279644
19605
922967
447767
915201
608226
935892
951305
810527
472241
196821
515635
108773
120647
534424
989503
561179
944996
78902
802817
737739
59951
924035
501100
734470
160007
979096
497177
594718
939277
967011
495598
601542
86917
479889
918749
782438
288672
984654
796421
307281
916708
525277
791400
534627
534601
793122
902191
619297
977289
408303
265811
728884
328259
788103
571620
549894
259709
923341
229740
429775
597489
918202
563397
213063
901935
430080
80484
405587
628410
615259
13842
568623
32584
655260
372263
724337
489275
337929
675752
98989
922745
963680
446565
532735
689218
400186
669117
626553
89255
399902
435064
361819
618311
879778
344199
425579
542506
202216
935935
33679
149792
429572
283274
962795
448181
157675
53346
435962
658698
65871
136185
930274
538743
211425
678157
523432
164484
868459
148644
376787
563144
737138
619742
733582
241676
350564
310552
551864
928309
548682
902629
748674
210542
740999
885208
945198
4116
405692
197578
354879
998561
877670
610325
126201
115369
130465
687673
459325
552340
612847
452500
78450
88982
82477
250858
218791
13243
952730
625962
652123
963287
58094
943760
634171
896593
777471
638930
861338
254833
300167
722215
728575
138613
435958
356056
522145
840394
510529
8569
41376
722660
66109
307679
911117
39667
670905
961067
564920
968001
892827
869678
133396
511798
253082
342939
670879
219080
528128
836809
696088
301537
302854
692244
425409
987418
601269
293666
56317
523337
299445
222257
669741
207204
817656
870312
588605
993742
113995
752097
762595
175389
700002
899156
856287
479595
104702
272970
765387
449297
318585
288043
796606
799625
132813
132299
303269
272293
896310
243001
956435
900052
803911
883774
573157
322679
464178
918699
569303
187902
682118
796345
852557
615530
530352
676822
26024
335096
291589
284490
422233
228920
895426
483073
963937
606576
217827
918424
48440
751880
107920
304991
489546
980151
915376
960189
620039
93548
618948
48955
409130
618111
636999
552627
170703
2372
897208
717596
166171
860203
882357
664336
784110
285237
896666
854382
607758
842748
806237
988183
802051
929742
882935
621332
411246
293832
344403
641346
667770
949025
572818
149160
746180
903002
171084
982829
358859
738548
193455
505975
533292
161003
868352
650597
875861
122151
171704
92647
300124
358091
424477
677857
376405
16128
655220
437978
675675
96114
656023
689005
706405
965303
207906
933505
430286
837703
7198
610591
749697
921089
231046
186339
378734
507572
7154
511954
192329
521229
330032
855779
595011
568263
626166
993813
308513
688256
141812
277837
954343
205603
203329
992802
803870
840963
882011
526745
519431
776484
911237
514691
609861
462839
692363
869467
248206
611981
668867
120597
296704
536575
942647
719622
456534
298903
521647
999489
6102
486872
828196
845200
40907
394956
210483
986986
154038
517035
734304
957348
114030
22445
81073
890136
954618
275345
757171
295764
140024
715923
326217
453773
882735
596927
504724
21851
43465
405790
45620
290639
331554
852994
494300
344682
621498
588085
890591
143525
744166
478529
213962
155725
714768
958499
408597
293445
837621
499832
126234
633733
74607
376964
995788
50940
38988
872488
820823
79979
854085
463195
949433
725775
812
556363
242348
95645
622150
920464
563823
787525
523379
142756
628549
346430
699619
605795
539108
882902
736933
355969
247664
145099
960224
714043
501985
198486
66851
17569
463846
424282
315875
992790
432572
98635
167542
766592
568087
934079
252386
150732
480618
443145
440923
278147
889793
226012
554880
79837
520424
506468
877589
812162
24680
114876
438817
872017
35983
287929
203271
576263
276214
243076
545102
652300
944890
550676
537653
398642
357297
336199
260204
740613
844395
352698
938586
49882
712370
767699
742973
235463
158619
302397
682680
271092
532092
710187
197782
220889
716035
714144
969328
701679
689488
476521
357963
78401
465268
210786
162669
19292
869243
720652
281724
688180
254845
22810
147060
809564
813768
530555
118621
847374
411848
277142
252516
135803
707108
129996
922857
88795
732375
348864
4482
933557
243394
206419
77896
465312
57821
586213
292726
791530
699910
707674
234892
454521
92225
686868
431733
885998
711179
539435
948482
10060
279600
941888
482579
979615
936030
188963
454115
187734
459104
505507
162647
805857
324711
420784
713022
929883
688488
947858
890816
466898
399207
211817
7871
591215
833831
995012
646978
855348
486647
652450
642669
111665
369173
98305
853219
953960
508939
536876
338470
437529
242012
849900
56732
889430
512945
295195
729357
149927
95122
665319
345958
555598
864252
744213
697901
749065
566803
261210
26247
718722
313563
851853
751805
955926
681206
946200
148325
59853
62137
860277
936773
515731
279831
645330
229391
270854
457989
244004
715003
168764
730415
773804
181516
340953
257540
148354
86835
405913
836604
281132
683432
181839
834389
596281
314248
382536
704698
544486
541053
329652
326777
214245
242467
606799
580377
406565
713608
449497
266655
247241
432979
809631
973416
240184
866971
555821
97112
595987
778653
628776
915934
329203
249576
740064
174382
604770
3184
172127
3366
684217
244117
988446
121537
856045
24225
491602
351439
622639
225924
878496
142870
253089
760229
903520
463275
503492
858128
20919
569298
693627
517460
884340
324631
570686
249587
793672
86879
659303
534784
308994
381122
165420
267265
932810
432685
566151
988172
71672
427245
494968
935309
571408
781095
667450
260646
501943
986751
187925
503750
234357
346210
678735
237360
646865
803980
692139
379283
254092
355958
938610
230229
852114
874976
739663
975191
886728
305302
524921
643160
30533
629184
304044
667441
390587
80130
882197
277039
437994
354471
640166
45061
305742
409140
382837
185449
506019
85719
425622
981303
4246
224359
148221
267086
717493
885795
64688
624345
518433
988234
389406
888447
335035
449778
397812
505678
246586
211129
437926
878852
53494
514769
91454
137016
13087
462758
516620
684894
562137
379807
313539
945400
608693
209350
901014
790725
923680
502032
133672
350556
812048
578371
240618
514822
304372
369706
286825
508091
565502
102618
94799
846056
154272
899139
122382
244983
490810
894665
523704
388103
422433
714241
15301
459706
105658
728847
302204
906549
589654
487451
356542
961288
878817
950432
139147
677598
86010
758567
129885
664178
844193
642741
446572
34721
508323
986656
49938
406254
952373
722892
413783
667376
728380
164948
893466
986063
144335
837812
210970
808071
881313
860041
479904
719834
715961
196176
176202
754915
561527
520784
51167
344637
596986
468791
171471
252872
325218
151225
904840
138517
12629
443149
663466
406399
262884
469134
938212
613373
175218
836513
403972
523228
561632
266759
906527
453381
519511
645420
639659
452716
651767
209851
694226
991670
180460
770270
509792
987221
40012
932613
225382
371146
156699
284089
7273
670916
973347
780148
155865
351920
724319
300933
900767
537758
319473
907972
542460
113480
732552
427950
880047
451986
206035
261544
374003
967224
80545
22923
256361
913133
207645
666482
923827
354482
629511
694110
863033
914105
242298
436980
588587
310070
359788
960904
599039
87111
110750
478716
581150
997701
180743
904217
272882
276981
506441
126552
520027
959601
937278
678584
94291
630305
429645
682615
453788
534541
545012
284207
396249
732178
808272
833694
282989
232101
296248
850308
316707
854290
12420
986736
448666
591818
435365
649289
499331
649025
692996
524524
269601
5158
929663
736045
673215
191716
935445
802020
767202
556088
137590
20730
474722
865809
991277
966112
69192
884554
51364
421671
214582
801914
464258
354675
942020
214471
417442
754085
294732
845293
891381
413195
781335
141371
356632
622367
883344
895679
996383
917298
215261
42283
14140
26678
763154
9042
889020
8098
252687
934265
672112
267938
716010
908931
299710
930398
869351
332602
345669
377859
277402
58662
437456
295191
918501
751119
265902
232027
72889
97943
288824
820489
566353
212192
252084
799061
112241
802832
699468
24202
341929
556795
185238
727891
771177
434733
415162
136347
959157
136842
827597
592850
42463
735373
826214
411198
442968
852851
713597
660597
393516
124123
775362
313315
263558
141871
940843
260736
388340
510441
792412
3733
389441
560191
446062
452277
111691
202546
547413
909926
506458
18773
625654
483193
580077
334075
905217
813743
962051
500008
983737
422397
694386
455777
507565
392843
77115
645418
17177
316066
883777
19694
552402
491149
823878
973361
583586
799840
544210
348916
197605
865088
455047
458486
811792
937093
563201
409455
129641
337152
344516
183447
539153
888834
147965
641159
190654
825208
929401
574082
339434
6249
182740
145845
850177
163128
661819
107779
681537
205514
125614
445474
588426
949862
289766
954634
697402
271563
210539
235750
381668
245889
8358
285372
696000
750081
415039
401411
434714
232048
130562
761035
967264
86740
789451
330829
228796
67423
184372
959577
96199
852048
923982
961755
756497
16574
221220
304043
623318
930886
9147
887136
546924
930383
810790
175320
780190
637632
591352
135462
430858
593745
587832
230299
567800
758413
698894
147852
578225
373803
143480
129707
383400
504333
63262
734742
915304
283932
386079
310843
159506
828838
868837
799284
750900
107116
255922
203616
456477
555813
125070
123769
625535
140103
784825
993628
220386
532270
463665
425839
306480
526405
182957
786989
650733
41984
780628
977110
479549
489970
933614
382760
791057
614833
283485
215890
687650
291066
26699
25666
489313
262245
655626
725866
624929
121838
923658
91059
565853
111080
685899
126024
832773
243715
811699
194676
744204
150088
749728
830068
476501
894156
854627
864377
19007
640754
489797
969580
257171
620102
242548
782230
904288
178603
952333
462375
912934
16589
112891
608349
675988
758324
169172
517972
725477
699392
192470
320951
1854
578385
300727
244267
492457
86345
310462
586470
550847
578696
629147
818184
292604
793125
213236
909564
89157
303555
348139
828276
736606
34715
616139
983843
475135
89761
367017
124081
981486
709169
756434
326862
625199
449521
992500
368926
905575
299269
381958
782986
13315
401459
768635
805518
399255
469775
947605
407069
625774
557064
375544
764991
10358
498677
426989
345267
41143
647621
430786
510578
788658
961836
48235
321466
950594
933839
524020
849741
544559
335122
973496
794680
171265
650129
784704
457217
850789
503762
826904
476373
129475
564771
846107
487456
932568
805232
401332
331453
178395
549591
381562
997689
984151
934469
669090
657106
791164
510968
931526
569364
113992
969341
278535
747273
55827
293765
239652
1868
482917
5107
438545
375649
905310
98336
480315
78477
441609
854837
187158
121193
291763
684634
919201
719135
227737
620601
334195
820070
426599
375251
250349
597340
882268
269671
431245
779264
214105
375393
420189
70044
646941
223309
353969
910623
575315
703818
876931
108062
394817
460534
691337
161209
513512
753896
700044
812332
981177
441155
504486
856572
411516
619759
22587
966703
904889
895786
814831
652909
789985
20951
298087
965214
909082
780038
626424
68463
582286
349532
18758
553556
266636
561856
134669
413318
90084
719978
868169
417008
971789
814577
528561
184769
934950
630223
957912
858400
961582
60312
121185
541378
949147
292982
936936
6203
153123
72828
579113
451773
532315
929564
970819
635561
978749
149968
119433
999959
28557
221338
115565
461062
936910
591409
270682
355670
771959
912212
809861
997771
975018
958852
849789
31899
643014
571287
941705
267723
247666
486572
926639
2019
818353
237808
917733
914569
261574
531543
844790
345846
826925
603391
644683
729225
192114
72827
735053
579380
64329
972927
119909
353038
364292
446085
114652
646413
457485
755888
33499
250937
828694
74619
169482
509513
882777
516563
502997
940239
543905
969245
741657
348270
48709
586035
391072
100062
663464
963623
783053
655458
218955
190752
240250
529863
728825
659364
525478
969928
804711
327383
112432
115744
657753
26024
583152
988240
613338
6552
713271
800501
449877
866296
159564
952990
682644
848377
35404
143658
164849
288373
489046
584479
613808
806690
51357
120613
110195
110287
695934
295493
399562
247540
737590
451863
816204
665866
632105
505587
795020
384582
559429
790360
116997
981773
367708
70454
375371
542314
473133
674638
611319
483132
204896
859602
109584
491374
823853
105634
375369
424529
109247
841348
387635
656107
580717
279663
799810
341293
865982
559812
25590
460802
640832
445078
663252
82129
253296
765166
855129
411654
214804
936141
196461
379483
641212
330611
295878
906527
316993
541842
492663
592060
467272
902874
512221
543283
376094
676676
63087
458407
410905
262732
599358
737382
344575
568551
702980
606433
402557
996879
446746
601158
351110
402128
391846
206899
409769
52947
674534
335425
435874
679150
479826
173212
572425
653284
403326
87514
174784
89795
385014
587721
646214
734966
457612
517923
976407
548776
83058
619168
649381
214378
70340
931787
996399
3166
630641
200758
942973
222145
925963
487909
698390
666290
776653
996274
947877
500994
858946
547776
535913
68710
379118
958882
489133
230725
332275
296599
430116
136214
434127
626180
843975
76743
693362
210959
681571
13301
178930
187548
339396
470083
746978
622179
510412
214522
472698
441702
591360
44444
262082
964367
621832
139111
718263
370754
956950
126532
158506
34763
88035
879235
309246
487002
634785
157253
417202
911463
58548
980064
325679
453046
309710
959528
658786
808529
751394
957907
407451
630966
642386
280617
515733
360557
459341
210613
2131
136760
776761
93747
281192
431844
755942
670430
455978
488860
927635
966106
429708
995248
239177
539391
341058
357181
538005
194554
772459
212285
841568
43027
979676
794961
248781
845753
19168
146484
508806
816870
586462
150655
444137
651497
983468
633054
438894
517209
778146
693573
523616
10114
787768
981489
717152
478215
78084
953374
832920
58944
478668
318303
623357
873697
111557
967366
626833
557475
122083
840279
115451
441229
299998
599357
433238
246501
26533
343597
710401
503793
971625
587232
388851
52846
340690
199436
767118
346328
635336
380713
89225
523318
731515
650741
171181
985892
25011
193058
376076
392403
1598
132652
572508
290628
369037
374783
188816
74322
497572
107617
194295
672059
269526
745483
801087
59036
295314
759517
751447
646539
947749
580878
71732
859463
953311
311480
67693
539236
729800
777350
492249
606455
186542
690676
352767
835913
580803
896990
888376
810759
987225
250386
519574
532632
640321
192903
973148
182022
972243
825295
506133
159954
27187
449987
552497
404453
226890
913016
388383
729212
663142
946096
461880
448290
261581
215872
613522
41740
480579
302139
104032
796142
572817
659535
797762
470042
544144
199155
613367
377862
210259
582086
841844
999296
565517
693126
510411
67571
422017
370394
733506
97984
85122
590203
59893
629903
433550
738885
91327
31063
148920
583326
512081
292855
130829
511819
576098
783453
991779
749246
880453
798726
690867
157994
346121
327111
784415
736274
246752
86156
286279
478902
365564
560272
751160
913140
883468
186364
222837
126450
825665
610393
403132
760873
172897
920737
771027
897620
200736
224878
895356
567370
270824
847627
544560
679343
31654
853318
300909
859394
578541
130583
112242
728943
250844
555181
7254
473319
151562
344089
891009
706629
138798
742014
27977
744828
100126
238910
691304
998031
166431
26817
569479
982320
450692
477583
414288
991530
481272
218974
491795
510284
792491
117204
575410
462366
168324
460069
827809
782911
573801
413818
87677
366969
377227
841613
153537
332434
348994
699292
115651
723098
845917
901026
566392
375815
945541
114749
732585
298184
165650
509786
782084
661014
617868
571925
740640
782006
761586
761983
594835
206515
547350
653984
786033
145964
943178
800637
226878
726139
282386
995892
330521
845254
864457
803088
790743
321983
37264
777280
9205
977411
714065
787213
484593
323681
830841
329016
868098
23881
147802
210222
441976
567979
115802
345071
820935
843078
509292
625832
871038
941860
719783
267001
548688
35661
503100
733990
320816
46618
917225
590150
322236
345877
914022
727480
266899
368009
382516
560592
11239
465334
128688
473548
283487
902460
729870
544796
579795
679702
937950
1885
26123
426246
167561
791991
860280
848362
788141
518764
538467
475436
808887
180226
316304
193024
675664
695546
354723
605256
247560
154651
793133
735850
479170
514358
466671
28871
93024
186505
713173
832400
939656
936513
868350
531850
180791
841996
577011
869924
57982
287557
263329
780233
828144
266686
740782
344076
246536
767799
588646
42004
816070
584669
389674
212789
74543
78466
775263
791220
311700
352960
764567
254815
517099
298413
5237
270211
14203
716010
449758
169259
721171
334211
636752
788019
23990
292838
344870
477869
48338
467554
101655
595184
351738
690549
380973
74853
273593
541036
352680
843979
349756
32358
194493
761088
41333
296528
526661
481522
834073
659996
843540
197301
506581
924695
564208
721077
65254
257014
716676
41682
694528
998387
444612
908444
941710
976500
441037
932892
341046
276193
205825
531934
891560
13747
582195
252108
486643
179356
407596
229046
902971
887157
591977
67262
515319
585214
116839
168149
697611
476344
642198
919479
498586
239502
491971
216821
930039
432241
300223
718550
243353
246339
141052
557755
952106
46239
232384
962993
167428
696339
256143
637307
454093
675432
463290
594790
747170
207802
297417
771490
55403
985254
636299
315101
115696
516265
909890
894635
363898
189929
711075
756013
702480
936260
955187
117206
346821
547213
7790
400179
361780
983490
79638
537280
363460
247782
411846
611316
743339
973967
9229
826984
843047
931981
36362
408025
324717
671697
713411
712898
422323
78353
892925
278704
818575
900685
211128
706610
982153
63576
359106
883501
301023
38505
631139
592091
382131
123124
219018
260221
959309
731102
796455
82577
677100
257003
37589
210815
333543
131730
455343
659175
675091
952603
577087
898770
66949
335218
46463
962502
777179
237001
923846
880428
381610
273610
747879
23138
561664
721955
20267
841229
789187
837719
553528
315426
81570
90661
682189
420004
154829
382008
279161
12399
530008
63387
934597
867491
611767
678190
18918
260070
683032
925578
546818
22891
150695
459942
962897
541287
317539
836211
281083
813313
890453
513401
101253
913454
830446
513847
938053
609996
40874
5738
631165
273133
219034
715535
628004
303578
432606
841297
852879
822741
590276
885205
697196
74183
761645
581597
680363
113161
79756
444425
802040
355215
855726
88810
822958
389273
359885
113416
813065
14710
874423
557654
901313
709406
718584
396275
948622
966779
907527
161279
448883
642072
592550
868854
747942
53644
121956
658919
288482
739529
607077
923324
107759
196916
365367
326364
12635
647969
503223
617687
51127
793947
12926
128230
520784
999295
448210
230437
161609
249642
477648
9361
929355
696403
239010
449504
424849
754965
138812
477697
264309
474460
839064
572667
955783
258825
634121
720240
689854
401015
920717
849877
726121
906594
102153
327897
260912
165480
593159
333636
752575
688730
172737
60798
493806
748479
319371
787314
419632
792881
511501
524947
946553
208600
594092
4758
623811
122149
62162
279188
213913
96102
858677
573465
419917
197742
895698
519121
86051
322204
386458
234996
622660
917183
581999
595325
891462
164379
730747
305652
129650
872239
653463
519239
618362
916885
765151
538147
492439
246812
282212
975718
600116
694076
490290
851325
672555
368867
417219
563426
286516
165753
926032
891049
811056
215143
510366
484492
966221
933103
399692
935940
4567
291705
483294
785313
682116
63979
883642
99832
12100
412597
616993
413531
682062
563521
543994
813418
629197
580115
971508
810267
660154
762273
708675
365797
829161
260766
908516
350940
423401
34964
952836
725522
468565
662388
104837
418171
279772
285599
117509
328114
920294
158423
260676
839184
367427
32179
749129
125427
26602
116743
80235
539817
108480
747684
611945
864607
275139
210976
728019
52149
364935
232934
966402
46808
604813
700663
458800
588650
953888
260947
456214
122618
729103
775676
807079
948933
342290
109140
805328
268291
361808
283578
819627
425127
541223
854105
964567
399512
537249
168940
818201
953690
196261
567485
431721
889649
417648
484315
880917
693477
12005
860196
35513
891833
112442
934153
94144
126632
697260
939150
555278
563846
584512
414238
54288
670080
210598
862842
111997
357996
264875
877885
719484
601750
524976
415125
352455
768373
216950
90704
761297
540028
257222
71272
134006
557601
573089
769908
171774
348011
788951
944738
361029
253894
508811
596129
626830
80593
672310
347076
5044
744084
484196
286896
917683
313256
323673
112847
18605
716776
688850
236472
420897
879588
965875
901715
7469
498329
4647
382977
500105
902214
225639
82786
799517
281484
97703
238318
629170
765871
924526
331767
296778
676596
254964
267303
404445
299367
345314
752794
431430
699342
985491
24352
829958
750785
489775
813780
221082
505305
154631
875355
258760
358750
709936
540063
535401
732551
234294
666931
639301
789451
946134
902645
684029
504630
914971
621849
636620
391009
485052
490849
260917
823341
436774
269687
802594
334433
437951
725718
85652
759861
160303
724320
153395
98095
205196
736271
725470
436946
113156
514887
133520
948930
745836
819916
547697
407521
125100
736740
81227
110139
48850
445700
217952
887379
114691
841994
784610
55823
960177
329462
320292
820028
669871
828633
461213
166754
901643
502646
256010
197535
33626
105956
548141
274669
538028
476644
74516
864765
601333
70784
137334
391551
290715
29701
973749
616367
368976
897711
210130
783919
587959
473817
493835
255329
597729
447028
557706
786861
700381
479831
789717
400057
207565
729026
510108
967018
319531
615551
887348
957319
963576
218935
816036
955009
138859
82247
883994
983783
353115
60703
756406
471720
28652
258496
826598
151046
667764
916758
959862
41327
204683
368390
492726
925884
634249
55943
248594
498357
598488
438155
880561
154815
436753
388789
35668
357251
804535
286531
730715
845211
27553
483556
234226
209286
890493
971389
187045
955924
363096
181563
59279
579045
657367
595277
559645
959756
647480
44189
936354
204611
182193
790536
929714
510839
476278
433652
93719
904650
227647
543506
520602
824931
432426
458132
360376
557636
887636
732194
970998
401332
357823
518081
558236
582141
225734
221842
929752
161523
32241
844416
842885
844606
998267
637926
868957
682798
596450
809910
973784
525868
384334
873147
372524
847993
430944
570182
345656
444812
116701
999825
284180
519009
381492
530929
719889
98390
313750
867607
502814
127294
183627
733193
103012
161490
909647
763103
646959
447421
741056
433355
60235
624691
813897
83988
716806
9210
880794
738599
627123
706749
406012
258781
320870
747708
421265
202956
990717
977878
273629
315311
781345
832503
622904
16556
322834
761066
121277
283130
519497
820765
950838
383471
367117
427267
691753
293461
985048
439874
182277
183519
329135
843978
950555
196738
574620
462517
362611
779471
430998
797115
364057
161849
926209
115547
506861
865319
329344
148612
607601
860821
820304
151465
857433
548114
439098
449286
273509
476419
151718
144575
255253
574739
511889
494566
882916
189258
197172
138809
975709
829497
789027
826195
423988
433468
373492
496658
181619
878787
753292
774661
862378
176430
278781
448791
914830
251272
136446
258514
505333
601826
617637
841370
663984
214983
164440
23835
539521
269863
876406
295186
992420
652485
174009
632971
302789
716507
74211
551717
708967
846767
786139
103758
281623
503253
446638
33023
160796
371810
439617
348270
939205
291222
373009
108865
634104
520347
445692
403925
707571
196823
71434
15554
821999
548559
334142
737828
681145
897942
183196
547585
377403
85202
717530
252535
911348
559476
65527
349160
450097
897341
358910
361315
992454
520782
272820
337909
839627
520882
54343
329422
347887
487444
872790
150633
976513
252924
744951
69968
961870
648140
349928
160061
211427
759869
664778
415076
595557
815027
849154
694919
370903
640360
885463
738335
986245
221304
265326
180590
26555
40636
674275
987326
383653
469491
593112
86801
592289
125581
199651
629985
181424
663286
936049
355308
574246
904599
202173
975677
659066
787698
79419
260943
270865
422372
727126
822409
901059
566232
69811
601396
453640
888557
470256
932875
608817
637974
457713
871559
635123
153564
627779
436545
907720
26221
15071
34950
797454
413151
295966
580149
724234
280890
403172
153668
336622
385110
259141
123969
487359
962233
222207
940534
366792
200311
828857
387798
702265
735168
423966
191004
742806
722574
487684
343087
994043
803445
308547
595634
848656
562476
422684
104272
941525
667035
811156
551481
575402
830852
405834
464265
641214
466255
45216
386033
801040
657128
162616
13693
135069
707996
653221
666761
618586
856450
401759
133652
351605
560234
924407
289022
618008
684396
534344
993068
388497
543001
354780
862304
492850
247705
443313
779845
867092
292874
109351
6397
272151
138438
587242
893630
285931
304832
860842
29564
164293
190423
992482
487906
900671
327475
945835
267806
631224
594171
583251
906311
531787
957296
783361
964327
44259
534075
593163
464717
861715
477329
237904
684032
297033
869455
999241
504738
903238
355648
96975
990914
666486
179823
38144
755315
169168
852187
260716
522315
640825
232006
734140
311343
144839
111444
623218
243283
326905
349281
181514
164548
521309
229755
688463
268524
706095
244495
259790
2806
234461
236068
937021
159681
317507
366125
87375
535452
73275
424894
269835
691297
993012
776410
28184
498387
544240
86983
683569
723930
881987
590981
586538
971443
226993
586648
214041
775342
470025
242801
300154
277943
189641
133845
255097
255144
669750
83038
601430
157284
256560
481276
77945
937582
236289
787680
699366
394037
188589
798329
866468
113651
896193
563436
526070
5021
750518
950158
935462
475181
908747
953164
907613
941194
737423
653304
827656
904276
419272
777168
894750
380734
722918
80228
440377
212510
645080
654844
966233
802062
854629
78345
361722
490052
544343
608665
370929
976089
803446
820515
379673
853783
49705
938919
177063
333291
124244
149702
572662
272653
210741
784962
423513
644266
777262
875119
51419
568725
839152
526333
806773
568108
620956
239775
893717
133098
116250
299783
958551
918294
355494
497421
146615
600557
658235
46461
620962
659925
775402
180655
705932
899372
625590
167534
707002
554724
27572
383483
338595
125696
359571
437664
964174
364406
33776
314395
771589
386143
342277
124175
410623
788616
123943
460066
966995
54440
438646
556295
350652
217245
298757
912055
827879
652570
567164
332510
323222
233457
229732
706374
966247
943602
192385
969667
765047
453183
308433
790803
111480
522740
597728
752662
520026
265479
417216
860221
84224
161683
638500
904986
478521
523739
341509
996789
724393
501741
913235
625665
979014
191759
518674
753907
113236
160694
379691
613682
428482
660080
714962
198005
927649
609832
621317
952330
300301
368599
966417
270021
812967
727707
463090
337561
773291
547583
649303
425134
935305
418803
962858
601762
809999
499210
917177
220602
494409
58458
682968
740608
81732
448310
129396
781455
669153
895404
897626
607048
962253
326504
418584
391355
182139
733324
965897
750113
409917
736628
990216
165312
281976
713011
473471
380642
150332
764942
154606
223178
94112
997664
635501
112167
360144
616929
633951
961118
715624
808342
512593
264635
976546
284396
541878
228311
175966
433550
710512
438714
690890
422947
873353
538985
156813
184150
337066
769616
433300
144580
51115
351162
294049
571797
481350
964105
633037
501903
230483
708276
912501
25674
678489
571218
613201
175626
503383
976500
448217
948562
233134
343310
603919
9987
194317
209054
387997
222234
26682
109124
875760
234388
113788
729870
8754
452236
93741
945259
934410
672281
762148
823921
863229
95426
53125
834884
231281
241388
47748
642549
509671
375708
950806
555084
742659
711921
63533
274745
607105
721201
456116
298419
905593
841248
445556
88881
81367
301702
57086
541702
142786
997731
619255
861510
585600
677390
199475
601515
693381
276054
492811
431985
771815
328433
252472
307466
878746
317769
503676
375788
769005
484793
32956
274041
319015
822562
925047
434318
986218
289894
744289
130327
206037
715686
809606
654766
445402
492745
365994
451307
80970
417404
921248
936433
864208
917840
935253
48123
31844
436986
659838
586375
289022
909520
606998
854200
360284
56759
628329
839861
825482
292832
936525
873008
247626
64004
225019
961788
756077
876054
836452
107373
497657
271710
527393
698970
38602
514759
290839
623256
784671
88733
862029
130676
164959
585261
748528
724411
966485
428064
372129
407671
960411
193287
677025
916562
851983
677627
695358
266472
192855
244449
973850
866657
93962
145485
915838
679497
492721
429646
407075
908199
620298
53826
704620
180656
616164
55156
717053
768423
168429
255473
129721
411489
785037
185433
412762
125
123901
862114
939594
2579
654700
627827
654921
343061
266908
713775
703952
816515
318931
15108
709556
954522
230865
765086
451007
327641
982314
945712
34068
194629
233662
177187
889355
599215
652846
138794
201376
796008
111266
764559
574959
472650
395519
788787
337946
243572
379295
240489
69871
223191
126828
437802
908239
884637
364039
994707
759355
690069
565142
710893
711389
934906
528354
707875
919597
996924
756273
797790
383302
240505
275130
550865
806676
151080
178259
189674
870200
400077
463302
723095
558147
941896
205763
969963
279725
902807
841218
36094
457848
718895
175098
652751
927537
548673
235675
659141
608056
458787
558727
592062
410051
621898
58247
481641
742340
289342
526774
156806
99445
328099
695530
755346
842139
682429
934198
796939
784265
521683
435463
165575
877413
151587
843210
520471
232149
393546
828396
459737
743691
450893
250588
734902
726825
251437
941558
130087
388470
466297
154474
975297
20376
33004
641629
809179
832252
586541
929779
484810
914173
546783
737685
637494
207115
609142
426689
8903
858152
81491
226803
60514
31823
795162
421530
321711
15201
410383
85198
739460
876228
705937
430967
613073
660392
733480
391280
718675
59779
549156
522905
180244
367708
820111
339313
349857
890531
814313
122580
713250
592477
886294
563938
731423
774908
581602
557161
183074
77797
768678
508312
857086
52205
570557
314169
606761
228229
952855
121345
373065
124987
379310
418735
687181
679775
17
639275
612841
220427
171577
666486
417701
172406
135471
341921
277487
189893
825662
814278
427289
269765
87668
552415
863296
584801
72100
605552
964866
826749
106093
245251
564586
905901
485682
905428
278972
625648
929344
81252
151518
484400
462579
88372
523785
105911
894589
956061
89651
68489
656497
231677
782074
749432
495905
222764
336601
59939
330902
239274
636202
437425
79218
796628
292154
374915
929925
589989
252966
48010
234809
763035
217943
269509
372640
466158
473794
148688
580255
169098
312168
933762
968536
390729
936209
825942
605182
450687
799483
622287
795098
210898
19206
783628
153426
87549
275305
248156
758096
581363
983903
402080
655776
836325
710634
263648
999311
94190
189513
610221
381886
275366
720445
326616
210017
778240
262490
355737
284071
397775
458018
438765
698248
897241
856187
394597
323928
28883
18764
892180
112699
425209
557003
147938
521459
942546
122844
119323
873746
960019
192964
796570
461451
565078
860981
37447
905662
893357
34945
662098
307033
231329
131611
426763
425323
104635
742883
117474
62502
577654
20988
351516
279401
500601
719903
133276
819750
107773
186603
104455
405645
374358
470610
395649
345009
788975
651090
660074
852579
871631
911391
314190
56915
898961
442153
57084
72240
384816
589079
643541
605315
248566
259153
300867
903863
289281
684726
948826
917836
973276
142752
769029
128669
440944
312978
192471
644211
53787
656055
927743
576744
735740
690673
523413
374544
50334
9951
698843
34745
890111
57415
973915
904317
256043
639880
266300
444081
773872
577562
702738
927259
521208
724853
407048
13398
487327
177030
577525
914551
107047
246750
277922
992913
973244
55954
205929
914717
524609
176449
640953
809929
41559
124819
629533
546792
645243
266751
885118
12525
460504
797984
53466
904667
557649
732677
854487
579636
454161
151763
208590
740519
556646
263208
254691
100784
346691
619409
220832
777559
637071
145216
13126
4317
741792
862082
147952
363764
210667
806790
344292
320819
224970
836524
140202
811813
864140
81640
324482
830323
412755
414783
618549
486859
737431
978695
965148
759508
185893
964850
82922
344858
1077
465125
123632
22120
525877
762496
391651
875959
572612
264622
801646
880083
977500
476349
806808
461741
135886
305201
185428
367512
7080
889072
622113
68857
804423
914499
42976
710274
326223
510140
447227
763539
210659
485720
594699
347491
893470
46786
297947
352286
419017
492164
519015
364839
379942
357752
718008
927597
176279
198658
61805
641315
971802
828379
2709
689290
239112
257541
383342
300421
217605
274509
489053
756546
856149
545149
716574
377397
215332
885959
210552
883240
738941
967559
4294
568116
244729
269390
505832
33068
200827
176249
3385
557162
620609
449221
511374
720667
858287
886559
351954
360078
720659
439681
786533
549894
821276
66470
641949
765662
943123
471567
736515
940090
2643
115473
938232
32107
861976
321446
109048
813429
49932
157122
57703
401371
393649
367796
844548
543616
977790
833883
421214
742520
798117
707760
755867
913274
886153
591754
600249
364661
860534
145027
177728
45128
651333
137958
966492
229453
46086
574219
788661
141719
52056
306950
305759
438189
12126
572067
917561
674283
670256
256277
986123
683516
352733
504942
235129
66877
38233
410023
617910
794019
516142
677061
949016
576756
870113
703224
314940
583766
750463
293296
241589
19552
600999
421513
295737
977943
761169
336710
230148
879189
218240
228065
630177
493238
347253
801581
465709
180890
885303
987725
747011
839093
608149
379326
581537
956404
955062
423618
3777
683983
228359
96991
272549
91444
478184
666846
904311
765834
905207
418146
833913
340553
372713
128265
493484
377579
826749
961586
141099
164887
592813
193481
19909
138893
47152
866886
745163
464169
877363
995768
817403
978911
608480
213018
972412
522871
407039
868671
477681
827965
687940
348246
68800
727225
146577
52614
492846
128179
89690
264325
592200
414899
404377
882155
497204
579222
753167
398471
568835
148988
548924
63681
734010
442770
635864
184782
406568
258013
980951
374275
634862
335686
549209
896738
193842
359026
203622
129064
419479
418864
512830
332272
888215
544562
73830
162924
175778
627260
169268
172769
906910
792366
219316
821225
533487
936558
297789
882820
782959
864726
979475
9162
313386
528708
401058
101818
254588
925673
85103
400480
948955
524744
779270
967188
233276
105652
543536
457878
975724
354016
136908
473891
615812
530891
358911
50418
376979
621411
738051
842674
728643
107707
143562
155490
408538
967280
876433
584659
215512
705553
696815
25544
21435
865675
733266
229260
3538
251920
562006
868758
158061
442132
500440
899631
337746
760918
138838
685147
741860
760101
844732
294713
135974
47444
831094
462546
178773
709464
899623
87
444262
830361
335944
761925
30546
162566
587544
261393
548910
110054
447417
213109
334884
302369
508079
981212
529972
378348
788756
216429
486520
172152
308420
842750
273703
525866
22896
709189
229252
305336
576991
682703
532829
606275
47404
592399
304784
167267
948793
619107
972898
530213
562830
202056
568132
198996
72347
838356
478275
685793
31860
403075
512625
472184
168672
439079
607026
595733
405228
614351
730554
87746
245486
881471
558431
601551
542655
300854
736953
484867
215640
217756
440755
276288
215578
574617
969426
368609
831470
617921
287161
829747
206401
439745
560538
331618
615366
568797
734754
104350
263261
375601
650392
370944
982683
880678
534264
124480
654679
316552
999917
796143
867473
876755
211555
185054
532181
866915
923373
586152
740205
206305
534797
675676
882171
240159
432766
503842
616555
440466
270368
274579
686200
960550
144265
829401
271452
655530
570575
459376
644817
318258
406373
668908
261674
561146
366898
303601
3019
483769
952669
357081
213646
900024
2829
635957
961891
894967
401989
957915
935186
224039
864914
574842
805012
447001
736444
911385
941578
411675
671905
816753
339366
28257
491072
388622
566213
66138
485195
181319
53949
116405
978985
27744
668425
896149
455505
974306
366657
426001
577920
762304
731247
552895
207705
32923
495373
713819
920992
492549
968290
92718
710895
147
868925
355217
342398
376975
614799
286542
567361
93105
560043
12794
296830
794693
217440
695944
872473
849157
660333
585201
63979
660027
271932
600599
724678
161683
972907
170102
6732
162566
976470
575530
60655
642297
510187
178640
304504
482224
169219
510699
496140
749423
395546
5109
395990
973564
360059
169282
865392
998402
147140
78843
928817
385128
197122
610933
172006
394113
803267
39207
943725
440911
658235
234060
857562
420585
386174
305253
897749
935713
328808
54631
32511
487720
422810
726278
237578
668865
750485
378442
602763
179976
740246
645468
882703
378024
79408
340667
272215
291040
769787
18610
495015
137805
892761
358927
973368
200775
880023
672180
187976
526390
681580
657692
310113
108258
789622
852641
691639
212089
127059
378904
340903
419076
738499
51666
439703
393844
912211
766267
281682
325508
88207
526467
309041
6718
912810
310627
883386
71352
487987
628340
160527
488521
642762
977551
213161
434011
754647
956129
987281
926556
524626
979319
69822
898311
177486
279383
603480
684710
503320
186373
486024
282548
182425
281296
739616
827662
389784
727554
613659
625233
786249
989134
921237
912159
207056
953568
645235
643343
436181
938386
776184
270053
823193
90928
953734
611860
255997
237735
793626
271798
937032
252748
585562
744149
559534
110848
191280
103242
539768
897788
604766
516153
753412
613
855306
539893
204595
522123
18043
778460
680524
271215
749958
24696
779573
470187
198504
451051
649916
1679
540005
399371
31749
236716
448540
901244
721003
994245
378169
943926
388923
258898
366256
936861
711268
969153
14666
587416
228793
260794
145729
325074
621432
466507
751119
907862
174363
803572
614258
918923
601978
709053
466243
714038
916776
49193
808627
805780
944348
578938
169369
477661
328372
617512
558494
695986
536856
320731
30850
603676
709090
56807
238192
448764
767286
340196
159936
25881
34412
189253
76749
27035
620622
208981
890304
53134
795933
236676
377554
366103
57930
176222
479747
518797
750979
137494
659566
770229
661909
77242
577573
374575
716235
750364
748340
116086
474440
461535
567547
799496
567861
383100
734529
580210
361526
815567
915083
940887
834034
457637
882011
915970
248159
605451
852868
881525
37430
641965
352057
58676
25644
633073
520592
615031
49180
192397
468072
664249
393590
172708
400354
552620
98412
583292
205736
421968
261339
422741
390070
574011
673779
596874
712386
399143
217164
966502
203979
922912
707999
941044
240441
275046
550141
872631
247748
651746
298643
756123
650443
97629
556147
127165
434199
757823
749815
202328
389168
782852
553334
186470
898761
383287
725263
593712
689515
904770
707208
989228
952994
249413
413198
73605
783456
79926
806503
735417
77726
212288
518612
791855
793347
65601
416180
194349
53179
831136
395114
557480
446521
851184
175961
73207
437429
727114
533360
936583
59349
396603
352903
722900
556515
913656
835045
128340
961978
250231
11847
570684
286539
829290
314676
911572
839957
616649
499843
296357
662858
508024
148103
601691
558843
626628
591889
419628
508175
398110
276724
349861
560449
721080
82115
917809
574323
340831
928477
306419
675800
149744
113311
313843
265398
650602
612014
752462
801134
235590
159872
294206
69219
883441
425508
648758
637630
141761
576324
319926
502773
646231
432537
662001
195099
523536
368276
485873
738257
241909
305920
707809
501099
253029
332843
785700
38237
306561
865798
825858
567836
395967
834564
425745
892990
719548
62183
653551
774076
392575
345983
398067
455027
149355
842200
329235
18109
787150
460719
663379
560937
25709
512087
340383
239595
9082
734968
472273
682484
798501
567562
531524
533778
932317
700915
589869
104291
867759
224169
946549
405293
358810
233187
116603
95554
12084
569489
96795
172872
396601
957308
960129
960346
290228
401213
720489
101095
651278
647088
447810
793576
591140
160252
790527
898041
102374
717975
737851
332537
123729
591955
597209
402540
172845
746355
643359
73905
986941
284175
359603
790979
386148
648680
768634
644708
63696
58696
715236
579350
327294
379657
235785
863818
814534
330335
276799
442763
998837
669168
997989
223304
966673
630496
280871
242925
984328
506210
319275
355327
939238
224111
623587
10260
951335
880037
365869
193758
397727
592636
440502
475529
408971
261126
844623
813844
191191
39375
68101
875189
343173
236331
511608
811151
870874
387387
274720
8722
408538
662538
953743
201691
910298
865169
904388
918249
973500
10772
523079
433384
48366
46344
437944
433135
865427
746141
433862
346324
831580
239886
854610
90769
341835
588156
808093
349358
875268
382053
132725
355398
719723
657979
232669
722903
701403
750133
724896
903743
570608
648787
329360
530790
377957
769599
943036
564150
126043
697629
243016
700941
4502
148219
288973
557898
318784
653971
737760
923390
149813
463986
778794
106025
238291
381914
215973
324896
71146
657186
324064
343392
152137
634636
951324
873220
583068
499567
805682
446296
920776
591006
636429
152217
39997
18809
325525
484687
716896
417141
581188
694085
54538
852267
673419
920831
424675
70776
955933
248704
368824
344496
59358
418146
709855
294152
150474
415866
355089
841886
512456
119369
929383
647294
894937
538275
606480
625808
295591
455851
368146
935041
101873
443474
356105
183708
613802
753731
89684
389393
274830
738304
461548
416026
553081
55173
772603
300777
280455
479876
86012
662767
72074
509796
892364
960980
387461
669717
400008
58504
972271
648822
449543
378765
490788
11575
995557
595324
917966
359673
858429
91850
513209
349189
902069
377822
247751
308722
326950
359673
770519
762868
685467
302256
535942
51420
714648
54291
750361
541795
781548
227802
236511
253609
817413
438502
740373
226292
672488
881959
720200
592348
969249
949148
28115
738666
213356
372628
899849
18451
192232
531834
836211
253558
893949
105195
771429
566809
930810
106553
814818
453713
565015
706660
943308
153728
73620
154865
836963
510286
592680
63375
133791
737353
149403
988307
759388
307199
642955
347906
853462
709439
74568
868132
551923
420777
159002
181322
686704
173882
275213
433863
644927
342917
93255
386737
549132
10748
210788
206672
369655
998130
776603
824374
356187
290244
150513
291222
423980
928692
319881
327101
479790
973984
284008
617205
179574
650001
639402
434395
627106
149870
451290
305705
633445
756662
47591
541170
391395
771841
729281
315829
223694
669743
621078
591655
773539
806000
706999
269332
83343
929534
34713
589034
440887
468935
518949
802812
436268
917585
226307
619423
869068
793194
65176
610907
844815
966390
817581
149140
410446
267905
147814
238439
485404
113136
491604
507144
284697
928720
52896
208331
734343
750226
790494
971216
791311
555315
734695
44785
764201
57834
493377
553139
767401
241249
646086
144365
315799
312639
798939
341867
255057
173888
135294
166622
629846
833361
452659
377045
685242
617059
402959
565406
548528
238165
211846
192494
766487
656287
176666
58802
729289
148983
388519
282050
96538
501935
823318
681442
969452
641897
551486
776897
393028
973734
450467
409682
157525
398977
102578
413739
933496
115297
795258
146411
641589
541852
262975
494377
661723
462973
398364
105442
880618
114347
446735
73740
344724
914036
774131
409358
737668
960051
796616
57792
669756
76724
344235
681020
84081
410960
994754
975135
532951
616359
368047
484812
749827
416066
931839
298864
408912
398324
306205
765972
110123
675285
148327
765412
550787
772493
579339
599595
88508
165340
708346
12342
993812
981610
710357
416156
159504
491027
302092
756498
444694
27090
188174
305106
47115
714229
901134
696014
490371
226419
151808
577984
71721
453023
672845
866326
787606
751513
648554
168528
667567
269761
819682
276336
36824
231068
798343
733395
287156
214790
490163
489561
678986
634415
561109
752614
995808
222340
683859
63158
781224
975029
334695
296491
206973
836511
827893
942553
701043
574685
800871
404856
180224
515332
255639
882470
834716
670227
439073
277077
43218
821230
514085
998321
665364
477194
824120
39577
126136
793293
324558
153161
57211
227964
860615
708821
755785
71765
486737
165789
829146
555789
141271
662205
271291
580129
691222
930254
28753
589112
864801
851107
928908
854772
458508
979334
612221
42405
227921
929600
718203
147471
19138
95591
416056
749117
100585
794323
745475
761405
932597
775450
136110
388445
57966
79605
648409
223657
882254
986703
356173
386746
37578
875898
24543
763247
211021
516981
659426
873620
99138
192077
819159
530552
381812
852093
938770
148233
994810
216264
413753
977664
399055
946163
775930
305098
413661
231606
209370
959197
455335
269096
996995
644100
44412
780355
65551
292322
701456
782277
104977
35857
479633
232325
991236
940693
60153
182156
479774
267156
428831
702118
793466
861363
545597
190032
732485
635369
400959
114639
531592
763756
832838
765818
587539
422716
115377
325044
318883
58384
138802
459198
602535
329559
139919
926850
478698
8547
493698
26314
421949
555328
62238
466919
899624
107320
545080
13254
970769
437313
462658
24310
667112
91008
383442
487229
15309
522819
128610
946211
341647
825244
939243
544095
769683
825915
877558
25239
765190
24065
82199
691918
433323
621160
555914
261366
842832
20797
778878
703757
825260
614362
916482
216175
841698
483957
543032
332252
285128
928487
313128
237866
188072
378498
993986
276139
732877
780162
761462
460711
40374
658190
158675
547843
988440
175202
506752
171829
874331
907232
869757
421498
434223
619234
106535
585532
763012
948394
296470
773519
546193
546027
720144
377497
605394
180518
555292
480639
604965
657538
280426
345943
810927
122111
104274
40120
620111
219276
603340
21352
695772
233655
425349
597720
822917
851259
682514
6195
761746
841177
929041
293070
726618
340346
552270
322757
600371
732572
166103
473772
286915
58232
881472
531817
726508
15912
932729
403460
920116
833623
999277
449682
443700
886938
65245
978800
519252
203012
35163
917691
123354
677784
976129
688589
555227
675221
225937
991385
492642
225432
250042
841043
502203
394279
414841
638917
875524
418755
744189
679920
412718
233187
393181
18771
443025
3668
743574
719136
211151
840888
56836
842730
27280
686251
923102
419596
503030
1989
751590
905007
337042
204322
125168
386391
990081
941587
874969
829014
442218
350185
44152
806097
383447
29991
813618
485086
325737
902423
111571
389127
142428
109334
434354
766437
43098
778601
261187
31301
236299
70428
477284
65131
128513
720918
767941
452379
721482
737966
573741
565521
131038
281150
358914
50821
252007
463935
63194
393572
944832
286827
110544
968079
593038
790342
328653
765001
720544
520514
94056
844340
517826
693951
1487
95810
686155
561347
90108
466170
222880
876036
750230
311317
31200
14621
552403
571927
561147
311138
307753
16659
666444
911847
992556
478099
751493
483332
530612
713384
495369
114590
989016
749368
260566
429314
208289
411016
601922
777114
294272
534621
504657
320775
867503
135912
322509
241678
143822
431757
823909
844380
714324
859516
192773
340902
275673
276444
187076
256244
467582
72719
453735
72375
735692
375986
289027
274845
495196
88378
947334
100334
143067
711018
975332
188953
916304
862567
690612
700495
299638
794235
552997
317781
915333
280202
766088
843020
398907
18387
310183
442363
481497
224748
313429
715954
681376
202733
518416
564048
405001
605995
294522
842957
427002
125554
849174
953336
160990
841315
680091
305094
74077
736980
411993
378403
272138
560047
267386
418611
729478
814930
249097
917881
322962
835291
370363
17768
776530
261289
970286
898613
720270
818286
741075
226357
933719
549445
518007
87234
821095
88843
395662
376904
778556
820229
603125
733211
916156
387849
289579
33674
64439
952581
141997
585126
876353
906892
588583
581449
911332
557864
73192
734502
286550
49098
151297
352801
25915
358312
785796
213233
979808
52561
723278
271055
766282
159603
357089
994399
867018
922276
764796
61352
207983
686256
880920
952533
673282
589534
517726
317148
182050
644707
259896
940809
238876
201083
143955
161144
554800
60349
282957
180373
294072
81471
953333
603330
689472
95030
588837
268861
553273
136434
328802
69946
66976
908408
133150
13866
809189
418009
24778
591
846675
207291
543550
510423
790586
218679
574387
608388
676756
986920
228687
558397
16455
291982
550022
358
275202
547122
169420
759983
162161
199531
967861
610943
945713
349810
652775
159437
613085
261227
746141
103299
176432
148644
810447
332455
420835
647360
954521
630549
974526
449080
337103
782086
806658
627739
111588
225391
963426
819833
329032
768187
588937
832433
721728
612685
371542
325296
869605
904899
370161
536239
409573
332500
920459
877158
208428
190387
533878
765736
959601
482145
399005
66726
894602
517323
447555
487674
922898
44270
171057
156022
242501
12362
960044
326328
993535
69259
430576
344830
634617
284529
772794
72751
597470
525649
581407
592385
80598
607469
963778
841047
620550
544521
696690
648164
248098
354340
556112
988546
390467
421096
268812
173619
632729
502792
534984
984176
742302
948442
61969
305420
216734
680573
222491
178857
12451
471986
165740
526286
338905
470777
541363
37120
380755
679051
835940
774941
191890
391284
347422
665112
546592
382040
696068
679603
90410
918396
5366
505253
820547
883265
56377
182427
293148
493484
55196
242131
710385
823419
625983
67432
758630
96332
786427
746355
26226
560825
302346
164237
255242
463644
223913
519534
927700
637365
905810
168489
752037
2477
564212
450993
100270
486044
210566
652563
113551
389269
520466
883995
250666
396457
446621
742394
98604
531972
969578
883352
466423
584204
63953
46727
401939
265856
277113
664584
638137
791065
398629
576978
322388
454692
480625
130838
422802
715992
316855
680203
434700
382069
558060
785616
602176
340243
637168
486538
148581
850278
141615
463863
675758
31214
491702
633507
460305
543743
197727
599372
75765
895639
260367
129190
796339
463782
153232
259078
279507
812715
914015
877140
902679
865553
851774
191180
662327
612516
104287
543464
321046
527128
734400
107435
718839
9727
210855
804472
902145
266604
647299
824825
97070
406892
701592
746682
331434
871249
322638
473754
137158
50143
131037
66229
895565
52672
68417
127279
868622
888483
393674
723864
74251
584767
868074
520721
11116
994752
684817
633631
562810
16114
816428
659698
990973
980132
864991
707603
247499
991132
150093
561042
474937
607581
669173
543386
764917
614385
871863
704431
380610
185687
937138
702052
455
377442
859936
218401
570085
85793
576020
27598
310294
371549
253242
768410
85745
455055
359245
739661
590978
61003
223056
822347
569894
262073
115212
328990
183029
629605
365877
284866
289944
216232
195062
364274
696310
313938
440814
66331
790535
254176
382950
191354
738526
451407
990331
336585
894155
90395
411829
292431
442151
288363
971425
584360
854327
622556
470717
178349
193659
527905
308466
990022
783472
200190
414403
722824
979323
72428
493492
440036
407053
683513
226031
654033
240150
532210
105182
168754
638605
678975
328807
121781
412749
829134
234131
199594
110370
546434
870943
447813
199768
419032
818252
877728
276382
632919
129972
316517
280802
407046
510715
20380
633278
528432
113493
538602
934756
31258
313684
199160
418499
684111
153468
60979
92525
792447
891418
293228
121658
915322
648978
660506
662966
316633
653584
91378
360477
864396
583150
242691
856511
287973
945326
872120
282468
808671
16890
815360
749221
620055
339665
568458
946836
296900
587187
405289
751419
254986
848702
235044
490218
876652
793506
649846
808533
80311
477361
92808
503015
846646
917569
6817
274902
410350
92445
723066
822539
372532
940257
391692
472088
351691
212197
634702
525289
267864
925929
583761
112942
297230
129974
644523
8991
206336
581082
464247
137644
100644
218011
330483
697286
956880
158170
274263
508256
967394
656046
106247
141423
337493
221075
77947
376285
207427
516097
317347
93820
477824
421672
901329
653210
266481
478804
913908
349492
902240
5987
911731
598420
320185
968895
947669
459786
466999
967006
175739
799703
184743
433051
986633
247779
918942
474862
946925
353452
635029
680873
879626
869725
759856
660069
679937
266366
534270
161219
95717
22808
930920
617167
242179
786505
791243
412500
514592
874471
137236
911341
216170
242819
822538
452749
487122
935175
535490
457098
611607
628827
256247
327875
328644
935178
514781
346615
428938
688248
443172
868608
982313
422370
582151
229392
920949
278791
446776
319847
186099
277168
91322
928994
808217
522589
624110
562186
879109
575029
224440
446605
192037
926822
558017
3523
396610
960235
839517
851149
73701
591936
658340
41271
713934
275719
29139
766117
269824
774657
197830
992609
696254
484652
709063
928180
52708
37093
533023
59908
680423
119166
244306
647141
968813
150122
469238
553721
730091
256401
236270
555760
722715
567565
765853
842024
6032
370423
571526
121193
757736
990308
286310
451472
840973
900446
553549
353952
120132
79486
36336
121189
668412
151739
747259
374706
917171
664663
299550
154973
596616
747767
905069
270287
886046
729811
391036
518701
332123
735028
154328
236741
998468
297297
540527
205413
918359
66017
728108
422159
356092
363835
664762
249945
155105
524057
609999
191714
68577
562187
995902
897882
917851
563628
333440
915508
913983
71271
397972
723875
930327
809684
737494
179993
426723
619145
843911
631821
217314
376547
27438
947335
618758
498042
275159
2902
717812
765046
287729
767374
312618
741836
646756
412613
493533
744642
274485
727086
707283
885245
530384
991807
830197
683375
282154
90263
529158
832287
454751
221503
136583
753417
432526
253153
821703
734532
151604
478964
679725
703959
458423
966169
352545
495287
588718
114449
347667
231653
315157
348525
350085
450155
246330
771653
997216
188024
680743
689908
734540
34548
166308
16063
460700
235469
66824
230355
648974
395981
491036
288339
667627
841109
276094
634801
555041
749063
712492
698027
491504
612655
914091
566886
649870
43970
841479
711583
687449
735843
531432
144165
552965
261172
430956
645377
907561
914388
889221
745186
966215
742746
262768
285667
544547
921603
171631
491919
836072
682550
999714
676036
275084
830974
207622
374035
940577
590321
931206
137925
492279
905260
467637
766355
147698
800531
269317
84309
8598
262622
229156
338223
901480
171753
584996
525552
285197
392297
387801
210051
322605
599450
247524
314693
222521
560186
388694
269888
590044
746598
992954
183728
361676
58081
674788
910983
890707
107953
388518
171207
647185
854877
948626
966091
379649
198395
302204
251715
398051
903103
948290
370143
717242
964943
138947
542310
361330
909313
844915
455196
547671
149523
768628
865478
373937
184682
311470
788054
590875
908379
142390
450156
309684
956109
979706
526140
930205
597202
200032
62353
791152
638136
206969
170007
47148
568616
273918
218544
550380
518759
163127
489632
640028
377465
499907
885886
876445
249214
113210
811177
7228
316571
11580
763072
982701
861465
338049
922158
589897
138758
710998
203853
144473
961550
354488
505684
858875
922957
75547
868099
657363
787580
676637
914623
651498
996962
57657
449421
811885
404695
794904
33531
823737
635697
226545
677894
950915
20626
265685
144083
845608
167408
880419
925457
563247
424963
564881
850215
668531
93856
945755
341614
15320
128701
376153
967808
310000
352538
327681
310642
897539
979192
640800
865163
102437
241520
165724
833522
653190
509229
227306
259318
666756
856069
655989
505205
752175
607168
335616
591141
605513
486534
66818
32205
803815
778903
696747
161206
261200
353817
995508
382546
934764
849940
636463
84649
562984
165923
699062
129102
505823
254585
993636
368446
24368
506901
282839
752640
907110
677939
180195
692374
692779
465879
135221
852164
183226
220837
718855
316826
359979
792483
647767
312443
853472
957918
813113
215664
549516
722499
171638
365980
273957
198117
557395
789240
90720
532031
736729
587383
387902
63306
660149
699983
625990
189391
390732
5195
867650
728961
987569
933487
837839
401654
48672
983486
722529
335012
155044
403597
728077
166323
504880
148052
162167
16046
650407
830101
444003
232668
480983
338051
140911
879649
400781
851451
183688
771626
718561
545149
986190
612860
987207
800535
871296
397411
837032
962684
640486
789270
838268
773218
957666
969714
619887
58063
808153
413808
713158
98793
540233
291118
121919
932827
3902
490861
652581
293721
121715
824316
596891
480110
3588
579985
698274
421426
15514
942041
814307
26674
123065
229145
963431
328525
390017
83473
194906
520310
413190
815641
895006
794904
866112
810769
218668
135023
607987
91741
246031
22120
717017
149293
574543
930110
181726
249638
768030
918703
554026
655894
342309
120288
66464
370105
294457
598258
758050
981307
312556
897396
900677
230124
780203
795880
125645
80826
659388
389389
885957
552940
507458
715468
156516
433217
18120
196413
91672
503251
125815
505408
813867
143502
248905
143661
786326
129478
915062
371044
813804
261344
847493
86258
150826
565404
792575
710471
670753
753505
493471
767155
496865
826999
713947
66387
408427
12771
818847
74976
622719
523399
472916
155081
642518
313535
37975
730085
546625
148532
605074
62060
440280
613567
873493
614099
232967
731736
131278
412755
731709
904938
574708
997289
376552
378916
801291
411969
739693
635204
774486
566447
849761
944594
465768
362942
236402
34591
381302
206485
981703
419831
368453
816485
616163
927614
84753
635192
110237
942838
263056
268436
228788
841978
437159
750295
931315
210502
599870
107729
942528
974591
191548
167713
202819
374491
522164
870865
96781
487389
987566
370662
610562
538911
773340
615369
240914
758906
505335
299968
190699
681177
75106
70943
22198
762218
876460
553958
771245
104602
966734
102549
416703
323722
314126
235393
30376
735008
203102
85144
307094
174421
329759
964683
319649
702783
779131
754189
100927
635373
436927
444896
62115
975824
99603
616685
416708
93151
214252
974684
740489
581484
16179
676220
674209
221169
589009
344894
936019
828228
951618
676719
9635
970990
273035
529841
181203
795774
989351
992635
88905
90649
872738
474879
900299
510896
340477
439914
903895
730125
776276
903493
98063
734828
359419
332430
530465
469991
906059
34590
307588
310583
145850
370958
340022
571217
92935
685482
915828
61788
655470
93718
275643
148609
153020
279060
135035
920677
654073
706296
232350
810655
573158
608547
227609
661660
825652
320691
271056
338697
53849
978649
792686
494399
953653
729540
328195
490498
553957
742908
316767
749213
244571
192366
3984
404194
554110
674597
820853
765964
128235
536133
307723
822383
402653
769953
159599
244981
397652
428632
815776
375372
228017
47198
302746
820865
224651
661966
124904
423381
741373
198311
552194
836777
975393
240203
126666
275462
767855
533289
851462
130878
921522
457911
914291
843091
837128
138037
230174
612245
747961
927598
271469
324013
759679
330810
250942
923968
923840
724679
367389
6357
331621
655310
895670
406182
527196
258761
582122
422683
285866
221478
659728
367053
193924
425219
307869
450619
419687
372132
230664
312315
942355
139859
853917
389254
630363
80633
645105
89043
132722
127433
12721
893547
29838
969152
585257
438322
77875
919943
206512
368456
442529
221324
295812
270951
132391
836211
127476
85692
654745
171981
923413
638775
850424
183553
302148
910890
850946
630843
239375
706625
681099
394110
184380
241243
861118
723455
112394
163269
148858
641766
418664
888467
461883
388462
587613
443291
676643
949219
571474
983465
777526
89577
272638
665292
72734
667251
88338
185490
375994
523404
812929
66988
878619
48639
84547
434981
732865
883157
114690
44897
866375
435604
969434
412871
659157
969839
721093
872648
546641
364095
200867
556551
242337
99228
5027
962921
282285
495526
391075
692209
655846
478385
24710
246590
140248
72091
348443
901715
304184
328141
823533
50629
711890
152021
605104
886393
246889
819311
174006
295392
929517
452083
646891
777320
771925
753279
32484
597617
174322
71668
409268
430896
17450
313800
994294
216699
466068
902573
440144
212069
787476
804262
188173
752683
668031
875004
768734
480188
712697
159204
572516
675638
677186
586731
363977
56107
693180
696694
500114
882145
562205
906421
823863
696315
705176
837170
756752
796658
456505
92231
592259
528517
151108
234158
944600
737280
875434
61020
746471
687036
517074
384031
982486
197645
612900
50642
421981
139870
408446
274769
422335
928016
728056
243674
415968
698159
535652
659548
530441
955819
585960
977828
635591
220276
80351
270140
102244
157906
532024
628048
19843
275441
876487
200792
963389
260898
998911
50184
10292
51463
515805
663761
407644
275730
109967
804526
815279
447580
688492
353885
276644
444628
368385
126829
43373
849867
1955
224544
641378
67674
203118
790179
759762
163669
354742
498005
3711
666704
688913
675126
671511
352892
755048
436437
626739
797362
847595
375603
514481
995860
999360
799011
492975
968534
89784
902021
474753
153495
709888
5148
885680
100316
448710
333160
719958
566973
837047
663131
251847
413473
102839
949031
319580
829390
388784
389865
797106
486594
331889
777532
761247
147052
141688
463592
84602
871314
647003
961986
782282
857408
400112
788677
603855
711924
140074
178270
649758
861798
198566
432527
665866
684756
555079
275707
118236
767848
868807
14906
125704
781012
744977
458332
554171
997191
523478
513493
94787
673460
287298
3341
78523
821308
436453
818417
926092
268389
343495
6246
984228
411459
618358
577415
417486
644084
316484
180052
98425
174328
653423
330844
381547
850500
2565
643138
536746
41927
102644
622876
728977
535310
617567
67033
167566
444540
990664
824658
36886
455610
360050
159771
80628
161647
509426
171615
165866
639982
650929
496497
46049
372306
166397
759911
107508
258616
885333
424854
142417
326898
783459
311888
313697
926595
175751
810207
817448
279378
636716
115633
11203
473183
886937
80669
733004
475562
226340
570526
361540
617995
970259
819279
865739
280243
994918
615217
346183
127184
823115
888275
893287
364457
133583
216058
464891
830829
361024
339988
852996
108577
118829
80066
456025
778107
938542
154991
526765
127315
954483
995657
925196
414227
592145
195862
461601
255217
501757
951045
949167
541370
468656
432960
503182
309639
410618
667810
820094
325346
115263
148330
124922
555022
404268
973771
704436
997388
63861
723974
749980
11059
456252
447717
254251
92088
746721
108770
590211
834823
573871
926284
270078
384678
920920
87192
52365
252965
918883
756939
391054
420076
501871
416155
79884
632891
10994
928120
138582
490049
953335
393092
689872
679549
8562
570526
341095
920716
516375
755730
277431
284981
439248
154116
542875
845085
869895
283100
911852
734797
573762
986519
544471
692751
279002
954499
177789
272011
223767
231267
325347
755735
15301
412089
299718
539081
171620
774857
174377
96028
53812
428511
71483
761349
670718
645453
479353
289111
208457
791980
261805
298262
396190
686806
220285
253875
513573
528179
56707
850094
805590
788108
44745
797003
252712
925891
219794
321699
109763
979951
705403
370324
907766
729625
737736
468602
198652
571822
406560
437773
887287
626970
822570
671384
65266
688057
585440
284953
648154
21324
24127
341887
709174
416185
870443
703714
702159
896641
780520
38939
659065
662407
266195
726079
264882
312097
532096
966913
63742
317149
583876
932684
347875
580083
779348
494923
354588
357764
559165
49659
140966
673429
428048
414509
236440
552465
671913
152553
116301
911566
569383
905287
890656
927464
666358
346662
142883
667924
692563
939891
876733
87616
787372
461868
947310
704696
151686
659334
247035
516100
47553
741551
155828
231901
859779
144790
987862
746303
285045
229116
367374
772639
896660
58330
15692
841893
454540
799721
898627
43984
456536
137270
326720
193777
936185
915714
69707
436715
96987
602901
654909
552635
489119
772945
973245
57212
357095
716960
113053
75647
785457
886643
286065
366800
201856
458966
14109
36256
288533
714967
823574
875261
203783
214500
326233
305459
240987
7700
731510
60341
384166
982503
744153
17222
961606
919205
148631
997326
689014
819007
859940
866134
833148
14217
975647
169032
67776
249469
929944
790035
546053
123414
570886
459071
223347
527328
549832
867612
330816
692637
724510
14869
897594
656234
592361
486621
529091
140522
283727
345220
781533
327872
31450
777610
492626
969954
945809
458002
261790
329918
563359
333501
504454
788380
551200
322267
90788
258495
416715
745412
774748
718612
194379
623946
690499
340806
82220
4390
166510
75575
517660
225200
354952
256822
216750
469527
361081
925144
213308
294678
631293
414169
112258
770729
217436
169744
280893
19225
736728
922292
552881
209597
981324
282152
436117
925574
717355
210284
9635
741908
24265
135281
827108
925754
498866
419053
693506
920934
778673
926615
32519
686675
262468
798019
893916
989550
907995
798200
500305
487992
377450
586449
85818
286509
775036
932412
449531
890662
398565
899033
240280
625917
801321
317959
342619
427529
14891
662034
801624
385702
926800
428760
136603
178696
489936
551873
43298
126326
851170
830235
552383
330923
653076
147758
43958
432752
31856
881310
447199
174801
46827
197273
296424
69520
129064
209687
511994
160009
817421
245804
872553
591383
119111
310277
16418
947305
485775
53053
267024
737595
862239
743950
790516
753669
548869
970127
217148
313115
916374
973419
374444
890669
113252
811868
665567
750885
272828
653944
381604
514061
597165
714143
916436
580519
806551
762567
151589
677013
182461
957073
256250
277687
353596
893052
231499
699365
690663
154749
710403
216139
213037
24408
486078
129850
412161
76721
164192
541444
763022
885146
480651
644684
545064
277624
43628
133331
154325
895583
930619
191022
979134
629789
514837
578758
503078
148081
426703
48372
273134
78103
799785
425568
606389
926365
955305
175159
737684
152576
438626
868162
684413
542045
563404
414505
335621
460632
814382
963513
789378
993121
405199
181216
486401
363555
10912
103043
154629
880464
776497
803024
828276
871153
316088
714381
332616
413015
256829
109588
244038
799213
137777
750003
507025
882120
657418
652653
536382
332473
318795
103633
206093
472038
826915
657229
554046
175086
430245
901198
957864
250653
846806
618830
173491
124685
778962
168720
959054
980706
307422
506811
86350
491991
944370
799647
732966
518292
615704
577421
85909
590606
385305
994646
381557
435655
494215
361166
612993
146647
7416
351259
13192
344746
651313
174014
430149
236097
919494
230849
340349
957447
970155
114332
590620
39178
474329
234030
292962
668896
270567
69209
811055
431409
333248
997494
669349
972840
896000
197574
753583
776118
649672
478660
447236
737502
413310
74504
439711
460864
168876
542669
438968
323550
590802
583694
804154
44338
561307
101464
675378
372898
906312
29602
356394
613066
690387
795759
260684
450869
808223
147177
410688
736199
593044
255256
941486
262418
168469
219637
675260
945554
723726
465727
498449
966709
128010
346506
618800
395921
241639
473206
546866
565702
226614
509696
400678
507444
272256
721683
229814
55507
640470
282774
327692
593019
711061
319077
809576
210538
443331
967764
636214
717491
922022
926673
626892
279064
811329
430265
802401
557742
880990
617647
328658
761311
114072
884344
301076
557202
852957
376115
502777
75422
79600
339205
173938
96011
551286
766933
564232
988349
495047
572498
874786
893108
237413
639569
566185
2459
545214
661631
318170
177706
325549
131789
392413
121086
561250
565120
977625
463344
927897
536575
214936
284950
553226
76362
462928
852720
626914
473578
743591
965877
315255
489724
514781
330033
958079
123212
572663
969748
462512
175598
153365
613143
791415
759652
61339
201322
42378
461009
588300
815818
415003
660041
335923
185304
261791
961677
714963
835494
478099
451658
252623
227002
197557
412305
374316
227517
49458
803165
523391
666743
969594
680085
377661
68369
337771
951461
988946
679513
976583
626895
385481
50157
368936
573495
246015
945638
711575
259968
552763
12618
552851
168491
131621
938030
274342
308431
293176
82360
338571
389571
815148
432184
677884
749579
318501
410486
65283
991582
72929
864933
727852
804581
582632
608066
637221
155459
350260
394622
903616
958417
954935
987992
224894
455060
284484
859159
752387
185730
849282
356080
310181
296117
176439
291255
195827
382156
295841
493821
682372
562565
183595
365394
177617
772919
474216
845169
133870
267729
734374
890084
412418
405973
786902
785015
761853
117979
79234
271136
278775
661355
84590
131816
159385
766993
729954
948286
654248
795577
642282
415194
138729
278509
714847
303123
168392
407899
747423
881330
861949
947249
497087
629407
431011
575885
849411
462226
192629
281037
984554
148517
293730
198430
586078
137838
400391
639380
810005
823662
2872
27885
479055
242501
957798
312030
209125
15553
845440
311915
219933
151216
208297
722906
952914
522506
984174
160884
528192
891012
248459
558271
223384
749626
123991
431970
806281
509786
775154
162887
921872
424279
774860
890411
530267
708963
292838
300960
712426
936923
668605
958175
245671
382977
108221
164109
918565
936936
302304
728078
600761
396704
24994
97729
80152
8940
856400
186225
550310
670364
174720
346780
180532
228892
454498
893791
525505
90529
179601
601498
392242
664078
231965
652890
21898
246385
392100
348412
578414
934921
559628
11654
938347
41937
54404
269807
618349
550520
539492
880063
500972
756135
425286
937010
948436
312234
933517
130126
746536
45453
736458
897851
5533
495670
26382
464703
474380
956411
516919
955231
648961
471170
472733
341556
327004
219270
933909
900330
673280
6182
226469
380713
220036
797515
553073
532324
526907
655443
605958
881312
578976
498679
232469
443496
859188
865111
196715
98306
779954
276527
707723
316583
30283
977688
90548
358504
159890
725339
691501
61518
312614
824035
711247
953448
948796
730671
756185
221498
358873
665597
340715
347489
826182
136272
883166
448584
403614
175988
468756
837330
596732
106953
981883
135033
374511
457882
30939
661658
561128
36021
234600
344800
820355
487058
245414
765239
341275
824829
301817
412918
834480
796650
633167
267555
684628
655618
597123
767944
232625
755688
77646
752582
614127
631383
720542
470866
154657
317091
508146
893031
588904
300745
419092
241972
841775
584543
620771
33329
374543
796333
846131
177620
311194
924105
890978
586887
823165
375897
648425
710925
379084
618764
346249
626140
257707
454487
501292
295341
490572
861531
947585
697273
274495
215324
371008
700939
700755
225421
473535
593443
345631
305492
280789
591572
871143
487313
529264
128911
863416
711086
249375
444479
292822
224575
260616
60513
342484
571819
827905
696998
989964
12573
973297
157133
491830
204600
110467
89863
259309
704562
671115
675134
992538
445839
344183
763368
490066
743735
709264
626874
547805
247860
959398
319518
922416
623358
560826
634341
244960
40668
729083
741343
426758
679866
168043
311925
988875
897177
635760
788044
314299
485303
719583
799731
736727
41588
935460
663315
95866
177775
250486
6647
182825
983965
721974
956736
226735
436726
825996
985783
312053
199874
176746
189440
311381
508042
936288
50643
491650
807233
182424
250825
87602
542691
36519
889579
289303
199701
843648
234813
443101
76674
372432
202452
810240
596699
768500
79709
797469
837870
741132
604824
677405
445124
494766
607722
26751
751910
48327
120266
93124
321731
946776
649608
775862
927155
910638
692159
844101
163627
520172
908045
287307
275425
614023
618372
723900
486626
361862
697192
227189
681877
375394
158017
328937
390972
299085
987912
390549
154844
484847
614476
714204
635142
501616
803146
49786
360988
659678
416650
62525
795294
139278
100801
502931
716998
994160
70471
306010
808639
970157
219689
584136
791095
794349
413619
98368
679992
915117
935535
146300
863938
316451
958732
677742
763184
914691
726894
620125
73826
406223
780108
524882
83666
431916
407188
482325
805520
338684
173451
399572
876676
67863
941863
875022
851287
726227
958048
30315
834896
383902
428025
603721
580651
933310
955113
303793
125824
613239
15229
202320
218430
436831
959289
651410
170495
954930
561626
596745
604670
261841
564000
384415
417099
663111
211047
297335
124846
107954
258233
161482
786468
812374
514102
25123
635367
512206
82851
470060
966960
302221
834448
547058
438707
114706
769717
420139
103416
236196
776641
275609
464902
597159
479032
982988
998636
468752
475251
890251
381550
957888
656540
964427
712278
547307
877865
719398
781646
375801
854645
637828
726333
150021
132896
978838
895425
612342
697791
161484
352044
707786
847653
405169
797719
324145
414093
935752
278109
90881
195063
758761
167063
723798
362163
709413
482937
471510
308739
823081
803820
397791
239358
912082
431970
468584
442384
102940
380209
820342
333387
277073
507455
773244
352220
555075
441991
269717
602528
439704
276733
332293
669139
921864
245475
711295
644321
703843
280882
465424
114444
408185
510921
487300
13259
197607
243226
574006
278390
524790
171375
837919
674916
406807
880822
309131
445853
231340
409045
445477
497819
620437
707671
537678
962141
540202
701133
323665
77086
463190
961309
185108
524909
463177
384752
357115
256177
660078
213477
64647
225125
93290
757291
65003
787570
978048
589292
384954
227852
883993
155329
515417
814505
372235
216756
382440
388382
306171
361441
8275
15638
10425
971715
111577
185686
988371
698622
15733
939222
765560
710513
789625
313559
130942
386314
804885
494518
462993
210927
371627
556396
652105
156165
953583
583976
937774
868691
564568
614331
795055
483879
346468
707629
915314
151228
926174
822265
224736
2444
332125
546898
995951
24628
53190
449409
126992
387718
226902
101552
687284
192259
396705
587293
802692
873647
815377
731904
949422
656517
209644
252970
312291
372341
131203
514948
313721
467778
4448
226823
587000
396819
920528
766528
756286
616085
418488
352043
105936
984657
963904
382808
365189
65229
199735
473853
865248
121273
25264
830773
459543
595370
547585
352807
834633
874989
409844
582542
144806
499647
556304
247793
576056
885221
859233
78514
817019
492995
243045
31013
536662
840497
351151
882063
78734
65047
646764
952647
877832
715910
559557
846134
817685
489510
714567
643254
582299
770516
816687
876731
129812
239359
104908
760801
185248
59037
172480
703344
312563
175633
139646
860055
963176
276953
223222
639725
916959
434959
937302
337393
664527
688850
751753
687335
8591
56057
257977
712362
933751
525985
831834
344309
200019
463589
888987
121554
633824
842503
339701
957785
377101
686724
689448
491888
898277
397591
204598
410292
203878
846308
840220
313360
856392
98634
165726
595537
370335
237596
510089
959613
920789
954066
743854
854783
130208
260908
442519
234557
110267
617629
226459
985666
95487
974034
655924
284047
706604
394261
593831
845213
760990
971633
248149
158346
470288
176402
9045
958913
98845
108423
693405
127650
576751
98790
787586
931389
931739
488365
230011
258575
741410
11520
253354
895733
514539
671187
877918
502875
362462
408569
870436
607935
144729
14150
725010
619526
56767
474583
89987
826517
532735
186281
696355
560889
666045
304618
902176
125500
864785
993404
963198
533617
527294
717627
431003
386366
218363
73547
440395
931619
767941
831327
840314
885256
758371
250304
923523
621026
838046
942722
95609
629348
15541
854308
771996
768824
420098
143513
88905
268428
505215
649660
755997
868508
540082
38795
512318
373294
20333
144413
247884
716724
670389
31606
809358
513898
264530
289748
331758
742832
289894
588721
104273
550117
873401
129836
566761
906542
414514
91764
829001
743916
222775
883005
180632
589939
20078
944566
897519
61233
832257
509562
92973
739089
423637
814837
289153
54397
688090
926466
636501
874365
674638
288461
727295
147217
471686
672811
988950
425161
791201
633499
592879
855844
519641
103561
115209
913490
961427
389272
685490
440739
849432
373552
776353
599122
874489
837123
156201
410085
899051
90227
39753
876675
92754
68140
667552
444630
336617
409745
169904
455737
979694
753392
461270
660824
67808
366606
478521
80506
783435
651889
559037
900508
557497
837971
309136
47113
662958
37233
665859
141526
438783
105333
158441
410165
649271
962042
435927
600176
100483
922774
456415
225080
765161
460039
993723
967655
410405
183968
417667
276615
286287
462964
882562
23883
506969
994981
560976
237890
791127
562336
923988
516681
432878
187868
674976
288930
768120
836493
971906
771142
744398
8751
649852
575946
400740
539605
644670
36104
10199
47978
505876
219387
948165
848658
740353
763662
819703
323241
336623
928296
494902
830754
777641
597637
238859
507170
315502
533973
644626
535094
803673
918081
807902
408993
850623
398501
675696
62034
931425
332701
473148
695113
384627
757032
696143
697294
108033
75887
267051
585907
857441
915773
709353
513440
210556
975299
132512
692732
965704
925513
197379
112820
518110
680719
845807
444305
485587
703678
871392
51879
720934
637403
6482
513884
37787
654785
408420
166747
404616
752435
757907
590525
569049
812491
727347
685387
360157
818278
632944
898406
822227
348940
751441
56703
399340
267070
840926
176828
94440
479718
437416
644414
55827
985648
33248
405305
488149
383897
85786
805714
660003
522577
207288
297706
579860
986966
523713
139077
455458
24912
365684
773187
971084
329161
742554
845907
745028
950200
80255
747049
336492
155269
242565
214970
666742
211627
682160
375593
861042
718055
155359
637360
809410
952360
468522
498086
658904
596294
931293
995009
234684
269702
352189
364192
732729
170878
238009
341379
93658
125238
659299
395633
105112
970082
616579
899715
416329
858264
803550
856163
582116
98222
536924
902612
477888
480027
305874
699766
181924
278168
86544
519159
834258
84395
929262
381917
288294
431883
633253
995068
286400
499711
99822
98146
556997
858829
170231
885382
730757
970277
531657
459400
755526
45482
454261
646113
400910
886751
702420
943580
287661
165936
370820
109538
922387
769764
311587
300074
618979
306475
799174
972066
31685
973176
869879
908053
616280
45004
611573
677679
95825
883216
890706
545988
134936
740554
922199
464113
283849
758400
427323
15720
919178
796676
411779
656346
711779
694493
931317
46783
194654
356886
69415
379762
546507
623281
161585
954125
924977
479778
759874
912140
661000
29436
758538
800454
83008
67803
155052
613639
522689
706024
148158
913726
445013
698982
719511
881035
885884
214187
479508
172878
166727
609680
814182
410335
339541
378255
266861
555128
154152
268533
631898
488221
127886
585123
412101
490233
239063
565142
725062
747013
407935
154080
513356
853394
998488
979158
210667
599082
303888
141667
884699
877721
853771
696875
312596
58538
493900
647236
420187
889164
72670
594700
235606
630216
861769
765010
740434
578854
644605
791649
711362
504289
248243
267133
495168
909057
879684
51199
64761
802159
296418
224704
517468
906265
261387
196505
405025
781455
594037
603211
275036
26447
695419
241692
239752
855232
66662
233534
963990
215655
212057
701792
935197
529609
562273
97008
378331
852911
49362
65038
705575
416421
495471
5507
996417
642371
395927
621511
94103
888511
327178
784909
513770
661920
849324
996454
562045
557418
984208
23671
583580
905571
511651
544441
283018
238969
85444
241650
202678
250607
850430
62187
104751
350462
220994
161015
517278
103920
277400
343246
634517
774622
615925
172690
812627
106419
274644
54682
269503
102965
995377
264910
313811
524441
791244
489493
164107
962442
198554
19311
545506
164087
335330
382638
500360
260045
698553
511809
824880
474307
543305
132082
677711
733886
364955
653172
281242
748467
754454
200455
818591
95040
636847
271076
331276
598400
665247
882226
419281
168002
654771
636781
725368
981073
768367
772480
601804
637540
937837
953204
800816
705559
214948
570382
949916
735779
689628
991375
559787
700558
359631
886256
375891
257734
954430
317613
810957
756232
834217
831591
425393
441628
30830
500052
316607
545858
626892
520736
152676
677763
226889
284577
524685
513999
220349
581042
214850
736485
736129
621027
299790
849651
723039
14618
735378
128783
505066
337554
871576
575384
361936
291398
848368
721490
220524
185202
482317
81063
415424
709167
682013
845707
63099
527601
599904
918875
324405
998851
118032
847085
260051
638351
313271
871149
422733
329205
566506
836540
455193
573473
600685
758065
630243
162808
389348
950545
276240
874576
874126
168434
99499
269683
401447
50237
350014
429788
840886
723741
212123
536948
378559
907798
486572
631984
314784
197993
975076
51381
788878
940435
30285
368273
658208
15948
667446
623997
949026
137769
117678
830798
972001
369775
954081
791862
174858
822551
582286
12171
263494
835958
870548
800208
849507
932619
817776
658970
184328
666144
782118
669515
105533
256492
786617
440930
565258
345671
903733
931327
846185
693641
811670
116380
427418
402117
457447
420784
43458
423217
953332
499614
211814
222828
204091
126226
102406
197109
112869
837586
158642
166450
753980
852612
91219
623112
232961
957275
720031
455470
49818
445713
340567
928455
692819
769620
653794
161105
791188
509006
866033
825355
99867
474100
675608
563030
349128
710527
870414
545612
249987
538850
63272
757262
677640
151957
40564
814248
157492
360106
89885
768374
541085
70699
975240
468777
140075
560694
877911
364489
396524
174559
721752
290937
417345
85990
130689
190476
788266
630192
831507
867763
592081
971281
863964
339588
889406
614205
733199
418835
372464
935792
788445
810703
381168
62501
136625
121223
577071
554189
530736
524064
658298
714681
206916
503120
303400
241555
533317
217577
564116
333362
723333
229280
54274
383265
5559
129849
605678
36662
873429
599087
114547
846480
813943
530683
121229
95031
973571
32510
746839
91438
791717
465678
699256
166059
499509
142237
573860
447147
871292
723038
399014
192370
130848
842822
437277
620011
129261
615410
319110
423234
621234
477621
862780
703005
683971
729951
787173
418527
938452
981092
718203
732865
685682
975618
110733
810707
811974
950567
508798
494404
851189
502806
121105
690694
534836
351267
274761
549464
795448
853596
674974
120590
195166
97384
520597
199371
366484
974657
444322
955111
81946
91851
651655
988767
660864
566683
139960
145004
56441
134206
356510
376951
802346
117376
51946
592681
740137
675546
413033
5766
875880
620642
115030
593980
626700
56354
555844
676746
471796
633902
220573
505320
581830
71083
956820
189712
212858
79335
297389
939253
43235
124256
158232
546756
237391
483328
157522
270199
985166
701362
311786
176173
48261
334697
869636
518980
419773
499217
788127
467121
569649
753163
39002
506483
519538
147526
565756
30981
255271
12919
650898
748560
267004
945397
424813
733398
939606
560631
386736
304740
878347
243220
122979
216486
998183
390190
41850
379173
505482
38424
569375
278262
476278
958662
431535
99597
809621
620931
77029
424123
30305
67676
240473
780843
787819
281988
267027
901774
125244
914806
737966
940028
642535
273278
574351
171479
57362
312547
119616
8284
77316
600007
385300
12513
354007
729001
703444
209048
530036
491855
781126
873356
39941
58242
726519
45981
528332
851121
303870
385325
657194
9303
34
967411
120523
769908
463898
660035
79357
311510
266336
10126
859530
726628
39095
69936
652672
901868
995757
360886
633843
280301
205842
935157
214529
840191
913432
584606
564408
577466
92206
650477
97367
575797
564082
958722
725524
920701
698632
700280
424071
933036
886709
707714
121514
284109
94064
741393
83034
35681
363255
394822
908831
1478
218770
89976
719018
108711
194729
311748
165720
22783
839347
103493
935729
481632
892975
484644
767971
915478
755842
285820
929808
635075
656280
850711
623898
900297
414710
520465
220113
981402
568319
444847
127772
601129
569219
95581
622129
573988
892405
593980
660722
668125
820066
564697
528122
887476
613297
497182
625824
101596
457085
234922
995993
687635
460448
139298
579022
949914
215918
831015
724574
388250
285591
897782
730397
189144
782235
622916
948734
828523
97725
949469
443596
250395
908476
590685
104692
779277
37035
681036
885411
303692
893621
54230
65519
851441
519391
303429
443389
587105
530948
798413
631368
266951
903693
273994
356709
12296
665230
700109
140586
143849
627014
268286
114492
745325
488818
253530
76474
539373
809083
205311
741184
666283
381562
50512
94733
907095
905110
427039
748300
872504
756067
476295
175663
897171
271116
102021
411470
686255
419815
146712
546687
271124
655763
973473
68746
433336
167943
974409
312496
539274
452412
625569
808429
921245
163043
219717
556020
316394
301301
206945
528138
782779
944993
695106
453054
197623
244207
814071
378808
47341
177016
750667
525378
695920
599189
733877
550329
41426
403756
631755
431021
440847
944733
174942
835332
555477
20163
967219
502160
531451
45613
184528
395760
324294
242477
659021
839106
284075
88224
34489
376657
613740
664005
618250
22249
681016
162130
692588
336049
670127
166870
788411
854130
760954
119687
457353
430625
553955
165118
758753
58133
73262
283487
871764
193841
644198
217121
567256
839085
176780
464336
367648
780263
865508
928708
727995
60902
724756
268439
586947
411090
116664
171524
539781
341683
722821
476116
284557
545922
763120
799639
493110
813482
418115
923786
1543
65904
457945
544670
819752
860152
188981
869336
158266
761440
259755
217544
834684
380256
814621
922742
19099
583221
63531
565657
599541
465755
716309
747109
190178
904202
949406
776600
625040
801428
569356
917494
795951
2481
682509
65201
318433
590778
364618
466166
505795
604078
770720
643609
24335
137623
401385
933246
751388
820039
386822
956525
894970
389042
59795
748720
202735
591709
53428
528003
130022
330472
724165
738411
452264
525333
584824
831112
777966
812782
954503
608141
741732
454823
445836
703724
698010
289022
617721
768723
838255
842309
809083
805471
212406
389568
322149
355617
973464
404844
6062
706228
921174
874173
377581
396684
292581
714232
392390
51280
720848
474376
861896
941569
380903
444012
132232
71620
741224
154565
637734
153499
164235
228271
841770
921058
80417
295705
701
385295
788161
838830
469160
886280
261172
23659
693082
784968
331470
311531
839521
332958
453673
740735
304991
450454
439922
521213
114160
311580
900251
818411
548366
974537
850093
626586
940384
625154
118488
56012
144873
998463
155471
700858
853015
253723
174795
401607
381669
632783
903601
310892
853952
759714
773891
408433
709086
771707
969113
62393
970035
393824
845396
497848
814897
798515
345150
913907
747306
24865
321903
729985
777977
742365
217393
794640
151727
62923
442760
745900
95745
42913
892142
109650
269306
823874
168042
924521
323366
472170
949239
36736
891085
462626
263004
252872
868748
54542
165855
343209
352779
496408
588282
787000
788065
106663
856027
388278
164046
526705
517017
777567
401619
841646
274715
814147
156620
408500
425161
502458
818384
273245
978877
440300
705380
802894
645853
217562
129037
889347
52463
580124
614096
263576
983962
882777
26072
992487
385438
163286
890839
793823
394537
29417
895367
168859
91362
982676
823734
500701
904783
616819
744104
321739
548828
406564
151123
344081
102604
502484
704365
523933
959566
933891
713728
642544
21005
366840
40272
959299
577709
134400
356938
635425
280344
695964
457490
769081
363850
68566
498856
356869
767626
30541
364837
277077
44248
788628
287022
820256
277592
383999
635479
827617
567961
556673
470540
628705
65777
339724
32004
163929
360702
455929
784170
310825
33255
549208
225669
313788
977068
35733
999634
56705
151851
9451
54818
161234
191177
346326
364799
477718
934926
264136
762608
323381
54002
393018
906031
134025
602201
661590
16133
54564
70609
836097
920872
365534
830360
936908
792711
321618
962619
137414
40077
750782
339476
423414
462495
117224
545919
544640
445625
382251
810665
362848
71264
88426
179539
253045
57915
119857
589893
75580
279531
792040
189029
729999
65368
873199
455158
860766
475230
661012
812184
831970
956199
177195
114181
226257
990260
236860
370780
369633
255011
692601
298520
119755
190061
646374
703011
391066
864715
675932
308662
88031
381412
450336
578399
333375
473553
91502
240294
667022
615127
179964
763383
846995
560925
360564
783904
664523
273958
267155
531937
321449
5598
167371
346686
68258
558806
737644
845062
683507
177382
275299
923727
321676
654005
360709
445761
30913
776626
193101
848246
472753
564370
605939
827073
302671
474052
814809
239998
465735
193954
295893
423988
879499
817692
983654
922456
740586
766423
272610
553619
806827
855863
102656
694049
50372
2119
478997
974548
547393
9512
488225
82251
169826
624531
237440
334580
873381
480368
371718
162705
81610
758606
609609
100673
61904
402654
345855
714126
558947
162292
940362
479066
322342
823359
690780
78213
15586
373161
787069
65776
142285
90794
986599
452474
924710
788956
103210
582226
156802
66052
584034
241806
872110
459217
424451
710304
641616
918352
832445
804619
480058
71991
615596
477619
745174
534710
3746
350160
385728
692069
668708
664962
423431
353743
199744
898510
941157
860349
280652
845897
896972
613271
433569
425236
177099
760062
493983
754188
328311
82029
835088
70143
948866
899604
456061
742550
676813
885992
332748
285210
976850
571903
908725
544684
900941
655684
74566
37974
243686
681754
129600
162865
590677
483777
772589
740835
879072
623522
2920
992054
539817
549193
608197
946573
360967
765923
2034
904082
929569
412984
535886
152310
290233
79547
856105
961463
908229
408448
473487
379346
696907
666920
454456
176857
511878
679507
583313
727238
708779
660405
967899
721279
854649
568877
669443
608180
937200
394357
319123
518867
92163
641267
428409
833021
900743
28031
738820
657775
135592
34424
709031
596524
747094
606583
931819
534293
429832
446947
295482
446873
700526
33633
92564
931432
855658
703036
517584
936318
652241
138528
530323
756745
891666
846725
352751
302739
412855
945817
964323
598063
514787
518988
530328
20532
154855
199084
745176
285546
784002
825368
491246
731390
765457
421750
76510
377053
377624
527865
854165
653604
418353
440135
455110
858925
212688
161386
945474
179644
637239
721040
934919
862429
201465
558767
192933
618080
134025
944273
766106
301870
373992
599787
353618
462042
686882
474356
982473
445544
300379
492646
255652
35023
264259
438234
750238
408831
759556
470637
309325
610868
805712
416850
600267
301116
576039
195907
215160
572972
480613
584853
84461
809211
897698
297228
781614
330503
274683
739951
905021
312842
575012
471357
614181
243229
766739
551569
641838
806463
517968
828169
107270
907972
124991
965381
603631
972141
112972
314346
433999
966594
560058
934670
691064
322449
187476
46378
40055
196488
306755
544067
312457
519484
684153
43578
347399
737664
671410
605913
404258
574768
176931
957815
170767
160285
118629
110388
684571
52565
844823
535827
636323
911578
405606
527086
949828
583241
139979
137748
729919
310544
936398
645215
983708
33906
862582
950347
835605
24060
266085
985608
717335
749723
606477
406554
823372
584973
702259
249197
655422
909818
995914
183217
683838
189479
520522
620786
442030
180209
276148
820455
160399
565320
668952
491679
996239
429220
264544
699618
739913
793855
246557
322714
708405
432796
905298
764539
604243
825520
550388
681764
516669
819464
709072
520267
752289
197348
990488
440275
970036
456287
785070
608527
405611
45366
596144
990615
825887
465385
711636
775996
200877
803189
583594
189279
975179
912089
976371
108394
747701
55212
673469
600429
945398
701369
416438
973577
262034
520128
204294
314147
752738
91752
805450
660246
796455
76472
575435
49166
943969
556676
438803
303156
976631
762891
295055
130016
1570
581542
593140
80002
252785
778169
765491
393999
835696
908818
882421
237336
327607
523628
745082
177418
577317
71454
129180
995284
539321
949644
274606
384820
276157
948155
862116
879169
612053
784702
614753
909261
587866
216967
433649
802310
557981
391294
227042
983798
826743
314263
669237
165086
697456
678679
369998
456323
644093
29673
830411
123293
678417
641295
584913
443012
70576
926204
994151
356025
129319
495818
896009
440814
685872
813870
648838
851038
671056
798348
575847
852662
497688
662123
767223
937589
567325
679022
335851
186912
829474
997687
794448
150089
62565
653115
240225
508149
319535
97851
421255
555800
388763
124308
999694
176659
934501
209023
67110
921415
979868
367599
192662
490881
369469
534097
187383
510930
600827
27122
725008
443798
183405
881377
661985
582342
639021
742879
177340
655683
829518
556736
674597
117060
16162
780600
554935
634602
440374
299148
896569
64830
20244
599942
752158
43121
447691
113727
496473
407546
534582
374887
738701
283995
951299
754858
478370
826557
163635
396856
444979
379717
361861
984012
818662
665686
160818
675315
865566
910530
715166
433236
470620
511133
591275
135089
173601
128017
529900
832359
740292
568350
642028
245723
481267
707651
730285
560461
745402
168869
858907
392933
673860
535248
179885
177874
998899
944394
786430
204195
572203
830877
715243
162408
33166
627877
275065
585884
257591
50002
647083
715807
513198
338097
327284
881877
877308
651323
532375
806198
492630
40149
231557
257097
865105
248044
470406
906993
222271
460121
943636
840159
524251
775222
411976
600254
898646
729642
629119
964025
212819
379701
855926
296984
522874
696547
133364
814632
259858
980421
920915
819486
944759
550751
915251
77239
768688
489338
427467
37105
648375
539287
452236
5808
317753
692204
542451
389282
917242
687409
622791
948559
150947
206
456723
404201
329140
382116
362123
775501
293808
666894
852059
107751
415633
33684
905888
180
435049
783346
326979
128646
210953
484283
587247
840336
217786
972151
758682
3504
418106
884251
166677
417983
285083
692025
71753
103044
842865
322896
461943
651384
877119
641504
904213
751099
492346
712011
369833
135390
619556
785082
436464
179448
533819
441477
762410
824546
69045
918077
87287
279095
236909
586466
294698
316100
801593
242570
758216
638337
394159
317353
876209
252711
21130
629631
418387
196795
573022
719781
651794
663940
642412
404834
577707
137382
289476
39140
595887
640776
31888
802894
978034
828684
390051
170131
104469
484257
284008
433384
552559
271694
828053
389358
707663
900194
491431
802863
549499
576967
868401
288373
806392
292161
7952
673676
578369
555347
450393
307365
725325
330122
24358
964944
716256
851401
162155
162825
76766
557538
11534
620531
403687
464389
89775
383800
977408
631225
765747
452404
239304
398122
985634
257593
973700
310417
63793
216455
84150
347457
513454
653396
261291
732801
330300
252717
761097
7205
179039
142052
928110
106852
912128
620407
853731
712701
262323
214625
302229
674115
272782
297738
676302
615785
995173
640588
183660
346918
158666
713518
439255
504471
414755
678552
474681
52404
15216
922417
766020
361550
259474
227872
675494
551481
265265
500604
86025
206538
254616
55213
777148
546825
787411
2840
51349
218929
490010
622648
227177
816800
619859
999319
40884
409902
459136
776096
746104
794104
481313
363610
72587
99385
250993
648551
247068
166694
826568
528877
322610
686886
422998
183104
375192
466713
681576
10745
27489
951197
332693
466788
382116
798799
705209
743557
18256
479607
470788
459752
371211
683313
606919
735129
505184
22234
485887
444709
553120
600685
632194
938740
632777
793822
852173
155244
708242
182491
262039
89677
480949
82891
428048
962627
46866
377349
908301
848023
794664
97333
71446
71044
649339
9768
949242
373203
549981
505767
656728
207974
793399
621359
326539
831865
609
929328
204478
448061
46520
623070
312922
257214
356946
826255
57016
892391
952501
88708
873086
370820
907305
858697
996102
721875
734142
764246
29320
637189
617515
952246
728543
149904
402267
206022
22313
159665
502944
222726
623330
971275
41310
824914
79516
883256
363774
874546
195812
547175
792878
360650
825793
249641
910787
337523
751177
799973
925101
722907
806291
765484
953997
845111
202386
553317
508611
416381
443315
235483
969277
115782
653501
480097
579426
170689
96543
495598
347465
270279
947271
406449
89283
10973
819049
65625
684595
68461
705479
259599
75550
604449
909681
906340
393288
139399
384709
960474
997672
593873
30023
453910
449221
844294
752138
860076
6670
293542
686416
486548
612398
313920
192170
722675
303264
594909
162795
873109
294393
345345
535364
489725
42298
942419
411888
933131
234799
60821
218019
320494
34897
45424
323161
254133
517486
990370
688007
653624
944785
698088
697995
224157
889784
500331
343369
701907
810246
933702
278153
922445
393679
930958
914838
104331
931789
730473
449909
219784
409819
206198
780377
823982
867000
268686
549937
715887
466441
417839
351162
738152
914720
978879
199746
271889
176165
222153
959583
776931
662267
611792
240927
398649
130342
541249
960913
43915
99473
611370
843717
966093
673507
836983
433178
569840
731168
353799
127463
670870
278759
340153
694140
620359
553249
892588
308068
406627
351762
128751
892164
628761
799832
719725
695970
287802
17882
246110
116928
56951
387815
220800
618165
790366
626443
767177
567567
523102
351481
391332
437780
581150
493088
725641
973812
512540
781767
142007
999851
727101
634799
657000
358578
7404
727903
305900
356776
101309
493470
467159
61929
739403
998576
771249
78693
624910
638967
206321
604232
203852
399791
749104
344685
526428
168065
34983
908342
252055
620292
799409
704140
600718
525155
339955
629461
888543
818324
294884
100334
859961
740276
24516
222842
70648
945759
808509
203426
318174
890449
601649
192053
222240
220936
872684
63227
455757
60904
845387
701694
241419
795954
266956
378273
370365
53295
138648
152058
259572
149629
952958
84706
844891
434481
168880
6720
37716
903350
203960
376100
955102
578094
302519
331598
425523
598078
813787
221185
412885
586973
418383
677675
933720
511713
29278
631398
244587
876579
357099
770619
175150
313286
462816
80838
47353
665848
658680
702239
60028
206725
776479
705107
397309
465604
870504
436409
318783
175690
81370
743022
682660
40274
207579
660153
146786
870436
116698
342136
835238
532989
168476
85427
621614
186379
430299
310535
634288
45893
696940
165414
960297
119846
442010
309640
508120
158073
315468
601291
363511
74724
144523
920944
320457
155821
423453
431553
357402
880266
216439
227652
237562
728609
19902
680713
666527
543127
10790
438383
140697
200379
379491
398004
681807
509977
271700
414185
261889
810239
620663
461462
902269
124925
473931
578543
92179
206298
44167
693740
722354
290043
67597
824023
880075
2085
621329
525699
112912
746914
845768
276444
116544
991224
138135
388698
121056
58744
860896
993390
528459
937972
82545
404694
537894
897101
748268
849394
225729
803718
6386
188014
797103
304929
932251
105482
30615
443592
338149
108462
467872
390829
673780
415739
703006
125988
944519
97431
937221
387242
184999
809191
678066
704072
116748
205085
243404
144098
115420
248125
32462
368751
693741
623264
656154
71579
573158
726405
998102
212737
835475
217805
539912
214756
335042
687889
160309
357970
740944
833380
303786
338591
447106
658365
880009
321108
624867
678342
584663
911062
542596
376363
235085
457181
499232
922735
660217
866037
586330
822216
471115
572144
615937
803009
581425
330972
554058
128344
982120
585753
953412
657230
476251
433570
269000
608236
593230
239055
221038
405741
632072
758462
257247
797522
688661
305601
547534
976013
340233
183066
78187
914436
303796
775996
96597
427454
825957
731593
583700
525560
468195
80873
675807
66962
505088
904937
380646
519366
245583
291913
452955
93703
693993
916429
269214
755247
88125
409362
739835
935571
329712
979892
306578
319745
406905
685237
921454
545626
883942
842245
660935
706763
972577
413506
411923
68206
207345
831807
372820
679714
329656
891373
515048
166726
252144
590032
238235
833150
666640
184945
59585
582216
421043
262403
897611
555552
909342
602422
85296
371194
814971
711859
667861
586484
251411
18927
236609
362543
748121
668548
96409
454163
965477
915667
347380
12493
608498
669429
117109
554701
572799
821833
706872
104515
874470
307272
925146
919818
554553
836106
471617
681931
875048
938157
273049
994847
6639
183114
761795
924612
922199
495784
322171
454366
673433
583107
357412
664504
806065
278896
420663
182311
325481
396605
959383
145547
697233
672905
832299
326491
815133
280043
787952
591818
304848
527354
39030
157524
302335
15926
765159
219807
518822
403872
88074
250883
805306
606018
653330
117247
144152
669877
548243
987056
73842
499533
599866
16117
784385
971988
27241
763990
47293
157235
544231
803689
148976
637014
946732
840837
23302
890505
572975
250719
555185
269396
189548
114445
807598
207170
736325
21584
296366
205371
899979
101119
46165
640262
627137
621438
332512
472566
45531
453585
752900
692341
669056
1990
176824
201140
230058
756394
359868
937386
698237
644827
838329
419677
783736
385946
487607
917449
921430
108876
322847
211052
879173
733107
716672
375631
50613
512537
834477
606949
442450
120028
119456
487078
414794
815470
269196
230716
712598
140864
18440
721429
963568
769818
970555
930528
426371
597785
471604
412982
641153
500738
100202
110092
80923
221856
810722
756642
81261
203416
257918
667149
485673
927733
873529
934464
38730
91868
506084
179389
617761
178086
483602
912506
916259
151106
102267
408017
578416
996652
660694
594927
414788
184751
896014
874872
467018
896091
479099
455943
981247
2041
501369
310701
745759
855001
961552
222675
683097
46357
22582
311185
445188
145259
544574
551052
320391
596175
557137
464427
889965
421739
487583
891445
636319
824290
289003
383089
962183
93752
780350
955305
82471
914525
811791
266016
587600
403086
708309
741061
414346
398097
385758
615580
315305
643084
953325
144555
801155
652596
525411
124457
364449
291126
180007
892441
552597
196321
862054
575050
136240
870848
603881
32954
967929
904831
460395
301813
157965
633117
931105
382891
700989
924298
497181
786916
666682
773799
869410
38027
775271
428954
182481
237979
705926
561081
749889
845045
417453
603575
325832
20628
576226
35209
549356
279679
4345
866445
667512
456308
418507
984637
686732
141742
888939
254451
615262
63115
54313
601320
308013
783190
27374
845846
33991
30139
204652
541043
743402
388333
291678
177677
437473
478339
237098
157888
982502
504914
853213
480132
390328
442624
39224
484544
170944
813858
850547
422855
981182
663318
364927
161217
372014
783440
121623
119431
410905
623035
775914
868692
293882
699542
692228
664556
27134
61727
247758
863281
721357
6151
25457
217017
973797
263262
688370
393656
264502
513836
968884
92107
910617
742924
598249
606006
392048
210821
853452
779078
464039
908975
479869
147129
560468
360420
852597
353785
334749
57262
228217
457910
593107
317667
696435
643573
10718
795502
944232
506150
617948
548882
451208
629822
396593
131678
379545
215581
794766
615483
507470
61738
946616
126955
935216
625298
483999
64570
368534
369819
339346
368370
562439
971999
949712
430641
714901
365585
160297
690661
177565
393216
60205
365101
479324
788750
886195
20432
480448
270715
470205
621475
34143
70251
80695
627541
804891
764105
561648
548070
904292
403724
483670
190669
341458
259016
262215
637928
989697
642594
708498
634032
398264
513170
879999
514796
479698
701237
253113
962662
131080
265275
548579
833612
471915
417634
304298
137119
958167
89758
189664
529523
614383
649410
960862
154496
906048
467989
332334
397538
462144
863690
73588
948435
233931
342482
317131
128602
956002
421167
663716
586347
402028
394224
702825
541750
575350
60249
739759
963656
574379
929998
937122
656623
843380
572416
163922
224626
342269
137474
390302
863669
355961
760196
919363
31663
277359
779213
735717
275978
218013
574562
144362
14650
872341
140491
830589
242117
16210
692533
181689
476022
16244
855993
936768
312094
303156
382103
707010
813047
438219
656165
925923
111351
800087
765563
773245
464851
139218
656394
124445
67833
148953
400580
947859
221582
249891
660860
105260
980901
613792
43357
852351
947530
3624
762357
293714
805169
423859
926857
949916
460759
740215
20973
474395
331576
122656
121577
864744
674970
171515
520695
602103
156667
613310
704476
185470
787420
194028
631993
843741
639497
963876
479577
606980
263612
185474
910171
16776
29565
222176
102748
841620
611308
751213
342697
940232
267278
491668
175726
351038
960258
170812
990501
712055
387910
723584
820193
480252
182477
861306
554271
909698
878974
5606
336796
894633
893302
711959
43210
788072
763700
606148
976359
836599
856739
218329
711413
13012
310424
900662
282462
658411
43703
519020
267884
87699
684129
348682
393952
857208
250287
84132
927427
686136
305726
247372
764064
474095
815276
25225
360128
595773
445395
368379
618814
97849
290688
231592
846330
777065
62555
856525
316222
983265
366722
755137
167195
93724
110374
209956
277517
88297
583989
809205
55721
106493
623689
985607
531636
651609
222251
549810
783808
232209
825460
181146
740499
999839
914803
216852
459374
77071
782881
620079
515844
233998
31670
755056
271904
699689
564622
132167
912822
255447
407298
929453
708812
846
383546
448059
580083
653553
209167
131231
877908
356994
994379
220644
91562
683478
629053
36554
914936
969311
400552
761251
950861
8187
450392
190018
579160
752726
557203
647383
270224
482492
356078
177520
503618
921347
313305
323136
801336
460484
413942
266293
67346
788367
455413
912578
749599
626706
91257
546962
756682
431452
580060
337667
302866
554077
713304
665196
490618
586121
348243
351466
569322
642849
727064
975020
710646
783464
779463
696382
944071
529424
884049
283191
592172
850704
884413
434900
406865
923639
726026
466147
32506
573622
136719
188848
951640
762152
312118
272442
335029
861484
788742
257948
271252
276201
469413
429661
374866
82689
156345
502975
350401
121705
917829
788830
510334
863882
450780
502898
982857
658770
676063
931180
715322
66836
368148
761315
910794
630966
960691
187842
421546
652960
229510
505195
419553
663084
898674
434050
214808
793497
328226
461845
574339
958618
534528
888099
238356
608558
404468
118009
303821
604382
30276
371050
381762
232909
568819
882880
361516
3351
527183
813029
7464
556053
172343
364605
403071
45951
258478
580604
244800
217687
779484
375157
137977
889603
249840
198208
86365
322762
874648
464276
577869
692852
206192
656384
802200
494528
99087
887876
969542
864644
341587
889977
955864
916203
374907
223672
786249
876549
61146
658668
280710
472350
52732
682128
306476
418333
379969
329104
83205
923768
552948
445870
381922
762104
741564
867145
439905
533566
245558
140242
842658
751234
615783
741662
906805
627601
646237
817409
515865
578021
193369
471389
915750
129941
175979
437063
502540
359364
669308
150896
304408
473773
633977
638046
809203
967710
863735
250285
27741
950926
488043
175064
741693
740763
789021
731262
349285
960392
432608
100543
327885
160773
889630
487745
2831
859220
5598
363311
306223
231719
835842
581259
266523
779364
278235
676095
188246
922041
830452
759305
205670
729153
648099
715969
276702
834986
414863
259849
582007
862034
890238
351092
660230
25022
789444
946870
673647
158531
343351
148100
277747
785943
593137
484790
569909
137868
451764
483639
748041
304339
621516
761244
238760
897115
200777
751476
672973
158032
676770
928226
508313
473391
674174
197474
317033
609993
394164
744320
278374
807332
689076
97762
731704
486980
54777
178778
237230
941133
139757
100894
708454
171602
698516
798072
407317
128492
985450
193834
441855
251028
734483
251533
179009
522442
534298
539897
644842
422497
906652
167544
313719
479334
320155
975193
410069
422710
250881
61718
219074
370243
346940
134605
726391
96713
532109
142968
114017
27482
966774
196916
156513
850398
196442
982224
211544
352426
303459
166114
123469
406902
826171
579038
134851
294240
573070
544071
981316
705198
981625
614918
867794
983267
153821
907576
550409
215902
541257
226879
784527
813517
8938
215921
621192
600054
580679
170803
43759
533567
7508
874122
779109
353019
290186
676792
759143
606474
824720
435353
400446
780870
640045
519895
381317
383265
543933
378766
817254
117428
57632
354545
105988
825532
268244
416407
941136
725319
97084
177182
955234
698161
626430
252916
216208
632429
508584
305338
4678
659995
901251
633260
636778
131561
644268
165372
199710
344183
219150
687852
781296
362171
705521
93428
243471
607608
454397
659026
777883
867506
481615
458881
903556
810565
185914
524494
37801
515476
347990
623504
367659
175548
306326
116041
496760
475159
214151
114645
575063
637563
738568
579161
368329
71861
996647
861102
486330
179620
457078
421714
671035
52662
605091
98969
464133
391586
132076
281403
969072
267020
505463
884400
652502
957775
253728
83506
174544
395761
764757
918064
130794
75716
837007
389397
103834
564294
409525
266298
862075
981690
118621
601780
911951
862138
623813
846338
540737
803662
115992
531752
936572
683562
805806
795481
135415
71355
785574
888828
768162
204866
729187
645851
341560
623559
349295
380959
962392
685964
587842
926241
113210
855921
569360
202185
890267
111586
698788
32866
546650
887832
994002
79103
881211
622226
255808
900740
295052
570969
338095
425017
234250
687801
458451
852139
684765
29229
112164
361675
350143
880843
756561
857865
613305
877365
458954
61528
737474
324933
78063
580133
696685
256740
716317
334657
728299
643451
979709
185214
659591
755482
465988
371787
52088
345522
513876
591720
893817
528118
392510
342152
559997
890365
964825
483022
37603
644373
650934
577088
437768
943237
708833
476592
474223
156325
869595
276124
140028
131823
139820
1222
210378
335369
375260
547521
958019
828351
744520
47415
350214
428058
807053
710207
327278
33609
996231
897375
545147
905090
319966
955388
630951
339493
55885
470151
499300
319733
315106
209128
100786
957096
936218
177616
284702
351051
641528
508535
69304
116991
248761
158179
23213
48968
963034
597108
379041
361034
60531
573178
379344
139548
102951
415300
856564
108280
957557
380985
992559
507474
106593
347087
204429
279095
807866
623378
908820
352501
880351
64285
310764
594228
939976
716177
33186
496426
25441
994591
678950
427706
144699
181809
201713
64825
997008
649945
532536
895398
861416
179652
120912
644751
734531
113656
55046
481846
181023
759369
273220
564066
506430
262147
202871
983590
610403
606261
762613
324364
96250
560608
302241
210249
388276
954555
818003
36546
817802
706177
932598
817252
119756
333542
827020
649173
931850
964206
173427
339963
4789
637490
602446
631852
715253
910729
989672
279226
542478
152070
823552
784596
570007
178760
441048
615884
263215
826728
927210
235670
443286
40634
944824
544022
605159
425370
44905
172784
991758
864906
794387
434124
350056
501934
432468
436179
132886
882852
761692
372380
777963
36263
868350
710088
122669
876602
496346
284859
393503
696961
739459
759039
890489
315434
693711
583405
993497
104390
990172
906741
469762
829576
531188
650029
319081
286386
214789
822649
605261
676378
828597
862622
713255
63574
37735
775028
233005
260690
189061
531251
266937
999716
524822
9702
942273
952996
809833
107319
474319
596484
838290
877711
529051
299621
644126
170026
263887
533987
64733
310845
336008
716847
728876
358393
940258
583654
853271
633779
446221
744313
498013
755046
483769
298006
255055
361211
147082
196541
893160
926477
366162
569216
558423
286300
779421
197919
938277
359835
992870
399399
827835
941647
571692
871891
587286
367641
549637
523941
475615
758049
111932
525018
44269
512281
637689
612012
628316
877751
588596
473044
514928
483550
295300
711622
188384
268881
847212
864856
190647
795803
596678
752562
651421
863860
849194
577310
653369
852396
533326
552824
318759
182763
991831
655013
344559
741994
673475
790302
166925
23630
166466
497589
378569
62784
222355
254436
152405
316864
115505
757187
277788
43391
703359
256868
392473
455284
2422
192113
938398
984124
747831
718224
456102
910400
154607
743945
299179
156035
976039
343622
725073
812015
101287
216010
640135
845574
820570
767151
465275
108983
318779
918460
34008
70493
528902
615997
536577
365869
820494
31515
616226
281346
957744
825598
403120
597843
279354
459117
350515
913883
267909
798167
855371
463165
914054
126268
555401
130050
725927
525084
239420
298027
118411
513746
620372
550566
195385
310909
691469
278393
523208
996866
639956
396565
896368
75893
348101
122781
917988
260482
567119
568970
646934
32870
372601
64737
762829
753465
549669
555874
438347
521293
753779
954963
194353
136611
313164
539043
798985
135511
69308
994228
742828
811973
961004
640320
868543
372329
20573
313652
164684
418806
780136
816605
459333
305424
275054
752617
475080
895268
140882
439405
427040
161614
458920
391811
716977
839413
857254
437561
861103
251073
835094
943064
644756
448688
15183
410092
187316
202182
778003
375315
244331
978037
133643
404309
511704
229999
869262
57330
148568
498581
696950
68877
980477
849764
839270
866000
961287
388729
653239
507239
597853
553414
449840
69649
3326
807277
408837
578083
84579
619102
830905
357292
436000
106379
899475
907549
493341
23297
393813
520641
173887
830938
287851
957395
474234
488142
635230
363733
294486
778533
338358
957736
445887
589215
710156
83007
796562
329905
942749
267187
762598
941080
617651
960064
355036
684784
189001
618013
298669
905638
608468
586233
561733
684492
559961
704264
296787
854844
573675
647797
227706
290363
496060
844
429558
223307
632798
655330
945799
571873
868000
610228
564615
641935
766467
655381
551608
321635
377337
793383
281014
342193
381275
468980
747901
48604
597395
156853
904023
266401
276978
520300
8403
797587
474264
347635
681492
401103
791905
647568
748798
826115
754432
127427
858674
3155
742159
842439
313498
432376
901348
212989
275176
240456
344651
520799
456419
527726
461488
370515
455707
637014
197221
840798
663664
334640
743461
745982
836389
402810
273762
319408
289485
533497
401390
777642
114370
777477
750706
214989
914632
438560
604663
574990
727805
628380
366139
705417
583664
348333
414590
573215
806887
771086
787933
806692
246995
261514
510843
79066
982258
704899
299544
676215
675645
334122
549779
988206
690134
946661
789382
254826
729691
666114
794654
269775
203486
129369
261528
634772
135467
676600
519354
815160
550626
69370
697052
372600
996985
899724
947222
681261
627651
246445
996357
821486
286214
347154
329815
442736
185295
64724
412689
742
38788
18263
206865
759963
624510
709400
848992
939949
619058
363825
628925
907738
873558
557014
795914
52919
797209
574173
739103
592917
466888
659687
542307
442955
831551
299095
239676
158271
97929
822099
756782
385556
544147
354967
194284
657019
492670
640976
809241
953963
242730
177306
257886
416108
72313
933553
930526
505673
244785
713331
387050
908152
100299
675813
120219
970549
783173
588430
653150
589407
693670
701
177650
931059
468337
889522
469842
482263
296962
48124
484636
880680
603759
345495
573398
413656
233592
227858
388141
494146
400820
304225
266669
792840
957949
528534
451413
736041
522763
385115
833304
161037
685360
740319
434679
254570
361259
267094
957735
570731
715109
883555
875061
986469
753969
31945
924352
824257
879949
437144
332441
924328
935459
529526
983395
865420
253934
386857
5188
326186
201970
613556
648974
574393
671440
774218
862420
832191
881390
522362
876970
395675
475370
653113
726907
907512
352810
374444
770159
872752
437615
939086
67300
892061
691011
574451
469072
413863
398930
308239
388528
506202
754211
295479
445645
619840
45204
479919
562001
213217
76763
160841
82553
459722
45677
780481
621982
50802
780692
788606
394015
182608
305298
339965
407912
231469
135244
155213
975128
126028
760561
985447
853076
952400
22873
933104
312031
972974
921342
791304
619173
549121
786307
969924
470024
277966
999185
344105
40337
2870
355103
901241
152254
921798
372614
407413
401619
676219
863816
439517
849516
182619
714548
795737
723211
859962
213877
14253
406080
534779
914035
902817
404038
526856
580713
769522
532307
591783
52909
960199
652697
206762
204410
857014
879162
707421
943337
199001
985566
853410
215855
306872
283533
647740
990496
122393
808152
237513
575964
727693
819227
293497
836388
539046
729810
394834
453738
920296
310399
739676
787439
494478
934737
294852
9189
149557
730204
880782
660836
202413
726863
12250
455389
831257
267902
277189
140854
996626
495372
224412
769682
235730
452108
18896
874471
534540
322176
495045
767303
611985
858470
282279
171370
494940
619624
278073
978563
807542
962369
492098
763758
69073
359074
521594
396435
308969
209832
94045
913192
240370
844301
743640
925192
433201
833304
248592
329826
818259
678515
214215
77034
94048
824427
465301
993807
371052
56777
65706
280396
901446
607760
900318
531768
996737
181291
668418
448448
92081
176734
857093
982303
877575
823403
89095
183896
26327
713024
102514
300268
273139
55485
288675
288043
588574
402972
260795
524167
848526
569904
230077
430561
6033
598315
565933
160991
90634
886684
491449
253813
616191
450151
958753
943559
427563
42966
173398
825073
644224
256351
739266
422897
895214
705206
323948
569192
910768
371333
195246
970158
11636
599835
187433
61577
515807
791614
971370
872284
189529
162303
302052
262299
657536
214358
104726
714175
691529
53000
310975
934440
859668
98027
410980
200226
542402
407145
548967
724753
125991
938354
297903
826253
490108
803107
231372
369643
447251
288791
724970
154493
980329
889750
469667
152593
738440
14389
99155
594403
292648
320878
806242
675202
331253
756956
396410
482040
723508
158003
112969
635256
632427
122978
295375
59918
374065
128006
13136
362581
241757
473414
44037
879836
2350
18112
527124
757873
540218
915938
510768
464437
872451
161810
729304
802965
9928
742999
996401
873288
150885
150390
641926
135782
186851
104413
205331
513340
511303
325434
284812
769212
500224
314230
669113
346226
103654
212240
728990
79440
451006
743369
360162
901455
749455
339627
870351
988495
508829
316813
980847
337261
830153
72512
616389
908667
169028
36769
594478
262012
677130
422181
215733
13714
309187
311646
98276
933721
254392
134528
296090
439981
117722
904010
307879
664831
754441
485676
456041
159210
655036
995343
433930
932969
663724
609096
624065
305223
154623
33814
278116
447888
679526
473306
9873
412717
10988
791277
483109
648758
138017
966254
263513
759993
349716
520531
767159
916887
884543
427347
324393
354693
550237
370656
484932
372159
800231
474021
152612
227422
778383
325204
565451
492400
680178
767046
59842
104246
566264
245082
790145
727635
841431
857356
504005
159555
154089
889978
722170
34486
80169
322315
465712
380836
759297
445031
977182
834444
215755
678952
250437
328780
289103
736864
995469
224319
375065
371970
303777
276570
545929
559339
54929
661006
388403
884230
300946
478221
804268
76406
626575
335572
167383
892434
489657
711892
823410
654998
934547
336707
196951
288867
972531
883254
365619
456111
101861
533639
678124
144622
722166
527689
660866
244175
653015
558519
956514
165091
724189
366630
323901
641087
74105
992128
182887
879665
343381
514614
295299
463893
872482
950454
322133
837086
188554
114627
204348
724101
630158
475407
817757
268656
973058
84389
840174
335845
983649
969055
285796
17923
959010
750218
37480
476106
282339
926986
616709
403565
367663
522187
366982
518446
910727
947835
775659
827248
640193
296262
93882
58809
830710
274992
655246
980150
838739
114340
101168
507479
341565
2641
876190
828634
779953
471381
92976
868536
711887
444567
555999
340083
418567
928989
595192
416494
693533
824709
711509
328257
687793
427398
791368
589901
120163
358060
753375
588974
206622
215454
267040
685172
962125
333868
222523
982733
948562
117022
114859
655175
17680
81970
127057
185217
289906
623379
193988
574444
142210
251518
266670
261094
959571
345306
953058
167575
761076
685818
701913
485526
434501
285057
320916
892748
864895
884365
539201
645182
956120
187198
428761
535359
433600
204878
886524
638909
939045
92562
536509
308819
373862
418213
582164
419395
439250
764896
964537
449099
489008
980406
524599
639782
455689
221373
291706
483998
104497
816173
671525
22850
936468
521004
153489
365360
799087
650199
539838
998148
619161
896710
638127
429738
457026
709678
140219
263382
227304
981345
356219
95374
699497
761540
769641
997407
566525
271165
300837
955428
200426
453616
729501
450127
417455
129325
597822
133288
318817
898931
478627
29600
457029
208761
382589
329661
780660
15773
500484
821239
748485
782390
358131
569343
524443
695130
500864
58789
464403
597126
164970
149844
499158
261372
591256
458664
663983
368004
115515
131225
24045
815123
578423
490136
914590
994232
549233
511123
89995
297487
312994
727585
44565
926575
370595
12603
519275
42588
199809
982545
624234
656904
998038
728303
691323
586864
769624
284700
294090
287447
745200
314812
851234
738494
454555
757839
626682
343447
534467
640596
167620
750858
769114
581541
649277
960600
18878
28397
115760
24395
711906
337870
763263
545964
66739
625318
422858
960839
370825
593241
420982
864838
552586
449216
893748
337767
627194
441294
733442
228409
426185
842308
562433
432063
566904
447401
540865
698191
760491
442120
210155
717087
163672
601282
75733
78083
473232
805611
235299
381374
81893
486138
692706
476691
449890
910414
685343
253938
356554
469146
666462
429818
863868
951029
304094
117754
496646
39299
131096
90969
261733
552209
47023
709351
657710
725111
294538
383635
692453
993078
421423
524288
406435
285452
638574
576223
378400
356740
662794
606986
199928
707799
213902
853709
790938
952018
947120
243747
290372
72075
118578
51481
896111
221215
351605
311263
126325
303212
57505
327184
112592
406726
309094
474093
176603
344432
845876
156804
220480
408830
236586
501346
770320
940859
36813
219590
574396
487690
926481
594369
73177
89497
843873
330178
125104
142447
446604
290975
627019
673272
39667
168439
80823
314015
892069
419550
680341
142284
372137
427457
983861
676271
414179
517608
600667
853825
351496
170489
785675
131837
454871
356440
578270
925389
742950
799971
591838
490872
52966
626331
796475
432891
592371
316641
464190
191353
126296
923410
137969
820389
716186
471707
644198
317634
169277
914840
88353
171500
60098
126296
536153
838547
909268
177430
183733
52793
307750
562868
672911
34729
67642
613871
318001
799400
442937
664014
140899
527011
780731
747227
150111
713787
686290
105785
125228
920625
425747
133875
214330
500452
342207
827375
651211
142405
473640
69940
270485
299360
547643
191612
10795
557423
763428
798059
120517
611633
959745
365952
374897
792596
235923
535398
540444
823075
430323
574794
410559
533625
898140
858519
717549
813396
762289
227890
754324
30740
685324
246725
633286
267273
857703
858211
861634
37929
249519
395772
454542
50501
953905
159223
693435
42586
214748
640275
52781
663965
498989
176670
8104
557381
546240
688955
639066
690539
131182
721845
847170
565656
827001
565693
914905
340031
570579
984519
276208
512485
388703
808552
165163
527533
317785
782183
72303
885526
227376
878463
134293
533228
546894
240763
862468
199804
164970
138123
295527
901868
15198
171552
342882
168319
576018
757627
26339
311514
93716
217689
124706
564178
617596
600762
100326
79264
636466
5932
816076
172703
6385
871424
223788
736584
546114
394683
834539
820930
336935
596841
546553
996946
517678
700289
967094
792557
106955
134537
75043
712333
700188
760805
453897
25863
280201
998984
907015
507229
577295
260718
822893
923956
33270
636148
704512
646432
70635
498530
386969
96230
947542
725900
159202
642316
476227
772454
307285
659572
994788
644874
665886
42543
559095
798789
253691
514668
48267
201674
986675
550127
16296
955376
883369
418901
517629
689337
334942
287409
169686
404001
705184
726575
824541
269492
933044
476414
166369
593286
404012
909574
142904
953077
696995
808441
993210
95410
381685
602604
288292
383055
482442
911153
349490
504623
547407
189676
311949
774085
219996
912140
171538
180100
829736
212087
903502
971320
249340
727245
383989
426058
970684
415811
50847
279505
221226
289436
476711
177382
928733
751094
186274
451817
527815
145295
334922
533854
102564
985535
424120
252288
89670
388890
37969
652139
936255
151178
195398
3632
702385
160959
511867
216500
803587
632611
784129
321996
410139
701375
926022
582568
166829
9607
942958
937907
991807
892972
263481
854364
698423
247689
584824
173413
615923
555155
546924
481792
770263
219523
64101
87505
199537
165068
219315
612871
130630
530165
76124
412139
938739
63581
619347
607280
882716
142043
932668
111822
795292
858467
729418
153988
404748
297896
736446
840934
380673
961911
675408
997192
820213
332323
634182
176764
11029
41672
81668
921514
355495
250966
411410
408341
600082
2429
756211
558499
140285
994404
410449
874556
606463
197032
639883
478976
277325
30200
563569
351922
336854
274254
300534
814900
699164
632463
115999
1421
378738
398268
931161
103823
864231
213653
267797
367112
977948
972209
491618
919288
794206
362206
413626
218143
145470
602841
734304
147044
456108
151756
192360
129796
83491
417202
643212
597748
759160
612926
132496
190065
638014
522846
270465
176989
706016
38763
57505
30819
70665
363301
676496
430839
51843
577623
96644
240560
440829
610231
53272
154748
843536
234856
643525
56383
463227
215694
462211
742174
219321
602093
602009
138699
202231
941564
384153
387218
711997
226570
800701
346161
232022
138430
852245
760281
132458
838163
97502
615133
565946
549950
930815
667070
953091
988574
59308
14411
309024
419469
132243
720510
700630
732362
863057
119642
960396
489982
262636
277135
53939
609825
564264
259044
667608
190536
122461
667109
358422
64210
304809
215682
115372
149217
171891
608937
583937
753124
315065
489069
72319
987557
340513
154733
997661
466516
505515
555982
321212
2770
394108
40222
158950
597438
496102
420653
435939
753395
907302
83327
780390
447311
734963
323675
941668
467310
291343
18821
807465
198306
326141
274805
599769
622160
645468
434210
952024
101774
244085
340114
980155
270343
279282
756021
852022
341208
341284
304017
222482
728389
963787
314046
184451
286894
470788
362238
217899
94280
518142
446059
232765
400736
352219
896571
522244
96116
437352
881034
601056
502146
799782
427614
476979
85559
606193
907109
124888
724425
278645
53493
680533
437625
591006
690152
329207
523179
412889
65654
443918
312037
15637
934305
754399
473793
956540
458034
406278
566956
946265
976188
270582
329120
300862
431342
765495
274137
957903
483484
764624
778096
415453
38084
326148
153683
241906
648127
478531
652626
704368
907703
610413
319571
775119
880431
283364
144247
910988
642874
540974
96294
531532
337967
157385
924921
919731
7006
520295
968470
18894
641237
906556
579682
198623
673922
934615
102306
959055
885147
136238
82300
731516
330589
94380
55696
909129
488221
922555
350919
720026
18827
309649
203382
116948
240143
950708
233368
611284
429690
938396
533510
485966
530984
394063
282922
643415
497818
916834
919773
576335
391149
97849
33816
569918
725226
124609
665841
974139
140667
704139
536185
847758
632381
244754
744992
378530
918581
306363
762495
282297
586995
902358
799592
442168
962003
979160
533564
493087
5689
763541
885754
394993
826136
227241
291090
969845
524110
859215
288886
312907
517403
337287
172992
567194
216042
305141
350558
173512
242548
602073
308546
248429
833822
801433
460878
568447
730163
147569
138274
282259
514169
671949
580234
422132
701946
221082
931875
658266
132531
391325
954782
807831
281770
11169
913504
413461
152052
555959
796147
571738
595724
903262
625766
142844
243893
30805
298897
653952
648184
413600
965236
425448
189935
425558
955157
64645
291604
138673
692092
538889
980245
987758
161891
923563
279442
375039
851733
510757
789780
649706
709194
374856
782052
84290
201043
932037
312337
999744
693648
527122
316502
615018
961781
30376
878612
878335
865377
176513
907616
865353
820183
206428
104525
797588
288599
704579
671680
989187
935514
764986
895093
278741
589880
57688
479920
656222
709705
187046
252087
224011
436949
573177
935480
73812
500034
575413
15312
796410
533554
842151
606289
295759
668982
909823
645376
343594
609139
191346
127940
656102
231485
774056
848415
934800
919746
271680
683588
394271
854872
976618
716504
114429
372291
38548
200665
396013
682100
558306
507143
562295
610771
566633
875344
19745
735815
86958
664597
201217
900152
120547
186346
445038
292680
278763
499464
512878
16091
954774
233243
627246
642108
720537
365160
576342
263823
228406
523176
449624
646571
819472
471503
595607
840854
367752
618103
751435
424243
225362
614255
963387
621187
289373
778558
710911
567708
221366
324718
833531
628428
955275
71927
908911
461034
479609
778626
546736
802078
536764
81839
877163
651334
401563
206919
49323
465350
889161
751050
782182
769462
685116
859057
958032
799088
134986
443352
224046
124021
220451
828957
104324
196623
342209
483126
9955
927578
945759
860223
972647
816942
176807
225943
591950
600599
270895
506502
718268
87593
239348
565904
320207
570737
984176
555896
828601
807169
851256
726859
3019
812294
386494
67422
695600
573622
989531
454137
49683
541988
990871
492247
729786
357991
377701
747217
720338
216127
447077
376466
98910
716933
480059
146817
884339
619184
679373
31841
817048
265065
131336
20827
724002
877671
387047
210070
309304
170346
417210
703213
541551
496393
753180
987479
304722
981666
130797
299480
138943
198074
733998
816583
165501
911214
369395
979804
102937
332053
168319
681551
127018
760142
973282
859351
775768
750537
644996
915458
229451
718540
21735
378726
71938
218305
142117
456711
616250
817266
547600
958130
112329
983307
20442
660485
601428
983791
945498
962227
567582
801344
695067
449533
550837
754694
766816
198521
698860
669710
571891
448568
584730
97382
365766
523810
451303
510997
431675
705214
175841
919365
811204
342445
511244
391659
483383
166414
730394
893344
33836
521460
556603
342451
390921
371660
135542
897862
469173
378875
891375
61405
262152
165333
350231
64415
911191
730512
421860
292839
545628
353805
907754
107360
254734
237879
159685
845709
504319
255335
358909
569278
538101
470569
143781
259249
235510
516402
33900
764902
646980
217055
517684
705003
756478
208159
855723
31286
23409
94278
186129
265132
37597
19024
206395
717685
670443
114884
572459
736511
700619
25571
647554
952757
88531
105934
616198
205287
958328
121594
358710
441570
549076
840296
485790
697812
250077
927591
499337
162440
998808
1658
604747
973382
480534
655682
190776
276933
571742
818940
93935
501160
438593
699146
201936
842270
162694
263089
652689
305783
819439
861209
60924
151986
932628
862994
616479
902852
959810
364121
713314
951915
66253
292909
756665
536694
647467
77862
887780
140998
395066
837775
120854
529019
383004
150417
936773
58422
75430
275256
868611
394522
213847
608311
559089
713464
957517
613982
114649
14708
54059
497013
230397
624928
819205
321283
578709
815286
157386
61176
812472
905386
231084
90334
10520
35525
198792
336858
153966
213872
923129
865868
274904
969446
104364
503471
464554
166273
853086
44234
518254
221854
679677
159821
74842
206982
837624
702547
148174
826485
799620
692232
378297
90714
709362
312351
231208
762021
547550
696073
970293
138175
460866
975081
958523
94834
991022
495107
600431
143115
383224
209271
669580
102034
775361
655503
822525
190751
446412
497574
320253
967014
186883
459421
142499
987599
302837
828225
344182
967292
36473
862074
521522
846475
490369
60250
176941
952272
288229
779418
585581
930761
865944
745005
65625
589731
820368
404784
512397
462039
357809
253734
39066
322716
74728
335884
519223
684487
99400
421223
782984
873112
679847
844493
313121
917504
734150
28196
6174
362075
213251
387870
248304
104587
595327
640531
89250
284983
877289
977534
344484
74769
153407
224107
876197
355982
868539
805956
227219
657967
968265
147567
438936
166432
531298
696940
658074
33577
29519
171477
121037
206398
315720
945346
527718
163998
445384
666348
498353
719718
408692
810757
766076
90387
74739
951015
949591
331258
424605
220593
976235
666716
423610
987802
882628
549617
772469
95151
413364
232815
772622
657427
984949
739938
337798
282484
972398
691805
637026
713258
837641
306450
396471
763955
626848
67060
266140
345025
818840
741992
739920
364939
738869
862686
561589
592623
452950
211389
473923
222452
653161
739004
946287
354492
417433
30104
959854
971186
859177
619294
847258
379125
853945
871041
803044
394884
277868
901941
958611
234471
623811
635447
527093
153064
647570
609259
172222
995866
912622
608442
502280
690696
729347
193570
910388
441753
251515
158751
700729
324581
267287
498643
878256
257535
90697
967064
79181
988397
987857
733155
507239
343671
764963
389359
164226
951876
914669
785409
337923
337496
98273
606521
292761
225679
630504
748189
690971
424443
288109
191615
318526
377787
336448
995478
873788
898500
541896
629860
652050
48157
190895
294743
702380
298610
440273
495409
802283
951419
348877
630365
335653
505268
955663
727714
314541
293997
805239
70552
863423
160225
535952
191608
314907
615496
818212
268428
269066
75571
404510
911299
164513
196210
226104
376819
507227
940748
301707
168803
864940
543904
976394
284583
369211
253842
600571
550069
294551
783523
833573
203679
706159
578247
584841
550901
464059
342477
266119
140864
293582
230610
308959
430266
449481
975896
140942
969283
172329
781246
489675
837616
298317
159094
144566
965629
175766
690463
974561
745339
944659
743034
842433
833061
670378
936088
667320
726443
115880
407769
848672
109200
622450
564078
246512
915575
547506
314437
623141
356333
580831
522853
931693
83469
901989
633489
482976
705798
25534
834791
395035
538155
39307
681137
197200
881092
28948
279331
760301
47429
684929
988714
63135
293242
486834
223949
202737
478229
440139
509837
371544
81865
419104
290211
17469
52247
398139
114413
343369
405086
301259
303132
603914
398711
644943
170355
810608
109718
470581
200749
764126
405442
974682
509188
116246
623215
251208
504548
6749
643783
385720
131502
928004
260121
827310
645198
274237
925868
995124
874667
280387
685368
857714
128575
927741
968287
410588
746874
918777
646146
73824
595733
519056
994147
138801
354423
839341
428796
16422
173179
970512
865862
927914
518016
525054
129899
741218
462601
630203
892092
204176
25934
218055
29004
598537
281350
765652
88843
334048
318548
221311
388980
263825
779162
873543
194347
886375
411955
457730
310148
312563
878753
619486
177401
705242
101796
427862
966793
893501
696722
879660
953880
476149
542830
932253
288702
937454
430193
390298
642442
549041
537391
605064
576630
295672
485016
540139
77764
789812
912178
469177
780997
696432
112702
976687
842785
146082
820604
541893
774924
388479
276105
405390
163322
951190
211662
429708
768634
269530
731210
48154
577198
245163
86850
216478
710666
678742
423412
597527
964849
297156
248207
369484
192324
823391
262064
303682
645815
514918
537495
243994
84163
520459
91904
982086
58693
950882
408641
698298
797172
507825
240494
107917
263219
443541
177134
427869
771317
507341
232131
883902
282016
582716
663416
490152
749729
646548
118274
481222
442006
751292
729388
354455
605992
258606
371679
308900
643940
751391
79108
15611
70021
260054
302749
582730
567992
867925
383916
161056
739444
610572
771254
394768
789112
260790
351835
932931
429434
790270
629058
958647
684375
727930
701853
576025
854281
258163
872304
203335
625852
352478
310419
30493
304687
977478
104036
115693
623076
365014
693014
450083
825073
656951
604118
981453
374055
102881
196353
657924
703907
431244
113912
800757
148333
585274
330285
771832
911373
892508
532770
903898
531322
332573
843040
672725
238407
511865
762596
812406
636346
669343
888600
410674
488515
719078
148455
675630
817816
107172
276141
826167
398364
271890
63801
172362
153439
504550
866340
353706
331895
178321
906763
709396
186078
204844
320050
202068
200938
42409
73391
296852
641463
99989
638735
8513
839888
298304
366697
3763
915179
466269
408385
556935
404223
56408
162585
599638
207876
268228
593213
472172
938289
438698
136350
333619
142110
863041
73463
190688
546514
335382
390805
847579
319419
625510
420565
671459
811535
462608
287753
342511
181031
295865
117122
683152
35644
75834
198358
645807
513128
295861
289490
625839
346889
831279
537264
775911
186549
425312
758845
814908
892865
176498
757945
305289
522195
954154
858828
94150
882619
519837
622708
553698
202318
612465
724670
341672
612893
679983
393064
209145
150620
730343
599111
144971
893143
286594
683000
212183
480633
805836
395713
485447
617056
197878
878727
920526
411620
539436
543795
787994
580154
435023
793496
179994
467379
383250
246325
125962
669168
439683
589162
422015
476794
395647
905215
573572
284251
47836
688296
308628
406118
957192
998076
989176
658182
372464
439321
902647
326005
184561
321757
898418
586011
504977
777842
698186
346687
736758
956646
529435
252198
903834
448340
191964
701403
485971
542432
529966
572583
820223
117609
359068
106203
905697
302231
713417
889385
307625
584852
531610
766980
680354
195267
747353
90286
866256
246732
630843
789052
533092
907877
445849
127409
214738
39214
470413
151563
319409
685939
800656
507391
852781
759791
751882
133153
704548
543029
199590
839861
371864
192032
54647
751479
345003
751095
466150
671285
944217
169963
885973
472115
781829
41670
527452
120352
630563
588300
525216
341475
330182
955523
478186
189548
539719
773008
757496
741146
995319
720024
977629
910359
948052
125293
189191
551360
172175
559534
286473
413532
419542
583833
345265
680401
39667
421500
216405
382002
558987
53264
602784
483271
846887
947987
772391
733334
426368
392682
98472
290758
393329
168807
13081
333927
4831
683991
375126
660887
780611
919913
431509
559535
569211
670836
13408
173940
533064
818839
519123
653131
206678
314771
380344
947162
50452
998749
220950
58617
455171
859210
149784
811254
691816
351920
900059
492007
442902
687197
421263
92755
736301
879947
225499
321985
345322
613001
590928
808484
622143
975962
935249
79950
457266
888129
509178
769080
105748
231392
679683
290684
989132
648903
592879
783582
490459
590607
772099
389133
826924
918137
382999
251861
457568
156968
596606
14904
960310
23931
958010
822631
315995
17152
29539
607797
275842
781413
196940
524678
870195
265754
56976
705272
736021
37910
273401
802742
828979
420808
954625
534961
746313
496635
837711
227949
851629
81009
134075
800279
772473
464619
843806
808080
379132
524069
840945
497850
664036
200488
265983
956657
51985
679719
922322
956514
513003
831154
630550
820472
630521
605064
467098
447574
670634
267875
184480
412871
210088
911154
885490
822758
28736
15977
804764
817132
827422
860257
620994
24029
221703
188596
848080
73593
601593
686209
491528
303599
45730
220752
793210
557835
481265
732132
866658
947997
132118
621061
85083
840109
462141
399233
317146
734606
319178
998968
333380
750419
781009
288762
729675
407542
545356
954069
63446
670827
983404
388460
230039
52314
7150
509170
618287
134852
906389
726494
362422
792072
116636
21710
438119
71575
197756
524432
163796
230510
540145
110453
415046
380354
226763
927520
318854
552702
478030
195413
736265
355826
185040
341507
628068
364144
787183
14685
762317
129124
43245
279783
492910
92363
851813
891338
289320
290838
489155
499601
170040
275697
862528
637107
534365
255177
576623
445851
880113
589826
165244
500362
722745
331517
781067
319692
695187
906636
496533
802876
931698
747726
982518
35811
356248
802297
709400
501400
885287
63287
752809
679723
589763
360023
344410
961051
644304
744423
980082
230976
717674
385358
264694
152714
140440
628002
363840
18332
985544
851394
904132
370208
539783
838705
494075
890710
252453
207652
662381
598759
22389
937745
456617
707000
703085
121534
55364
983446
346619
764199
220186
86236
864263
824916
701375
960121
241528
7593
138928
268308
242474
947181
579485
111559
738581
735132
123209
550620
640001
345626
121045
212761
162375
798148
452935
74861
140882
719815
754209
135086
697118
336719
574175
635476
596562
969654
29574
899741
821946
275790
103961
356253
663485
142662
589377
717524
326207
700974
144997
335860
352670
325734
876679
13251
24098
265858
10263
142431
6750
423498
340962
468820
647609
182525
188270
856680
983563
274848
171023
59998
982523
347009
586572
777741
638173
509062
441654
384382
72495
536034
605157
963314
740822
298644
95553
992147
478459
291340
921249
886264
441106
294536
570225
142372
952776
246754
481433
650168
297201
31357
967506
101357
626444
227909
680348
580878
596848
743036
463105
683331
2057
764529
271674
654083
408831
600194
743179
39137
418074
52892
263222
892542
518722
587020
236112
626518
644985
267302
540428
163537
966920
227095
292108
762623
133118
556485
898241
182397
548101
569173
395411
476212
164143
564172
495908
870512
273729
168334
267397
777168
546061
677006
531285
239392
672806
424406
204111
971592
722919
292190
455665
498466
509060
829550
308336
639479
739538
865800
455169
684281
10452
898467
818120
61552
161536
485666
716232
358474
721526
444135
421045
943877
546680
149106
543031
344899
177295
573437
76290
583754
654115
325879
320031
45057
564737
846881
781306
539971
631434
63179
781972
773616
740907
259698
418249
149921
546136
54083
743930
675175
360756
423670
315980
702380
939896
523555
931665
820539
942152
982041
274858
694061
922981
455268
903497
609105
671868
707605
685138
143083
189771
368331
641520
277687
967741
958292
916187
576954
395544
223431
788800
866478
162192
959809
879187
929914
475037
916647
733657
157465
40305
457618
118421
601471
530551
696770
266101
685307
842194
249332
822612
869792
410350
157007
467805
38201
139981
99139
278984
116500
290397
909760
438058
308233
681587
356466
40864
532078
829447
209942
158205
151703
47501
385014
661528
507368
595193
25574
332217
227160
305738
291293
622463
58148
862929
564700
447096
315703
251359
76170
944704
615562
21494
241507
984752
285286
761744
10017
826225
265050
615213
975623
169443
576222
991381
526141
487429
704187
89755
62557
879784
271286
227142
676411
564339
477862
892873
573656
888449
482085
868197
135002
385808
582065
530276
626636
742850
131935
76985
538002
18246
338409
575580
726932
174574
69925
672799
844057
938552
558570
289563
748428
359498
474005
990964
216281
283976
391892
839766
310028
251171
685001
617453
756736
896634
737803
222819
303464
654838
749913
995943
425497
54561
726794
920677
505910
689556
991952
548390
723110
698387
331200
866095
585990
30153
528146
357228
317840
786596
420469
706507
548853
528527
831317
551146
163033
217858
279895
317033
533683
85654
946475
154932
41318
950290
326149
996629
424805
870249
351546
267878
334041
255820
363390
228435
747576
997922
424072
621240
587663
935208
862441
101953
490535
244342
24754
297230
277022
503234
683003
710991
240292
995947
135065
169513
978293
30434
52886
740001
831972
149425
114738
797614
817333
405679
726271
488547
32256
64101
78155
176395
957399
14841
240772
457883
887598
795903
359305
476316
875252
397665
211667
193647
904439
627557
596185
816302
833885
17715
98514
948254
760583
678856
625045
213412
815898
227510
100611
125216
893309
574224
406544
786348
461465
133012
965034
221198
723579
266740
181366
458303
701064
929963
669424
352035
770119
269364
690976
180647
898682
613031
114808
769466
199010
726301
805848
640741
407009
745573
965267
136566
690411
740043
365279
559938
363166
25402
460484
844771
495599
965227
151331
320094
816044
533001
174933
882784
83247
163614
60953
617639
135250
889112
287609
500846
547170
783183
632193
948335
424358
220674
364932
263137
366047
493450
277660
678039
940673
268637
490779
942718
295816
470751
168844
658514
79974
600694
32319
756309
364201
426799
280914
905451
714863
316729
402457
484250
968718
710028
46733
705401
124627
260118
391091
304402
710640
448123
489194
348739
199422
811843
91225
761560
736546
957604
1859
568742
806313
946759
142051
128167
50870
282450
483787
846214
554283
598677
984847
313163
807645
710433
456916
627088
394200
633468
947849
484754
409515
458166
51571
201491
248198
505475
811630
847076
474683
698246
299878
882075
519229
376435
748427
475885
474542
240827
194330
291531
266058
712335
642789
131491
811612
135558
920145
764137
798401
792527
122643
656310
293364
878491
170685
755850
878340
171793
726882
54747
547216
704474
149326
307411
605592
5819
757020
248044
348311
869897
228399
990613
243052
71098
121493
183557
507432
513604
518706
478463
797293
689555
467693
23763
647182
261432
623337
578909
92351
385663
120907
897768
819880
264194
121529
203849
206157
566695
615511
463116
720269
891132
176594
206937
447280
94592
108423
146757
716751
316748
757184
246340
308379
808516
570890
348234
119433
459750
929647
299059
183479
735237
929980
376063
573961
467085
109920
978523
842275
94495
753503
689119
955482
665611
383456
326819
540434
500420
675910
253550
411643
880283
115466
910129
535779
488887
483117
443913
37920
338463
96483
776256
454105
957028
637307
202788
392339
400590
334952
233203
273194
940585
558394
242405
803853
781244
670812
332555
226920
89542
119455
801444
601538
207664
995755
576028
882014
516052
251895
129909
858052
253756
225435
901462
41298
634762
814885
814415
420395
840965
786338
854346
576996
732048
260147
219014
148645
507501
444661
204497
983559
119659
784958
484398
93848
239697
177282
51313
296328
229808
218805
733979
967993
324112
644001
843870
499404
944430
831927
912149
502040
128059
253654
745031
359738
512270
465236
670441
797033
355767
325593
126803
53007
404018
135486
621155
535199
976110
469284
349061
343064
717195
814441
852694
868568
815122
724794
757116
451904
34874
804923
589250
248746
462745
419519
175053
636489
215351
841653
684223
100114
903571
825316
568734
590748
45225
672040
538683
967685
625491
256549
233905
439380
399399
75854
480174
901570
825923
171095
427691
15694
795697
470203
509706
795787
72750
136318
579200
597223
728150
813252
146884
640518
194505
997571
159154
934233
813853
198211
209129
49029
442281
357402
844323
663054
124765
580084
999789
581666
387989
378810
541836
78014
247794
24335
570863
321440
775387
425179
62645
413588
219751
355332
956481
479778
898540
682492
204795
761124
801207
912358
410928
162306
943540
652391
82093
184998
54510
167781
494468
245296
351884
131200
735646
319031
490363
739961
381787
532780
275401
654735
460608
989122
436212
807923
824152
557320
408776
280116
289398
974570
560341
931234
910795
102103
803386
371823
8172
918661
234957
158932
392271
796368
298423
194803
278717
309564
627321
350768
797766
418315
577088
447306
63552
867444
384670
995555
399730
89795
730327
915356
270608
708830
963917
563594
363294
758982
404041
214507
922968
486262
416321
324269
40918
620148
351658
77351
611564
804486
708652
852441
156511
393615
270613
19462
451051
653125
400690
802301
599385
451084
701431
553378
144189
299759
107255
152733
724813
585550
402111
753183
641850
38550
112402
399990
126694
684039
89407
977761
689148
510340
314607
369716
98851
798015
719832
7515
727614
867151
789531
376960
46119
932339
376458
296236
375763
288881
871163
348438
241525
798737
40777
324028
174662
849605
317986
78854
271067
989191
104419
279043
135290
821396
784149
564498
174505
267760
836108
727950
807386
632290
292444
14233
22813
706800
809451
797984
903316
497406
567555
342908
272656
262490
393472
928385
114715
358837
821705
545702
399202
334698
905746
9804
66734
6538
55734
464078
180196
808681
670142
426991
580543
321221
747403
696538
127596
478435
497150
791363
789463
508859
490549
883789
777479
229541
257537
144831
417791
61676
936639
79311
84846
637264
477378
189601
96174
387154
909696
408924
462829
290262
933004
114655
899167
161289
520178
988026
893393
800828
192357
373022
361139
987028
378436
973489
124173
610253
281848
444653
159535
299112
779717
987089
215690
334505
910272
880824
496776
353050
75559
351477
605717
161742
636219
186553
460146
84291
267432
184714
735458
215733
830159
385738
965694
914566
751385
472811
871621
629709
243203
35217
449262
563954
586661
634289
96157
550891
61135
782040
623710
933243
524367
79810
146563
682168
695785
329442
270870
113922
343272
724358
549817
414300
518935
26689
460225
152550
451068
680302
370060
848182
927129
602513
566878
879036
790961
636019
210598
866386
522266
102275
903335
768088
366503
345380
402781
765428
768483
463752
314023
558837
37937
147188
410343
474010
195953
977151
839431
56213
624534
418603
611463
214633
377940
455407
899881
507494
899649
712893
255487
765123
297678
642015
998195
79586
399748
227515
23769
764135
492555
14939
376379
983294
433085
2047
489435
88855
168410
150988
346913
671305
756052
964025
819610
321690
194122
536970
278360
701758
384807
508096
806776
969151
4968
127986
704014
665762
451641
201940
569527
40362
374970
935161
115758
660639
136410
369194
696140
77026
25502
486411
185112
607471
94940
67633
15169
115311
232674
95945
770412
128011
44005
541020
368608
885632
27523
622760
312107
67923
468266
710198
301964
659960
528258
476214
157389
286243
177440
27710
658434
631284
556438
657873
97372
375903
182105
406403
541404
802813
769550
228945
328625
633949
322618
992201
422895
276768
925898
192999
844346
885500
705427
138418
66069
745301
440209
592454
298164
623528
290131
599003
23917
444210
783840
768398
206792
336206
643775
467496
848354
866605
389805
739669
139039
179804
146557
346902
569184
426321
604814
768330
436700
255000
371041
722951
662452
431544
605110
312981
964169
801704
320902
351576
636856
393584
417755
243060
718906
972730
617296
692665
202603
278217
189510
444158
19855
604690
640687
257101
272576
15092
233295
654456
354083
454293
216161
217520
32200
827334
577738
951304
79262
44134
985613
944532
81546
906990
82447
770439
584781
324875
435565
126344
164514
414521
284920
528744
204411
763523
153130
882822
858892
133468
334213
953997
934012
372876
926891
888598
132464
166131
215209
379461
186310
698863
194496
626653
187814
804491
614342
347997
14397
478946
653507
442587
668114
928179
374062
446070
251677
464150
876687
785114
158938
289071
407336
623699
36635
471338
311694
42819
987039
755842
124189
22116
665170
471951
471860
789139
62605
311694
48630
758295
626156
36125
176439
47177
533114
278258
763919
205235
115028
400353
561659
341132
114478
745074
15213
341144
378885
315613
883074
1151
404819
780449
27536
470094
365160
633300
307818
471991
698695
274019
73484
231568
400456
915468
792700
660307
302911
150494
95682
811029
936672
291231
208030
72642
395836
337470
276411
502472
266227
481276
599786
901145
351643
371525
429734
347168
176422
223182
219319
672978
661629
301494
352794
648893
425169
954353
691017
535660
285563
457131
848631
477772
575012
511495
584332
445180
183499
747392
375985
450638
180309
517070
131478
310132
228591
857294
628963
945798
621046
916613
633503
708568
253523
780420
411858
55624
222099
769137
503129
700003
259894
933988
582912
530620
444752
733352
779001
950241
220401
972338
189974
365088
442888
501899
340930
32446
106886
301303
341155
817004
574844
278347
751188
695506
723849
215493
260511
477430
290568
546101
864381
710496
220105
325851
332283
795938
637957
110687
886933
710282
16255
565430
105740
265046
454370
93663
128662
317043
990715
52400
147930
90236
447213
70107
824079
679640
52524
357720
961986
84105
617750
929258
550812
9524
916183
546262
659946
649413
220537
499740
167329
715122
742899
762401
848308
37114
626279
212572
218631
95440
800256
704638
731435
665187
698541
972586
586547
431837
202788
497021
1980
518160
51812
154511
353196
502726
60210
560228
634441
235652
681995
849224
999657
498938
343899
123848
857546
502319
470744
73392
712004
269962
250797
606806
971695
313434
751248
436355
494070
405595
518165
531767
140736
640519
919110
409012
809873
343623
105075
755370
412124
833958
59076
153867
350725
892024
61738
325857
265838
948224
175153
244326
850367
131594
341782
894727
944953
82053
988052
445711
541758
386037
589039
321050
68685
736607
431889
6078
227965
48308
443825
47936
956614
589623
467331
134843
358911
251455
947696
578928
509050
221882
173696
716396
195631
431724
924330
167393
277358
438532
851835
342171
560941
87040
146139
168449
770854
194714
998040
580684
43221
186592
707578
817086
463099
851268
342488
482250
452932
563564
182732
966437
394386
951465
36464
136639
772418
205700
629054
85253
653655
296432
627782
917739
128778
442049
523447
774722
655464
697033
3337
705228
994432
665863
572554
977321
367565
547546
609209
186249
945786
301681
257905
25223
442348
511241
681672
370759
330834
372307
495426
807911
411069
532014
301498
561707
282713
998311
770159
872295
662250
660065
201098
89205
840244
350099
311993
182451
721474
256218
963572
449441
434777
376945
539212
677345
815476
839538
450123
195533
648031
550215
213987
712766
213791
737072
383439
228320
82916
575036
895006
130697
885549
307247
642507
126303
969819
822631
30056
608059
593064
449660
271120
270054
3938
487202
199619
938148
688221
940508
431168
96975
91711
672942
978948
931140
919121
770706
321867
44849
694426
709173
380836
231365
197536
52577
370616
752932
306856
540550
743152
329608
448605
523985
961691
682961
20646
881375
549634
689279
360375
971013
926897
631234
846032
191019
790509
259467
490242
998128
348429
660425
392307
492108
953110
540421
63598
44041
372133
869159
163225
103313
885501
743848
668167
137358
95730
8030
829673
910618
366114
186887
997202
172041
788395
189378
456169
370182
633576
110911
265883
99768
811092
251098
91877
956030
800729
913428
479986
711478
347437
861501
955844
462279
411819
834442
657218
352878
674141
530359
4599
256500
662436
10328
847378
842451
112315
312363
896005
300710
214935
444557
786489
23352
742255
67280
766062
228142
748618
346701
838640
402839
330287
15813
990966
914335
931493
180218
298110
934420
745554
353026
209464
982824
330127
791136
757932
888027
167468
480402
638704
98848
880406
430379
414420
45937
172333
388909
277525
86839
120614
585682
783984
933566
115356
274100
329914
208366
58301
257030
567132
492759
50405
103594
206762
369791
636914
266462
353716
761923
609567
111506
469567
193433
779031
744176
902377
471085
436573
705028
727995
141882
759399
213612
861835
504426
61355
979591
253389
485905
77892
53248
969483
335590
235814
418744
306739
313651
725645
610960
101619
876597
145371
449346
352010
762493
936281
151053
672688
398726
886807
606755
177302
581482
379274
653130
863432
347874
274681
263822
719826
378956
400795
736009
950599
601201
897146
478168
925649
764363
766671
216031
3566
906682
939090
770931
59364
269715
740470
540058
755087
48318
665414
297862
92815
237821
247861
934970
637245
574390
838617
392082
590203
311277
82599
828973
449594
957576
150886
559095
583620
348500
891629
748729
61192
235143
125181
185929
188687
394251
323345
443053
167913
948119
685863
357288
53358
174064
788513
19695
380669
832173
455460
901275
260326
862675
305822
864219
771556
963309
285831
663108
36857
218029
687225
972585
757928
754499
148241
951469
431554
262943
5683
512472
877852
460806
200953
194853
696083
608367
476634
37249
332828
99081
831437
867833
665871
860695
610186
652275
522671
458766
456529
739224
342977
921428
844549
31337
544080
150229
630052
487329
825020
375881
865738
978720
819966
470747
638566
694291
203393
405773
252393
275378
424003
850575
390281
19251
43459
375209
525780
601206
658411
139908
962406
528970
949876
387016
220948
682625
686905
961503
144368
582220
648163
734063
978352
113972
467803
865157
728128
177294
320525
530554
677284
333386
96394
968163
633321
55032
57030
805494
20832
913557
211454
598921
274671
531702
927232
760192
436274
968599
816460
118064
89315
16177
164462
353743
582884
500120
465451
225545
785738
692217
887765
488464
331648
906278
119111
591730
162930
873375
309593
349812
919472
639364
9624
50664
441309
151569
182658
759977
64245
567979
294656
765601
123432
876344
105392
78751
508678
850028
469582
795565
480538
247240
914975
918638
980960
194386
105830
363297
3740
755488
677726
657797
103145
786914
456235
424928
878654
520893
220624
221252
528855
682211
740434
933703
117414
372412
806351
942117
572282
937074
185979
519562
509077
892960
532500
926306
669621
758545
949644
840849
138114
88395
547270
954172
778837
205973
118996
14157
437115
484982
916994
818830
917813
820519
245543
746421
277465
303620
862494
223891
167234
539066
819233
324781
669512
2422
401318
211640
50414
633862
745721
235113
338405
255916
511161
37041
281414
320193
264195
149720
922763
440510
334359
627823
327145
866642
788681
701097
479664
659463
482497
549851
127501
443488
617872
558622
41247
509541
598113
437789
611957
366125
114415
431589
618961
330450
22718
691938
942389
766685
262163
615813
70760
150067
669415
565449
606194
217876
786249
76197
803435
493035
757058
311667
82648
899472
53762
55564
597846
672594
677762
347680
338421
844969
960537
547692
495545
925029
2182
534555
800262
576483
323049
23591
805543
183914
878720
482433
27779
247499
319361
290696
831247
704328
714512
587146
37803
328144
910942
183734
878878
498152
211531
114466
185268
205815
453660
149867
808437
258067
179577
731770
563073
761996
980833
478771
993031
175526
730265
635058
107600
129813
849995
132605
316839
638203
838719
120226
377308
371205
937705
787426
961706
953791
850642
635415
557251
460912
17101
705897
533671
796460
435395
86758
181962
601028
177699
340110
581659
231322
250267
750517
619996
216356
44005
381964
599383
41732
730765
621318
875529
453763
136383
663812
693609
539611
300272
842666
8150
68267
909617
107015
67095
191307
969261
962876
620850
638351
72781
255533
554245
274534
985548
795234
771956
688491
820872
669442
591830
366568
342
700550
214624
485355
198902
213256
414051
976661
67557
311930
800443
996960
804355
664715
733041
785476
957380
128015
91167
596247
659155
326813
329324
663670
979059
647910
11778
310415
803573
63633
918114
776066
320826
714149
396206
687388
658859
985470
241470
717853
14857
384861
562909
774529
245772
69547
431179
703513
19511
443740
777801
178301
337613
897369
415323
442196
964311
225565
357259
253389
790617
438172
67810
17162
969454
260550
563499
796664
596401
806545
690717
375720
449137
658761
310680
686670
512528
538775
538711
882719
35880
775729
381051
119862
770516
348082
445871
727176
821678
253367
868696
690273
809962
30728
827836
23693
520909
406801
473050
567872
784566
853694
388420
253008
562475
971685
679840
172062
215163
320795
909500
279803
525994
229402
987419
395607
100248
540590
24458
28473
108870
990250
478281
6780
884288
217058
912503
664146
496471
299663
426094
517701
117568
565492
392783
366912
432305
98235
692234
515791
635728
496099
366025
600855
523141
654873
445503
97173
548917
534637
336047
278839
413858
746798
674765
244474
322963
229752
511042
725336
747303
886040
678873
567884
994780
997059
760668
585407
137539
883918
809256
706990
348066
860221
622640
182759
548489
7174
424196
463050
433691
526766
794319
730270
447562
702449
252692
208161
423452
574413
935474
967645
897136
873097
269755
971481
764644
904700
490005
265763
692022
726905
423658
108489
644207
482491
58799
719392
815678
699094
724187
853607
938167
773092
311560
504960
925041
421393
75025
88757
282141
725537
676908
714167
984450
717710
580442
520993
202260
779042
92187
802405
535886
708610
58439
189643
137378
51955
369927
977440
598193
53649
301413
682748
243988
43645
65198
177260
595245
240240
587070
543837
989142
732735
346034
687123
925987
152377
136676
926302
466691
243745
214018
350616
130000
200400
447031
531278
150317
191039
648905
631496
76261
397806
574225
366549
139513
777838
586342
204000
672203
307555
166364
944162
835103
241765
52802
108010
110670
381561
45988
774760
461637
939489
548820
667394
830227
768517
17177
744536
637447
67904
823193
358137
800813
734409
377869
936863
379153
724935
860503
530672
175426
809177
34315
574569
943840
786383
254454
936233
608302
68579
743132
630266
721492
215237
357739
200449
363330
877915
656753
820850
375558
576159
455382
695818
569653
543132
323104
17349
119804
382510
65028
94723
326530
827441
892334
16669
785144
423534
474203
667800
171539
262926
456925
888630
408369
437757
939471
683281
965939
192467
798829
196000
636334
463235
960281
698629
692604
17448
323157
721781
193370
652525
221360
97209
851244
307472
173524
461543
271829
628887
6962
536037
394530
589566
513365
507531
752322
294074
570509
12915
461469
436910
998898
243389
607260
907352
25492
499810
817870
828367
423214
954930
510073
458619
289440
961088
86556
893756
617045
237272
437047
713041
761446
797440
730764
96540
177863
770340
91711
191313
448064
273390
687175
307441
139833
22998
329286
171269
444572
677145
988889
675510
671518
468610
282212
242878
173702
634673
791313
340120
366349
968608
786976
425380
172607
831533
225719
159470
488197
448547
431927
135444
306528
984765
639528
299397
244082
963018
475586
247500
124565
571690
751884
444516
936497
785817
640144
762453
421052
581199
103141
194139
92875
855388
526925
809258
477466
975561
263445
249247
454776
509223
355285
193825
351896
221763
393760
856557
92578
346879
380204
208749
856353
858725
733327
130348
915069
248918
597137
864773
285619
912180
191989
769207
340190
741439
712534
912094
740168
905219
634604
961371
345777
926376
547863
487427
716361
632906
890759
395199
922563
109575
3270
520730
579468
209524
914492
881860
299522
859269
617927
91889
652294
421587
87062
30837
241201
83529
293399
815965
967637
901194
873021
693763
660824
532070
347651
760414
372983
225196
839533
658953
225590
272809
413368
168383
830983
771711
658210
935361
874809
84593
281834
885419
319743
19794
481030
850635
472255
790193
301227
268515
367543
741718
440079
845957
316876
359090
558799
956289
158893
653977
256934
920287
303163
739279
220035
60383
779447
101525
942605
678803
516807
146749
337237
741020
163311
208591
166791
305454
39513
677173
833090
898234
68934
764617
946515
708649
780088
125519
956687
84551
80605
395546
912141
709582
216182
147532
188530
964459
911694
665896
501506
139906
111852
551161
989459
835951
648490
431291
428601
570935
913625
150932
71068
853474
136338
895782
924337
893445
95146
418020
411759
557027
806204
458705
669039
593738
558386
610415
157578
626843
241642
241941
598047
141340
450434
272640
890742
24974
646260
465861
624805
986019
123817
104728
159328
56745
635671
427452
390919
161081
734313
953619
726220
368245
504702
349046
116976
429433
761552
937274
394223
661498
740935
748850
626466
355390
897197
744979
739693
592234
352170
154940
982091
71439
445019
818355
859529
419541
473030
589094
846452
706333
194010
600346
715203
427043
767018
996140
109602
452758
998501
38262
770099
264246
792509
188821
587278
485882
933262
405947
915011
109617
705711
144960
502375
85573
354632
128071
812250
364155
849050
475467
463394
132823
621846
952721
971994
976258
838706
298697
711066
59951
764238
829729
208336
964089
286367
767885
226523
338984
78706
599964
706138
146409
829099
804240
487693
579687
856108
968710
241659
979370
96008
223733
445491
621955
364402
956866
186516
699768
128373
215819
195962
7502
606817
693414
144889
20507
720527
377682
991789
684166
4940
666710
316987
108931
570669
368380
330952
62886
149053
352828
864155
394863
481065
279198
601170
903435
265007
904058
314625
802241
454887
356562
849901
357465
20767
804981
444992
982347
538626
91123
458710
374646
541640
203469
153207
291730
222702
179499
661284
46489
830809
147418
432922
490812
328389
700266
709473
376124
454307
674309
379618
24331
421110
31643
908287
814961
191925
663156
2240
656349
763265
657797
515119
650258
540174
670285
956247
372001
681222
712854
752799
256630
117860
220842
682010
480331
27648
224023
86202
31058
660766
791920
370925
610471
411784
261759
708543
841273
276117
43718
577708
166204
518877
675753
783983
4384
322157
955714
419491
448562
722589
608928
975879
894606
857144
873401
408815
849294
548040
159065
379064
304902
375329
890071
202153
251977
939359
477430
162389
543357
654708
152197
190014
254954
822170
785457
294483
331349
898522
451262
57426
169334
705509
901825
433130
92118
251645
93542
175007
163714
628913
656367
992164
455191
903547
92562
889335
89320
394253
794693
885380
114999
284853
870514
826498
99709
543772
618700
45708
118531
622602
346966
369514
147502
527475
517782
257634
333298
996095
593730
223047
134132
976512
277238
372645
77554
6540
836911
943428
209432
796476
953816
660691
193042
643086
708057
228242
399985
151036
571093
152468
120115
735196
838377
377277
733586
325562
324556
971473
888794
261759
712606
763815
43322
267006
78170
737337
786501
716952
903580
347752
36101
145951
590794
721896
743857
465248
402632
835881
270168
435142
223571
416541
600260
690845
961295
701941
862480
221734
345415
319245
644547
238492
821610
322010
735889
970789
190087
914901
699005
997004
817189
200406
163742
979659
219673
53322
27839
312813
281880
779065
195800
679595
761468
184879
51182
590066
883780
58927
864496
546200
725962
45223
632496
817682
264920
5916
979726
541040
773326
145883
302062
656697
50068
423594
674897
732843
438891
559828
113041
984751
449579
461795
134117
770445
554174
916535
695517
267419
623348
234482
208914
127465
350799
758784
475913
463714
662745
521749
29595
517153
420472
964039
711327
277225
268381
807144
357274
75106
512881
815049
627222
925749
39581
264389
288363
609663
973962
757414
679548
87319
309972
438783
389790
882959
35563
690667
728720
299377
664272
406807
585860
596704
510537
972210
472748
673619
681480
161982
759135
779492
775417
549162
205222
356252
285696
578218
481455
640444
397591
152840
746740
43453
204413
514504
166348
290868
915808
121579
404739
392663
123019
761313
312025
653167
669828
198364
865314
297000
968856
850128
682367
995161
221563
419080
366207
500080
783512
59908
19804
391030
229474
829283
188937
599067
475530
846469
811796
456561
843581
311380
991228
497601
371754
913478
142280
292037
104937
462479
68340
274053
180699
585297
23513
298447
702650
909500
559843
21891
226821
545794
172166
682651
395985
256886
96516
662245
998814
704938
500925
445159
451092
165060
511903
650332
769830
288253
899039
662667
357368
654207
859189
915798
996022
89412
203949
665817
218468
796698
406089
93219
666059
320117
80117
43689
292755
296619
154173
144283
944796
435517
890373
511649
590033
90741
806394
117940
881779
884240
123895
542267
962894
537909
381241
162928
901256
625727
462319
820019
595730
788265
299683
868692
267283
203479
958458
558036
643181
683014
618652
747563
455419
293583
493495
625448
907374
62002
902560
212466
199639
479103
680423
39083
789286
9510
112488
95755
947454
84434
157926
436565
557214
361058
411730
34442
593223
75087
965645
810830
819054
103094
23634
736839
987043
870610
975959
203627
166218
661584
684252
335594
340901
451352
159092
732670
757685
489299
585028
71282
804773
945263
88595
794558
807700
189467
918861
251127
243008
699870
650620
134501
444205
421142
675710
55883
362113
410460
306047
665479
941004
207438
790741
693509
994417
496141
708654
603174
492147
764870
4647
723818
483586
737618
576212
711125
673672
148015
99578
291464
807305
47581
252366
94538
638695
841361
968331
603583
167084
216069
747936
76553
662466
164342
87475
717564
808297
901646
759165
624687
279355
575342
94735
440354
384744
88099
995733
33458
6815
424753
70037
874565
666752
544218
912363
852807
137605
209068
308523
490755
823641
199775
468935
235634
647326
213578
181130
237784
624483
327723
46492
419778
719786
245119
967647
47288
209931
569440
541669
418368
109605
78423
180492
545878
858443
163720
611238
438469
174774
761850
493469
767538
575051
973669
830703
138193
104603
743274
134699
648192
109397
365063
658548
227790
473150
547710
872184
521165
16470
558544
681895
538139
217937
603071
545883
682344
708486
979211
949445
527750
959878
466233
283798
157117
186291
252527
671038
661042
602943
403250
886157
448592
970371
423874
19280
472043
810154
395379
606915
862797
906084
991261
803221
601380
332449
782329
932790
189894
646914
771593
767152
477564
473569
474378
397784
797155
528039
925066
749711
843417
26452
656488
610520
819657
393143
384783
963722
226454
114966
819590
61937
643746
744026
116556
45341
576077
563199
917948
734859
466367
725322
153498
376410
501226
103903
557436
7519
962037
625849
464055
294204
132993
545517
895655
522939
774688
752444
501239
902196
426251
21499
140802
669850
249030
872676
410043
262205
568211
934676
916546
836729
561046
517049
639499
249487
985987
318858
490553
867225
696027
211716
475670
33497
427363
712451
421376
810563
655024
629363
122702
118885
111895
833249
237950
157004
696396
456132
743182
237900
250163
993855
278972
196665
858564
894199
857420
430188
518668
116441
854016
501409
877836
665752
662739
129585
794923
212513
669585
866358
540355
971791
498240
55936
957414
31182
364273
826139
606938
162402
540278
249358
258585
255750
515298
667665
576887
182539
394149
939161
537036
181010
272095
797377
697338
154954
945835
643892
46080
138260
849155
686016
863367
227885
71209
102758
257041
776382
105931
373954
347061
570170
550649
521659
3860
78021
288813
252812
319309
678915
727061
288140
202608
387674
913588
156301
706056
918353
763767
145445
593745
47272
49476
963313
470041
750773
705267
654198
690597
875646
697602
740401
345838
933430
813106
449731
611335
254284
884705
839852
990464
716913
135099
567307
802425
515309
267428
928011
428278
700468
263797
971710
723259
91692
854362
775398
977468
569337
355263
117989
592296
488636
557963
390783
461066
416541
932786
904030
135802
552716
467246
285146
993378
259945
29451
166548
616096
164293
109909
511295
616352
946299
523137
862044
765320
754064
647417
184037
53786
798067
656380
909807
327904
61492
9644
754130
920545
226482
904617
345602
497074
565777
610973
495834
532705
981428
679257
434621
626042
310257
900092
623990
626475
575233
812328
114291
350124
150827
142260
180076
568978
758789
383621
675435
529419
291232
606089
274078
718889
579284
914917
206670
292668
116676
615606
219912
634811
511701
2819
164494
81233
554624
147219
976329
283397
813352
794222
399929
59416
782457
906693
115979
230690
550251
278268
613021
369099
180239
313550
12768
869054
691519
303370
266124
771935
894635
295312
368965
649315
767320
22322
254659
92123
806722
864932
163705
636942
638857
643303
156036
800433
537077
732181
185904
663202
68907
42937
963980
843978
938500
360703
746608
667191
358125
183074
563477
633794
256996
739769
163952
569929
389456
23987
760607
28613
846575
729859
321598
763296
738087
344219
23198
744402
579749
8797
806214
111280
81043
734884
335576
227462
223088
771366
798158
67389
289182
841553
332683
493827
28727
246091
897842
835945
253829
841545
454384
78037
893028
954378
74904
802174
602339
124099
546668
459049
582459
184782
276847
731431
690109
429565
842097
99513
717641
337032
910830
195941
562738
773854
669321
839570
471132
439402
342063
615415
229462
336117
526895
76837
79625
151872
389970
21571
55817
483482
697847
655474
57391
677686
472398
79545
183741
595178
173026
616537
265948
779371
451114
313905
124422
390740
752353
311257
328634
614894
933712
774289
960157
807482
641804
700763
529922
628429
838097
661322
155786
248013
243295
249935
797355
642777
60599
134314
333630
114175
749414
161568
199175
183680
925185
916127
925827
994884
140567
784193
965124
913718
569096
958345
180554
816539
429600
364665
957444
377672
142396
700372
44054
618891
391888
428103
319176
991557
194194
666522
718258
808879
340520
83684
853309
921571
491656
42767
166654
929393
95838
37219
708180
223413
864425
551288
15203
590220
940423
579199
19433
761843
270230
576830
562898
533754
589356
432496
763910
282067
912829
769807
768400
655656
667916
584546
213547
542961
987919
566290
910749
444784
816752
640534
189274
787942
409530
731785
824682
342556
301969
351601
136701
909686
129982
935116
499619
522457
772847
968733
375231
224146
581537
711122
525514
44512
127229
540297
326280
390304
534517
971275
388702
74967
813145
983520
317806
472432
68277
507216
993821
516360
902436
367298
191747
390092
718346
7079
392856
15923
79789
447726
790796
268573
518976
343421
824438
673227
964250
15489
243172
780903
446521
269243
334720
453503
345885
461033
970628
594028
765486
660238
950199
217325
767657
167436
909700
316349
470252
413473
173646
388135
743053
12771
887185
388730
555842
586111
143222
463655
964556
780915
834735
444653
500309
959843
391242
562053
73706
67980
268684
160288
889586
834517
351729
957035
954918
756988
194294
135363
596159
134519
530925
946115
956180
19120
113420
591776
971346
556109
721360
541876
764266
759157
906496
280614
108140
812186
199297
761527
199155
154054
402678
446290
413565
300579
778587
854144
2995
97777
789998
934030
870780
10214
110564
494190
646340
722455
715001
749081
199220
86780
480794
313271
79091
569617
359501
852912
498052
563232
709369
502280
26128
459746
951959
315985
931483
522563
620016
598335
917785
444461
135923
904760
369985
375650
30210
305382
571209
698445
564972
54524
738653
628114
794322
303680
723140
596216
516690
630618
913705
494300
304550
548731
941185
959834
253391
46792
387225
684881
613783
247139
887424
994097
989056
426852
726989
280393
299805
528737
301032
693543
851403
674115
574948
469224
700756
270328
128518
523521
889472
508145
961744
985299
543311
159974
333937
960289
811830
728529
921212
473083
284459
751812
339893
972375
397368
845255
74189
607260
340171
547965
775412
432558
825164
413499
202770
627577
899055
351259
395854
322070
998411
209842
981752
938987
405521
974067
832178
854861
21512
347207
193546
232977
729701
373490
325639
986361
509499
99094
729625
985245
180933
720331
415360
355746
515961
28734
555633
384404
822702
272182
948214
975157
361449
801855
802543
316538
8619
583615
408655
770010
191945
910559
544280
402336
669240
342481
996934
882173
348562
263347
833235
493685
715846
414102
55022
949771
820930
691540
753156
287073
122731
319653
935722
555931
663069
565297
414847
622051
948552
37863
363669
674539
326521
960895
609526
181404
944053
25258
404649
341055
511370
157622
696658
77127
979721
381313
72229
556560
652957
278255
491835
712715
321408
327577
569111
660572
701194
467291
773266
365857
329527
986935
118195
472479
699006
568928
670488
292819
472677
98015
562297
471184
199015
704946
214807
801078
113048
839057
186883
85841
87961
141420
518922
228139
728205
790708
37214
742680
194972
112031
39080
373581
173026
965595
55889
419706
322578
40457
990333
700634
229469
130589
644788
855574
934291
708273
287832
360017
889808
969094
342097
326834
128005
744791
444464
400334
893830
264927
379085
415591
916967
541725
245362
814228
397951
271886
698498
780433
826492
440199
566266
876829
641183
202629
241817
475123
849683
614898
779444
815044
469783
213328
256828
270366
891131
521699
616519
52725
822631
827687
346583
321034
809249
442773
457528
535458
393588
846260
868962
645992
408873
497456
887904
565601
787307
137925
19908
324782
284812
947025
572300
361921
699326
950226
969291
869786
451621
20347
504424
152699
658862
641493
100670
778358
433564
473216
922372
520357
202296
322249
111389
290813
860331
517983
875038
249495
307192
547518
844387
819585
903783
791071
231992
117567
705331
272101
171025
678431
923410
337133
539930
448722
959632
76050
600212
246909
397526
679241
163625
434651
664986
479177
272999
150366
770876
222822
774641
340473
872842
719450
386344
207455
121160
479363
632520
907623
548807
6184
840324
679262
210457
471200
371926
626573
205405
999489
600271
419729
757356
365443
520408
466895
990624
395759
687061
861528
600749
715621
848500
118384
414053
667751
885067
892164
947919
819178
4073
102207
182612
820558
182497
638310
417321
969174
815733
432400
677669
353743
103528
210163
67200
382520
730390
774275
451986
416263
814077
984589
702758
359690
709396
847022
844806
587799
526490
16403
808288
116080
140115
258812
415108
46968
250388
920948
295113
237039
417286
963622
309919
487628
304381
910515
907365
49704
116164
286662
558114
708023
308281
887924
158685
252803
123095
350129
207131
215877
834914
776105
554356
341964
19667
804608
536696
549880
276194
640775
670906
187897
242471
490907
205806
119175
248048
472409
5423
963236
684741
504125
86024
414942
483931
795648
145864
957718
510217
856066
35668
859338
750043
699404
89534
198581
242969
396363
386684
969560
598538
990573
131906
662513
959652
104821
264656
100227
580759
190436
662115
584196
707412
962831
576299
551389
35699
296100
860771
878578
245262
904945
578531
762406
167436
335075
294240
478277
565450
495433
83210
895666
860841
804299
560494
550827
536577
81435
858461
459389
812220
851929
753939
110927
366112
40506
341149
215121
92667
985288
272782
791520
120633
285365
17544
935740
567038
364723
694678
648709
51664
490224
597118
106229
233857
146248
1870
133828
393249
523570
884789
350775
59032
814015
228165
851742
843073
672297
47941
148132
226132
619161
877425
565010
318807
226483
419793
547639
908602
970472
933043
677587
390699
243009
925767
709959
701120
191894
54251
103411
749498
869052
649889
46169
659178
886231
260369
561246
66731
33173
445442
455010
660925
255322
788793
620853
651107
633938
900804
443132
530387
390880
751643
347803
504021
730768
647523
571226
528197
933014
666555
720138
376918
783346
736185
189676
554707
951508
147615
290081
976175
613755
159311
125615
366886
218922
28812
639039
565685
35144
29276
89894
58448
39663
832842
706746
996301
696281
459182
345738
213865
603943
96081
152581
419701
847480
894563
855485
908671
897436
442262
488930
219173
75413
99805
520996
62802
183022
113026
635578
603780
187223
551696
395631
93234
732252
64661
980227
222980
2329
11031
247753
730836
549274
187922
989956
112470
71961
414874
50321
445089
243769
465023
251497
536825
967093
76369
144058
665477
451406
470690
794808
468767
734187
272966
372790
707454
597964
250859
443474
75080
781074
279958
624245
976986
610001
651653
872551
670398
692366
568089
468434
732067
961069
890247
213966
991814
346880
679052
187516
640727
221229
485721
465052
141777
522740
569374
71785
279046
920223
95398
815425
482449
80006
809888
446255
794817
60966
432332
308965
498441
222639
859983
877024
180015
333110
238789
987132
212118
806451
181732
933954
141085
805238
542592
169239
638327
129117
323704
885771
309327
512135
619473
248380
840528
299392
630567
464645
359600
606351
755829
227527
815201
519241
827296
42406
275328
346275
339252
612563
642514
699008
856707
654980
274474
799351
398416
563030
41139
834168
388428
846127
31820
105454
860646
113348
67631
112929
7424
361415
848609
934261
424323
831058
681973
35829
23293
788613
233500
779684
466149
986220
393861
889880
711653
670183
58891
348872
503969
149976
974528
200188
710844
252078
752105
637800
954759
470494
174576
469226
454500
860878
583855
325818
742742
367698
50585
610323
256152
925871
812673
869564
499489
662542
155729
628564
49954
155317
849513
977893
141911
434163
859591
193719
640742
116225
852382
965204
826274
250037
850386
303688
763982
247986
859701
550883
373121
857027
823251
625583
323883
123886
446971
531611
480968
833837
297931
836132
911106
777758
372146
986815
549222
711711
413861
201526
154830
748030
569841
895393
670931
815385
458982
673056
481238
708663
426402
558871
842642
6008
741687
487569
267583
258799
705644
608940
520133
265266
405205
96020
425700
627865
296829
673879
70315
724730
135549
590676
254103
718068
751650
394703
87382
55732
974733
636174
857121
298181
370294
339942
680159
392582
666714
895153
28840
278288
741201
442802
406565
809300
760215
354001
423692
925519
343014
714043
612417
736719
364820
227400
876649
458749
59384
381576
58364
512787
677699
468697
857804
117707
773271
551510
419816
725845
33456
870285
997618
923047
277388
937976
137745
387919
900336
213720
893805
906476
267379
280268
202488
590137
96606
793351
179832
486426
626251
534851
652069
516696
472796
604418
289774
115853
239922
21544
715403
157084
189432
400417
328837
289563
699129
825848
631772
978152
964842
701575
466874
897402
428150
974984
877466
201774
128774
569153
76264
410090
783990
13019
443789
520765
731535
169951
584753
434226
98417
837054
196377
755834
868481
703685
159193
653567
404480
605202
661177
577259
524566
32417
778474
102003
641127
271365
753575
842398
874594
292523
70637
217530
317063
661476
53861
52842
447281
729634
159869
312452
334362
675408
895325
52010
125268
262619
559069
883713
655959
966398
850187
808670
193907
930828
457971
711234
687768
903164
93695
862098
608189
222228
581499
24267
380339
610931
800427
582790
108552
953239
915510
269224
584836
169622
443073
91065
543522
22431
125309
886548
869755
716404
766116
620479
704426
705655
884724
454227
487901
490053
706115
859751
53619
939890
922600
834933
514790
108393
981075
247547
550123
134263
323494
217400
136063
789273
643040
815988
442639
144548
246043
787629
41863
817618
264144
791467
345953
236506
484461
709132
757464
568100
563563
227975
28347
609114
177708
52397
54930
80324
760859
810878
930652
713389
491255
731765
749304
886601
392970
969471
579279
814110
952956
239893
195337
853640
445846
781299
957256
495443
136697
742795
569145
914309
345880
966652
57798
100272
612820
892638
871437
465082
414305
182080
43396
720995
467031
251219
447158
283136
460228
116445
91336
747785
552599
484622
791438
18765
841466
533924
896339
168788
373096
283340
124320
646807
212886
473618
642971
733366
630569
274151
653302
981493
183315
554732
907113
713959
964953
985337
130855
27751
384507
724041
933682
577622
959987
986418
677265
542410
146184
99295
196102
309951
816002
980571
755477
873496
546691
463584
567538
191166
364676
267815
967622
823395
35451
756830
157807
855695
786317
212698
394382
966250
309957
853300
13083
506671
813946
626314
535637
156047
922677
4555
503120
82158
131661
243620
54374
528952
115562
326134
432738
395152
503974
993372
217722
730204
934075
64641
207642
490985
241601
524811
584455
622007
819625
866304
691118
368615
27765
741970
722604
745263
154430
986845
901186
605687
132354
159211
636324
985041
380400
605373
879707
540805
729440
267544
969891
466070
258851
953118
450776
289179
345394
42488
577738
980567
132669
519946
708863
526881
430462
622744
198841
844046
359850
894684
687558
793439
183972
501152
618331
385132
935586
544372
173384
985566
309266
446071
651069
512191
379846
373685
155604
123417
614397
827349
206270
876309
46350
74545
257747
426946
488274
391011
151950
674601
454246
882503
549412
816134
33912
733564
753070
582294
79813
983765
543398
698926
923713
872809
621748
780558
728885
606781
575477
825720
761309
369437
224807
288655
56947
242311
105593
516489
554829
125180
199325
996538
940712
519439
947581
131908
126590
115946
653050
148397
733302
643936
75930
229353
491290
432569
838742
473343
57296
471619
916428
379887
848452
886388
560968
817634
259038
651483
803603
952064
87326
808700
378724
986846
760167
617961
735291
406195
71560
561965
249456
378478
591158
627127
181147
463392
150188
339955
360619
598078
613480
54107
199556
346226
165524
702033
130888
79285
12488
787571
402007
60269
410044
479679
955018
343076
196935
507921
29970
41262
93101
798256
115112
124798
896513
567304
238059
458035
644924
156824
624794
423111
113273
365603
425768
744579
304310
76718
322468
260389
549226
306125
283790
958231
669998
145716
62313
942721
234320
370307
464007
142052
471407
406391
189372
894410
560895
455889
126934
444516
49812
930119
377046
251408
109492
335022
195713
325415
473623
36728
726666
161487
519466
375448
506404
384081
548273
10383
471620
183535
552266
335285
609155
531436
567535
784327
848597
623724
304916
837015
149709
931493
825276
28857
896669
489448
28053
39771
821582
375142
911466
194299
972962
883895
771663
447055
930671
541171
981349
758793
930860
390631
850680
627135
166255
385842
378380
267275
212163
472581
259899
563888
828639
786278
470020
824149
124148
694972
510018
519714
259899
334251
959105
769611
522513
348845
641608
702298
245191
156494
206794
386242
106543
173693
149578
308831
39232
477864
709454
236118
900788
585712
390501
268126
460759
769767
27201
472446
547743
129388
382040
852739
81604
895502
787957
453641
690506
700315
741314
310020
129443
250908
357936
548282
155395
422112
868924
230543
24400
99206
387883
660932
503843
994959
480424
652484
198091
82194
904658
95056
101769
837827
46859
848470
38764
199782
265409
74401
867329
632916
283016
541785
943976
175645
594774
727151
883450
968617
380888
279671
614554
522350
499854
988523
152256
206920
236586
883503
164690
857390
448167
981319
243752
638670
543783
98865
598942
309172
147822
595118
715902
471303
110732
92945
171039
683806
559686
710447
343223
479078
768614
904004
514920
63319
632366
731864
680156
465577
597599
94900
557555
304357
750560
839096
532268
472154
901685
297779
377719
694449
811351
175969
147344
704977
656995
713681
543211
261244
812279
211388
868581
492359
519955
590345
938134
311498
62051
196208
752994
648542
927882
974799
460493
9615
796724
257285
156649
648036
24505
661882
609634
664492
299883
243443
689525
650885
533065
870948
683910
60579
550116
990619
574890
797277
156781
731237
605601
841316
714758
712239
750690
592254
98917
72396
874399
881908
484396
476713
688985
432572
688251
469002
47015
587021
36093
712271
983017
217765
890953
307706
574939
926438
598845
173775
121696
804871
8817
981537
755827
565811
196514
815164
225080
475136
899976
809678
753421
568968
333230
307994
149037
429140
767482
871103
984681
124566
785523
7901
185187
752888
256670
114561
31659
785991
634609
921711
439036
247426
875911
206406
341060
38588
905054
605110
870771
381007
126762
43712
629596
578273
493763
381633
669133
944863
527393
604194
499444
192010
470858
771460
166023
91441
792090
44601
336160
763065
815085
963845
231205
784501
379056
383743
321495
630532
405026
642125
705626
640528
865917
770799
718515
12885
210073
40069
126891
262361
174385
829245
52374
310389
456447
47923
162830
262383
60324
446209
250337
454870
80965
585093
577207
382944
495993
171938
715475
884857
373868
992810
899153
483323
478311
188137
528443
292531
525031
610588
687518
882373
404557
927341
600142
251874
93816
70562
472598
427471
979238
652988
518346
817474
483942
474704
313240
18799
990826
119399
696493
689347
658082
706815
507807
762935
88588
269793
432694
150313
4029
460040
476655
719804
114161
209954
568419
643088
177239
896976
7066
240563
685980
317112
138644
145296
990413
524786
629238
770007
241671
311882
718142
394293
576803
463020
607282
55700
396780
486365
307383
559308
163052
601127
636939
396605
214867
561738
634656
189460
227705
357255
87645
407889
263288
202356
32837
527640
302091
474856
8728
600354
588019
437158
610503
447197
372321
486069
625937
28686
575042
124651
168270
446473
717833
495252
479598
39041
978526
575752
617637
313439
979455
411800
269099
299319
818788
703411
239335
957533
37597
308552
534302
862718
873909
529471
748835
132788
690527
328947
692806
766917
385666
874297
362282
4098
679525
523590
474757
376180
756059
773301
290496
452632
315944
676785
963219
483681
445803
492389
975125
69315
206168
680006
368610
547141
793210
339878
321496
123623
90294
783476
402518
382212
396329
605915
255236
620771
319308
280274
634997
49956
961623
921646
104787
283860
367919
163028
994670
335869
872494
880992
791123
722795
335051
214278
75739
954888
469559
894100
382903
390197
700055
990677
945365
473703
449013
589669
81019
604017
638519
909315
23731
902578
353173
288681
891611
917653
490671
700961
370340
661767
713670
802903
718041
762390
70426
798247
635898
943781
534738
254853
935487
989849
123166
518172
28131
409966
996097
722311
225590
716453
978372
393918
614805
106743
205623
677108
927785
997702
194548
273488
941939
113198
784704
351442
133217
959756
140573
936623
198348
352984
645823
856825
591416
431333
576377
804886
588910
634401
273435
604665
535780
227442
409279
453755
31992
396381
124477
960190
917680
117735
242668
149828
144553
136631
943116
536723
276465
321673
587885
209595
660428
206113
600891
595694
887387
744655
411854
367512
482195
44143
982179
233333
226588
373054
671708
100925
574311
910092
200142
994448
415782
153843
491052
411844
13368
816439
228441
704755
943299
796309
847725
557310
991013
755952
504120
198721
950557
942882
714526
702432
386313
935953
405440
317665
593383
786967
276137
27343
285628
734406
258613
890461
987225
452727
472107
915549
292172
19617
455747
849128
418820
931927
850605
881688
899001
336181
143469
162185
868042
816543
289336
380712
177561
845693
817128
240113
845494
117171
602905
599237
537876
269347
295641
827104
86120
206201
822801
63451
724800
386238
281392
37458
720297
228085
908889
179343
905951
305344
452634
819372
218936
212853
979465
472274
547814
366528
646960
672218
307078
441382
421330
246355
253190
120969
163761
955452
709810
845463
916819
460860
91127
505071
257398
458843
755335
805836
517342
626255
55797
881179
372623
500182
780808
84584
934269
43299
224205
142839
227378
746730
937255
475121
175967
645244
921571
547223
193412
403830
26967
767783
48257
629277
278370
872260
956435
286439
977542
298613
814489
721160
333661
495234
29234
29716
16795
478283
314804
113293
183212
972649
455585
7374
907333
268225
65406
63870
863611
909444
506287
709005
727195
164231
306305
50098
44849
688636
656666
560387
182974
213807
687617
368412
185215
333378
569800
903060
196521
280035
160334
236983
602279
530039
728240
749845
432084
749486
975569
588750
152945
5238
538865
830661
246468
273388
615768
298988
89074
954172
426159
106866
464858
686049
531824
969422
364627
197011
278688
342010
934026
112109
772421
544782
85208
306051
226965
957635
680788
693987
319222
916525
125313
755545
874686
576792
788042
134364
770837
304626
312166
216097
744407
682863
136034
763489
102964
196251
255723
418069
822814
779355
267239
812162
10206
228824
209948
751413
908474
318184
284694
190333
187795
985982
117527
734620
525909
125142
586888
597074
411910
132756
88007
391179
598519
404625
582407
43997
445472
953027
902976
601406
959304
153723
255304
576710
971868
53051
2969
707741
783954
621777
765229
554442
356611
496619
950469
264208
128604
55176
215432
810819
72909
381480
946560
237589
375742
325102
729429
356393
652325
462085
396000
522491
282999
716880
120490
502642
676003
610184
965744
480926
792780
939379
449205
740906
195377
871956
982569
557483
437779
409739
521285
572601
74700
123424
750385
304945
931657
590615
853362
957167
369000
879153
108657
98302
659697
167729
930640
811584
187481
889087
321443
38639
387379
404443
194944
619457
406016
844635
981625
316731
482857
769110
137618
513928
215024
209331
857681
734783
406609
642381
442568
815178
98603
485778
954117
106961
461693
819898
165870
237773
309630
767816
573871
74052
193919
794684
28799
95503
414718
276450
283918
778774
714424
27223
301650
847261
489036
400434
141820
665344
636222
734396
199301
406230
376460
354006
305022
455150
687362
936641
495644
612293
452509
247968
799453
615028
242796
458207
458957
877042
108560
390778
9604
361944
920182
441565
341747
755346
636750
37896
200578
261129
956309
582126
548763
232674
548829
457185
551110
367773
627734
707114
967286
810196
187705
916244
250609
553279
842262
2325
466929
162244
456774
181388
56133
21522
53692
561479
60702
251455
925773
795958
147172
679571
919019
405426
27333
234045
405943
75316
262502
972349
637224
826205
878986
76479
475267
73482
352652
786146
48207
397792
602150
553758
830485
16633
588033
301705
415563
748339
829721
333824
319091
737040
380953
289297
775672
66346
619188
947867
251297
971583
193466
118587
93738
546387
483020
279215
169339
900972
834398
953625
207799
460833
70636
398037
623336
369489
268593
78690
737108
549237
51915
707379
377125
902621
761947
320448
905567
24833
610737
480862
717726
566082
551950
799377
584773
111849
669761
3903
328477
458355
265649
256522
761388
443526
506628
521590
208616
662079
405964
357550
398093
771993
996306
63993
250570
361501
703731
458511
620691
652971
97152
422516
843565
18406
799837
188492
840048
693176
778326
480018
997400
696288
716713
758623
850460
94409
645422
418662
201214
7319
377017
374385
547611
488418
18359
152028
890270
838819
656548
23221
535934
582561
528581
928009
741091
646845
677966
20938
125474
752713
319797
222898
436931
305389
738471
946120
123386
764082
368908
24364
219572
515540
811861
553009
492848
347361
602989
805387
761228
397414
292840
474504
615124
844478
310276
149779
539628
104952
520469
635706
22602
677884
598130
748663
199412
556142
71474
635756
117533
8971
52971
987000
997257
109261
417226
396539
522348
10835
150244
770799
469616
474950
969573
284352
345764
704961
681096
924262
572019
75304
936291
102575
182564
452491
66220
888412
872209
826872
863738
4549
391832
217860
573719
549306
59659
656993
480916
198577
412573
327323
824350
453884
46217
205196
311072
438768
969676
968306
347357
724711
997524
20852
882241
631166
727525
424738
677150
450057
592116
913160
36750
237253
46062
244386
366741
778143
245522
884
649535
382062
793753
459285
841068
150599
944365
99131
92465
836223
172949
594567
666673
402899
17683
484170
147513
899397
218846
245695
721626
410399
46641
268918
702461
807925
385439
542864
357907
739297
783131
129071
819756
666035
633672
140664
556294
953625
23286
772349
182011
335926
412465
506649
925078
992255
425759
612000
491246
49149
182720
576068
159758
490664
135951
19164
201334
668334
307164
24908
392943
516821
363239
419547
578644
942020
33652
996582
806811
40301
843510
713916
551262
183671
546840
443234
29854
322785
14336
375010
235778
43090
648468
310275
373472
302246
519887
773040
863927
523015
860372
274088
148071
228272
289415
517410
855056
107894
587641
962794
454180
571542
188738
91677
796355
900602
932632
349565
440793
95134
18489
345134
85536
850915
550688
253780
260502
738630
416517
914024
765359
553620
837076
634336
633292
448905
631205
438711
34671
655756
746048
741234
637576
757645
207840
498528
729034
640815
457423
594248
820954
236986
939230
756516
532247
245605
868549
831697
411205
831681
340268
11723
66989
31068
843789
869646
366220
562867
94268
613237
298841
408371
79224
928589
473035
258381
825534
658598
835716
686799
758041
411214
54942
923457
155614
908871
300151
539469
823979
366416
469098
81742
574608
328467
681771
73128
947632
23147
220635
606935
136047
45916
955052
529793
185263
182368
710659
50880
956909
547322
568357
839843
586292
57343
570283
44537
200591
302765
519002
447863
76517
474831
871356
42098
865942
550057
259716
735482
949413
393862
558301
419850
640105
180243
592308
177318
667368
951633
843976
766734
250645
675155
718982
686845
261760
878035
547174
39888
373735
289391
474482
439555
347207
758573
114798
192570
462980
245365
852945
969636
934404
994382
66721
201279
391032
411151
814154
545457
400525
219415
311034
32332
620272
365975
755451
221652
779950
483570
13245
645731
85688
368682
117116
210912
448559
559840
672160
515461
938785
365471
259908
858333
710478
958695
91038
61387
841745
233194
962861
151026
818868
538198
225708
693372
674668
198941
228450
901867
579182
194128
770278
119225
185770
900198
288973
686143
220337
475245
875117
4460
823742
926098
170539
745377
7160
186255
907889
815077
350623
912890
667352
913352
959182
890433
710059
166284
753595
186901
32259
289504
674811
753960
467149
99235
356667
331240
297540
601731
839181
429924
579478
777496
333519
890583
220277
645282
169681
26211
539864
289627
472515
223530
489955
981095
658480
247943
103769
791418
159096
929102
600398
689575
159321
872820
458287
750770
869413
526720
434678
758681
92438
966715
743828
936390
311896
85888
756191
203643
970071
534534
482009
571862
395971
467558
502087
574999
855638
264104
616219
757766
933716
228687
487702
556137
306021
901919
967580
211521
774530
568488
141746
441492
29903
112819
626545
780701
633079
613427
24416
546850
618505
434288
604113
774338
782351
491296
490722
982654
77820
869670
603780
804424
50503
933249
351613
384379
893138
549680
736155
622206
210588
193780
223500
528866
576374
435408
558490
990704
83487
258403
652759
200792
777334
812398
325893
559184
469361
905096
637066
211631
196359
656164
749329
1699
132910
605206
376187
404442
423289
615254
976342
553721
794815
974687
563729
942610
580718
79655
299762
464240
36336
269865
856205
750491
394824
924027
905888
92346
492668
820288
824972
711883
416929
379344
353081
411779
134717
987631
998828
763737
417375
726220
233706
278327
818274
596953
558806
848100
414064
84516
967144
59599
761007
964416
994423
722229
613453
930224
932695
248194
789203
705473
305207
815501
860564
411667
820135
196326
642467
151602
503601
825214
283360
502539
535021
863357
311773
92849
730170
209430
390146
364517
8778
242753
135328
304826
873005
92229
126396
80011
275749
189550
238022
807030
234964
282295
853730
807103
890425
365816
340417
125033
887
659972
422964
472
204391
905935
84517
847599
372597
769332
411644
666068
93024
439947
15581
328307
513604
910712
343465
885838
231063
840316
764437
142515
229576
453254
626044
719383
825116
431428
12788
743614
828322
625781
498461
973863
687752
636213
841036
322466
229341
429567
676919
173474
570863
740268
63347
274498
91809
352628
835806
817952
580588
714775
851511
972313
150629
594114
93937
285227
52402
705909
276361
650302
621383
646251
71770
387739
874370
855941
702668
520723
316048
694928
495216
541307
284674
913020
367871
762196
992645
173310
636651
215834
923522
686367
426791
664805
562344
545664
735949
69908
754843
820202
669361
295268
260463
649569
302310
680242
403451
326027
849781
198588
207365
72273
571683
574220
357074
178708
792857
633837
586411
476284
933786
195305
616024
56376
661969
505578
330345
328464
600002
139713
426345
239877
530778
748368
614392
454332
580817
267683
264824
720073
115948
221678
391425
218447
586383
87447
311029
660204
109173
987655
803970
147728
938512
181071
503683
293303
313407
928894
467866
520839
268462
666339
701375
718406
71829
915906
422805
224875
285175
486922
734568
293217
771626
442475
663565
219469
263742
911921
600103
631644
101523
140701
471468
382006
419360
632933
631118
161214
111925
507608
708574
918169
501437
956802
369880
670207
646893
5522
58947
725631
45126
351716
944366
205668
351627
139804
54103
803994
292630
239732
54663
926453
373052
692958
989742
699644
911762
903853
389904
476746
644029
811890
356403
145828
741697
536541
311066
497749
135382
589183
357636
382753
665162
475195
813647
179533
69505
677639
48721
243889
740665
678332
105624
355905
938389
308498
989251
464609
205673
759717
106969
814989
933977
36885
536562
145684
872569
711708
246619
597170
154899
752876
266418
172895
990799
503567
201510
162496
869653
567620
848584
135728
525359
261280
626661
126815
683370
27513
708207
242150
179032
301424
33012
860882
134424
497491
230428
981305
233196
129290
351840
216598
496540
535175
134853
96570
786069
98451
61743
848473
361656
268430
141883
526777
104493
424470
530200
834655
846979
886911
489728
464142
413918
384654
540528
399444
273674
379553
498557
642713
179007
294386
791952
639616
810459
501
842933
782199
172837
166600
946006
606295
632805
215514
731675
618569
779106
354879
379209
467887
122875
68874
303079
169099
610120
567910
768428
300659
483258
109802
74907
420009
691663
60614
65518
491566
846067
123226
652119
666654
731776
672603
193686
315861
366356
78300
141015
829505
882845
415929
556270
422937
502657
427945
556942
379653
263085
989920
442311
78263
246662
968209
285609
207132
395343
847406
933866
533742
844431
641845
677116
198651
350318
981757
500568
725694
92428
641218
19969
306061
636183
262849
729090
667003
985104
574413
339430
509337
37416
41588
97512
387568
998041
870351
278911
172810
208911
937089
549366
547178
133041
930914
23044
133615
749135
837979
732227
744043
91589
982847
628389
597010
429839
334650
625517
650996
138625
441875
435475
703808
734800
448019
690124
316494
310567
568658
205424
304757
21352
700674
141808
63768
423162
659799
524227
118688
525178
745631
723644
25447
22010
343770
116896
50704
859595
871546
539338
961038
886755
373587
962019
740260
861885
163242
165737
757940
653254
732653
738517
591422
160841
888178
408027
521912
551820
81310
904575
800022
980691
82304
857633
780612
359046
432994
507315
507644
13163
940185
130884
805079
649160
968919
226770
470695
763002
82194
946770
71315
124248
926245
630531
925295
674094
746907
557478
128170
399451
47752
997929
721350
203055
661223
468406
825240
780325
426429
238297
333866
256076
332137
783591
823544
623431
496302
97446
594562
407567
653889
96788
164947
582583
427324
783496
7323
783363
617141
466024
617058
83616
81967
393514
394161
7667
556981
915914
118749
909174
138142
803135
604545
615903
196169
502977
686325
173560
992489
970515
109683
716023
989199
557293
589521
453012
706365
983357
224461
161710
775785
371262
606046
284638
444195
111480
18226
497494
841446
543813
461076
660492
391251
128145
189205
873848
656196
760170
76898
75940
78045
835663
570954
183221
206444
984418
498798
923737
355783
948275
688239
279790
483047
146017
194984
622636
797932
806969
45565
974508
192078
116094
829818
391948
336926
339197
404474
240147
167342
611999
763845
346730
361504
45293
879372
891547
410694
262665
455842
303827
813402
228865
837325
159406
504601
775169
529203
636598
960505
44266
851804
601969
188551
157982
779002
95491
794740
9137
775916
991158
379047
35592
975694
367061
238355
149355
414922
20697
542682
597783
13777
740555
608882
896752
62111
747294
634045
705463
679808
277998
935884
461822
380782
177925
308382
296406
993530
66055
560176
119328
489764
859646
185832
588605
399425
849956
365699
974460
449414
320825
556712
972938
297209
14237
36958
299544
100019
318798
696258
535857
529444
433313
255112
80149
3747
107964
329566
132258
228471
80946
502120
585567
418330
666165
371184
862302
626451
430603
406032
230827
15324
187044
155214
890179
665559
568856
66923
930231
136281
726997
115950
750110
192727
867012
875926
420657
947276
554770
949239
536612
172528
680267
691703
766928
919336
354160
613832
187529
316454
763542
150895
886370
991549
684308
528220
793504
798660
813137
158744
342437
425655
702785
232821
602024
665695
263414
398158
580916
144511
938783
609539
44868
156593
73464
633016
435186
681457
994644
790126
410623
669055
562100
152808
207043
612179
291299
379789
29090
79293
199718
490688
958484
562020
189387
964836
486470
226790
508398
830668
92886
877096
177135
195470
142321
84190
485970
459673
473314
117951
353878
484196
920070
365492
662247
408222
147262
918466
603605
162652
177319
650700
654344
415022
285378
286646
998268
908868
766768
185087
436145
892473
820639
868747
54786
413496
814083
430968
639444
975623
112421
902244
243336
401528
387318
478928
133247
926559
851335
712852
254459
567095
868168
967825
425984
619466
110579
926355
339621
750457
500873
110954
605462
489947
725365
788765
464605
938872
765826
869250
699107
765431
235842
326878
11450
554469
119389
347934
149785
586413
925424
859085
930164
751244
392612
785014
540411
151597
590143
224092
578895
340949
213552
315697
158061
143857
500579
326579
780977
840672
420373
242675
897573
534334
628070
571709
332950
826876
181224
367746
144169
925532
544048
3850
108041
571749
457469
368076
991256
405221
719513
485673
423873
90354
159591
404477
518725
681549
573224
883751
651735
737053
296547
596160
250585
880722
135693
470724
222981
635436
122407
111549
193444
781522
516016
28435
400345
241305
607678
685851
174085
8899
315249
160839
508568
598686
980833
659172
938361
724087
278780
238550
696882
80663
530913
378878
726064
986745
586236
926040
98853
531639
644754
782350
702822
115958
410877
166533
394261
720869
343592
745577
581051
840604
641068
626553
220105
387920
364262
214244
993843
889567
969945
966557
137132
351342
283474
585426
210763
918441
970645
23991
765710
820113
250713
22320
715175
910231
302900
959302
521445
358166
451910
376518
638822
561478
442030
631277
333908
282070
663853
581701
150772
692223
116088
573287
927243
839104
650366
262793
366008
490718
152020
507819
880912
925508
979829
575058
177963
197074
888033
334937
298581
439167
828485
778318
283369
122140
806561
552100
757549
440234
480937
344175
440688
284095
992663
588101
668950
397101
361486
746743
416160
905744
956595
606348
79953
769896
797124
378517
604759
772847
505532
897022
567207
209561
586215
186264
916035
50411
176349
256501
560061
218407
640124
270962
765178
997757
383566
109792
413436
18075
632519
253256
562247
705175
862685
793864
244675
398664
965848
402886
999042
495149
127606
971310
853276
845695
93052
311838
727783
43215
265163
404111
379834
898
731371
113605
19794
449721
548203
515845
728571
893057
935107
385505
666266
512295
667587
157389
950778
330367
405040
709579
393009
467248
159844
382707
933037
956952
957042
499171
624438
858890
965349
591782
780996
684533
679361
381541
985673
276918
629285
739274
989391
681546
33243
318782
182944
892219
292205
943716
755768
865437
785791
766679
71130
497268
36475
820059
701326
297566
439963
815159
309137
932872
442169
970686
631974
782608
18904
365847
806918
391338
12141
128116
775722
113212
200782
528081
375523
383429
29974
235061
576233
16106
268931
73506
627179
651630
905799
904568
965427
543534
606831
566443
587409
127685
360512
848681
145348
433195
150349
21930
37585
662669
955432
328471
402746
183995
741547
744602
565488
462711
218321
247051
587837
598939
652709
849267
684549
105559
497586
144178
29077
638421
950125
499763
89084
10086
177911
96460
712313
78478
14860
680967
461651
31414
465974
500910
729771
502755
672290
253079
915498
119437
748579
467033
809781
430007
724356
945537
428583
931437
249491
969723
463570
867115
896122
663266
367494
331956
723529
402479
177499
280965
159822
792732
602850
863487
537029
361599
972354
442609
909725
680962
988730
247304
545586
694249
290471
554870
901275
462978
549978
272475
940781
928037
621724
626233
593009
755967
930142
640239
391336
802453
846414
129363
546177
812949
436757
907055
44427
370197
589229
360439
947179
165800
959111
245105
524722
769931
152311
955460
182980
485009
289916
40249
17263
363261
821758
118566
531990
94128
162203
308093
429132
781358
472598
569372
553455
913852
821107
108464
454459
740088
440658
383909
888769
920092
778121
778948
795485
911090
841745
20835
323399
696207
541892
861403
19651
889849
422658
699851
279261
371720
38932
648702
381952
778241
623069
314007
613025
203092
581660
596411
989891
110204
706832
968636
115254
696287
193075
95026
935530
292259
666694
535863
608766
383952
103841
755071
44350
851759
296800
350696
610369
387927
330200
804675
225635
776715
661886
172943
553491
136073
681241
115205
863408
238061
491013
147511
897443
163763
783218
219677
671994
273425
390551
386984
673095
271706
330344
559267
583027
687071
400214
210034
205672
968005
567705
160904
400275
646900
194161
892041
171550
328732
884829
593538
30308
520181
999898
387792
190456
984273
863633
619746
590853
231458
397411
838552
398048
339958
680023
451543
776012
37540
77028
421065
31317
579480
2996
763087
830647
218689
835496
77885
312956
798917
502642
745486
427763
201464
204257
796607
785580
342433
700091
678461
36881
434570
658020
69878
335956
754496
639453
387153
432995
337554
295554
226036
595835
989570
304522
695916
390551
862794
88047
897002
621761
178002
351580
515578
359475
828552
43242
194501
202839
246793
15343
502686
154526
304571
15847
843414
589383
622833
817719
279275
735010
701737
648188
571219
246239
736060
600925
794421
399648
930700
998191
806474
733935
846044
590808
413124
301644
775495
727073
256461
472937
386763
843942
450562
593413
769594
266467
635638
71633
859044
805740
994266
817559
39081
681271
675838
969665
863223
788977
82468
164719
166315
194261
403865
813804
702729
542585
569480
333262
289499
185393
918904
107298
515326
740153
828775
223467
897691
122641
491235
40644
399020
205109
979137
719139
430018
921129
876223
630561
536958
4559
409115
689009
980527
18698
577284
599880
94122
657696
190430
789673
672416
739342
985203
445474
415377
232151
290947
702126
827681
624198
1898
821955
860042
712084
446953
171716
142522
755043
740378
22258
379140
667858
501811
302284
900223
446203
888787
588442
124934
625464
392319
69663
138722
322152
874374
834272
615798
779115
751224
896862
21686
167308
954121
716106
223159
678797
398653
310231
676253
703890
220454
93832
894884
236099
501478
603394
99820
247411
298878
958705
454584
272205
363418
326358
904879
895453
392771
727418
258280
545440
705920
678880
147025
371453
459801
804717
894286
844517
420693
939496
796952
243334
771955
472015
149324
430405
87593
588022
602358
996503
913808
199135
293982
691480
289063
266155
179078
840199
617416
870112
721815
966714
523052
608139
55692
860673
851615
410080
534322
924176
396018
74829
67807
330363
503715
390718
631636
669956
846500
582110
131684
990458
275569
159174
846779
313031
415432
925185
987909
92471
141231
739797
415509
944096
248688
915447
322680
21823
183330
12593
447424
947226
68543
725983
91551
140018
820760
351135
92775
768615
856230
802626
84597
900743
151900
374723
233092
625558
47297
129901
120419
163076
17025
183732
655019
631818
194530
656803
8521
302333
906341
529387
216457
216461
348176
685485
52162
190485
194342
357327
91400
856225
801588
577740
338917
197457
129213
358190
218504
261832
230291
65927
813758
705527
868180
691339
699343
693924
898280
83646
584048
290913
536944
234745
396990
127649
251472
239280
662965
814214
547705
90679
316830
83552
878020
773650
95838
863148
443467
606164
888140
581178
40829
202141
815793
645293
63600
179272
730514
806913
94997
301581
900769
29468
379665
232369
337897
183574
677731
468452
60191
682824
411741
677612
726008
922292
796325
967996
813916
429963
550254
106617
247655
168636
462617
410863
994297
642229
1797
273835
201110
130707
143216
1549
420545
991570
132544
354327
209194
83921
853326
647897
151362
774306
882692
557311
330720
167439
277310
761353
238266
102152
105537
157675
224278
741953
258883
670100
325919
807174
150078
111644
938774
787315
836999
590964
694423
189608
988256
212753
721088
304193
776903
750499
505358
102542
423112
456540
392059
205316
829446
407621
542092
565763
445606
330773
868041
433719
191039
418131
138571
163982
654360
167153
830910
826755
648499
720500
902498
600860
287628
244844
351779
834497
521556
664630
99529
933151
255694
984674
839354
102189
442026
247292
421233
297467
153164
366720
604835
6735
505957
334519
371486
9823
257783
946819
213250
233392
156135
686850
92171
143682
994656
980514
970295
895700
849845
280335
756723
467113
172616
678200
800140
941607
119878
902854
781401
732006
128982
53943
984238
567551
335056
890302
625045
149738
944295
78613
573394
289073
564616
361478
740766
656859
998981
774980
865806
861659
514554
897598
367901
509230
776663
794746
618934
24162
397111
556374
893037
276275
80486
214973
198915
978374
192364
222496
695353
130575
611674
101123
129893
643115
399756
301123
468119
378877
922948
422178
699980
902688
29190
433835
417212
708491
416714
3564
964041
638086
742157
783989
476289
957226
48358
813694
408187
587473
269717
755476
910260
594209
458899
277183
249883
881938
917315
517601
811544
605808
149571
525016
651670
101293
33433
34973
946231
946171
218374
863555
749781
548187
168172
92747
205593
240685
297210
88319
814393
983407
503733
861384
475205
174846
921846
999166
441140
634998
980421
589719
649446
738122
595787
839736
431580
151067
890950
326650
959634
872248
743128
257352
153044
20871
214117
499292
625450
132943
875162
194769
937961
80641
432687
806926
130493
842339
454246
502693
698298
953405
924252
952838
184188
64027
243130
863796
967131
391497
146219
282700
887066
705176
622506
440681
624308
92776
227631
838875
436748
72159
452613
366663
652540
221027
454464
17282
250324
756992
815413
90406
232699
128732
369249
858151
672060
167935
694112
723804
941041
572957
756348
942509
592422
112075
39378
209972
532954
780555
737388
957379
899590
453838
620537
516590
983973
175336
366985
921160
867722
726393
391237
959428
690380
589367
10764
782448
211909
151086
282389
394885
459689
498937
597938
203638
870280
354060
876683
83726
158506
480471
855996
579398
452830
830120
255893
875443
842370
486340
922297
427055
806856
842203
451513
945531
243423
807612
276730
313954
302815
13069
437850
946652
895865
219897
252284
399874
326573
728541
406606
701546
157548
93737
430909
210980
946564
239619
255080
695857
440718
651531
665874
296415
999097
970825
502339
590431
810900
790158
996049
743994
593835
741833
13946
231713
613395
805421
311650
877388
819947
550219
660349
589275
233154
714875
707991
81185
664961
826187
456080
816244
410913
38482
894839
628272
357333
523824
334622
660437
195205
824774
51112
714649
502560
577405
893713
439918
11637
139571
567420
940739
108527
539845
191798
210560
931850
411668
538966
93267
923807
988459
702004
821625
464857
10558
113464
922832
219337
688832
621190
536981
843426
236803
910059
870792
124859
173204
870074
552760
135269
533664
517751
889805
899507
76395
98485
735611
794448
665859
903577
288326
259071
239397
466698
337925
752689
890179
474970
45354
138729
615236
966627
690610
290606
721212
270361
540680
481921
107663
533346
600057
798759
946023
856627
416354
854737
193582
676242
865618
684185
427789
947597
531631
291857
148425
292614
104207
671909
979237
79151
271735
711062
521561
327001
607418
445251
364716
522620
905189
278435
297885
551923
376424
387748
259921
649194
667497
37799
502733
258134
468215
962191
105090
184509
461500
179440
978274
208379
870156
905191
802540
442176
1778
223404
253508
536236
576216
712838
281270
915814
122239
401355
225095
233292
695270
604759
930930
860083
792718
198405
190108
424979
346991
803328
711152
529113
679443
436265
438118
120580
37462
65780
921057
619879
558470
797919
74718
355108
588806
488836
377071
274242
357919
623768
603725
117298
574120
808653
607165
241753
869242
8063
959245
829879
200807
376194
961770
669242
193100
66816
25459
719670
22871
976894
831249
82322
270055
754710
547445
800861
418641
930744
742706
692098
513542
284931
993757
899179
223053
750806
448727
763551
58852
212230
460891
147765
53338
70507
616827
801437
450745
181669
984525
591280
248651
98688
977307
708837
34537
289378
293181
196561
726010
673528
810455
826912
379268
412716
782219
105946
212819
686734
986923
679333
844388
774168
604079
665304
934039
524114
867524
338894
429950
223374
570417
367329
24619
317139
618948
907919
268320
826166
428677
928818
104948
817338
727159
912576
976733
539309
44147
594367
688961
654746
631958
630397
188312
537126
292403
814453
279345
743209
800384
565070
873349
237341
8922
786536
123849
300509
422004
186343
153189
679518
881107
293809
843887
816834
932479
911111
872091
595661
3097
803375
390280
564689
933165
26576
568
123799
801205
238610
360422
975739
211282
4359
853530
128586
576802
154193
777839
409067
720989
559581
190358
737236
89148
638998
223197
213803
409187
563245
710779
164127
541651
311232
361185
133760
38229
238307
345399
932658
913509
251493
279902
159091
414514
624958
428642
460848
666920
741559
224862
899209
94252
322522
361149
310699
469676
630154
526105
62382
992675
560070
874059
309628
196012
239590
247708
156983
205327
846429
508849
96149
461946
750106
33016
698500
734208
303079
601049
859564
563626
436450
721777
92271
678031
830257
418134
164610
709970
743139
147222
585432
761942
267664
920921
342713
349652
344598
55093
916077
17436
609553
959836
201340
74153
952166
985313
973275
323278
947000
850814
540025
568690
214715
342447
248064
198409
574278
362864
730817
919303
617636
221512
908073
971349
56443
743771
567593
608538
647834
331372
419599
230435
338785
381047
429607
462634
445718
528226
790315
655527
818745
347457
670433
251983
688518
611253
303734
811056
175763
859896
991948
773574
841270
785996
264167
969272
254368
701825
478108
480530
264027
528408
363556
594275
691181
856489
776627
721577
317049
428894
189399
984568
313326
980431
251882
626318
333190
236220
565761
991819
363863
931670
505304
708883
26706
366883
999448
745420
124345
538727
395937
744947
366406
287027
583277
350265
539367
415235
943622
92450
958137
842227
621803
223188
549046
864823
914555
619936
227898
174630
143568
259456
349515
475518
115457
160573
615292
65080
81870
873311
707463
832087
271177
358604
581345
724458
977571
632238
244168
441989
636128
779314
64453
521895
629827
558210
476773
605316
107431
894011
683586
665015
957589
516398
308634
531260
60330
378619
730836
507398
685213
345021
237491
773540
57733
741437
741555
880448
414495
218505
4344
559667
7164
573087
646904
394742
561742
445427
370796
504780
666421
154248
474476
253175
232163
785727
472833
738959
826077
322847
245024
411107
782804
392245
982835
725590
647916
808110
177212
878851
483415
392362
724997
181271
953093
386863
801389
41065
848815
221850
835279
946058
794927
329898
780435
358294
780557
577298
427435
962573
686551
248459
203380
914012
331123
519034
346405
733902
613628
539299
171705
522238
362618
592802
2862
309455
995605
425803
444589
392208
15775
883453
294672
469634
69025
250107
837472
154813
207334
77268
582563
797755
138136
933945
485376
83859
746954
194283
565348
490682
657873
14066
799383
662130
911785
279215
100700
232194
658205
905271
961650
992975
316225
360483
232686
823548
175978
416466
573140
720576
233306
874432
207454
801795
284676
591462
742594
174057
982960
738568
673223
494890
842223
163161
255915
627867
490850
122569
734687
380003
18201
58369
113984
598796
472363
113763
167949
548912
491442
142486
639269
741255
93226
255270
533033
340089
214788
623786
120377
67761
943680
847280
435183
162371
749000
166175
370366
252387
206622
383841
643333
452019
367521
195464
541267
945475
312702
412276
706035
847019
300147
643015
355595
559688
146363
486106
750678
520017
129231
513784
176933
541290
816583
768101
993074
51068
126277
831104
659946
339129
749074
168704
322017
426812
197824
598784
798681
245377
999192
989806
823240
388578
199703
703790
588941
563872
511369
476861
479633
190178
65895
278381
198311
529265
258739
90534
406986
318332
542892
111817
483126
810623
346272
415479
889291
726892
742557
812392
438546
128311
316119
48764
610484
926500
479584
469231
460172
427133
276462
413022
255765
399036
148581
474985
330684
193283
837443
313884
634838
842572
115722
721787
670473
917990
771528
760231
137041
857960
71027
846452
265189
529100
385098
354184
515542
563485
570534
513759
124723
45453
240003
129540
92371
856673
634104
156028
300580
557789
483215
340987
404802
739105
673200
670238
945710
223801
692771
110222
167698
994550
748834
935487
840543
974672
873326
365350
34892
861549
91458
328825
593975
955464
305327
8465
468534
462294
120096
110883
822736
729625
208939
261333
141004
974224
545008
588735
990946
5734
250282
650849
768831
322984
464355
605491
320405
898271
130163
497325
696359
953420
905751
754025
122196
42775
884575
344517
892471
153833
829855
627976
474895
750642
179081
484899
556023
79178
33470
450992
127451
931604
878427
399963
156246
474826
445726
135213
408850
514112
68306
657402
223580
670477
453428
649036
561186
266972
821876
140444
943320
490768
99275
533719
668195
877672
585261
486817
988955
351130
814899
388648
288359
555197
386357
820067
651741
671692
273911
909719
592420
190089
73128
813456
925370
870001
461675
636516
494918
566485
93722
329944
187091
69689
681535
703888
354299
287009
431957
484010
550685
603291
542925
139659
103731
832938
277399
721079
349807
272089
159100
849229
921456
850466
687005
586411
419326
667320
856445
149682
7394
504351
145598
580456
47812
803253
588486
276547
586887
349162
123108
186604
717435
321504
14876
503500
676342
828244
29878
300043
93398
406715
12338
876629
960842
826361
754368
175071
865407
978438
235637
6148
662862
710158
661166
454395
918818
358498
717141
698095
543449
807035
337943
878430
123022
493434
442117
875574
663778
54470
320585
107565
600353
684505
263443
419722
985286
376950
650772
428460
950759
944412
716590
544367
980057
449758
496513
410074
820029
820218
858292
538340
108587
901057
69284
476924
53275
947782
525822
748678
199886
968017
702279
255822
82542
465752
490991
868599
105623
681241
560042
656235
622395
299937
751505
461350
668959
240595
135557
687752
941392
897056
453281
482106
14795
923965
812036
969174
390316
497957
925708
286110
998044
942221
411
746910
221654
882203
193324
298653
96365
269586
475466
231945
8683
488536
762653
561405
851953
247588
660147
871751
341940
290255
136485
806734
445372
366177
525147
391295
60865
855795
188874
394967
181616
310376
754351
877157
248372
740066
910895
308749
747574
516052
203306
22490
592130
366900
984438
615627
703902
483665
183710
870599
528844
840194
884603
223038
233981
91694
318134
548906
977290
680736
251380
681631
369588
481277
783882
62647
90212
969367
268828
560930
109062
109442
206575
297881
171814
922439
252793
878907
565842
646700
940966
529448
808860
557836
630182
398060
773644
492994
450047
432332
839668
340482
374225
142662
207271
433262
984608
686696
388866
440798
450551
514407
217643
521345
143508
355382
839943
525917
559925
752137
336533
882079
139802
240056
860813
797207
896052
342864
362259
179169
397984
642705
390797
38480
367016
656307
170378
358414
164703
796661
270391
430661
236791
992062
172772
937908
24686
561201
562060
286362
236381
166702
119455
559074
549307
968182
821038
760598
919997
892483
573394
45595
247088
75690
308035
380346
562398
956609
871015
188929
822912
564630
682856
230506
80292
141732
116110
864598
326310
865361
796351
943452
419150
257036
34013
185812
346112
453958
834685
962182
350324
654469
905162
918751
279110
353243
227025
982918
401514
122416
666834
612315
735676
505920
38691
431406
106528
918043
609668
983667
485078
110553
131534
12761
89054
646304
703609
297767
646522
306396
901815
13853
701689
366992
135006
753318
858149
602992
501462
10308
771275
978969
231350
34056
557761
453017
410869
168212
222544
151589
941913
87082
621538
760085
411046
332308
803787
705628
99975
417760
93407
962702
610111
619776
133175
849750
470099
495985
675490
400034
900699
409874
492995
887716
846710
479545
743015
517147
929697
529286
973860
610602
363502
718731
801855
945116
476845
250878
756359
230502
614347
43940
524204
831890
765404
245934
78288
162937
2276
205649
541887
146111
269193
217839
767610
224147
768720
418821
368377
790060
306897
401631
690498
787915
962048
50747
471656
821143
702378
382657
292959
430897
598546
729975
904327
973368
950152
388586
301065
75407
878241
378838
169042
446802
935152
850749
740324
29519
90381
38663
630574
675295
141162
761961
891616
515493
758211
466967
416181
153984
447672
811592
665360
924606
317195
218931
814813
882965
258173
902406
764737
206515
908950
449289
438732
801094
529165
988859
545166
288110
619529
892207
3377
771295
924595
994182
857437
534064
355658
118757
115031
364663
44876
327886
150333
10568
877806
291887
482116
167454
817694
382040
803075
325346
946248
127886
873394
394162
862346
270103
875145
271245
135904
41305
411844
100025
255261
628085
56282
347279
32486
536254
688312
277266
751899
104986
129792
945154
318838
993972
612303
926038
400702
961334
47982
516386
622172
740132
7644
847552
893691
659527
46586
316291
854399
994799
320248
437424
13674
120126
568321
493565
279104
19476
280092
44753
409486
802458
74999
306811
452044
652884
878547
712811
556357
921391
762333
154899
136439
438243
790559
973754
59709
166341
489606
555465
947056
71021
902420
197642
98038
491463
856353
970368
485451
525048
692726
120422
834877
761504
357508
789528
893973
425115
155052
774868
113549
899572
678181
631974
977526
748630
939870
852185
984739
499337
183435
454331
481136
158873
938127
655439
228315
242518
23992
883720
656573
628616
967349
722292
990290
415200
394423
124907
867453
796228
998261
433303
578770
191654
270927
423056
320420
29514
547168
497680
77486
443063
68147
546363
66915
218577
502122
661749
565576
160583
312339
995049
673463
458177
552002
583003
652338
55715
389210
232945
621033
727691
774806
712235
553241
527602
429259
469913
570108
684723
96488
640409
886300
794065
876869
43685
683488
783652
651382
547379
959853
835455
55940
461233
381590
619412
344722
67679
64511
412173
304753
795082
709038
728805
596832
24228
664808
976623
41630
831612
408711
418014
788008
570645
495551
140107
51320
275522
4135
866056
260467
883810
607104
119696
905271
907913
961644
854596
680267
571015
89673
107265
20692
829362
471466
222800
570475
406652
264181
199578
947116
504847
723381
75289
784287
46871
390945
321574
721600
5396
743843
538427
296984
569233
414216
471412
802278
113141
838068
740143
425909
952413
349534
371097
645829
781477
128350
676957
611146
892098
392762
565292
828247
742131
625386
417097
99932
865345
560950
337197
825505
496561
351008
218850
487186
511542
324276
564469
123458
325816
977332
125558
81414
41364
691726
737598
58329
196675
98524
847784
53730
940924
467144
49269
119513
339671
702268
993546
593280
208886
700905
387055
392310
461299
604315
866323
769120
62306
128317
130523
55966
623675
212304
342183
787503
505335
458343
777956
610065
157020
657072
709920
99113
594030
556050
599738
37697
189080
649379
111987
597767
532629
312251
177590
751854
353842
636397
602648
301004
877223
243484
577372
737746
985401
157366
858193
963737
403284
764404
781650
657019
334474
216489
738478
918748
366286
78305
474938
887026
229607
17629
637582
321547
957584
473207
934169
225267
389319
140195
329711
616084
50896
67377
793966
80872
253002
385889
648717
231342
697701
657582
768204
575128
514233
771025
53900
112417
828936
469098
483918
344339
557954
326416
879083
139491
56890
496701
286801
887183
721418
730433
993531
36658
978623
385691
591969
192821
614137
876670
668678
611415
394769
456448
509084
830327
395076
363834
100757
69040
58642
296514
356806
849076
42067
358547
216815
782800
180586
207623
989863
858834
887225
865817
938485
146803
325289
981268
9985
536972
808024
359603
104867
607992
32912
354852
747061
779756
563825
270060
82659
417555
214461
124527
198528
296418
505129
861090
598521
967772
933034
367297
465890
273655
175090
855424
65200
449437
446792
345610
970766
78152
706092
965171
928564
610592
794967
714653
218158
258744
878309
16195
815537
448599
881982
569619
331492
589394
436287
504989
311951
77076
647694
354987
897057
771499
319951
976184
561316
550209
609405
198970
458234
714031
628267
640542
598663
232360
134615
484811
349167
935427
757961
544701
112860
963964
178953
221141
426577
994782
388993
375755
330282
413126
94772
672843
261261
565992
476619
344372
259620
984062
384262
710179
719277
796084
168043
736170
870443
952882
395907
385553
484445
471919
291114
110037
741496
750736
289261
668246
429511
884276
28118
260978
791499
761028
17670
217978
439176
21132
903962
333567
864217
292111
681755
82949
862989
343014
730999
815215
541543
196828
686460
891915
612223
284629
671589
147298
418110
954042
61310
499431
762453
773850
234547
369589
164169
908822
850555
126332
983140
114553
329206
421390
853042
435167
438941
561831
711513
687721
248942
984711
718663
140115
320295
371290
353862
825564
901424
994477
839198
875919
295454
3611
981468
36056
900702
853709
558117
538926
997796
615884
687235
816652
822216
170657
504096
820684
566601
871335
294879
49677
997364
444223
540816
767904
741325
67451
656842
393856
299071
722454
992430
245952
671477
995196
181830
567367
623331
344891
75069
447232
572743
306603
881932
513025
618227
394533
716605
956549
327309
808886
852418
948178
951100
714769
775751
850654
500323
324073
790448
915487
42471
195603
264533
907624
14259
339679
804812
598247
894959
781402
558481
911278
259385
58104
920810
637918
231803
62042
948819
992741
901121
136324
894259
359733
456150
355574
993119
850218
859257
638020
5535
617270
869021
850027
992650
480083
932631
21550
265337
393461
77179
530007
580672
471246
383337
846798
497493
102866
743719
871256
882381
385778
368803
612465
959146
72096
940113
413853
859996
870609
200050
597928
515670
527711
315415
875813
429584
160029
977183
765056
591433
937468
186808
970179
573093
408365
737520
311005
862307
440913
671293
966923
80522
43889
614548
154990
205386
46168
876848
101819
729031
734502
200616
176290
999069
242253
540665
243223
214407
660276
756252
339081
790193
387241
3415
754092
178298
856111
884800
703321
716115
497909
167033
562548
588086
103556
39844
295250
188810
966918
734956
851527
19991
230674
493972
179577
823396
775038
979926
122074
59811
415790
136083
554777
87960
670095
372658
516112
817721
388235
874662
565787
337890
575738
179534
839425
838350
679251
631981
49492
669443
527830
447985
898618
61844
760129
621066
892084
433949
702467
453838
165584
479815
531760
470051
421117
275176
966092
646774
151733
507325
464664
281488
595425
773131
527757
350008
240994
503760
512597
676055
12861
919166
461887
246490
23190
622054
57224
509349
207707
886900
259363
298720
77922
954433
602041
280783
528675
934176
998384
996614
564011
368067
859595
436856
817481
330956
294191
292149
112825
186603
447757
254643
782174
696698
103755
35294
26080
261040
595262
726598
739182
232797
915058
323601
995584
8561
365636
243135
538859
113020
799140
145202
639667
935068
533970
352917
640657
907167
143398
45435
702237
680103
155219
831991
802257
481268
315494
77194
745711
193764
243394
298538
177980
655345
658002
920612
15719
826618
127604
733434
142961
514943
21259
687416
456409
791384
888787
545073
92974
110690
134446
377617
715238
900894
890848
968254
783593
300394
171657
137463
681030
272911
764772
137774
772859
109891
192803
419319
620509
613981
609034
112359
573289
826050
83862
815134
747704
378855
86110
109162
974887
129464
781341
20817
18325
911693
248762
621564
732182
594524
517819
543041
92507
540375
883593
790735
596999
102536
9287
852518
367766
329818
443006
228548
208000
790580
973575
959494
319065
558186
584943
642550
816837
900652
946714
210861
932494
876436
219732
262958
780115
826056
946111
281752
955442
481595
386684
639976
792307
190291
900362
958075
164060
965852
559637
544205
639325
856713
78631
945431
778342
266404
551130
342526
66685
787741
122943
513962
853509
256144
940722
839175
684601
671105
501593
572759
429751
914830
453316
848109
1620
471274
201960
773228
319163
301425
958238
186623
962319
208648
572388
314265
41945
862920
240235
980637
947109
673202
648411
175006
77556
629962
344647
386488
91877
98614
928441
706958
744553
402365
884769
159776
381632
690771
447077
584767
942238
819412
820207
848197
267724
916244
150590
337594
428317
417714
462078
898613
715199
539526
903542
494285
721933
887234
810319
984470
169657
299804
249179
623413
946734
900077
510406
865272
667576
987659
261429
957471
508561
446585
613909
876631
145668
139802
843974
194772
172158
23913
890181
655351
916031
736915
627244
857407
592136
79469
750419
104529
101491
268067
644984
20985
803930
289102
811550
936243
382065
864128
639780
932297
836974
478414
831143
269166
221056
201521
971124
432904
612701
149892
41092
811815
881990
580496
855147
822307
437392
708883
391287
647165
182670
646218
870300
22411
56035
728880
949453
270827
966253
291280
625438
679975
773028
62174
206089
491706
724303
772714
816618
954473
592144
428721
661601
888595
437313
918605
121725
831720
543938
3599
870189
638741
360110
620278
84016
367655
836810
11422
607807
573477
67890
313389
524985
5185
479494
964913
928166
676553
956542
270590
756324
655643
962834
300542
607577
964949
714042
557375
413890
843491
433286
551622
954929
910892
201747
963743
583774
32276
874888
774660
750487
473145
732288
549360
59242
688560
835139
12821
342314
808286
555185
75542
607495
644165
421697
524065
252618
746442
741211
708388
239807
304654
372998
567888
106326
421832
583052
905444
513040
968266
366664
435983
484751
333446
440554
611438
652158
597527
306864
32809
58570
240820
376373
650563
26170
625850
810019
810363
444619
107293
460404
666539
365537
827023
816196
260679
813758
770826
484955
116873
145120
731091
91019
718786
539366
335309
673836
276044
795020
904072
929427
886846
75193
456520
349846
539540
520972
193476
515810
435394
913964
579198
448712
969001
125140
813683
117803
144058
136012
962674
410818
612987
840043
185902
525838
246356
562386
872521
819625
930838
773737
955077
255721
151627
260080
432850
783542
489369
780917
141976
990618
249881
211378
529740
34927
919798
538131
607423
254561
3556
113804
918067
776097
54351
762896
824370
16111
774335
641906
312818
41842
289123
515713
630880
840748
890699
360810
219025
781296
118436
393011
250045
49552
35324
472726
91805
472226
746796
191796
337325
630283
740640
309562
432930
429696
79745
270251
927733
488980
860863
76
601370
506834
946886
710052
449333
619480
547413
260621
617918
254822
975248
420671
769057
526338
53435
278257
830841
396394
48679
618950
119884
422834
980888
973344
793455
447052
391175
446728
671735
484927
474535
651124
579375
541611
79740
926317
338228
119146
759524
556018
169051
30255
188022
850563
782088
67947
829431
923750
738457
65942
976622
390708
320427
429625
917777
559116
298848
787525
873105
171451
653393
592526
160393
937615
18728
926466
801360
167479
561479
572611
672798
555275
172912
844653
430313
326258
411614
68919
936399
609994
530700
546466
926131
46286
538845
433736
696996
398464
513969
953752
351257
379961
612819
658380
139594
971457
721479
883451
224130
472057
242413
24176
727209
93308
25255
98470
127425
131733
961814
462458
233479
501842
753016
692299
679824
858388
61811
92107
934894
469204
886895
674453
486121
112161
804783
485755
212588
773906
568934
966075
8333
799740
425040
576599
750469
612360
618951
121863
957624
10064
828136
407467
546182
52807
546470
507082
435408
604515
885626
422677
881959
760098
79134
348161
123427
256292
639174
165519
402440
341653
844195
152609
126590
326383
106355
967291
854856
832187
82327
125544
855765
290665
351007
906888
354414
358588
934682
529982
513761
916442
367580
48851
944514
969550
374404
930415
109208
693128
227159
823488
723159
63711
651658
165543
337176
312672
802516
743403
306927
381878
217992
317399
264623
12517
194864
495444
60215
789927
682407
878208
315417
639696
619818
511669
733914
137914
86870
788225
544512
359408
54347
468951
61990
480886
151709
366466
726491
484904
613901
532206
852896
421384
854904
499919
86301
88349
970039
12774
530061
761872
587124
244792
9176
611206
662247
392253
130108
526946
823
155054
295863
614072
504801
552148
490040
358010
463832
460016
387095
269810
30130
428585
130518
861740
346509
728769
908750
451522
349250
630914
427253
886777
149660
169651
397649
643354
779057
492649
303652
29252
238430
899922
724720
722841
799772
751560
261120
429108
608075
998888
129214
431930
854571
553470
115924
111616
43668
280520
181620
411754
706801
402437
812714
816187
587529
358043
688660
985790
366985
241051
948051
215571
230745
321965
602480
264858
79549
857494
565535
329938
226563
148039
695963
776961
473200
690417
365969
241984
21827
249476
604148
974655
313322
115812
463706
230983
812002
632256
541739
549472
759867
647540
6683
514915
742385
421393
16819
776764
120225
19164
278558
513846
606094
289207
196422
260726
722887
896382
998154
877515
347383
413433
47180
329180
668536
234226
880817
56911
554898
916907
303383
126957
780263
623913
369202
334294
34325
249155
282727
866848
583371
384335
118254
910365
993942
667899
221522
477451
485168
907656
311175
861990
388349
370829
508820
846919
967762
302755
24389
97799
770778
946049
276104
908812
912552
27633
899439
756633
316312
925397
756892
52167
454777
764595
457262
605657
332562
209738
89735
616841
370908
701110
853406
944149
586657
20070
914005
147402
381452
406858
159114
705179
453826
479950
68757
752567
411586
970018
998660
62111
538155
659915
56496
648746
149601
178333
342135
618870
698141
321984
965496
263929
673450
78811
471140
123935
600555
469177
478095
669105
839397
415702
281517
892043
945356
335526
783236
789270
696397
42873
542320
179147
68890
495875
648342
101199
206836
945483
63759
163499
572676
743661
233311
706168
97094
80190
802256
937184
181695
179879
284806
4395
366481
838110
702683
949309
696714
787081
382159
599396
673578
180800
272519
795416
759201
951007
539638
794780
841059
276178
318031
331935
187104
214338
707686
361204
75226
761821
935451
795254
609792
962261
731329
349688
945280
553019
670675
920245
240366
983764
347884
347357
883367
243104
886602
284761
853029
757125
514206
59824
862216
748257
892880
766524
668918
199213
27658
639851
418734
676889
501788
677297
625478
234820
181805
900125
633261
114987
848535
940658
811940
376066
408949
676651
205923
735545
147658
551831
133872
872707
46624
256732
206608
538118
407879
53866
948277
102224
255839
224304
784827
126717
996180
647627
407093
452409
884879
894430
563398
465183
686800
918760
130939
534075
543817
237074
930373
226896
571364
980402
922210
104172
697211
314849
655560
467816
478036
365963
319000
165889
315228
348604
977847
240699
42662
782698
870981
122940
961228
622268
403600
872179
433467
737654
557621
902774
623658
880799
946946
350216
339613
803289
649596
378907
478663
388640
142812
748235
156563
524486
962274
104037
467414
763814
302617
357009
997124
697203
236385
364073
57959
837529
891419
784154
255260
240869
402351
935967
606778
146406
470136
411230
353768
460707
339542
591072
426732
747982
139550
600051
902982
986253
519842
41134
380487
833473
876964
101822
418190
943468
994042
927978
425880
760794
357392
572763
98823
632106
854616
166362
156804
610510
620156
273410
945596
571576
116502
137459
230778
840920
54886
18754
160670
469452
197578
526249
290995
771368
880680
30830
744393
636855
368468
656246
145860
402754
945818
423140
747043
24034
500068
700602
410152
299362
78021
195216
660879
161753
776937
879266
796016
375756
949520
634602
745383
229687
678319
244935
19009
343166
668003
613755
563593
189388
273250
141127
828440
348264
835217
489721
191766
975123
903415
805997
357476
639657
137821
948157
453184
425031
675678
98430
308691
667555
34993
102224
454554
851350
243162
364412
543137
624091
268480
393831
753416
549134
238364
976256
660099
909333
462412
728895
881131
788343
943544
449355
436978
533799
904155
843544
443288
153649
770538
399237
854614
268945
84032
445294
995722
137190
291094
868386
13330
231899
979443
402715
754673
149789
624741
580128
135099
458197
543326
800253
955058
148834
307774
697599
465273
390547
36129
990600
462482
806903
58280
288041
755695
233399
679985
844681
74033
664937
821457
733316
642120
57351
374816
303813
479470
236205
860660
888622
126286
389839
767494
10704
219544
816074
413329
422545
813069
297575
562163
122083
495240
385224
343547
485814
849583
766532
388015
559118
975474
656097
349436
399956
508399
516749
371230
917388
733524
260513
781159
116252
475322
995956
370859
958548
1677
656434
230046
123435
741505
662039
601310
731618
566271
896873
576388
591205
569942
133314
605765
292580
124140
951052
849228
71837
554594
560171
19563
123250
297050
660026
86909
186119
748686
216148
651574
534291
400983
999093
324323
826079
427038
643921
333687
254685
662082
436972
596117
973326
967200
431281
873541
589677
207605
47146
89040
405886
482956
955537
574812
116861
590121
3825
202940
780921
54740
383576
206068
334683
862845
326291
995807
537274
973789
113121
953559
262253
453303
31940
917058
434276
218802
527254
36618
403834
413464
531694
653181
143800
834637
454187
694924
284996
921499
343819
489936
799680
161871
683859
950855
465797
719004
678554
795224
609971
21539
22612
965361
226009
336830
531168
764830
783581
839115
150319
228327
794351
785025
83178
288120
284257
606063
121643
110576
514408
682404
478226
995685
945553
25525
620469
587032
300328
177431
8085
703427
512425
947821
590450
148809
653845
478350
298746
890338
200518
243343
398626
204701
180462
43117
667040
946781
784389
885732
642828
303332
587219
497882
172066
802041
845664
612450
540896
568867
919507
963884
543335
592178
313302
671784
753963
860978
796753
449589
602102
513787
909087
573333
705230
35782
908711
618291
253454
681988
343264
119457
406686
172836
75160
864564
766035
173925
157131
860684
869770
175160
272527
900388
114166
616549
9140
806142
175260
811786
684220
219127
451469
197124
413603
708957
588689
773677
577373
110180
455921
737279
465398
25258
402093
389018
943292
499711
53425
956240
278495
189789
956507
383732
496331
42211
111332
351859
765638
890127
111226
680194
135748
801558
351065
886781
125910
267526
353408
979175
591784
523815
25143
828569
434420
180854
933969
683525
631217
925435
200
552990
849729
773364
28646
33894
786085
734895
46278
439058
884508
531637
558136
118150
868254
707085
385561
627367
261070
292490
874135
100302
118546
761418
322708
540627
989853
836555
714279
463438
921497
199397
181049
455446
990539
904877
754323
930539
43436
276675
348693
874366
781922
720112
446974
478637
360960
746215
197779
990062
370354
43372
49205
401462
524536
753351
40157
850448
870077
381303
570649
573734
404864
177000
143361
445064
323431
169768
2963
109442
616875
817154
915569
486682
418205
649898
586501
552178
421763
725061
430124
859445
925706
938591
277083
931860
282141
263785
188920
594934
970326
789922
669698
354300
136855
335608
777179
906928
646693
407650
302364
282620
946663
561785
292247
169979
649753
417592
494470
291987
247598
861453
505064
102749
169085
107552
795131
728697
525385
185594
800492
748952
235181
322830
464519
30297
941224
10707
241888
498079
242758
906525
174805
123182
573628
312033
155374
578971
967275
826251
546715
62739
38170
364043
310176
203715
115581
151062
561445
201085
247580
303449
133987
990572
513821
276330
922494
368749
686363
925268
266596
553027
606761
182879
332116
828504
940362
134380
684431
132106
898738
918331
251918
25429
236239
64208
307840
231516
399846
320872
390616
827072
728739
379126
600983
987221
942124
231735
494718
430308
614940
857210
199016
95017
73226
443444
37774
541229
928644
800084
414638
801012
549266
893617
194741
916726
273978
344755
351900
1785
926639
120527
40851
593369
28563
947647
371670
811576
535368
122514
546216
59039
473630
617829
277874
271758
478237
38198
738420
92432
287501
824645
46554
569845
199684
998318
235013
876266
914066
335441
250582
288064
808809
776530
598124
449392
704308
878487
474681
524526
282229
812163
376748
711993
362524
575266
650251
207195
56751
31841
669612
545013
205438
811282
68855
747747
717305
812115
629635
201038
964833
316116
260837
239742
231201
683601
642440
708086
64182
671514
275607
37748
119749
723874
943034
619457
56115
101403
311870
294132
431261
616286
433807
59200
864403
824545
873812
73561
344784
32237
107435
146213
380752
353762
593899
215936
702913
436811
597674
945926
806457
78901
664654
469365
146866
995526
308220
758437
548903
520985
8893
169104
356009
820596
398374
969530
690978
89634
633280
490267
131665
756598
399531
767718
289231
662632
487521
205160
683990
182194
60154
230159
692625
212759
504804
598166
913050
677429
318950
906520
441700
677528
603684
105228
932680
163462
739505
186057
398580
568735
271713
224669
57575
299428
631785
147769
381387
867483
219624
938612
660046
880801
804839
874030
340359
532959
309032
95428
407526
75229
800682
65812
475459
957491
506615
754009
233241
393190
627010
224912
51518
730946
261380
653920
621700
608756
330423
948647
102036
601028
82321
201133
684900
972054
977912
316642
234255
996000
895195
259252
793845
131443
392258
369324
521292
256547
329689
370721
190068
22840
758868
659296
936967
405951
485823
955651
674009
949583
694347
253807
2112
106739
971691
399042
101435
458105
99359
763537
449579
158804
149456
604344
638706
739457
885041
838907
764108
901798
727960
705230
47513
452478
960024
264410
580991
393733
106342
577700
564417
992045
954350
771499
646226
338792
268200
172565
15227
730300
665093
522631
15448
429456
914365
680403
436658
776928
205122
729331
762154
248787
327993
365424
821240
33005
923507
924353
253681
342055
413658
447055
223817
336618
596527
920
514643
26722
823159
818223
278141
683190
440200
948651
677809
705307
697146
219689
493432
442690
694309
20074
977191
392427
669691
224505
951627
479083
945252
559350
279615
575813
369689
681007
816529
130501
678491
349
474485
124609
502784
731933
429340
866369
270513
344758
777169
702648
836250
3787
109317
446274
877962
810297
247882
199208
667475
884518
850692
826017
370358
765401
587681
734560
2534
841645
140482
588629
523091
972875
823577
233826
994739
791632
33011
653811
351037
452932
374304
855061
270963
419353
313074
729304
651997
118572
270807
175762
148121
802076
166659
921827
884004
303122
809343
821503
94137
212404
298135
632243
448112
986517
359305
888957
891348
244050
231234
907922
915707
582844
678859
382035
864685
896799
252549
558234
296942
876515
22780
827644
211851
304023
90144
677317
699582
433365
681909
303988
563021
488874
250207
688193
814290
954588
423624
381883
179647
730582
948797
514135
532104
672238
341114
706233
502429
252750
22568
514636
912392
395227
971715
55836
492702
849755
907960
819945
737061
325216
279909
463620
614018
125595
86882
44219
711481
147197
706223
492274
590707
704061
796238
56469
122707
989611
768898
415016
329154
348130
247795
46572
292007
487587
556033
666606
374127
373097
329789
294936
433850
680405
773146
917727
33011
872293
386877
913781
522836
934415
702574
256460
458762
140424
576203
418413
597448
454144
168105
808413
297641
392976
315742
422127
748376
649671
233829
106817
775493
562177
49202
385858
116593
207923
833066
224966
305078
868372
565073
164963
861747
536032
705497
765778
375295
517526
96235
643016
374762
494652
603874
305578
437161
307884
217032
835206
232124
689981
544369
910204
985206
280076
977132
250348
698494
100224
182101
343408
603503
564423
506771
961295
475556
960144
72862
849463
283086
624707
826443
651628
514350
818711
296838
959864
152036
885473
123279
888589
204736
312214
839062
90202
591931
502036
488303
682074
727565
361587
504882
732912
792583
284130
322105
633510
648855
254246
416751
458584
160128
468446
285004
155465
268722
99399
839659
203425
429628
759402
932056
350273
220995
764517
943655
105070
318602
448680
657523
252859
742946
961973
316073
157359
80639
615578
376565
861428
666917
212192
897268
452465
854238
590633
76299
79020
63446
685284
696671
134337
491559
283647
680059
855864
294877
94027
785050
149027
735214
382685
742092
506173
256732
518044
138629
366100
242078
562609
625372
726617
488814
385368
561841
729910
311959
383567
823045
673434
353982
375587
223504
493274
46848
305416
875206
774822
833515
946253
702408
107597
672863
29115
447425
820240
103112
591966
71985
941884
116288
234415
922233
338005
250082
592445
816916
503169
162368
22294
648782
419686
769810
793286
5109
652855
798468
642501
174691
972969
204309
865101
110818
522895
786261
354873
59737
153057
545964
88578
986070
387760
921539
44112
863952
162749
849720
92082
453571
807364
401715
363672
384244
280487
632389
219985
668488
520301
932590
324068
244493
207659
928333
423508
259838
911430
116916
61135
784820
787153
837005
32859
386908
808822
117456
741724
658848
443709
582066
450702
417999
73039
66773
207311
371231
366387
300237
462064
90702
940250
792707
466943
558621
751269
26323
26393
628816
752216
3433
489771
663405
869808
537562
970857
763919
490893
979725
108179
744770
47685
52453
188639
317251
382295
375174
611547
10145
770774
367757
139640
585014
921260
653062
940383
715419
4857
954683
302252
950317
388087
50843
898719
732063
153499
397936
891114
969706
463260
229101
423553
873067
232813
503893
91113
37583
646242
563792
904807
26046
315149
757228
782396
421265
739067
435322
689731
516079
530025
485818
908831
286951
298688
496497
293854
865317
644257
669912
447137
473011
15514
225527
522362
613986
500425
198073
493572
739430
189351
951553
595303
330829
932204
339163
61846
268941
329679
354604
863522
378225
153291
422391
990399
597287
599230
574858
505569
36795
881355
576528
217163
232202
963377
175506
477048
427925
283856
926015
270333
10311
690107
482716
780780
995379
198920
119321
239214
405289
335084
52773
529408
984798
112112
903289
941280
735503
272966
700173
911590
839098
499339
806990
351261
255942
752540
851972
335931
557336
217075
243728
66805
543597
318161
953230
430966
650144
142775
381419
740084
37986
346577
800375
765403
960909
519797
991286
744828
102600
538156
513169
937294
498339
343123
273888
753944
512260
417413
165410
338407
142432
665824
343736
56539
999480
570336
878326
354152
320855
651878
307623
742815
10920
383175
245594
722618
206626
926365
847536
83197
103857
342259
66346
561319
86290
499551
55943
647012
939346
347718
199518
204553
973956
90637
358666
568129
763495
431564
110884
181038
589673
313100
361397
393593
628136
599250
504495
77161
264061
287125
294409
578215
453330
15598
81897
941495
779816
994896
878349
50748
199942
847258
171544
815085
139317
712373
446135
270949
404979
510033
543353
131043
364768
386244
383543
738901
992115
372720
897615
546643
477920
899238
532975
888734
939948
914638
86716
943446
190815
403927
363051
54232
549615
940868
738666
313361
582525
442943
397804
601980
159088
531533
532346
647748
888896
181004
144741
931028
827047
903246
949330
755139
889888
831786
519481
976248
860954
21305
127433
539711
555699
283740
767987
186415
700047
52782
186232
715366
601026
154655
835539
144868
68921
51275
550107
625204
961259
509586
975815
554875
489667
382502
642215
893203
992054
796699
395506
278195
468585
388917
784557
921654
667728
314907
424396
168761
29669
182312
208919
980751
859981
833414
767395
708972
850894
569653
104808
318900
158226
717762
343209
537168
829493
754314
134256
52554
759230
44255
74721
676275
238434
807885
260419
911336
679575
888574
455985
31306
188670
624975
116024
475110
380771
233729
845033
736522
760157
157652
864799
126212
202370
273967
538000
315273
124845
699821
190771
246048
71755
387837
708522
16408
150504
251027
841181
276257
149041
301898
242245
764738
506572
573407
776232
311050
412259
827914
203162
789857
970021
383843
78128
458758
395622
4179
710798
743563
754656
800860
981244
252165
308793
872236
528957
126187
834191
853393
121113
143689
228445
984489
790221
779489
693003
395710
906943
69720
993952
479437
330857
305592
632304
591583
235943
284720
968769
208742
117536
581695
822396
675607
999704
749015
599313
858002
441957
385485
345903
445449
488098
45687
941268
580128
586972
885797
653850
821110
622851
144788
785856
879072
806691
606901
244791
381855
105277
495149
512012
68146
726840
929819
294032
328273
995754
331118
739765
266528
385737
148907
764132
234101
696797
705507
581814
361247
384301
743707
96111
670383
442613
843039
966204
976593
876001
200065
448103
655072
750382
412625
166219
984082
684601
451851
740934
357656
486026
815721
95440
53383
96298
438764
87557
126560
608727
561231
38795
943388
580270
800853
732950
426085
553589
909717
123131
275596
267085
96658
77351
741881
884883
951477
710238
978895
435461
894668
808701
684501
276480
101301
928248
557936
637489
904143
74686
185176
474611
585574
517171
292635
283067
959924
784868
780228
530883
662918
138871
12445
68543
179741
452034
735063
704331
951452
221225
824888
269399
566343
356887
900143
942735
960846
573534
561529
330568
173298
229036
415424
430797
745337
458397
298646
522731
479266
121012
160970
666090
127329
240040
354848
666946
638200
615961
908160
100803
248182
484102
835760
36624
277923
484691
787822
276865
508403
831509
151559
753421
202423
99658
892046
987122
397398
855128
722485
283788
405604
826826
291919
44364
446515
383423
784980
588122
95288
290687
949597
179509
207981
835261
189016
207446
135842
401507
471796
661799
786736
846580
764047
791613
626756
980892
932259
317712
147603
286329
441784
62425
327372
214099
810078
799604
840769
289399
4934
412149
826129
392964
858241
247888
335527
943526
557852
1060
683401
374092
104887
404335
592532
836714
594872
114178
430519
207140
726150
592515
864912
27420
583095
534125
389378
609803
748017
701639
590770
26077
407558
658414
987220
225459
381162
179603
576247
791271
849956
660115
784374
495684
913049
928194
780669
142903
921739
818922
674048
604672
77477
692554
86353
358932
399013
371079
672669
951537
410538
520797
181471
869679
53098
933501
305900
332990
249400
582082
51098
574472
72956
954807
981215
688262
993503
727442
988808
661737
50791
277864
278246
628549
15600
731411
687175
436796
891227
974725
438711
842321
611969
501755
102063
224942
107420
570319
16606
474400
588140
231750
13356
620869
342913
675337
478298
239504
682227
985375
890735
253151
438523
400271
264090
229640
423669
939121
178284
990189
926360
161539
758837
341989
410670
244431
308384
863273
745365
603899
888444
290376
566172
526023
511966
880019
602848
107916
829026
828214
192818
845316
643844
825968
849270
633797
649804
417560
491836
853567
698235
480619
896830
924988
978508
894157
733303
321711
48100
942407
177316
727264
901087
627654
103468
743021
99188
809400
812750
465696
868530
73444
986995
586947
522723
454930
176413
129589
760968
268022
445171
819531
947004
943815
538945
62135
769784
664470
513960
966668
655066
102218
468394
375318
871407
399554
122773
67447
376189
195488
100685
315532
718256
603967
249005
922737
247089
486276
425432
907465
305531
890401
743213
705373
672132
448403
248552
959511
874782
218986
294195
119062
619382
619222
195190
861245
353556
919430
275828
245653
28210
134413
644932
10701
109871
371013
538259
33817
432106
592872
952226
784762
152457
364479
42661
718539
736900
198215
187824
748789
829173
54552
349418
45232
462226
952388
910340
149697
157170
180468
187178
385701
993223
169616
494982
870643
169372
500915
74564
465854
68049
783525
36206
417001
984509
596223
448343
444127
268836
459402
109475
173391
523140
639524
956579
712537
355856
995814
141713
585526
438152
760774
298883
913182
667590
236039
422115
948899
369763
649883
215272
84754
546099
534398
471792
987719
455856
591844
626682
906082
729988
630852
28534
181348
128827
421183
654080
690657
667050
942612
885301
245837
522276
939863
502197
696485
610449
891970
624580
225027
667165
800692
840457
792980
96428
445647
41480
209850
691144
657365
866839
525467
945995
950554
597877
500163
370980
629768
124491
37029
817819
801489
389165
665257
946702
799786
244814
41280
444869
357929
480128
221427
750934
321230
584976
329467
817135
4591
837323
89384
490907
515740
267292
655103
999433
264840
870794
895231
217037
576063
98921
308216
975248
628150
412701
692064
789975
212633
197713
67090
885168
954580
841474
163886
160960
595261
52792
706687
687864
553868
167048
280396
19877
756705
25532
690825
594703
894546
816133
959905
459800
949211
523734
273501
321443
423778
449994
2954
843832
99837
908392
129869
223932
428312
693171
886008
782252
491865
786859
474259
328698
304734
753911
12233
543747
378847
5840
740135
67322
16372
96950
595058
313544
271479
28067
657235
53766
219975
213108
799288
836959
985357
852793
216892
391818
956700
84650
810908
960844
443887
426012
319891
995568
851923
51728
921751
724206
499318
171531
788732
76757
508315
561308
336414
208792
522641
111487
948859
769600
706920
508621
149054
745595
693055
264283
351192
809838
699792
804658
293023
155842
489220
493192
658442
619499
215791
449777
297314
179619
502420
982881
438889
425462
794276
642846
426233
450720
587196
496061
400647
676594
228627
700025
608643
701886
132230
885165
900146
189474
887735
887509
504881
284113
814437
402789
584372
783460
435631
397184
499573
922352
600689
87090
267872
187103
603620
656242
988198
636300
174726
581526
169904
469972
410093
966720
861735
144605
558229
648628
593406
285474
720259
92346
555083
985298
901802
977559
759366
382386
712413
527530
923597
171135
829872
688475
551007
440534
104713
40688
635556
249939
884007
887327
771100
745557
655453
127821
970789
70890
819903
724189
272506
731155
511631
199036
800788
983366
699373
441099
174058
171178
928941
946077
759019
62659
882644
444120
955986
196203
168193
316090
913414
260483
76838
350869
631596
544497
689390
122645
355517
585995
668883
873108
799867
75065
706735
929688
727631
905496
433097
188323
443072
892852
674458
930094
270161
988502
485473
811362
326022
206440
653359
644683
175053
85679
840325
321799
762570
918492
7028
675951
785420
465305
307234
990715
668456
148142
716217
978090
862920
941393
886581
676667
562720
213506
279492
103918
632614
177816
231091
620880
239142
266152
17660
243058
353884
810770
355748
727653
889661
867625
201203
958521
936087
865734
117067
911186
466853
274882
829003
24632
254379
506290
778857
597847
338379
289323
129287
607078
652611
363694
8337
856912
19482
427608
24653
293385
610919
44380
676507
292495
43049
892950
754235
157577
720878
809091
533479
266854
758665
869493
360399
927476
548050
991588
834756
410704
46387
355437
671168
709378
997375
13309
260188
670600
593255
511006
648562
389110
664083
211322
648792
552990
829406
364069
843385
910504
718646
200994
583449
846558
737577
795761
328459
836370
121642
144088
63039
273186
440707
207922
884604
756722
216805
624473
623497
697857
365823
351160
144001
508355
61213
60569
482254
124042
775155
265954
372134
521672
897196
559943
613776
420367
84730
166073
569743
510970
690305
232748
687883
890758
615011
135779
356089
970432
891108
867390
959755
163454
787618
843216
928278
859439
868130
283565
117385
552223
386065
165569
98047
45926
557688
631715
91821
72048
363316
123309
176010
58754
286433
571460
56380
86359
67389
939587
92756
846558
629534
511279
265376
444387
930774
219923
334872
431818
959108
667673
124257
920724
451919
435335
878261
90955
459433
73613
947478
637929
450467
502315
369645
539119
847115
110092
359731
843267
289489
100406
969254
92041
253056
672157
375965
775133
441691
215459
969664
960359
106007
548605
382019
75270
517717
365597
563744
183665
151743
183394
617455
297727
767132
373504
378262
49727
921670
867473
340845
607491
762238
354306
161455
857174
756291
384309
568196
919019
16267
783548
249
761756
425598
939167
245926
465759
873944
447353
458223
655235
948685
466554
300161
582328
24061
123655
296302
423431
543954
750968
13340
449695
732273
986920
121347
519431
815544
983895
799703
424833
297123
670266
281138
693527
109351
20282
739800
81885
259710
146264
49554
244097
765914
52985
379230
706621
33670
826928
880400
791588
267005
267298
604397
94926
988439
129663
158273
266557
852529
92847
452494
525709
717648
248636
317557
374389
136234
257696
414662
5704
967994
548132
589413
129912
898371
164453
788723
424081
440821
478506
166773
100330
748456
624636
811973
615371
820251
673586
716314
866584
88693
371756
579808
36468
674098
556058
543698
756626
559031
855073
488693
39353
283022
628774
836385
862160
21741
308470
343138
211150
238997
273487
167100
361842
138207
307277
542818
281653
466228
577371
106278
697529
507928
684448
334455
777301
743248
700378
505014
820557
333044
811508
384171
477925
671787
730922
774749
124095
299043
681369
876130
189281
721833
698350
269416
739020
708013
517927
993692
887813
740073
318772
881690
751481
104199
43900
179083
66369
889670
411456
183327
402689
42460
67931
988695
631516
735639
172005
700525
280929
111535
477646
20602
642128
942248
172825
303811
365782
645125
669158
321121
82412
361688
160762
535947
123640
635093
106298
26146
637339
860187
377966
312900
270178
978103
776154
923936
399397
375790
896127
748849
590446
878418
939398
836881
258402
433990
146420
312402
549719
93460
368354
612476
889523
874916
285349
41377
925067
994740
889434
873084
615471
659538
269259
675210
331950
412176
427790
501395
292976
244874
105545
268439
917449
950534
334006
38917
212371
369705
688635
252539
998772
724046
751476
852195
935841
636912
953972
697735
685255
946530
266801
609013
948870
260001
178307
533244
861712
735154
869962
381170
70237
915814
488989
898904
183335
616148
793823
421823
696576
67338
28794
663921
353903
230926
870658
503839
690461
558781
173490
20279
81260
865879
979024
416144
409382
444913
611163
247597
256023
530340
664242
277569
51969
911810
443769
771541
339878
508709
192583
782614
204915
138960
487236
338381
233985
96449
780385
471963
684266
822751
792693
142922
83205
362766
833930
674534
208855
967655
774542
796073
187199
799558
292374
716684
163254
488183
239069
266680
499655
472434
592529
435518
259951
774491
368285
297732
33283
342005
509333
679125
250468
280905
329415
680320
396799
888711
457443
991871
13183
340262
499944
890286
942111
946372
610242
761682
503946
962712
698223
497263
330859
234241
647561
700652
760301
60133
838920
695229
73035
963775
310916
416311
654421
448959
324903
758155
240115
294365
562572
820126
862984
14104
115241
391795
584553
124178
846607
888841
749630
803217
369102
772722
593434
380477
774171
964929
81757
877010
121897
714019
80517
758063
162303
911254
592512
328469
167051
346127
354959
483059
684740
19503
604580
647012
369133
604400
975824
131833
873004
717225
887294
499701
482149
594334
157757
636994
187018
661359
660628
699879
79578
729581
566790
308567
914291
583027
849983
208906
411651
990685
90199
604153
789074
422341
864254
537616
161224
340078
286426
138380
440579
682490
174859
321193
896334
187115
826869
198156
350542
774205
939976
659401
845597
434914
276009
712878
989246
362960
542995
554223
333737
705287
816055
914030
707038
444449
164381
967637
870392
745042
601009
987166
727989
289474
244743
824658
162393
533977
488466
115704
899412
491453
209556
383135
667308
885689
231805
441394
669725
15022
807531
840151
958568
686092
563804
427537
675555
962195
529129
606961
184233
320857
377721
649140
958622
442726
481668
163620
327879
647912
724935
402578
955099
21074
360379
124309
36362
700245
970162
585998
836652
226001
181821
724458
694655
825013
500928
328491
225199
966923
153348
756222
159170
770367
352076
892282
947901
825527
398134
170840
339293
63724
219574
403142
180034
173562
418221
61825
418871
511046
376200
688795
742171
765663
814546
225006
566613
123893
725178
469801
228417
49176
321005
212295
313233
520747
128950
380823
530192
441709
568420
121975
948842
228453
274555
319767
641931
861525
195399
937325
71524
927321
768453
908076
751770
983913
156025
998471
478742
801038
220031
698015
979951
986712
805951
654940
312438
341522
643195
514642
854242
681713
472795
203924
41564
100828
578868
27807
536170
955448
403669
395442
880843
360938
143974
454202
280392
389027
953437
603025
865835
925217
627697
295624
949613
402417
786871
726014
889631
69743
75594
488745
324210
112350
645054
672523
524577
148800
155643
76227
383911
644147
302230
354907
288610
559089
303435
847254
962214
278232
865655
452187
242843
675518
174738
889948
260424
168148
256317
755383
990794
539822
264201
38632
471557
20686
685172
240548
745897
622939
199185
359321
48553
668029
961345
655436
902403
707115
838262
366756
51096
413554
517746
771987
585315
909884
248108
978566
730844
537518
565345
636919
415321
290320
104798
609598
960247
73470
939900
800463
84263
151015
848013
87221
232449
205428
246286
242055
216886
450541
110416
755290
41703
746739
264670
768812
692857
460602
714842
921904
569067
642876
934250
219060
82715
388593
331648
682452
633988
310244
256690
547579
5137
973605
60929
949552
281129
515362
926545
789600
907540
323711
606699
71290
257569
283674
442043
461871
253229
667284
640660
723498
908314
572606
963865
23271
961345
764064
819211
946116
327473
327436
430645
498843
517287
598162
985768
593705
800961
844269
633671
250824
380125
318327
522279
713174
910617
177977
440829
312809
923025
326486
284496
741996
734388
232431
369209
431856
50695
460106
841726
839465
399690
918362
255222
888197
704899
136737
89904
749451
734779
452240
189513
400824
597611
241872
536465
614857
191144
88291
586908
817578
517517
515154
498370
564432
333374
433804
44248
151403
401124
229897
320224
117819
50812
56342
702161
292489
36023
890074
717053
702343
492925
256725
933916
305090
438224
602876
31675
373551
559498
360342
551640
398125
792353
848439
704791
616549
665039
498888
101016
835948
626853
662638
372120
555304
298902
755373
14844
991006
31501
539400
291445
528466
660621
420109
946894
552172
347072
592940
959657
3888
818148
180015
200528
441015
974312
662320
356975
175982
543758
252193
233520
983924
816015
697329
582994
187769
561156
497498
786085
142601
207895
463292
882042
792204
296383
120704
3418
614637
50932
863249
129000
804024
347637
358356
962792
197175
478432
967612
74875
250872
945978
706782
611894
302717
356458
968442
184747
695881
689121
406821
27341
178260
549724
169752
7159
654185
288126
496646
957199
663852
527828
4162
109777
635822
685672
333975
133610
544252
324899
278528
234102
163099
663928
405895
390914
388612
791311
867705
322791
520892
896809
761467
68229
457343
182259
526713
609435
799286
16848
54572
831718
416009
374206
16695
392311
666115
50529
758511
248505
926798
401759
332692
874349
969698
269621
551026
872433
547174
678582
175737
841762
250103
545080
72736
517160
649908
449612
294035
672063
852715
93194
207978
56333
260338
335299
742239
865902
457612
449445
539534
605440
732102
284983
524471
146734
768712
908849
147220
690702
6975
381581
750159
503517
70026
437699
716179
700254
455901
977095
940923
976683
952758
599188
637933
790192
353072
312682
292907
937787
952132
966353
153960
259144
413064
283778
713844
722761
658470
107871
612056
423168
543454
137592
967208
463555
663784
567142
757086
198636
498472
973674
43364
751271
758264
677336
730146
828227
10730
799493
586630
106903
882132
52965
690717
604454
710131
537422
849026
559943
340506
612933
582282
458141
85641
797895
900878
69858
42662
915823
258498
556302
567688
845170
207629
496028
789772
147894
956227
284041
816776
343968
785603
614155
344083
957927
18781
528991
992838
752615
909729
166441
334845
598285
396063
56505
609362
277088
499880
192529
728337
797962
685359
654170
395543
79480
922512
903496
27054
716070
422979
807254
423371
998847
481262
756979
263135
929461
268150
229692
358806
827516
381237
551196
903164
706002
60041
534176
270901
505819
528533
725660
98052
625921
337280
208189
814654
472219
855385
662681
932869
754430
635147
448684
483488
825534
685532
358012
489812
369238
483223
154422
201804
942727
661960
24329
558877
139335
375659
160821
618371
433940
329645
473692
629033
469875
849116
694397
992229
579984
533465
165894
510124
550024
979218
244335
274358
410323
378632
549366
660416
621582
359457
208711
823427
74989
921636
314632
29445
759580
167768
149376
962265
844652
764229
451838
245603
638576
214438
837771
470285
970766
420239
673838
519333
638974
196909
580963
269460
388357
178129
62579
359991
936784
667036
613021
76840
919573
304537
514709
536960
23385
138441
921658
375426
543063
440301
539298
415620
835165
228910
209571
891888
435364
266607
857395
589233
628653
983799
561203
840912
797223
231472
547001
376846
230903
307632
913774
739700
171827
603401
510571
727634
734679
786526
960415
841707
677524
791381
767389
490697
734662
619725
244387
913446
8827
289635
66203
400537
240805
550658
221238
566334
389977
282926
113318
212374
496381
927895
807865
363197
241192
369679
659428
343117
704578
43386
18272
365066
124189
232082
771741
835126
324088
599377
231895
18303
27536
552097
61247
59113
715021
98553
557335
479573
123385
594396
279377
58004
34561
978153
718056
95082
421040
223041
400424
765122
817478
273455
507062
903045
988704
51121
400666
574962
135996
689425
278764
490825
405342
837013
178447
104893
827727
430537
71942
614032
848929
353057
920108
577557
380845
390584
436452
85954
924732
521476
466286
831720
880372
983934
653695
134188
58970
878673
9052
845635
438986
920450
705920
534161
390938
285765
863861
745147
628630
567408
117175
468475
624175
967124
94629
121338
509868
925156
10491
504405
806553
186008
542237
808199
32277
442430
905997
554797
860675
392746
959222
234525
778169
260264
103267
470421
749765
660073
184372
67949
334701
972607
923195
181305
420510
243971
558423
966681
582997
683115
332479
496550
321300
897837
847574
720097
419962
812939
887465
80969
912064
57009
714536
508598
814280
797718
112473
242641
246102
146818
411906
246254
843852
855541
459666
61817
635509
880643
575243
271229
24864
798720
830289
19027
931235
264609
387022
839328
393535
686635
339921
317072
428100
734000
62677
940865
478011
677195
995811
77788
704706
557110
616547
817023
767055
853017
934181
922669
418063
318988
919880
584228
662019
982333
764460
87838
84285
415534
794705
396662
838942
573862
746586
151757
615301
988226
398780
526085
664632
173996
531880
394378
254605
260029
566701
123097
522101
481135
630475
710979
45803
912
946862
342120
947743
716149
959767
685512
915434
675309
34927
365423
802957
480433
283720
706695
648055
775849
556964
727821
181060
193476
643284
339552
940776
903215
95808
89841
257297
714092
296527
997238
870012
568072
224819
260671
885889
60756
933399
30389
283852
913380
189209
268924
296115
776974
549968
854153
49676
460567
461420
58438
132932
115069
778295
839079
146941
144776
747594
748586
494849
136850
791195
527509
708025
862143
353079
494855
473195
314635
673540
260593
281740
267754
474310
845586
753693
682888
794760
798959
312101
763632
634275
250976
607072
103554
665845
393610
162946
19643
775594
813594
593512
766636
976311
727852
867491
363482
261608
942154
780867
300433
475761
925218
910649
963021
809342
16252
137476
640811
11373
105326
399538
994108
307991
65273
971860
988138
513479
193705
182593
927802
795737
983891
63885
166495
24513
835600
775924
675534
241552
684795
136706
149607
819933
126948
841460
673567
443259
23178
192991
709127
246930
787470
219696
128178
492312
692318
17652
898061
774123
325468
393546
901368
855806
424408
590775
804938
179204
833020
906283
775590
108199
507926
259578
303877
701091
908224
512400
993422
302470
532646
198832
74459
129160
278270
169180
110154
86055
773727
129167
416457
344335
404042
683382
69814
609129
826628
657568
574055
373163
546740
898468
997331
884253
322094
397419
765618
401357
477910
464305
3175
880888
688134
893574
431271
111167
466511
752233
644012
326768
100772
981270
698891
667000
183080
217273
65015
261369
669629
654363
417395
877295
826459
668485
961277
226354
216691
521643
249582
376719
990632
179250
618778
82422
813295
66716
673945
215192
87261
748451
275133
34026
389798
626716
776034
331113
875776
433439
819363
947992
339737
740462
791460
433391
107651
902875
91993
231363
725813
751321
609099
844462
919849
288525
723899
848494
584397
345752
456301
181828
692353
371362
300708
310649
86235
501463
715704
647659
452942
655639
706104
156189
967608
929515
545593
667678
838289
865986
975563
982461
323021
754058
335826
562567
38151
713174
328783
816748
203909
460585
21487
450247
670639
706788
359928
347434
176697
395238
35315
888882
571952
945429
796006
808071
66737
212265
303412
263088
454628
625350
555678
241611
473029
381995
690708
751746
413759
664002
347980
976882
243810
281101
936872
354483
810780
952488
933880
797284
620699
576226
542258
575901
392173
790617
748313
236672
262024
757576
683753
670495
923592
6955
248910
692407
620265
926153
947707
87524
531857
544779
995136
997462
882022
153704
736121
953668
285366
607525
984762
370996
9760
567305
717492
932990
165022
917102
141553
275568
145681
385800
911146
72068
124537
258504
585635
87260
927322
660647
221431
563748
545058
574008
513989
234093
89726
372157
176615
579445
285407
123876
603172
388324
661876
48993
451021
235920
674114
383319
369716
868838
718073
631080
480907
869690
203318
666122
920383
793782
4693
317028
773171
97786
245212
151640
127670
838795
364799
998620
509437
431033
316988
179095
804731
342536
821556
635735
952526
929667
220584
821835
789997
636383
161279
848909
96413
29166
551324
115480
214086
181027
539152
79260
807649
563038
943988
672945
287001
458118
106821
882527
414639
586120
951268
506619
697488
898329
623790
459817
628786
117780
592381
511048
86834
878723
302345
528931
376918
829261
767966
965389
343164
188270
116819
337003
485912
321529
415920
905945
503877
136995
281674
911945
344697
619049
670599
734099
968983
550177
188072
476260
244512
637190
862146
563479
276051
559749
924912
246907
546985
694178
242841
591338
861873
591496
561308
374910
936046
358841
851748
14064
126934
296373
178219
859246
632597
860648
158938
677555
795737
423822
383531
622653
296498
236346
729210
609558
88832
348757
601285
857178
156223
887204
195413
505432
654625
594332
891651
955983
521952
520494
756703
180561
112015
693879
634928
594123
722808
669468
692984
381234
118552
487436
248049
218922
487762
780042
908317
135159
896145
132571
195482
890143
484120
14300
24633
425448
754538
179352
594023
743129
318210
569683
98705
133054
241913
809308
972775
268746
436169
204043
915575
930211
247613
354502
341728
480223
650923
737391
594649
359288
103797
310833
289444
736984
481309
565158
621449
630084
219602
314124
770143
127252
426408
42488
311646
776019
197147
854290
652714
37497
67296
823514
575380
95865
229502
409229
568433
822339
97631
786597
100792
929449
57235
973454
262148
527128
294921
650477
610960
382737
213209
133273
738456
276640
682363
770451
504171
950222
571040
829926
358744
885354
722224
116696
837024
673731
986810
810610
285346
63124
200122
938404
35988
125494
872713
76860
970859
963697
945737
347933
107513
648986
507704
568611
426618
190463
930511
310752
250933
54650
386926
50802
823273
356911
249945
834142
652734
807980
825762
937720
846524
483801
159487
769439
593747
959803
813748
682091
86
395714
449242
763162
14753
819806
182954
380487
495342
350847
960827
100670
461070
461158
95509
152161
281694
436185
154933
875425
368440
909807
247735
652654
370620
188246
432778
900690
860264
931388
143446
732607
965137
414447
77829
345385
865408
548401
77563
123147
819847
113886
283161
895047
163298
289682
120632
861728
152465
727661
410497
867012
817105
585541
376514
234170
553391
649722
26261
600391
14107
879995
253186
357028
739661
411790
67982
911946
254945
614995
802267
335359
659991
561168
608004
674671
885571
719041
522253
357932
88794
899449
24934
271888
14343
655870
25698
730174
213141
236708
382646
788408
6902
463796
242518
914184
257092
377584
828241
492472
655527
811286
518379
196023
443475
971187
395220
573522
25804
258100
147223
447315
572764
147614
50666
151610
414167
307483
484980
999257
763287
936565
964399
619503
153140
226722
70881
739533
429040
601142
10920
394699
693022
730891
484946
799046
945891
59088
657907
286882
137462
973559
319247
88590
557017
475129
957133
129572
725065
390757
649818
207537
395471
13319
979596
364913
398065
504013
140185
758535
472295
179903
419178
75876
128974
677572
796478
901723
957870
974163
827234
973138
788963
739313
417790
224805
402570
799379
592789
559664
26739
444100
803488
793382
828989
308664
913603
873155
147765
483639
733446
513225
119482
430366
486706
207301
449377
37471
589123
994086
250217
520331
792214
922637
89243
77883
726291
671683
814759
922215
615183
714536
357775
581044
255302
627068
741763
457223
977871
223582
62907
837967
47093
586203
254723
399913
261280
745118
278324
824393
678448
342992
973743
82197
153393
423111
923733
776773
1133
15150
653793
557159
376210
188739
593505
798817
758420
562682
181553
449117
739809
694556
705129
6457
838060
264431
50918
571757
568967
891345
59053
380173
790593
212173
163932
868273
733258
629427
413893
154667
316931
766567
374133
93271
97219
320231
802751
288419
359501
297442
138469
113844
495533
634005
597451
704550
906521
866844
541117
397252
775242
534592
262510
71395
658815
776071
716531
876353
841031
785727
409562
636763
42771
549637
32346
110296
917703
352946
435583
940549
694252
984843
457371
919540
7098
626958
185604
819425
740949
287593
272147
285073
246884
184520
432700
300106
918444
434621
744424
56196
97531
592512
823754
971715
701749
331812
474725
144871
707911
631723
992137
199036
718300
534903
424088
718090
121117
868089
883271
903185
763222
486910
145956
977865
933568
132792
921144
483567
762210
762939
396482
758900
782365
676410
717709
883407
946868
953502
855924
500910
33506
438807
715954
842951
584187
273855
803003
349683
526265
2715
618019
426697
308857
745087
831290
657832
465283
739479
230339
321710
451973
17502
571605
376269
466887
133543
591129
171223
727178
229517
874470
715746
166107
851566
577811
533256
556168
967811
606570
246221
807340
556207
560617
558483
141496
737581
357311
65159
861958
42921
925899
882225
985485
216360
301487
164734
14949
955660
161137
51423
871577
680854
638453
717892
111670
793535
913776
452161
140164
627938
182847
123174
258083
355402
133773
37189
812637
637206
346545
242189
204673
845967
906400
602132
561235
717040
275340
127008
414431
494603
326556
505548
773658
726021
725880
935199
260367
991090
342635
580732
232109
328900
88993
692618
998303
474947
615809
823656
571780
228651
360257
216030
841108
15236
233995
627943
308082
628057
685166
717651
299017
979817
152949
58854
14068
63536
302429
974398
595743
728783
319886
320660
983301
515777
728014
895288
202462
732372
221985
438598
162866
791806
653956
271799
724038
616540
806678
234642
33766
318663
800753
345500
225178
355365
608476
647284
423581
516323
91978
897197
958059
814232
990461
796939
992777
128102
173768
297674
513221
481344
252699
79833
841634
928347
783523
189481
289242
667146
22646
85730
822046
911846
510651
945735
571455
16590
486413
67375
33886
173343
513113
856982
180052
793112
240268
264658
313486
199636
441541
772915
132151
197215
177205
75460
71224
231882
543943
940252
605920
808238
939687
55186
152654
171165
466176
996629
760783
219828
828118
160528
565326
125010
874917
959900
873059
364350
521829
366494
49056
882185
99827
398287
191599
11255
575640
518700
210435
445116
184416
652119
272415
494960
755458
481677
256485
252468
42424
601282
778377
436464
367740
582491
56159
513925
419654
848788
461043
655740
793708
456549
823601
805931
33094
867917
380133
811724
847336
366641
383353
310143
297980
232426
633525
81236
942427
979485
161940
546796
847169
784441
768874
360397
818511
948214
420684
411692
238302
939557
442613
906961
672065
250675
253786
608108
958248
749417
692842
371214
130090
579391
128330
833857
18140
867650
807755
763838
57601
847456
364884
740411
19218
138760
248994
973962
463630
838162
250148
804037
307413
806774
71586
774130
886580
169367
185622
424652
497362
209771
482242
503471
754000
242499
333765
276153
191102
65838
928218
531150
518810
507490
982252
881867
954187
975327
385923
600036
769184
543128
686765
671102
4314
822865
284240
735645
903621
596338
279353
962163
213976
687812
570418
278984
293628
660291
523438
353033
893358
508419
307899
328208
474303
242979
709543
808877
481698
452739
184299
789040
352359
361882
365047
795358
281995
666660
254709
98471
481254
56982
483837
332477
4642
32471
526920
189489
876128
984886
591932
205084
905308
78534
670617
179339
501924
516624
974606
482188
317704
138481
153911
885524
760214
124022
975671
982222
693453
733812
851614
704958
148662
752827
228290
736293
246452
866570
912236
783945
938538
32506
369138
790246
949016
416071
960602
305143
588140
227559
955354
190537
202109
808383
215149
528237
45131
403318
131427
718101
189413
460888
610527
924641
324150
999495
298320
922112
735840
467469
252791
411151
866078
414501
253775
631015
976185
940535
622650
140178
760542
116244
693544
353260
15440
268326
760364
911412
821525
838621
435832
908662
179825
73160
339326
363159
906766
870808
882791
815158
630816
747591
210543
636054
351609
733597
90895
510695
183504
430605
716672
540286
544952
215569
177789
766035
136479
620509
394285
812396
437539
262138
795978
175588
639725
346352
735113
93958
324099
742179
306358
132884
171427
692279
556543
213605
766938
99895
608394
712503
555432
650059
254805
381995
22144
311836
860585
55832
768284
887904
319415
130044
611668
722630
222632
443497
428034
38780
25601
745528
684419
266828
879378
558102
697720
94586
546803
50441
223441
13678
447776
443442
214137
174995
111279
957529
644001
94082
946745
460702
342311
8051
137399
383392
376426
191175
358279
97992
165441
106554
776229
30000
98073
656275
683257
666402
367074
948837
910034
775703
571625
580261
579218
722214
620390
990986
637806
259889
15087
337659
331927
89204
330834
159587
109021
659347
211046
699832
965546
211283
983653
573163
443110
216735
678625
111990
941015
750508
56301
541623
535534
319935
503836
793593
484289
603237
319775
376798
150226
980334
354261
725688
126229
463830
915429
426274
168549
765987
323244
992313
425546
916421
762733
339689
448555
114381
153129
924471
892686
488181
39811
618865
494904
790723
213704
586881
142526
185560
7315
617227
367008
442177
875076
211174
466750
599460
548007
321624
799067
129316
802556
460369
915952
712124
223021
766917
994966
891769
939465
217495
966813
661940
847632
634851
783417
783001
775084
766081
141779
478976
886018
217070
229191
982622
208244
849727
109288
743802
774615
885813
866004
353462
870924
350699
450721
12011
264017
698820
752437
128177
393609
486805
915131
20915
492804
497596
210569
658023
494578
956642
702254
95786
660214
239626
904333
36384
372031
508122
827867
757516
584126
823115
980595
965226
777230
625590
83782
143492
762783
177787
559345
348364
394716
444384
540240
482629
912181
126306
352407
198780
193423
946798
187572
369005
322559
463681
23190
547557
135342
949088
627225
969123
189852
473522
128461
9078
694163
54068
512995
979235
855545
885957
158400
211141
123090
356409
76444
523929
102688
936542
841923
312744
811726
533940
160251
505428
602699
764201
311908
728332
289729
46563
455626
701675
603589
617545
508990
637424
99786
495077
574306
356850
21092
256479
163782
141015
932961
32304
418487
943274
327582
879257
725791
548773
465501
392607
462443
68522
811065
710375
371682
189780
281140
753443
578379
17845
485501
171063
437965
638036
468482
849483
514306
862777
610617
94937
345334
951381
429665
829182
79158
275919
843424
458691
857358
788221
970436
234450
490780
444296
827206
814150
222815
331389
428941
42684
528813
809458
423224
525112
217508
32601
92891
418864
102521
758871
348861
560012
948400
983578
960976
969903
355879
4040
130868
362232
648291
533696
351633
963848
930456
766170
977434
332828
566820
811072
99681
622890
812249
87878
556711
59551
187147
480972
501100
173437
114357
81419
393605
787032
88379
546154
497908
264730
531947
530648
954538
961204
479793
532636
380387
271056
352224
686838
44474
196928
720596
51809
810584
245493
943195
394003
202115
81694
682343
903826
975543
657407
989831
913417
186790
396368
756207
877265
170870
54006
495180
803553
228204
477831
799968
226365
250795
949732
257571
51947
221633
187922
712331
523396
251782
292796
948822
217104
552844
429018
840184
678161
282391
718177
709405
997407
540913
512401
294977
324628
306477
976200
432381
146322
407003
996633
570354
613934
368088
460104
591012
369354
642966
211528
237542
236573
818973
715846
985554
405529
152163
789201
90162
772718
968600
62329
118960
887322
229667
476625
471910
865306
114743
849551
742581
392146
877314
552928
253654
555162
33593
282432
422694
353605
852358
948192
792658
499614
527170
804297
804123
234162
45658
399243
372275
86720
993182
123996
616536
172532
326915
402519
571483
186607
892561
723405
503882
966034
731052
895772
68731
956185
220082
210862
468012
129723
282581
550474
838447
383563
194056
859109
982646
897446
867317
245232
990754
763469
951292
803997
564004
412601
468483
925185
325828
296305
780073
951232
595755
219897
457820
45737
807409
399819
418255
614243
457844
586341
692565
300210
344037
593011
730966
49002
916523
92987
245638
413153
972132
289946
63910
864009
848171
824447
861388
119522
908293
1754
313884
903080
960977
634935
407257
275731
790454
219346
92816
197162
529460
544992
885617
838899
400553
627462
662837
663777
141675
692084
36974
127348
444573
425270
413045
24272
283664
852667
854132
675825
905305
204180
935487
980890
403945
543742
254675
12001
76779
673211
995580
516898
997513
817482
216121
212908
374933
536345
732354
328272
503719
788994
781312
304833
613048
933326
288777
329102
327563
314107
230986
814319
422755
566095
461509
227253
158912
289493
949840
415899
282630
335544
698696
3683
579610
141688
253222
50419
143095
689564
498993
603029
445508
184516
710902
675847
865996
348856
351132
692460
901322
309701
550778
465331
489206
294776
156523
481151
274952
896969
710320
994614
315203
861506
453166
291829
419124
990597
437695
708145
569183
793485
220318
561264
620764
38880
756569
247318
938374
724119
847043
441581
964842
909209
649274
772141
110966
159818
811760
323224
966642
989473
617270
6946
407392
950406
508020
104146
681345
658764
373047
648079
638254
416472
561133
454152
847633
607204
217931
222046
587674
908566
275248
170292
738004
582907
469165
501109
510006
105670
134988
346677
564185
706912
210177
824571
979788
743437
277400
551288
304427
468651
450397
760109
670063
519435
95767
785728
84844
472604
554613
224962
42549
507622
559203
980357
663313
598926
238649
414075
74777
984612
293058
896987
918660
189309
452746
22301
87297
631074
661367
856090
741676
308375
2234
492886
60648
796798
480613
769961
341033
816117
288545
384336
299798
828051
704182
843834
62017
725576
409196
603460
397550
382737
540078
20047
376104
429854
10861
405758
312473
839152
921617
626056
125983
684637
518855
131278
468035
55655
783140
195539
613029
658341
962045
732370
654894
679308
379456
802953
590516
530323
961235
650139
780681
289095
488908
429447
543062
198849
388133
624019
866623
843086
930864
626697
701109
766091
852620
198753
381067
53212
42389
502153
819823
646223
455252
481339
305746
233079
916282
821791
705896
681172
29814
112664
878346
996053
673128
251857
968621
913092
770744
267741
657452
223945
745254
507853
798509
909906
325940
839400
391542
80810
654826
459146
644437
574610
356301
145257
913627
622515
773939
899379
427494
516068
240455
291851
839367
606795
225970
637329
524904
924840
225138
261865
377249
315261
444749
625235
176201
798653
333331
366795
662435
693012
927304
974808
510353
544454
187294
552068
944015
445171
300899
339963
144613
917880
919341
802001
420199
125659
506157
274358
401291
985732
830404
629803
569011
545509
231591
767063
77956
831829
150485
172765
382604
337487
998377
392407
604817
551818
728668
965741
78520
74607
245393
702049
924466
397641
854400
262865
432558
677079
454688
855558
566459
759138
496409
619201
565885
542766
902818
325589
828832
125577
946328
810018
17705
493757
531011
591275
440328
765348
999889
314665
454865
221341
770033
929579
186041
555281
812002
428828
929095
921062
310815
364229
743922
553499
412300
610790
411113
527473
715034
652423
557868
197394
250694
534521
598300
209591
821248
831448
88813
400253
88880
518853
511873
773838
375793
751185
458796
577630
492297
339265
75356
146835
656197
113689
51573
806118
552748
614247
148808
963454
398274
386831
328713
694177
681606
343145
432143
691262
420603
931254
531105
430297
972618
458157
292790
1382
254860
310912
187996
745777
436602
909632
567279
988988
667366
300904
506920
15988
3359
76791
84015
337043
615539
883348
634644
843765
134810
408800
542249
562758
440461
496099
423934
831394
229836
238302
834744
674463
793312
104517
760688
979391
590295
346172
777852
850361
789689
392810
423028
598144
590726
963511
939125
744804
655723
74718
108483
526721
941689
38636
508645
698735
810019
552160
623608
754915
808586
157892
24240
302686
691048
838999
276178
947850
939484
479370
881570
856752
31888
153865
573835
54656
5741
430713
987612
917027
210459
919765
861665
178181
281177
573043
638949
558094
361247
243133
774760
14756
645386
227396
489655
628824
364078
326632
26975
195917
682810
362316
346222
11420
118757
633524
78916
373330
988516
43581
567712
282
316316
227063
455264
458879
762461
945119
65115
747949
750898
159792
871829
272566
324349
885013
514854
609289
703953
25003
245727
22864
13661
651825
639086
402628
525336
444428
389441
13549
176690
918091
877954
263934
763331
372893
531523
381953
928620
745044
454161
198145
23677
588889
11879
150019
429124
243008
734090
944257
258794
583956
436131
586223
543186
289755
879736
799562
204019
432963
370886
627667
845714
414531
186552
144518
699131
344866
428565
214459
133510
728921
127523
695906
492313
536798
454555
804185
358774
766898
993356
918833
745791
384718
7855
309425
851270
625595
8107
250642
960354
302148
925051
549540
881763
402710
365976
790230
68320
676036
853438
687915
988650
695233
699484
469442
156494
129885
772959
542175
237831
501877
199211
623642
195641
859967
494820
98139
461739
740426
211318
767649
844896
505289
129169
105717
713818
986031
134413
985121
621087
953781
283685
808031
254437
548854
491725
296028
772878
387275
236277
677379
21168
71935
658425
264178
721349
11127
741139
134500
659246
526648
332640
964394
778702
413377
975964
807043
989764
776542
294929
115498
990524
203827
296831
426679
682614
657225
320052
393013
540097
129581
524923
579615
949282
554887
41317
911741
644887
120642
900490
819601
112394
829736
437415
47692
614440
569178
153737
219673
764923
500080
945733
459222
594304
872681
455567
469574
922005
333496
846838
461428
266947
107677
498636
307369
460490
28912
473129
239212
749536
91210
295395
626557
262157
404566
973407
112259
379519
615760
439573
770271
837474
852346
290912
569598
850750
386589
541977
839184
380096
916791
896805
501919
809607
212644
885759
55029
954783
74698
993396
391223
55814
677720
786865
817243
94776
843085
553417
45077
998680
839797
661678
902958
338863
979937
875849
818819
949271
976403
839304
773836
222811
404373
612287
210018
633588
98800
236060
160555
115400
257045
522029
732388
279082
202853
188414
799295
285689
450771
784176
509552
464659
62969
84999
77629
23506
894882
409878
539404
25176
480303
866236
262168
398430
500130
290470
806376
665650
99090
886213
444100
507106
896272
283460
834101
562199
294141
396043
967826
356532
924736
263818
158933
70699
304353
635979
745789
281233
427574
622552
273350
856206
679540
444268
287256
545771
387352
316093
431091
228558
571747
782099
610978
386345
396133
490842
287917
865855
669075
243470
85450
174471
821304
502026
528430
192462
799404
73718
366507
315848
163656
624583
300993
232037
726414
283839
427781
945280
625239
498495
87389
357796
150791
850495
854924
847954
885325
903264
664596
207688
512016
914064
194721
598078
635388
787519
414397
671985
625866
324393
127589
356085
990079
111991
86443
460718
605199
318183
896234
882668
469187
651270
419146
601265
64743
664498
988719
510525
282266
482851
15860
458502
822588
333406
65751
32561
501630
857457
602482
617063
217923
106777
398275
487663
468616
393388
498597
608005
778807
960032
690359
246384
123987
267144
443720
531840
403728
764901
647031
289846
209572
697934
478333
319607
898676
223276
553334
279524
344149
304921
34880
965706
290175
894852
441806
988709
983185
321397
146799
808953
772776
510220
450295
467664
603498
896531
895474
956039
423696
346309
750954
534100
346555
365847
96384
349548
806638
444537
92307
469668
820511
802766
296309
862820
99195
775056
909325
75772
648726
830059
344763
793638
218076
71793
382201
658905
594469
316441
192835
372436
444664
581049
424432
543085
383905
4108
369513
652139
437673
677309
928798
643244
504160
809317
317238
417377
221813
830312
309672
422663
28655
440559
825081
687688
552232
286988
650345
557051
602642
640242
987627
322473
829336
767466
164789
293577
458841
941515
589072
640104
115264
936827
220406
635048
891647
587537
96230
176961
243294
30660
554534
360161
527953
737783
909716
879466
826669
91743
370086
443113
22812
295632
917675
258303
273950
922441
393013
329197
960483
12306
777349
226364
797213
771007
244085
75401
719642
833427
112606
7846
926801
621395
878346
511454
321722
591197
472338
994021
314171
191599
609879
656462
186711
698729
289359
824826
225258
897681
401453
505192
347442
539499
752624
503803
105558
433744
522871
441987
10033
528263
850607
79704
186476
660246
687417
291047
317416
290262
879730
983852
744144
690888
10841
246213
217977
157412
692072
511395
176123
696869
226365
100215
332205
717534
816067
869890
344404
875635
351270
864645
961339
769764
459345
438247
40201
857304
506348
368375
571978
196265
921808
886580
52421
961690
717841
483265
801580
470499
57684
873169
586958
747161
701572
475884
64277
326490
992025
96185
991592
632164
392582
669960
502207
526195
867269
958972
510820
323095
517064
78608
515114
808377
313278
835203
5261
296522
436328
344051
973649
604592
807205
512955
128668
696078
113452
323651
332627
418984
484448
161089
816651
570108
948358
809805
354756
528853
243495
984408
705407
582663
232813
331590
899343
706826
644480
301909
728598
610165
406155
604965
440053
238931
41890
616493
572999
616236
606407
643906
822272
45566
693371
664780
850292
202526
368252
974995
958563
984340
208225
385103
402421
636696
582112
339523
696266
321267
155311
669462
60449
2656
927116
579519
82345
164380
952116
620578
150763
238658
582111
627574
210912
198712
392510
114416
256506
937279
771257
964129
411354
503773
657316
409875
385084
434055
16041
921358
34887
689169
948502
962916
105850
728906
490402
830361
681248
719590
761403
845551
330748
977413
570632
307375
965356
464740
248220
133319
279669
947767
607007
258342
319398
282447
378349
181813
954386
607570
921193
806997
994541
602702
374237
705613
680047
430821
578837
36507
394281
413086
381046
382302
14927
70491
963150
1106
521491
331046
595932
210138
20724
44865
70270
143970
913184
496862
638798
737830
491639
908026
960678
762123
880566
371584
835641
686859
785379
642576
691175
522499
249139
327515
920382
412337
888858
880802
207323
27300
35887
539336
603753
236010
648969
307738
123936
61948
925867
114267
52543
134243
738344
26784
583530
901321
148928
392107
114947
54270
529714
763274
403493
460
901907
224804
611109
964831
255572
96505
630379
645384
494028
27612
233628
128839
240774
867544
347946
270946
579324
128453
428409
792339
441323
749147
577058
532083
669919
6734
460384
307116
713076
627502
900777
740566
325679
264821
950386
899294
887149
551091
323576
862226
669501
277382
699016
888132
497322
514731
438248
613930
509029
709550
98684
636962
158617
603692
522731
320861
183408
215287
128428
881084
689414
210608
642325
532605
29473
190179
863050
918783
122894
332083
661461
333485
537216
939274
770784
534686
608425
51533
454579
922493
194820
665528
359576
582196
896463
864991
703611
830603
923117
171234
266565
22348
566663
811985
624440
756547
933679
503141
464997
438131
332300
575967
237152
351459
365020
387214
127097
945898
444213
407903
225469
193522
792176
672108
65862
674381
254622
577440
641142
960877
442960
358261
923589
908982
875259
248084
441995
550781
681603
867474
760300
859564
129026
118104
778627
786830
921445
32882
236864
792935
918964
533261
92488
26274
290276
81846
176098
493826
17788
343640
652807
292072
483025
264984
625794
627925
284215
607099
234404
472319
565437
557605
673096
169019
150424
291683
135214
244569
42368
26760
772095
258868
637270
84050
907363
335176
855534
550826
361572
871668
648842
607682
38535
713025
786622
318721
424420
225415
457019
257390
710826
636053
361395
732858
330543
700928
399164
88944
506591
28772
518247
607797
188916
788511
735925
801818
135277
990728
134879
447044
115435
663209
476638
635377
285305
378177
89513
346421
224778
314569
299069
643480
905445
108639
722841
492190
391137
958565
147367
578326
619749
877604
988297
299001
672600
933525
615649
735696
808748
669650
162257
964264
808388
439268
39896
150686
880399
290030
787225
533619
9757
36053
404734
856410
394877
778123
218837
769240
209596
400066
800346
370506
726900
327826
861781
384718
779080
532906
967570
602053
808008
68737
608474
807198
385183
422701
379086
880990
528477
18344
175772
789933
53353
51586
351895
246705
106695
186611
985178
284807
720018
672603
691996
598274
229245
966183
638720
676296
855885
644510
424291
467554
841603
933512
421322
673902
859603
74491
80745
69028
447528
151558
371933
423363
387321
344873
786312
620516
35777
767908
141948
730929
593114
198306
903139
328119
306535
851492
139555
286532
194340
947845
456128
781386
945892
767883
690278
743573
104661
342273
347048
209954
131032
84855
383670
631848
243132
383477
436583
559997
83778
958048
291511
793948
308603
842608
148624
141742
246017
963680
48253
597508
38726
14609
421297
537540
275510
577418
346876
283460
389962
75831
778972
54005
112202
325044
835925
852677
385860
494928
148955
125857
391464
52555
781254
963450
918228
176243
824015
38366
940224
829877
914457
555369
591596
782069
530991
572225
580392
527928
263324
877006
124907
369069
942019
842009
470024
580708
209126
768607
808322
226132
47145
971893
610988
771317
413789
741798
305371
902926
300708
554508
336994
260851
699310
807296
480831
148108
159102
810464
795829
732819
7145
17123
533419
685303
586010
186200
124901
115149
827834
277599
943222
99553
176010
945174
595405
720889
976522
86913
498214
431777
385238
419293
892664
521754
337305
716440
871948
417767
139916
76025
297464
898308
948193
920105
137687
480218
341857
831673
863163
98887
944638
672590
990201
497000
982829
48365
378327
279076
3119
944790
720807
592471
596973
175661
570481
180276
542265
330512
137809
176835
267923
600993
636475
949559
807755
45041
365657
735745
929118
241254
257408
335167
400180
393494
941432
275690
548855
999435
826519
683184
107059
265628
600610
210929
219035
510623
842647
851509
896833
331960
487257
869105
660526
859598
255501
858943
971160
771689
739358
637136
62298
624477
895103
469527
471240
661502
15124
773029
840863
335828
287800
857110
418899
571598
428208
531044
543286
936945
847502
512299
76834
500463
213617
305906
939289
865915
731896
482424
34832
935981
506701
350180
986320
845400
214896
53342
305524
906983
460280
730417
898846
666351
205492
169707
722299
594603
975241
978047
553899
732970
835969
521984
516762
618375
226140
502918
934585
352810
211452
961067
125070
762656
253918
780195
509715
147670
878680
18873
468422
306021
764355
395185
363985
55910
421531
825769
453647
297895
731589
735252
155496
894598
771805
819709
932673
483184
657985
650547
753380
641792
483508
509382
921701
93302
70391
472969
745404
869558
417769
642390
758198
680457
982167
249390
305180
495105
1263
901270
622597
247551
8313
553019
106053
759269
194834
545466
498487
604628
484920
623263
856055
315849
478433
670359
114234
535874
653135
385344
371188
650309
831148
772121
736727
627401
359937
820035
418573
36280
761458
206098
160287
656759
757805
890650
656248
488742
21833
513066
762964
652605
782282
817874
758085
815254
302903
829209
12052
471235
201849
853096
687423
153988
328351
728022
753810
243987
683969
604163
741716
784531
781600
558752
453300
698921
804420
800449
79450
251016
627436
474216
211264
996551
562557
279785
62238
304598
672870
849282
38825
261052
675713
722427
378697
356533
264276
563067
801268
596155
898492
223195
374673
231290
757671
703109
963668
813576
209080
383026
590353
654628
559186
854312
69404
126856
931712
947823
160045
988746
397856
784445
16413
163252
211249
934275
882559
439024
130790
423809
996479
557551
363324
683927
900488
261400
955506
272146
305187
77949
897836
722653
230342
630382
772746
936057
730
937056
535724
911472
266850
186510
207100
711163
368404
46169
688290
594919
981217
769904
391632
145469
755967
702554
510114
29591
968881
541453
593772
353136
718724
859828
743849
85561
463586
146379
404094
417110
691906
872794
436581
65205
158666
198102
308678
375714
232918
684794
16319
395240
918440
709629
989444
448169
845225
440720
7566
823750
661783
783092
735850
956938
919275
555566
895288
808724
496960
845587
633354
298883
719819
989353
914013
733827
354159
3294
538053
6965
986681
742753
17998
998321
373987
670005
136472
263196
376764
434870
641382
124376
889847
234466
463876
844253
477729
467227
47742
823091
550131
1713
716514
930108
608885
621854
467780
560786
666196
428836
606347
530775
947984
707689
665510
483977
474250
886974
418545
31834
673105
563194
126569
993377
195897
91956
36878
468057
394202
447945
141057
417137
604977
638386
284885
363537
977757
359008
393877
214996
209203
753660
846470
760447
734506
146667
549161
328228
655481
357459
64105
234160
462182
522337
528988
624427
988841
306919
978768
852999
75641
620288
790304
369695
182288
564717
194694
612131
359180
762540
681871
906632
796777
660068
278077
329732
239722
624269
785143
257392
641375
663219
375587
105637
73250
314251
524744
102486
528717
876637
495245
32337
526251
680489
133307
818919
608041
80804
335133
439416
562319
930323
203752
724142
171407
73243
34322
254848
793410
770134
497259
958339
289889
923352
683526
136482
806224
730620
507191
499011
880096
508780
161152
826431
944125
198716
457774
702989
671663
416143
587373
517366
426970
398138
849644
452902
164938
245244
959796
286097
579667
656484
836087
150372
725590
605813
756554
342965
567870
702102
646308
687271
999987
261699
299647
422364
717483
963969
683457
737627
466674
297772
549532
165851
550864
640653
63098
299527
100441
171102
559381
721551
860318
612315
725400
38425
457925
981289
937628
415148
11067
610922
331294
250251
415494
505702
747047
142519
56251
769074
831523
581681
180103
931294
578555
904653
689724
896789
228507
784530
689578
658899
581222
900777
830197
220245
47749
747694
566053
355359
350387
260888
124172
261736
747747
314173
586378
115228
135149
168024
367453
478365
501131
508604
884492
694149
33556
15148
124180
392231
655315
150627
807083
565
600508
586945
487679
465669
871991
206487
897443
155640
705407
944174
598199
218099
350557
207704
635677
272627
937740
541712
455161
498649
291544
716921
899437
270846
524018
169349
390193
48842
302091
735012
554628
40761
785718
2405
872790
166326
81776
86810
302117
597396
959614
615790
743086
2811
355525
594821
938832
539977
566902
649153
537223
566531
995567
430465
368439
940781
978523
675187
999797
430380
37203
430134
441779
502892
40485
595348
344202
652173
177136
193328
655321
591756
998771
972106
925353
668586
895953
614669
361409
783478
858456
823211
912869
757422
888721
254518
550879
729526
763022
558893
917600
717035
868191
302110
670538
964600
552346
75944
4304
616745
551137
169148
645510
62881
336040
299096
12826
590775
478073
242386
372299
267507
335823
761236
653639
93864
440963
635886
582940
568210
281763
738102
172358
806338
389232
228795
556488
641559
36428
421516
698866
440898
256748
728223
1303
837096
570930
765197
84536
854754
346556
350066
436066
599456
152646
540838
162909
798990
163079
688934
109525
51384
885693
648034
74313
715629
829258
307165
845107
49074
962912
902639
310260
971402
996057
738595
686511
291967
106932
160671
613140
351752
388074
714837
823068
22666
181276
480852
22609
41188
414125
18140
939262
434764
769446
917481
772490
700140
906688
151928
124469
127313
878611
499459
86487
757976
784917
446133
203998
609688
612464
462073
540301
185620
758076
351164
469713
962783
819270
86427
299750
184684
207332
141938
606507
980527
476700
660599
237149
798292
46021
24199
32738
226137
291070
414813
209643
510241
489513
442737
585409
117409
835004
471254
768064
168076
62561
753021
781189
282125
983199
85805
384832
445404
817681
810041
239922
963406
129162
357452
622450
761582
759056
938825
220776
690271
911193
922443
653492
460892
436858
723036
21224
111292
727756
560686
97068
440768
773128
891005
521594
935900
889160
794792
563120
699546
685111
821748
523399
554296
84202
210035
32312
151870
926773
589533
641258
894797
790520
279997
89468
569405
497241
169885
219125
371300
569569
752390
897336
832696
439503
30936
703319
256345
53502
13305
458235
505971
222709
700412
878751
645160
234468
167093
514973
358486
114423
965108
998191
63219
233900
575567
454697
469180
667480
658165
91754
379284
931467
949742
435849
751453
135191
105353
105747
328075
454617
747743
983101
877326
690490
601697
576892
948103
392746
997834
447805
999163
404059
895900
925559
430252
457240
17516
388416
408530
275399
245237
622789
46344
14862
887676
920241
524002
643332
315691
23092
997436
93959
897947
196701
956666
643167
917140
809085
997624
825625
645605
849087
593039
17611
643560
816881
964362
721285
717102
52502
846939
975779
94678
813720
789581
145201
965741
667908
967566
516563
228075
282416
528762
217783
922070
811040
178688
759286
346427
900129
967498
815504
656264
544535
750105
205181
558682
16326
985393
4734
204300
335522
896915
855914
120820
578651
932081
200417
365166
314630
712320
269469
819336
799595
630177
301627
661262
532496
255943
18265
280405
99985
134096
363900
991076
855502
528117
999749
118227
912597
201712
300295
540282
891647
841138
728352
399730
158190
367882
921937
870142
23121
294766
13964
599066
942745
104557
931173
436631
914564
207723
486729
245594
159190
302363
736860
554387
281012
486396
695203
41062
415149
91964
750665
376606
110838
771269
682907
599896
693140
372359
162349
4736
670329
324666
238532
274088
405579
525699
808433
574660
626051
274958
481921
328837
166907
439341
663099
604961
777010
590598
257544
60241
210529
883106
606650
29549
710786
380038
231329
839277
997006
873802
795844
836654
998551
420390
193218
40880
519184
857053
396868
317906
650540
378371
297445
567301
50980
584059
883980
628119
693405
914284
264310
285331
787989
249536
751497
495306
949125
432412
654972
47442
654245
294531
587088
11518
342904
152074
970700
427650
635954
70489
640764
825708
939369
574765
798403
830314
491254
115574
895377
607412
249567
973830
264152
460510
516723
778390
732187
986771
426150
912285
465370
609335
838379
34280
160513
855108
442635
5898
850666
944714
316255
73059
400818
669333
343700
399279
529624
723600
245639
670003
596410
534792
591160
776720
167675
350389
466557
400958
104295
178622
805256
623752
544371
794480
789739
756904
313150
31722
441773
677203
496447
396721
744283
33133
274193
799821
854673
2239
807566
394312
791236
465349
303876
424028
934699
648669
862372
369910
205314
181115
108350
55544
170126
879922
350366
888479
955044
743686
537044
178151
21792
626378
558616
375859
157240
899282
591508
859393
282576
134611
919585
177843
27774
355315
714763
583380
381770
389430
395573
341544
625416
752450
292151
353180
470352
10701
383493
190790
545119
294494
122442
429315
287403
25627
131234
140274
873987
486558
506119
595291
775386
835342
415657
756632
427202
166987
423907
231719
161376
580145
209695
357118
37067
30330
211735
330208
229452
448954
46298
439317
123334
187245
77171
802401
287015
412007
310092
153666
145134
855713
988866
795616
116173
172046
368883
745199
594049
615163
719109
963125
473343
633284
957476
696262
316131
357951
410926
829870
90096
787675
856845
707376
976923
8788
776132
998966
907255
338047
19010
441486
2474
668407
364057
542821
224207
361484
685994
588464
536757
957610
379785
64675
256408
672158
120175
374359
762626
981445
463355
851605
5854
549051
156131
679771
525141
737434
483411
348171
888502
71331
242306
966248
724429
689780
667274
130567
915441
631413
555770
136462
938984
531729
982668
741199
747622
704259
649407
245449
566620
779824
392634
921736
575424
354214
577524
270783
312347
115752
774181
458941
687077
350395
257600
353286
358752
589858
190513
52306
262421
81948
616795
316849
492010
644303
321641
911305
956298
334033
819824
674669
864751
416928
182588
616590
938094
468674
195
646069
786853
983545
971540
498341
651537
186848
315450
742930
293582
874429
791090
266018
930130
706017
539402
650918
427863
603327
202344
717115
578504
114521
372289
49925
798560
922394
456113
561107
677545
354035
376381
923654
874466
897814
716012
511942
591247
776583
231377
221840
898804
458708
898377
582353
580565
347613
266052
886134
18024
598457
687209
985798
666455
225192
781735
162525
536009
748867
407706
331381
327098
207578
360176
561199
72785
30889
680899
430016
387476
365424
913038
124302
597592
987146
207110
200075
76058
742601
592017
320016
638427
547458
496788
589539
520883
831640
812170
786080
698480
876099
83393
14820
210680
715032
845785
692048
155968
239142
651237
668301
933457
576320
883468
834802
619531
401887
827261
65676
112136
257379
194773
256460
849972
410522
724974
348850
351870
197564
468350
888786
685523
782669
24134
69092
597040
448495
772287
649616
139571
674087
443116
503313
977456
347753
177968
239030
119109
914764
459454
88881
796760
669918
101448
101337
528240
684589
261638
55358
794423
553576
693857
192261
977241
30804
357697
865941
656638
769952
572035
420534
822659
962207
911314
269483
172011
64360
277892
943569
521550
207795
746834
47128
423464
49282
487116
57300
180102
876390
518384
450451
487233
604436
437682
630682
325461
776899
822426
355498
902900
991064
579204
936970
606358
69537
963018
276736
946004
229890
954508
603193
253438
253161
507851
572268
783233
44944
147054
366873
778375
362910
20268
575280
174163
617898
980848
478860
946662
872201
502407
564541
730293
478802
608793
587088
191267
40882
514733
914415
243497
266501
993287
479490
690191
736799
508745
819934
846425
147998
168940
521641
735773
90245
319349
917358
197067
309738
938633
472150
961460
648144
616122
785668
808847
169730
330367
525885
847859
309022
870532
860302
95672
178066
888867
982315
204521
716421
471481
772346
863063
265723
491250
675837
323141
690360
900852
427474
372361
642253
510201
891060
589014
537980
568753
328689
172328
494458
544429
616315
526500
609399
780681
601027
449213
275701
441212
351685
699991
570032
255717
629024
814142
759042
709523
394898
233584
140079
12466
831533
800069
97773
963178
285815
456933
898245
554099
809330
135629
866061
141639
614205
970240
400617
845035
507094
779984
963518
636257
601246
937856
478703
512166
901591
722974
177435
735544
514095
986379
251986
745574
130264
800371
766702
389868
392564
503029
332659
821029
439604
97519
623455
166791
849460
927717
49311
664944
455868
746435
656031
787371
869377
188329
894322
340556
376600
363524
135187
33042
741611
773547
892784
763983
636479
25834
946091
733202
72453
785408
150337
937487
236201
487137
470979
201978
666158
429811
472363
582794
955917
759925
896188
24412
832757
784884
648078
400985
138394
472543
322923
59522
195478
923621
83060
552558
355359
809826
343828
256481
445498
731328
19355
660698
762582
645210
49100
147007
386871
487583
862327
516231
733159
281906
76130
164890
611445
360449
864770
283817
80020
831993
480302
60639
434086
218109
314990
614396
833886
627783
427684
573640
340782
271021
506775
260121
802272
225631
282672
860258
21261
280520
821708
651992
35410
985380
394132
477875
904673
789229
82460
76465
381252
951780
651435
782854
734727
931474
985817
705699
522501
778584
902249
85013
66113
430465
165390
510985
725798
869890
901413
309802
667453
508032
999238
938583
475704
571006
127916
81606
70777
584321
310564
99181
280166
643844
463536
420781
287508
178445
359953
39161
283954
74329
656938
290709
957308
693730
774251
464401
796322
659737
925897
701180
324934
138561
67278
712219
543483
164316
852168
912013
175375
535471
299477
982806
937726
729572
905547
200443
571696
233978
379033
584432
544598
843271
156663
382787
583127
421043
863168
249388
398517
726160
261737
903317
566655
629034
903136
872212
162554
567450
291673
513261
710768
65606
910516
795816
937117
151786
108018
423947
137491
370543
166858
252585
556519
768268
293394
986768
487655
257786
438283
575549
84186
779327
127481
509440
772364
734226
510447
285517
930331
628045
343694
400554
608126
424972
647719
573830
593550
379009
641663
989078
615421
548172
315775
516070
185412
665748
198617
274056
854362
765416
753192
373305
479838
2107
27201
7958
586523
706880
625563
753579
19406
788890
745378
131162
971141
801378
394275
40911
116189
556545
419459
164269
913917
531262
819458
789396
951076
994527
69458
64570
314482
465685
982283
480893
114107
843466
846101
660375
70452
432902
197195
502269
338063
7875
20959
166143
786755
208508
110766
308873
923096
572196
988369
998962
317086
161153
169372
224779
999236
119557
755295
214800
419667
99935
771116
298598
210125
509041
528976
711830
334664
353500
131076
775570
941974
33843
560322
225241
395583
135254
177506
780975
974873
293363
530557
620019
951901
698603
732945
785609
485815
913875
764313
148946
552139
448801
444062
578068
707250
611111
712443
398585
705723
341313
502530
476005
52356
709240
474218
40699
84425
274050
856132
3054
756340
346235
616742
501885
475099
850663
229052
996338
175176
354232
605706
630157
402107
711305
144314
802343
508503
576845
204347
546573
163598
159310
956381
715448
138835
177976
720458
763553
455643
225852
42229
876258
562288
141839
38773
316035
975262
439862
187583
292464
493153
260839
388645
948240
245769
520479
955130
507835
377620
23767
310813
628600
540980
809693
600541
598393
44675
651812
914895
509649
569711
62413
815415
911276
950441
410972
837940
486205
308390
842673
889917
273090
197836
485632
80111
944791
308912
383785
410319
462603
491585
302775
659535
54521
470864
679175
375787
190078
391568
696905
665153
340556
602394
509943
919430
594679
315281
948247
60898
473049
343230
248523
80064
730304
801142
63915
891826
795822
494472
672323
706364
604913
564925
525055
788750
170652
274058
20150
524963
724723
793707
735651
852425
832845
281889
561533
262809
304276
518874
17900
562167
742751
884188
827310
319498
649032
186919
327519
462631
56430
324199
481036
54815
574961
484634
883101
439368
769476
318068
870239
547990
384540
217650
48525
269130
815407
592527
938417
556665
756880
866252
589308
739603
906135
599074
736776
516386
768866
909095
180607
981799
453171
183308
763076
225275
816648
771403
645646
677954
817694
602156
186231
520581
841306
932317
239817
294305
548416
482443
259956
496885
624341
969604
664820
644899
109099
260557
278320
551879
553273
752221
801336
257431
705646
107515
145320
989451
271524
481797
891236
120000
615715
655802
681115
856330
105575
80546
317043
91587
623435
85521
839025
938544
58271
729356
31528
802518
941429
99479
446085
667241
225909
390270
128185
282494
393703
522122
701335
880393
672518
231360
303811
900672
81281
762601
448848
690542
792957
241470
48535
107886
742729
665981
723498
451386
634490
483397
116213
679070
989813
754244
856582
34907
353667
61898
531038
627328
36683
735914
10923
38345
754033
228360
822563
280467
531279
616779
713553
903976
496322
201715
965197
137962
656995
505729
975226
592508
91004
364842
465254
796908
825115
223004
374332
983588
29805
127133
874310
869085
305898
936459
485832
17314
473974
320558
45725
642054
778054
70921
447263
807047
272569
387825
23937
972327
250032
521848
563029
829257
509395
777778
523437
892763
352288
533674
329240
600494
829237
55586
598180
292977
398130
729107
519962
369690
978286
487294
519644
435463
49376
48285
182777
272622
350450
325739
807527
139879
76874
414110
737000
350839
434966
26275
906109
551206
815225
477444
319526
541922
865913
30352
212128
586470
548092
668297
380404
90865
542271
211440
394316
866787
800897
833311
794484
28994
353213
463267
525043
654890
728816
998946
186033
310472
618404
262218
617832
993466
864147
464925
81824
283812
372017
174533
908377
131884
39557
245454
772018
324179
555771
424924
728166
755863
517870
906603
13617
915868
560626
214614
517369
764546
240428
87503
85906
460439
94464
459478
629487
506917
719224
350399
630856
592414
912074
572866
553518
944610
639014
375393
427617
222716
944097
36762
171244
720738
282291
395347
878900
243201
293488
320473
84367
460022
482041
32608
4424
858712
55418
582272
703549
116493
360487
103921
525783
481591
309890
718935
937627
312660
636861
849675
225987
478571
216699
495034
887322
268134
42969
510725
654679
23691
977849
604595
777556
121676
709734
32320
370715
592682
194655
561632
363738
469919
977819
883339
54060
852220
222672
119031
352873
680836
721549
305340
176049
798679
641638
758853
180542
871633
525516
330666
836398
361012
591208
886979
676103
108071
903799
50645
381907
502587
484548
60960
375004
8837
27501
255832
764997
65244
467103
576659
613601
151300
200354
640434
440382
484823
411667
525506
582202
389757
690988
809090
745006
826004
979216
431051
340413
17780
307336
478327
975943
612465
60825
350977
431721
653092
186922
635411
667176
368676
293981
332690
212611
558551
866930
579440
441049
607741
752257
445365
918570
137291
998880
354130
746227
789423
744784
183083
356621
198141
222159
291607
722486
535761
846319
344485
158076
573753
163874
920461
940821
274652
689993
246203
400389
151946
513921
668773
390730
488344
281904
554258
198417
649830
955988
681285
816896
704113
962237
520606
412421
15446
841260
372351
447556
574
43541
87954
462186
822063
858272
395310
333828
814466
892395
934767
588528
102210
211213
431218
235233
724049
335374
192564
509967
829413
196749
301482
807246
848828
819695
695330
906912
749298
402523
499640
180035
233363
999630
432234
337585
554000
274672
220742
643501
325853
906527
213707
719059
923902
54146
568525
532199
453168
711073
355679
266866
954904
993471
375956
322199
328988
981258
1760
287302
95906
316037
647938
157329
724263
216899
185361
458344
306392
85749
497301
514174
20640
129451
814937
972682
91267
454068
131837
795350
141364
451969
504911
57
568475
959522
591
623912
230632
280517
494227
466562
561848
564790
602041
46617
669292
189068
171983
156940
189961
496422
776743
294162
70002
409788
539932
625603
327787
532516
901727
174401
182519
275526
701510
206435
787957
505516
364095
655471
878299
548683
905740
395511
556246
556777
490965
717246
460513
45235
787889
487844
783624
122916
831931
203192
426157
794463
57187
973239
940716
599769
562226
211999
513889
950371
936114
561220
563249
97776
884106
43718
379651
972129
914275
17362
854988
506835
742668
822283
982412
775966
979995
562052
832001
340497
465857
133051
42765
653364
915388
563106
78511
59587
550542
640588
457973
597980
690273
506278
264482
524303
984576
966315
984230
601728
997193
589349
363669
218975
698924
193845
648710
248886
231847
654017
491628
998852
184601
670490
810604
366587
436012
899871
96869
299607
250842
249231
247587
967920
908584
972310
134973
721973
348115
749099
903407
952449
191549
127466
187795
884766
582100
309620
436501
480865
788397
34271
371722
495448
266762
155460
4043
901293
794785
569306
67450
942403
227898
371562
603674
329889
737176
603055
902202
367707
129378
289788
416767
221594
895876
511914
50462
484543
504816
781097
869651
25416
97758
148455
529060
442974
238150
459922
278104
818428
808528
702838
824071
452886
81319
976638
376144
920963
838875
866224
40281
239453
257612
431386
431244
109599
421288
665157
951569
564320
219519
436573
866915
777648
512512
547310
175906
967952
753926
956413
59556
503298
693909
702141
138269
533366
560435
708310
410586
501771
6854
830311
899496
665484
999299
739449
236463
11190
989772
399609
663802
336369
498945
550975
575842
527628
462928
768200
181115
160892
16024
778005
659640
366600
333773
347896
680868
840951
98952
724717
707926
114770
375163
625764
418775
724129
861858
37358
575579
781309
681299
94670
832839
146299
935034
683587
200874
101372
370062
256945
185827
303327
836741
101152
485198
186766
145872
960602
725331
470621
489653
144242
464741
263451
905010
136907
725478
403771
289557
439845
888046
351204
513581
98626
727579
288992
598933
745482
121481
1159
361420
175854
61869
286273
664757
182295
415561
658731
144274
805857
790162
696846
67119
30881
136257
329445
380700
103709
365568
59920
424371
431725
239312
501261
679435
442374
95448
93287
460385
735846
272355
717369
913588
442850
65044
935407
69862
509747
700501
133597
950260
976199
298233
130942
934124
933717
586485
677490
644267
932435
948106
697639
5539
123479
5319
526401
347692
798705
382898
48621
113171
916552
414081
459515
234674
14099
385989
804761
119531
299633
352241
938571
478037
924112
923302
978538
33785
114770
962404
995146
672919
892143
596548
393260
430960
3048
589398
923785
306284
697701
144279
784310
658771
705135
440878
141784
947821
848035
598696
78764
3105
547872
423096
164486
211739
613813
293480
684799
512994
800344
996855
382884
137033
599065
76531
185986
850301
536529
722364
420439
33667
820901
724041
506221
579503
845278
930399
565137
143623
318923
698931
225344
638941
542212
638938
912255
449071
574451
496990
742113
346863
822669
310056
100466
397538
994533
934802
533819
841211
832534
52070
123351
535220
412281
366417
873296
893900
991281
175313
746723
137138
803140
432308
94090
876650
324727
124932
359671
960647
731242
686292
712037
787644
260307
579576
216375
164047
163274
140351
631700
175591
171188
167294
122794
205671
158489
176908
802955
657063
633747
616705
763133
890177
744536
685617
602948
991971
134539
130277
946642
909883
722871
612503
428828
424679
59611
619239
367434
131825
173199
106492
170459
560017
940668
819349
214698
182179
131331
329969
158090
303362
285703
413687
189198
755454
287597
291451
252343
982069
793817
28266
448115
767823
986488
746503
672104
230371
289087
392983
597462
650611
558507
56202
434480
398413
246780
537168
170667
450131
569670
393591
517158
194284
369648
534490
96301
760893
512895
789646
15183
865074
745499
103614
739045
322255
587922
126347
525033
749837
704382
977095
732695
649081
809034
63211
204705
215159
622731
689354
739119
418139
709687
740318
335645
134058
258573
929912
501298
497176
612430
406288
594133
459010
940469
106465
277310
460810
545617
786420
970106
126973
950024
222327
271094
877754
496509
938684
631910
484960
911502
571586
776803
274952
68534
552206
640728
490017
849138
625030
11602
572347
675870
653252
491470
273317
232923
882178
6988
398209
862702
386560
195685
143924
549805
909266
924571
722396
759921
314989
564400
190393
610546
214725
968358
423626
428367
164897
316878
506177
31755
456870
944888
588984
738791
570173
612554
714542
990510
474698
777466
217739
452975
518526
97594
528085
457729
850780
571233
315394
873516
886873
904721
141341
236671
885767
415073
241765
112121
640332
708932
863351
914477
896225
847
179762
612473
23546
122640
164526
248062
927611
902528
536106
62433
2763
581144
969705
745081
256332
568804
433265
69116
570589
568541
726458
728385
411900
87544
314035
712853
172582
776657
622097
517727
767608
237791
514745
133230
477846
403779
150009
160172
293710
698687
171510
985906
22525
424650
6428
508303
111387
872907
12936
418493
660296
694397
937509
740131
516688
263027
716347
206780
738405
672664
255947
872432
406695
546371
861175
492685
843851
129869
489683
297487
48728
549667
127585
798992
929808
115665
223525
862643
509185
350844
790578
571727
238190
712352
232736
584489
902819
789043
360393
140832
386612
100067
660505
228380
90302
331818
199081
44356
611071
18717
898814
713999
178424
348393
969553
151813
891027
103640
337574
424037
37690
720733
759919
73725
814949
963292
877648
69020
392993
335641
215484
365467
106200
617806
8398
897126
762492
646393
296565
459200
582214
748323
162380
29518
256272
72266
280648
125760
506434
943072
777663
826534
372110
877427
67303
702468
827493
189751
854699
817436
769737
253954
302808
884042
823475
48513
778980
192121
877713
340731
251296
174073
711080
900354
143108
205939
156842
209377
750874
943886
773754
597461
931250
738890
255359
521759
818356
841170
885619
370545
988847
776657
665360
763175
255114
641753
321371
4301
743860
113069
382761
372025
134535
981869
141333
556602
389733
728409
690693
311973
72735
967757
886605
512612
450372
958431
160117
745743
938672
923366
710947
961477
688967
797858
243921
858332
441145
585374
150575
648492
254485
636397
729846
905934
373446
661180
907621
384405
456302
951290
831694
131924
767539
326924
808053
971853
742746
400230
269531
701876
636427
74454
409846
235810
677096
353445
965451
780846
625627
512930
465546
607145
897689
286291
103
998916
44618
326611
334270
550968
266507
535320
959978
41987
685402
268531
438229
683128
116491
968388
38765
808590
214584
205001
477827
301040
593461
515346
68346
78456
381134
648909
700900
480320
170903
216105
271516
938368
442514
193187
353218
384210
908612
176936
660571
15147
808284
359341
615843
808028
917837
351073
178510
675959
694085
66394
676363
599349
110553
501238
181398
848585
200581
497954
482898
428608
442196
806188
544220
120287
393848
909327
319229
19525
415416
538621
691868
710275
669651
949290
940268
732704
410061
576005
954078
354511
758141
372893
294113
593247
846143
946419
131192
856190
649532
921458
34434
912556
80582
358909
177380
953701
310812
889057
904386
861322
467339
140615
1063
250664
333691
675981
316417
993205
491370
828322
254659
823116
863463
190533
857633
666212
502753
543146
598562
545754
24767
626652
207451
799775
591349
244011
269187
232704
461630
224413
693634
281257
923664
657731
251108
364356
371735
161884
276397
556906
681989
622472
757858
711227
98072
537126
557886
895422
861046
417477
57342
535572
7403
418931
254586
211204
943470
152482
291018
924168
466918
796602
734718
779006
201421
183132
743068
334087
194841
527745
434209
538887
948807
354774
190376
212328
998687
64164
285673
778069
420060
454146
974338
207912
3036
499040
603354
425318
910104
287864
573541
774712
264252
312901
527933
923319
915169
510888
287459
13288
286281
398788
675371
31806
396966
151783
298724
641047
155519
688329
177729
661119
695032
411961
482645
57955
804303
726721
671916
469732
647907
544961
443930
598636
389235
926201
418727
926281
52798
143707
1180
3662
430904
545368
947381
115918
247387
344890
165735
441535
693365
70384
267722
294699
132146
716364
776020
842950
53227
201872
189416
506680
222834
116068
448472
724449
975763
773431
343194
577502
455287
719607
605370
474895
813904
456636
998648
118986
956439
694991
202108
544331
323187
257466
813056
847295
726210
206732
152711
752866
522820
371514
455152
993976
829103
190186
82627
722546
374839
783135
815374
57240
417182
646172
249446
81393
67028
610488
289819
172489
855083
840585
701432
19832
233374
358472
999674
925819
834698
404167
657999
181269
598523
447365
670917
343144
182372
16241
330111
216789
867141
829439
407329
737694
552925
478730
944435
47437
838016
989588
590013
329208
645109
385069
628876
38804
169696
184381
9759
823576
56699
625097
268101
771906
327071
430276
433206
296102
570349
706022
318353
550398
413781
317162
758604
107627
340868
183787
125163
520553
859189
927326
833570
664579
950309
172267
310798
714276
747418
77669
624349
915392
223852
76764
823849
688006
385331
272777
543369
941779
437611
967045
568407
144174
303262
159284
819526
265143
266543
801344
757952
738308
901339
926464
295157
420100
618875
469182
761178
165318
892923
871293
303145
926590
312194
215585
229107
356050
682959
473058
852367
725832
27560
324909
839415
241350
762943
895447
806686
177561
602001
379284
115907
622414
127536
287576
189213
460415
316066
252944
65465
353358
163896
897101
890755
157623
698263
274681
861779
638925
444130
799084
894527
868405
210621
35236
882100
943126
350093
331290
237090
722190
560717
771654
323860
947502
997215
402818
519006
134943
879796
28033
534843
263434
467229
597684
727053
208310
451214
465065
5964
660818
433425
157517
326202
867792
603449
595126
267519
250075
117066
281584
208370
656148
624598
255536
851258
290411
61732
662672
984986
154354
279124
874448
789926
534019
654716
949852
78919
645959
229504
870539
685512
276050
755332
101324
348474
482783
879443
794554
236041
78986
82359
25445
516359
10810
227916
523586
646493
99870
225432
399072
23296
700086
717050
267843
114344
649842
191779
607122
577432
648809
939556
935586
6203
655786
605080
325219
597291
622626
854560
390408
898891
469762
101903
412739
400519
874112
943766
126813
560028
246746
827787
220463
923513
742076
257688
4366
995607
610205
108514
430205
484645
655037
979212
621240
156198
926789
920714
925974
429879
256037
206902
128745
1276
361883
146080
531428
435200
214222
754866
805328
598657
691770
851586
364449
689228
285964
153933
343761
619726
6105
262928
783490
634419
868799
450949
872125
338265
541592
204082
321642
942045
814651
856422
803279
979046
985844
358826
956860
771117
561391
762806
922817
835086
102775
565472
414629
72422
732494
550086
234165
878820
998225
748401
886600
491299
863925
40785
558643
613720
374893
977729
15785
444853
406745
178407
968957
42963
755925
109444
277657
273664
237838
131865
41268
819019
990929
888374
462171
59585
954272
738071
593241
727757
394416
849067
260691
984244
112591
914566
301594
345178
788727
494545
276468
317270
342199
352772
307620
509711
793040
846317
111601
299986
834011
971946
772491
622514
787051
436186
475380
935053
797080
986727
535785
522541
465475
449162
197844
360770
573156
928938
493979
313824
162981
869777
671970
344943
317702
623431
268745
154082
249585
38809
771924
874287
657110
405509
754780
900810
530489
905522
152959
874363
491224
293552
456242
406726
982548
936901
616457
420983
353528
628142
173898
535641
96851
802417
796526
333258
138535
587361
951553
890473
72531
932920
299908
47640
585989
645515
762171
55247
346885
752807
418285
484630
777876
558018
450722
595979
748521
75211
909181
670869
857588
602083
680973
644130
369163
319812
190894
784974
857495
984429
909144
400239
54154
834183
324725
129279
877831
418076
597450
429185
71846
275692
975787
185871
801386
727537
885762
375928
118510
294985
843234
178818
715739
411292
520752
869162
241201
847838
597383
636503
850242
506638
392128
449189
217229
530061
639974
765636
370019
384431
204277
525017
243498
530844
762539
27224
206907
103686
204177
473850
592485
703558
808794
366480
650255
173676
729705
609116
555601
953874
437402
302913
859750
126955
599160
381323
319138
972261
960125
53205
921239
737922
691927
604475
417381
804858
538952
576463
746184
957523
900732
923041
856512
453914
731366
777617
545818
785570
16774
889299
531042
693393
655340
20511
635325
625620
749469
632243
781569
990153
193431
733271
768589
570703
236508
471008
390483
812761
320750
664133
451931
325548
978577
30973
473392
72612
76031
161723
588167
561437
622187
65688
500486
616648
558255
713483
515125
948904
196120
240885
728513
592476
237655
729260
659288
296327
585741
738238
686533
229972
2658
784283
468408
151644
677949
509768
594508
909128
704838
835914
876650
300155
277813
794497
542899
409043
318613
648443
645070
365657
115983
330384
145201
41547
414848
497518
138321
946864
695217
866086
590505
767200
378716
867869
504408
739909
698544
689745
537547
353666
234638
852828
826901
190457
380323
300057
513556
538853
5738
995050
325142
273425
155553
145139
709751
887788
599010
49315
678634
773614
42921
925133
37374
746438
933837
56003
163429
958305
507058
974797
232772
529791
39762
840893
878057
96333
966023
477801
13406
959216
656760
606203
245357
359373
713452
723660
801602
867903
122331
950020
690515
818614
287794
175167
398530
892698
158648
988667
349633
793646
955999
927398
222444
919854
287172
407403
360371
854496
311420
927862
286015
280504
274439
521499
420409
643561
383178
52921
363755
759386
352775
545997
851166
955095
399256
952452
971393
513150
61894
406930
723249
272115
659524
342608
939675
249972
765927
293035
282321
743274
312529
765861
311728
477227
213775
253130
612776
711356
742095
391757
938238
506947
803341
702426
598310
477913
536873
310339
466743
807479
728709
350863
81235
111213
522098
928358
586083
616450
620041
66801
735749
446194
302473
544408
612086
309620
282159
622164
615193
150469
461152
58495
262777
519965
511876
689188
543413
579216
822898
328023
204132
521656
726358
38251
642255
382270
527022
878724
141361
501405
723543
780455
720058
478545
909484
432333
333634
460252
362115
254623
35431
740802
722409
813386
910361
396058
314218
661310
578520
187814
789608
289826
61704
32164
84948
797520
561161
910943
637887
130526
679702
28036
630758
147736
316279
440384
935592
288761
18872
607916
488366
182777
469131
717426
891945
73520
987800
411266
935827
648719
431256
22787
667997
467556
65357
182280
439574
392499
98919
20016
261084
823495
215613
861797
829249
311094
539478
293486
926138
552833
442018
803301
241519
353921
221147
805616
576012
288069
341631
107488
985299
443222
921177
940789
902120
576759
858777
918669
659655
454188
563493
957608
127692
472718
204466
808208
948795
498502
519600
950123
634843
859923
490812
524433
83113
565751
960330
356515
739267
880627
154868
931128
623140
785362
786557
317921
77188
281687
161288
107130
631557
544422
818867
591510
851523
597175
397087
107314
718657
73901
739836
846186
78613
922725
676153
930657
881721
343864
901045
506335
549414
534034
982499
554384
469226
593661
256712
551122
1814
921132
667079
723515
679177
567958
319336
146872
169844
421943
758001
732389
933783
58265
670340
838747
772887
778306
433692
815781
735438
963474
767838
109541
347831
833395
593769
32171
515883
149125
766925
964968
562414
175165
237449
62015
820499
459998
832697
944715
360174
803199
804100
854398
996703
996064
647471
688910
337288
644870
143260
248156
4115
195466
741073
227854
858678
664938
246888
101114
90206
265058
547659
701484
501959
601288
267997
407967
767806
378543
908250
80667
369049
994446
332317
987835
286791
731220
803717
860054
775826
756028
333563
58088
748654
810640
849523
540796
699670
546730
1259
11869
972168
600041
892948
430544
634681
718686
671293
467062
451672
930635
556122
481642
859575
245532
843001
149346
652016
294497
908534
998241
870412
79126
712629
901179
259196
536114
707494
106794
989411
211847
110988
309917
946016
957717
649436
444932
107043
670233
650614
794493
5413
836772
421876
19293
565095
150309
542950
443413
830440
950910
537943
177691
457903
771318
857744
935617
896267
717439
644736
524836
313648
601159
549503
15641
937727
156183
145458
128489
998773
30348
234226
928914
326110
813733
161680
647441
600000
584851
821957
878980
956084
214885
695333
777403
473378
529268
234552
89911
617700
211706
994171
923135
437200
574075
527051
758731
134208
223148
786869
233279
369339
839285
297665
354022
350168
484046
889269
825
325241
105274
287889
167777
464325
339190
351449
942105
345764
173582
375098
409245
488059
870665
105495
100120
328632
146151
460326
128382
719192
410053
146068
980762
402298
393788
312515
497985
46871
433989
767950
371980
808554
735674
893718
932887
969915
418057
330510
662146
994280
332344
553195
85584
715037
771686
547085
735073
927143
420461
528030
381834
434786
119754
740924
747002
298448
668217
83083
980478
306757
672432
406313
386586
289389
382659
715385
74219
424336
663921
970983
127438
606102
88401
68816
309043
187251
307160
928813
801251
558395
798281
294709
584906
78070
190633
109630
885702
243726
475822
492778
660200
124230
490191
120082
721201
69663
727216
519940
741367
732051
639945
396558
421691
62903
758055
743801
877207
459279
526361
170335
786234
472356
254253
172077
961153
773600
655808
173778
32373
888769
78853
459768
441605
737988
600416
940183
803410
775493
486796
393717
953112
890051
33061
433117
605481
394763
69013
350928
522433
520943
922581
161664
11081
818610
756530
254454
598922
241038
558240
48114
725642
989327
34442
69077
460751
662505
713754
585036
268626
240336
818924
268496
423203
699097
380891
347485
88703
629909
448583
179617
548407
466092
696894
407935
221020
254464
899135
772533
944736
284632
267844
88713
91044
635428
408609
370721
618651
713924
444452
592927
629458
602476
299444
548723
75909
812053
329005
293011
84451
641629
406270
688527
498575
444727
748348
704184
662428
663007
885694
911134
714018
765492
675224
70700
399631
511357
317329
489449
422738
925504
494672
253732
488139
498565
85050
825711
54103
609241
946549
675186
997911
356512
806184
969238
716933
560314
354271
371860
775195
903210
974169
797362
730212
391200
274360
440654
897181
632562
527856
45674
210844
775056
627965
357748
8910
809721
607775
746199
71658
391802
610904
512083
742925
948232
830212
663120
535063
567969
787307
88284
107020
962284
538607
139078
652835
677016
627555
426480
25734
472699
849429
472201
62662
707531
768600
316734
222461
989777
45667
436769
805474
542786
28924
425185
650400
613272
560029
743342
933840
412149
775935
40538
768086
417550
543022
791973
422893
532310
603415
515872
72009
411442
740517
986595
98299
969940
378980
443958
464436
878067
185548
566366
644654
19368
879645
702819
415753
35790
642475
680870
723553
374583
217779
795565
960924
623568
736471
610840
835773
163466
405956
208370
323959
288157
481397
832725
753782
130255
524296
820948
282716
991236
334818
303958
172413
856721
699763
493302
192596
307477
173619
564706
782097
23167
867822
547263
937441
714165
824869
662903
363943
63531
472643
809132
592506
522090
411640
940887
44121
789297
838803
185407
755956
583914
891600
896769
456255
245053
523547
875392
561147
453680
870284
254616
418853
485002
822865
821518
177278
681012
851757
286817
563319
906315
120050
800243
336171
194060
570067
741005
979500
151138
241364
648011
827629
727569
621358
283793
290625
798999
386432
299162
920101
97986
684813
581134
677650
463915
491668
379518
981543
414059
462761
346730
439716
911832
869072
92468
358373
871199
776495
499267
176250
736660
759459
403789
457019
971722
660864
645234
948762
314597
499217
540928
543145
83824
79655
149300
665049
646566
585839
74860
583670
104903
760188
658232
964641
554068
574747
221968
378
983534
532283
114547
682056
687680
361677
661892
450620
609018
641598
49645
624771
199319
112733
402129
25312
841838
117997
178142
310431
50576
259891
410876
994892
566381
176693
489791
15077
858449
201389
91631
892232
716945
152701
596869
747381
831321
97234
962008
652490
587041
457923
647929
266085
930409
617917
827944
645306
195484
897233
757264
269808
585490
268667
584666
240407
402371
106019
504103
988974
754618
230983
192920
278727
928637
594190
915937
171069
185852
837579
821087
195813
559264
556156
228673
3798
562860
1967
61995
163645
752925
257082
107957
412195
213649
514384
863472
766170
22035
727948
426125
247541
686638
98936
434827
93397
882678
266234
905516
127820
784568
941495
773137
992443
247588
804204
358104
998278
946493
898408
977652
294580
639758
167870
596553
784095
468074
440527
959370
101799
479555
408333
314454
464148
386301
248177
993603
555844
859758
442368
303972
250225
330590
429117
217890
23718
317805
404835
582612
814185
235211
801680
312431
33610
449637
442632
323455
372506
397171
63113
795280
889248
115489
26151
364111
401395
27436
881903
493159
622921
846693
205488
886320
644280
754350
218425
618846
508743
353969
436255
48479
142213
676496
702075
608826
895829
484749
449050
493127
718374
355811
220823
693122
36133
409237
389040
77931
312466
10513
458655
809605
896208
473643
483450
204471
494788
502869
108456
721669
538024
76623
282451
841445
111916
661344
891700
842315
240630
348179
810990
928969
153669
758287
363409
845171
664798
81356
818168
590703
302319
894704
97501
183590
963608
200169
887566
658753
95740
95017
399926
451785
311724
536282
643071
497950
515568
844092
995408
88178
362332
37659
886930
721511
608982
514351
51238
509163
247224
603564
333961
82830
199354
143394
3028
356326
187442
132362
812440
63783
127361
996502
789256
102950
170376
278603
8193
193475
350600
828362
571657
362616
963654
364699
168704
521272
365186
361406
404183
661099
419268
594207
27401
61866
265263
250393
349838
953963
151457
253103
30196
525789
240607
825089
683673
991425
107674
530727
171304
832525
423936
463351
849331
917424
555186
452744
797896
955437
668732
548769
70016
480226
812014
232671
971676
324349
235003
952036
655225
882763
650622
575211
549913
640552
57645
370635
393104
688702
559350
916798
748717
682838
277990
521510
917648
802566
921463
951974
116943
151988
122628
853526
402766
609162
541539
336455
264978
673478
558790
505274
36504
986866
901616
520484
362955
666138
889995
427282
740804
442021
991132
362006
816136
553049
626511
114348
617854
732581
994360
457341
594716
645743
376965
958888
732537
242493
148110
377953
423687
495827
529942
317795
114617
422696
708363
404427
174212
841770
253399
926052
683406
839177
313414
611718
819486
812052
626207
540549
759277
668339
567138
380575
158771
843204
136292
920269
332358
786579
452430
393833
957234
955441
422800
984664
550916
601259
494939
965820
256924
591925
513439
735212
865343
916802
954894
178534
776333
71177
140462
832106
862489
888271
785611
648405
142120
593916
434976
775740
382381
338843
662166
233592
963241
214174
994798
428796
75100
965643
148508
316742
64088
526228
743966
395562
205093
113531
956182
760966
958124
312575
91780
721769
455617
849459
829532
544590
735184
418070
351803
385175
845399
402812
343692
23398
504056
157783
828615
14400
688499
228723
465821
457767
135468
814012
578453
261675
530702
652514
836994
226140
71763
815248
554650
266104
834804
195386
384501
570387
460139
733051
404868
536716
198064
740075
587975
412483
224709
368352
695066
875323
586955
716152
383631
407787
730364
866235
26518
446409
949139
538567
242725
265238
554666
518636
659843
446659
175453
283149
225453
756032
916252
897611
204465
455250
508635
712556
214158
213906
545372
518106
642182
323811
893437
71921
865833
126251
572435
354618
996192
750120
624548
139155
989538
987558
818642
687342
711048
948535
281965
701401
76515
17686
633076
975150
255099
495370
378601
140012
345904
109343
222890
800840
832671
680159
667840
473240
402026
996688
592691
558837
712766
10215
887853
368191
655455
140605
739648
460681
342867
953968
699036
737338
171231
950492
498189
384359
345292
166074
849178
399815
113393
715424
142879
385345
211069
853060
410822
788003
305848
212081
760387
147367
903429
173993
541719
722201
117250
497327
156589
72760
571306
823012
603071
589108
32341
509491
167281
189414
66630
46949
725139
93544
134198
643712
870603
836282
729457
416119
439953
685927
851650
533386
60488
648249
629324
182327
317237
642490
410665
21287
570868
512679
436424
179193
86266
244381
907924
226844
172291
476694
306541
741488
895445
368578
264442
754284
203512
246045
492989
456567
462281
102418
29472
48313
421874
575983
988530
236386
978440
646394
811492
252701
365465
271652
445365
297810
133027
12814
182657
151681
175395
51883
779393
321261
477003
558256
343402
841403
109744
368258
752319
461357
844592
976179
632115
708642
821684
707129
803528
123712
720919
424844
13519
654879
171389
330628
134726
52205
380570
867131
737907
357228
254406
885980
774256
941423
45977
143924
671536
875732
313231
200836
316252
874391
468334
741864
219480
683821
861720
221394
367540
268286
976588
515096
174813
815570
568218
366282
854186
635134
562920
116778
945255
690745
8540
259112
947899
169223
337038
482620
271790
685340
376991
336289
706898
576263
95432
632060
841119
778783
753703
381916
755983
936414
123653
905896
691355
177857
923338
708857
621765
436643
142380
696435
76217
742368
369503
465745
657689
85196
403923
876818
960456
483677
850633
864311
608777
967614
903434
113274
561678
456320
831791
965536
592996
899186
438519
72069
466886
119960
616096
341859
162367
510580
379359
123710
587837
865288
402031
746921
249419
664585
811669
414645
746998
368692
768101
229258
149063
823912
734017
720733
969339
946215
237821
757444
905521
879111
349313
637033
258477
445908
828793
616676
726874
964062
590207
974706
728148
477127
542195
583673
82095
243779
649815
439467
290640
383427
688128
380805
594087
264276
901723
105191
208906
527396
535707
87317
997534
707703
512549
909404
949547
567849
567355
863493
206972
592679
446407
74859
97765
644499
549029
975782
484993
194420
966801
288907
246473
327237
860194
337810
577054
267136
880369
988622
801029
160550
148979
894266
633924
171954
527088
753049
719582
211554
631235
838145
360182
878189
118885
285218
629820
253983
762730
245935
115384
598789
483188
106355
201740
109719
580635
2167
71847
791699
793443
706948
88936
310375
168893
384129
6195
445342
177926
509293
875031
124719
984477
415510
670968
905930
245809
907923
588697
44950
584495
486891
153332
850246
859372
307683
454846
794429
877454
598901
436196
566864
81541
291551
803900
569089
47448
517419
913928
860703
25838
767165
397697
697148
314509
588246
18853
681671
904478
97733
735782
224225
211994
212089
308470
387829
356439
82351
352363
974741
397122
770588
105183
266211
538975
762476
151719
765232
370887
658276
17686
932167
90713
644870
976153
26873
682242
423295
440053
512390
190734
486132
326276
775174
666276
531593
723912
565408
456456
910685
699954
823161
162660
689898
657210
822151
287329
480931
47230
317286
544206
204361
529298
150248
927401
38619
21883
680633
245204
526248
248656
18640
459346
21043
211446
302663
974355
657317
247633
207013
134200
481425
451597
280913
834918
423623
173802
296953
417944
721562
179229
220829
224754
586037
512728
761887
358463
391783
750641
610829
389960
140705
59243
884264
120428
582097
870599
779032
403206
666441
749309
546527
147115
814283
684373
764247
477525
938455
678235
61791
986842
880735
142656
426310
684279
297771
411813
871850
222178
382693
973461
977066
605948
944173
740741
657164
376767
8011
967248
854424
634858
432874
338512
820926
111894
28645
131058
442161
806833
887676
927860
608626
811664
790220
299402
394127
251620
635722
440931
356581
38750
597659
551490
162995
791037
884530
695412
72641
17798
672719
894093
873118
946976
144096
843746
409645
863898
680931
407977
487246
24871
897949
285136
100192
210494
838028
416033
371842
636389
801674
278785
449025
79638
892679
221996
181797
842009
319175
720527
682898
325039
184866
787102
275512
917900
663065
11380
896487
920053
474325
436047
473737
598612
80743
65077
323089
810607
710751
86583
344855
856283
22252
641107
132974
567572
259642
759687
302558
416784
914879
999446
978293
943065
61877
869644
852303
77027
414900
742754
665391
343457
907141
365757
220387
24648
405814
999050
371227
125856
201598
32322
692473
719170
542159
894970
325394
422873
738467
421316
533112
356902
205274
141612
782610
836463
446890
277649
152083
734182
475438
831125
199404
519270
845654
938333
256311
61988
570562
461151
507374
993356
839864
643662
574103
629097
323347
154782
149033
992155
65829
480057
359286
779214
879365
885706
334586
347918
264187
862847
574538
168077
753969
604024
977173
506429
525587
183156
319365
938411
61308
793357
417747
198506
900387
70048
54911
157288
296481
336054
28117
731497
830394
159018
954861
780971
669212
618356
879705
22943
551853
827897
46374
427670
642957
736971
62527
542498
338843
451578
865981
141733
633809
967862
220821
927637
413764
965924
864807
17398
856697
318885
969269
440793
286625
781013
756901
965928
941018
551758
989652
973173
153150
847964
136574
484905
310457
690298
364
905145
391305
579112
348471
444559
958778
303560
466658
212759
166830
144833
165521
396467
733334
420937
316170
146876
805532
93114
921362
267767
455057
813528
722198
504155
160414
513473
211384
955902
797136
587646
830822
988981
175070
639937
964569
994761
894093
90911
821382
668353
398586
970575
975742
349078
64640
240580
869419
647061
696350
181659
419572
348115
525964
939909
163190
305638
806370
326493
631629
122011
575408
664601
637771
374507
302440
579037
227895
431965
345384
615405
248955
140108
894934
104524
470224
511873
694429
796250
856853
812618
766581
718068
676678
775471
324178
368255
965260
653793
848465
42879
409529
585969
42724
586594
217036
873365
85455
712414
117268
424687
926880
773893
943763
250885
417970
406855
477860
213591
199575
721051
179408
848981
422782
523839
301011
412513
650667
804730
719357
143742
355790
789245
82243
416541